{"ast": {"0": 3.7524300639861856, "1": 5.51204282027887, "2": 3.899541464370187, "3": 3.127432505912846, "4": 4.943998640096885, "5": 4.816962248505797, "6": 4.1512090920206655, "7": 5.71369976082181, "8": 4.562317705565741, "9": 5.164523516192487, "10": 3.9460535112266655, "11": 3.5858383832348952, "12": 3.6834250167712006, "13": 3.9590930445816, "14": 4.842427178064769, "15": 3.8019897355970094}, "dfg": {"0": 3.5845151700461204, "1": 4.674850461130212, "2": 4.219407531337709, "3": 1.7846049228940029, "4": 2.5966395527390476, "5": 2.445374714808084, "6": 1.672843874566207, "7": 2.806717443533294, "8": 2.0201808301064244, "9": 2.5232188192084677, "10": 3.572884307067967, "11": 2.717505208213202, "12": 2.6858737372699557, "13": 3.425113798965097, "14": 2.285764277313738, "15": 2.9290297657955215}, "common": {"0": 3.9729282584117485, "1": 5.786883511173062, "2": 4.130178837961669, "3": 3.3965696031031003, "4": 5.029436431203212, "5": 5.096678729161146, "6": 4.4478626018814955, "7": 6.004404890622041, "8": 4.817724082381053, "9": 5.460842493101543, "10": 4.18211696148111, "11": 3.785650641746479, "12": 3.928696777034079, "13": 4.152433791294011, "14": 5.0951330446306144, "15": 4.0242147080693496}, "ast_wo_identifiers": {"0": 3.458472763520462, "1": 4.859017317953591, "2": 3.961642206195378, "3": 2.4132676342215564, "4": 3.305435923400265, "5": 3.206454592500183, "6": 2.087579188996736, "7": 3.7099143619842154, "8": 2.931073779321948, "9": 3.215541211183908, "10": 3.640689888487787, "11": 3.2563709548191047, "12": 2.8116059252635903, "13": 3.805919137920332, "14": 3.07127041959808, "15": 3.059887305273751}}