{"ast": {"0": 5.365775136875806, "1": 4.920404652136855, "2": 4.765332973030363, "3": 5.070218518718734, "4": 3.887749118860174, "5": 5.452201325190921, "6": 5.559367435493264, "7": 3.2928016621753566, "8": 4.349265625322322, "9": 5.416393166678324, "10": 3.792066571191576, "11": 5.279363339469323, "12": 3.2096191379638723, "13": 3.5920779663345406, "14": 5.329443980158734, "15": 5.09269816876254}, "dfg": {"0": 2.8672742304726904, "1": 2.409951718120323, "2": 2.4767657253552042, "3": 2.7258978153323854, "4": 3.250352992787697, "5": 4.017107161720104, "6": 3.1277741682023, "7": 1.6929273855824272, "8": 1.696434835816756, "9": 2.4253115007895794, "10": 2.957942114054733, "11": 2.278575772408183, "12": 2.6620525427042763, "13": 2.5474314457292766, "14": 4.39292935073383, "15": 2.681552610129311}, "common": {"0": 5.639094519611752, "1": 5.080884954093141, "2": 5.05904349194227, "3": 5.304991003093638, "4": 4.1121896269529135, "5": 5.679917168777321, "6": 5.7891519036970225, "7": 3.558901759000464, "8": 4.527825678936177, "9": 5.708236890501434, "10": 4.058797102883106, "11": 5.536643400379495, "12": 3.3827027919931725, "13": 3.833026460228641, "14": 5.598768257775411, "15": 5.334605056823372}, "ast_wo_identifiers": {"0": 3.6081517948603, "1": 3.0339778597766847, "2": 2.9753726442259736, "3": 3.5582240884142045, "4": 3.6160765610220587, "5": 4.270932720904791, "6": 3.9141834541203018, "7": 2.5491862992634795, "8": 2.371142441864461, "9": 3.3849568043409937, "10": 3.140149313404896, "11": 3.2724835378138635, "12": 3.2288413918925585, "13": 2.958499584357267, "14": 4.435670742027003, "15": 3.22890814278291}}