{"ast": {"0": 5.21867023894963, "1": 4.231316934512821, "2": 4.730355553831446, "3": 5.079213414077865, "4": 3.7385090880970946, "5": 4.839192962442519, "6": 4.42202960261253, "7": 3.3814632877760444, "8": 5.3970171530672735, "9": 5.433288926875793, "10": 5.208137923144831, "11": 4.080040060313356, "12": 4.633252687722958, "13": 5.316976067590974, "14": 4.439117745802043, "15": 4.066425516651669}, "dfg": {"0": 3.0999574374371863, "1": 2.2722843449944827, "2": 2.6879419640222113, "3": 3.3612109524758376, "4": 2.3824395302777592, "5": 2.6366546143626874, "6": 2.2840500826574424, "7": 1.8775107699751887, "8": 3.7340080416843735, "9": 2.7755134737414138, "10": 2.666730825195862, "11": 2.959022188615073, "12": 2.9306351180038073, "13": 3.29647935794485, "14": 2.4237779000442736, "15": 1.041029226744148}, "common": {"0": 5.493671860155472, "1": 4.4206133374828305, "2": 4.943212310465432, "3": 5.348389965379222, "4": 3.952881971480789, "5": 5.108066084960644, "6": 4.700227202206696, "7": 3.6293959081168903, "8": 5.677574416415925, "9": 5.722377502497963, "10": 5.45076249442344, "11": 4.2080612406656295, "12": 4.90803466699551, "13": 5.587834220889247, "14": 4.6642136333629205, "15": 4.327736671532816}, "ast_wo_identifiers": {"0": 3.6474932723976514, "1": 2.878905335350504, "2": 3.594213384911884, "3": 3.780789529652664, "4": 3.0954664991068155, "5": 3.476272318604813, "6": 3.1860661927823233, "7": 2.6293267887040246, "8": 4.0037078373061465, "9": 3.570195217539548, "10": 3.517946432642472, "11": 3.7926141479641973, "12": 3.5442425973160567, "13": 4.116708875497179, "14": 3.2511160514894213, "15": 2.0498557257000902}}