{"ast": {"0": 5.419055636863948, "1": 5.282074036385325, "2": 4.940720520615322, "3": 5.855257068007051, "4": 6.103817379766757, "5": 4.3430868559126745, "6": 6.567848959881865, "7": 5.354352324084195, "8": 4.016298648941614, "9": 5.711703418223265, "10": 6.145499860267363, "11": 5.162300466445638, "12": 4.666766718088746, "13": 4.756066371113095, "14": 4.402267914406967, "15": 5.127859037870494}, "dfg": {"0": 2.532453079524988, "1": 3.0729703433222713, "2": 2.2891834021932382, "3": 3.6611811457082593, "4": 4.067906296637896, "5": 3.101010062532573, "6": 3.805182623695447, "7": 2.554887205925143, "8": 1.6826892720995832, "9": 3.715908951952549, "10": 3.699008473923549, "11": 2.2540643642546634, "12": 2.3421113112004512, "13": 3.0880435149508045, "14": 2.172660804666979, "15": 2.1422437862620844}, "common": {"0": 5.70054800768798, "1": 5.549103774233545, "2": 5.226728458535962, "3": 6.129889309176108, "4": 6.385799728860558, "5": 4.572753902666017, "6": 6.855192039855355, "7": 5.651656069746127, "8": 4.283008370557797, "9": 5.99376719377505, "10": 6.417376552770399, "11": 5.435931515268252, "12": 4.898110411001081, "13": 5.001158920519598, "14": 4.612520277145074, "15": 5.408362785745451}, "ast_wo_identifiers": {"0": 3.432977616226776, "1": 3.685580108410907, "2": 3.0561904709651366, "3": 4.4712922374991955, "4": 4.5550695199364135, "5": 3.908433708285821, "6": 4.620798436248776, "7": 3.318371311810795, "8": 2.2949118654177516, "9": 4.221208532438954, "10": 4.322452920850215, "11": 3.19114953997025, "12": 3.1038518300195297, "13": 3.470763456392732, "14": 2.754594377875881, "15": 3.107419726911901}}