{"ast": {"0": 5.04966575276003, "1": 4.609008536705185, "2": 5.428306462319965, "3": 5.321413407553216, "4": 6.026119498983944, "5": 4.708391199203331, "6": 5.571795403363325, "7": 4.987731884418579, "8": 5.220411741712859, "9": 5.187670791191251, "10": 5.986045088165586, "11": 4.537800920202534, "12": 4.927961038453575, "13": 4.653620835083493, "14": 4.746792887486923, "15": 4.552718353733338}, "dfg": {"0": 3.397087739977802, "1": 1.6607057127403528, "2": 3.3737642256069984, "3": 3.38752494141993, "4": 3.1943266266117645, "5": 2.4667901042934472, "6": 3.651075335094032, "7": 2.6601285793949443, "8": 2.650446692365667, "9": 3.1781170156761034, "10": 3.4662448622976165, "11": 2.670010914287938, "12": 2.5748332658410775, "13": 2.7477342959966222, "14": 2.766575743915867, "15": 1.7360815254429294}, "common": {"0": 5.321663200816601, "1": 4.8748581282682695, "2": 5.699786776562725, "3": 5.577383556759285, "4": 6.247890543036743, "5": 4.939106672597901, "6": 5.838108228351341, "7": 5.228581352622962, "8": 5.429795584533304, "9": 5.422210966075751, "10": 6.249678837497934, "11": 4.654420272356403, "12": 5.190415831310011, "13": 4.829026364582407, "14": 4.973379709771533, "15": 4.812870381243126}, "ast_wo_identifiers": {"0": 3.8681994657202643, "1": 2.641227756840996, "2": 3.9815318776749637, "3": 4.018967862318016, "4": 4.2020694770196, "5": 3.394578798633168, "6": 4.206741335420059, "7": 3.3984276394247326, "8": 3.5541122942022145, "9": 3.9656662443016617, "10": 4.156996427711726, "11": 3.37978066272183, "12": 3.42540493456029, "13": 3.6815385765692645, "14": 3.577242531262331, "15": 2.682153751906277}}