{"ast": {"0": 4.817272677010428, "1": 5.528076544014911, "2": 5.430200775628645, "3": 5.346037455871728, "4": 5.7038136319162644, "5": 4.831634653566448, "6": 5.423567518832577, "7": 5.934430748169686, "8": 3.990122603335973, "9": 5.577841409503652, "10": 4.6776037547526075, "11": 6.096470237965689, "12": 5.591997724988696, "13": 4.04662885766151, "14": 5.492803234973212, "15": 4.2871631645764525}, "dfg": {"0": 2.9968373708683345, "1": 3.7102122445978662, "2": 3.016360083226683, "3": 3.2455273866687047, "4": 3.9691414898868342, "5": 1.9166843081144869, "6": 4.266997863034796, "7": 3.3318704941884496, "8": 3.2554005627937865, "9": 2.7216051355133395, "10": 1.904455920018963, "11": 3.476680351754383, "12": 4.283974758570883, "13": 2.742658837884362, "14": 2.8226419467424915, "15": 2.9482468624665756}, "common": {"0": 5.023558270412128, "1": 5.813511433172204, "2": 5.716468559493262, "3": 5.431022141940947, "4": 5.983054898036625, "5": 5.1161867088601385, "6": 5.6879971279062955, "7": 5.885324727240249, "8": 4.247774079419678, "9": 5.6720621221284935, "10": 4.907791121617367, "11": 6.374863971033595, "12": 5.841745177511717, "13": 4.327860607141878, "14": 5.703684676630118, "15": 4.522688945773255}, "ast_wo_identifiers": {"0": 3.7562472256856534, "1": 4.094708152085229, "2": 3.6148696259934576, "3": 3.885445107808448, "4": 4.41519101451209, "5": 2.843291831763063, "6": 4.503539854476473, "7": 4.289940758059866, "8": 3.1791136694110373, "9": 3.700635941730667, "10": 2.826917643053503, "11": 4.164644568589506, "12": 4.631125033668706, "13": 2.820903876212395, "14": 3.7281606414755224, "15": 3.380512003359214}}