{"ast": {"0": 5.431004484299411, "1": 5.013655277940658, "2": 7.2252235301297985, "3": 4.104215572596483, "4": 3.8803926387092575, "5": 4.917715774499911, "6": 5.1273197649690925, "7": 5.153264543197068, "8": 5.675378857613656, "9": 4.954943050993067, "10": 3.1396448139024082, "11": 4.355777853002528, "12": 5.448739784961252, "13": 5.761511514682517, "14": 4.149233904762579, "15": 4.282256188819317}, "dfg": {"0": 2.8614755503868827, "1": 3.2417444992699456, "2": 4.721308880259, "3": 1.0899465631234448, "4": 2.5943687606331336, "5": 2.717606503024858, "6": 2.559456055591657, "7": 3.6605640655572, "8": 2.8808218024270027, "9": 3.729923738022817, "10": 2.366357757106208, "11": 2.2338628938719896, "12": 2.4016545897174506, "13": 2.8980382982618123, "14": 2.3757115112007354, "15": 2.931827598641425}, "common": {"0": 5.683904272610385, "1": 5.28617622135839, "2": 7.486968242116765, "3": 4.3964611735244805, "4": 4.133681963181967, "5": 5.203497883618222, "6": 5.42082374476954, "7": 5.43539444750904, "8": 5.663458970154309, "9": 5.22572552453903, "10": 3.4152096529943488, "11": 4.635593150744215, "12": 5.717363816285213, "13": 5.8361314837976055, "14": 4.418288110557873, "15": 4.523145382406942}, "ast_wo_identifiers": {"0": 3.808040002712203, "1": 3.572056178046017, "2": 5.463067909477742, "3": 2.107326937973263, "4": 2.701276994145196, "5": 3.182367507014159, "6": 3.249281926517597, "7": 3.7760607040114396, "8": 3.836451106887903, "9": 4.024936400091772, "10": 2.51108640636791, "11": 2.8780677972212274, "12": 3.4004950939293135, "13": 3.7768271327665817, "14": 3.0439122485509382, "15": 3.4022169790798173}}