{"ast": {"0": 4.520298523033436, "1": 4.196308724356373, "2": 5.681479565184364, "3": 3.9722432582646707, "4": 5.289880085717608, "5": 5.410973494359179, "6": 4.685904982720522, "7": 4.779945373964839, "8": 4.7257558932719315, "9": 6.241703005427217, "10": 4.865275722368176, "11": 5.757643524410673, "12": 4.817865053371404, "13": 4.887463469519856, "14": 5.231807494017892, "15": 5.528014358906541}, "dfg": {"0": 2.421132819233197, "1": 1.5546682068135032, "2": 3.6540106432599027, "3": 2.5335436684100983, "4": 3.0044925332109678, "5": 3.388191926875742, "6": 2.3378552223611906, "7": 2.881163873683165, "8": 2.194693186955053, "9": 3.6513146606981888, "10": 2.2111565418080588, "11": 3.7862743255878524, "12": 2.275137475514726, "13": 2.661054891569391, "14": 2.6515197664565107, "15": 3.7477529363880726}, "common": {"0": 4.543771407960038, "1": 4.486939299883166, "2": 5.926642646364925, "3": 4.203583581098763, "4": 5.535800562300897, "5": 5.68810086116812, "6": 4.9224330936034315, "7": 5.028774686276593, "8": 4.956877964934833, "9": 6.5095111748835235, "10": 5.084161137317405, "11": 6.034374754663761, "12": 5.101306628471088, "13": 5.139434360903013, "14": 5.498299855413979, "15": 5.7777862116844325}, "ast_wo_identifiers": {"0": 3.0792142597231478, "1": 2.443068348721438, "2": 4.4240907723639, "3": 3.206214574475811, "4": 3.8870064853505784, "5": 4.101756354103638, "6": 3.0197721825232318, "7": 3.6263844720620027, "8": 3.0375285401694607, "9": 4.35956801718193, "10": 3.145296531197773, "11": 4.331580292191512, "12": 3.1619736205016653, "13": 3.469931985351455, "14": 3.3882546869821786, "15": 4.322318489445626}}