{"ast": {"0": 4.925186265099019, "1": 4.759202127384314, "2": 4.936510524372477, "3": 4.851860835360464, "4": 5.865741236544684, "5": 3.552954242715595, "6": 5.26987750140605, "7": 5.0295157959450725, "8": 5.46806547849655, "9": 5.390273566068483, "10": 4.956196111124207, "11": 4.769866662403451, "12": 5.220783775229249, "13": 5.452727267263184, "14": 5.7084218566315315, "15": 5.1171815830895895}, "dfg": {"0": 2.7441946975228664, "1": 2.193154672215613, "2": 2.466341555545794, "3": 1.9966743698781428, "4": 3.60697303005793, "5": 2.3883906592654616, "6": 3.5413666713066436, "7": 3.265423872667206, "8": 3.4056632360854064, "9": 3.5487636913890737, "10": 2.6352356078087116, "11": 1.6935941270123875, "12": 3.171447242252611, "13": 3.9048567475892177, "14": 3.4448433104905534, "15": 3.20240775087837}, "common": {"0": 5.154565420748753, "1": 4.992303902257117, "2": 5.221841156942882, "3": 5.090130858493974, "4": 6.125067267242326, "5": 3.7484460878661263, "6": 5.5360586143600345, "7": 5.281420138091141, "8": 5.520111947412072, "9": 5.656304421080712, "10": 5.187582186748304, "11": 5.05504955753005, "12": 5.437751136779684, "13": 5.72198829204532, "14": 5.734768656093746, "15": 5.355612432939588}, "ast_wo_identifiers": {"0": 3.5691334499910745, "1": 3.0216827247042817, "2": 3.361860437253598, "3": 2.9131397755048622, "4": 4.381422679350615, "5": 3.0875085811798217, "6": 4.060003535485054, "7": 3.786909806051125, "8": 4.014666451098604, "9": 4.145710850922994, "10": 3.3301525456114143, "11": 2.693953382948198, "12": 3.905380044807755, "13": 4.286754299954148, "14": 4.1776182738463685, "15": 3.8348849101601106}}