{"ast": {"0": 6.482377310162252, "1": 5.647062456481153, "2": 4.421945153185222, "3": 5.227018805374309, "4": 5.877718747199851, "5": 5.674861969230817, "6": 6.154380244477443, "7": 5.479679687453143, "8": 5.259499872793977, "9": 6.118083167932475, "10": 4.848991808535028, "11": 5.347708373407866, "12": 5.039833486261852, "13": 5.282032672840264, "14": 6.489727855403659, "15": 4.938411028875427}, "dfg": {"0": 3.521745068249951, "1": 2.912554272341579, "2": 3.284382196390276, "3": 3.003797574931931, "4": 3.289225036394216, "5": 3.614705935904461, "6": 3.8184453499948914, "7": 3.5233870635408433, "8": 2.3598855469960434, "9": 4.0914222411175425, "10": 3.2819209012274206, "11": 3.0500702960877226, "12": 2.0582765661181703, "13": 2.6856843556022354, "14": 4.424172609703226, "15": 3.308225270630136}, "common": {"0": 6.7718441285598265, "1": 5.928850130600469, "2": 4.622535506558984, "3": 5.474185537512117, "4": 6.085659769613554, "5": 5.926415263256356, "6": 6.437471335137207, "7": 5.75231671777235, "8": 5.544098962220948, "9": 6.398804135876426, "10": 5.021746638014418, "11": 5.519713135330924, "12": 5.323175387761916, "13": 5.454080223398509, "14": 6.772541054530934, "15": 5.07260640442809}, "ast_wo_identifiers": {"0": 4.44857414408908, "1": 3.7190363100708734, "2": 3.717237807804964, "3": 3.8198265825592164, "4": 4.161554856276686, "5": 4.264913859223641, "6": 4.503912817975085, "7": 4.039344998004778, "8": 3.240569380783946, "9": 4.669716757592992, "10": 3.5759459146163333, "11": 3.864925085235652, "12": 2.996557452273301, "13": 3.461069880381992, "14": 4.895383189082138, "15": 3.7992025015559823}}