{"ast": {"0": 4.481156660740376, "1": 4.426024263048325, "2": 5.70637527260401, "3": 5.752204001959317, "4": 5.0511116577458415, "5": 3.733928685531261, "6": 2.9902834069931292, "7": 3.296984570745194, "8": 4.8839199290994255, "9": 5.76065514780175, "10": 5.798611898965575, "11": 3.8626703622353555, "12": 5.8042771866851375, "13": 5.815738885866722, "14": 3.5717510890569484, "15": 5.50465373436752}, "dfg": {"0": 2.2787193728736557, "1": 3.131052723323968, "2": 2.8385606904613265, "3": 3.4603591269432927, "4": 2.8087665013129635, "5": 2.4914633911165662, "6": 1.7703614441595483, "7": 1.8113574135657098, "8": 2.3151399231270835, "9": 3.0352655101428736, "10": 2.969008795146105, "11": 3.401293831549533, "12": 2.800160007241379, "13": 4.210533133852561, "14": 2.384536252966682, "15": 3.92091587016738}, "common": {"0": 4.744105815898311, "1": 4.625652225795161, "2": 5.723026892133093, "3": 5.940053202474702, "4": 5.2923591930023335, "5": 3.9615011014078774, "6": 3.2618211760189855, "7": 3.5660646311765514, "8": 5.111492103355051, "9": 6.043414068675738, "10": 6.076920611894233, "11": 4.046507114478683, "12": 6.095381744328124, "13": 6.051178267464358, "14": 3.7708221366419985, "15": 5.741277680202632}, "ast_wo_identifiers": {"0": 2.7574918004201563, "1": 3.7091032614035377, "2": 3.928287935885443, "3": 4.110430578919423, "4": 3.538298433767721, "5": 3.068055741150626, "6": 2.295241348800989, "7": 2.538420580105792, "8": 3.169318555838778, "9": 3.872988220653447, "10": 3.830053057410605, "11": 3.786002735086523, "12": 3.7109625885193815, "13": 4.484432707103609, "14": 3.386273866691312, "15": 4.132209074029166}}