{"ast": {"0": 5.449635533563165, "1": 5.062754761190778, "2": 5.765524421931897, "3": 5.368834687798163, "4": 4.7814863434948665, "5": 4.88566480350277, "6": 3.261824470341059, "7": 5.229418651331295, "8": 5.400370126201546, "9": 5.455911845263026, "10": 5.418450094923095, "11": 4.5611213188789295, "12": 5.008758971474929, "13": 4.544482194076577, "14": 6.019235969205741, "15": 4.726853192451764}, "dfg": {"0": 3.662989619067204, "1": 2.3903698933415205, "2": 3.5714294275988276, "3": 3.2701083285960606, "4": 2.364138643467466, "5": 2.720528994482605, "6": 2.196009572135212, "7": 3.288163009204193, "8": 2.5567012166698686, "9": 3.3793469375131595, "10": 2.796943333808002, "11": 1.4887433820300215, "12": 2.014517787473997, "13": 1.7637475407281724, "14": 3.5365014024475037, "15": 3.135185283869701}, "common": {"0": 5.6351250838316655, "1": 5.278002139534529, "2": 6.04819559715682, "3": 5.3672756954585195, "4": 5.0280115842089, "5": 5.167657285822555, "6": 3.501132696591451, "7": 5.50918657386986, "8": 5.390003378378857, "9": 5.712714815617549, "10": 5.7001915640028775, "11": 4.8480108187680715, "12": 5.2813626334139405, "13": 4.815667915752066, "14": 6.264334610807694, "15": 4.981155569810627}, "ast_wo_identifiers": {"0": 4.402705171456826, "1": 3.3012799769114385, "2": 4.172728154286398, "3": 3.832854089841795, "4": 2.9513847648486244, "5": 3.3554692450218613, "6": 2.6869411187414527, "7": 3.8373184249965338, "8": 3.7332674671749535, "9": 4.11188510476117, "10": 3.6388646781837877, "11": 2.4879468454242875, "12": 3.0091605398266723, "13": 2.6794561970414605, "14": 4.276893715214776, "15": 3.4218386476538907}}