{"fscore": {"0": {"0": 0.010441274224259384, "0.05": 0.1307593591624838, "0.1": 0.18695965057743882, "0.15": 0.20556434352524494, "0.2": 0.19597181929271998, "0.25": 0.1708118963998679, "0.3": 0.1386537836579815, "0.35": 0.10797108635726219, "0.4": 0.08079143943273552}, "1": {"0": 0.010441274224259384, "0.05": 0.07897355012713525, "0.1": 0.0803191411121126, "0.15": 0.057790920147442165, "0.2": 0.03620127192145012, "0.25": 0.02382357051070316, "0.3": 0.016043029798815625, "0.35": 0.011854421947666805, "0.4": 0.008645970419019561}, "2": {"0": 0.010441274224259384, "0.05": 0.09555178655593313, "0.1": 0.10708480292524734, "0.15": 0.08202454719655967, "0.2": 0.06232189520113239, "0.25": 0.047999740155679094, "0.3": 0.03743606490523414, "0.35": 0.030401575808080044, "0.4": 0.02533868467247324}, "3": {"0": 0.010441274224259384, "0.05": 0.027553229672318522, "0.1": 0.03503320174168052, "0.15": 0.038021317366152795, "0.2": 0.028321795679522668, "0.25": 0.017582487219240616, "0.3": 0.010272373006590486, "0.35": 0.006963033659153159, "0.4": 0.004213034375142132}, "4": {"0": 0.010441274224259384, "0.05": 0.005676472695323662, "0.1": 0.0001137364972054592, "0.15": 1.7823703141115484e-05, "0.2": 8.358408559010366e-06, "0.25": 0.0, "0.3": 0.0, "0.35": 0.0, "0.4": 0.0}, "5": {"0": 0.010441274224259384, "0.05": 0.0, "0.1": 0.0, "0.15": 0.0, "0.2": 0.0, "0.25": 0.0, "0.3": 0.0, "0.35": 0.0, "0.4": 0.0}, "6": {"0": 0.010441274224259384, "0.05": 0.007302429619822004, "0.1": 0.0029444434122375264, "0.15": 0.0014208050991928022, "0.2": 0.0008120070346461918, "0.25": 0.0003696271062533709, "0.3": 0.00021511944764323547, "0.35": 0.00010985629947779552, "0.4": 6.66029964451545e-05}, "7": {"0": 0.010441274224259384, "0.05": 0.017992896054189595, "0.1": 0.009324079859206347, "0.15": 0.005711759417763121, "0.2": 0.0026849484574594357, "0.25": 0.0014559111283794877, "0.3": 0.0008108881751790986, "0.35": 0.00042589814467406425, "0.4": 0.00028218992011018777}, "8": {"0": 0.010441274224259384, "0.05": 0.007523924774302135, "0.1": 0.0017320937535514982, "0.15": 0.0005795877620682112, "0.2": 0.00029817922884755997, "0.25": 0.00013751117107197618, "0.3": 8.920491124604697e-05, "0.35": 9.751476652178759e-05, "0.4": 0.0}, "9": {"0": 0.010441274224259384, "0.05": 0.001366641506692538, "0.1": 3.5193299195833114e-05, "0.15": 0.0, "0.2": 0.0, "0.25": 0.0, "0.3": 0.0, "0.35": 0.0, "0.4": 0.0}, "10": {"0": 0.010441274224259384, "0.05": 0.046352998259256935, "0.1": 0.05908687355472765, "0.15": 0.05193445389230421, "0.2": 0.0408916513852619, "0.25": 0.03054943683060465, "0.3": 0.023585555465606055, "0.35": 0.017998224005266586, "0.4": 0.014769256137163282}, "11": {"0": 0.010441274224259384, "0.05": 0.007044694049795551, "0.1": 0.0038779816878927657, "0.15": 0.002475754714214281, "0.2": 0.0019343333288578662, "0.25": 0.0015186349629539384, "0.3": 0.0008207227640967456, "0.35": 0.00037232910853773443, "0.4": 9.552466924583273e-05}, "12": {"0": 0.010441274224259384, "0.05": 0.00047844620645305023, "0.1": 8.767660976670076e-05, "0.15": 0.0, "0.2": 0.0, "0.25": 0.0, "0.3": 0.0, "0.35": 0.0, "0.4": 0.0}, "13": {"0": 0.010441274224259384, "0.05": 0.04478461167889375, "0.1": 0.03658795657456094, "0.15": 0.02791365905114239, "0.2": 0.018744957197367042, "0.25": 0.012906581934532613, "0.3": 0.009834846526353979, "0.35": 0.00714654610521497, "0.4": 0.005276886003382286}, "14": {"0": 0.010441274224259384, "0.05": 0.03721000894220801, "0.1": 0.03195548259376144, "0.15": 0.023564695865330807, "0.2": 0.017340024095349668, "0.25": 0.013408185453713091, "0.3": 0.009996407470630552, "0.35": 0.007873468332107085, "0.4": 0.005980772147050202}, "15": {"0": 0.010441274224259384, "0.05": 0.02096428191592745, "0.1": 0.009821423007013327, "0.15": 0.0038874811986862614, "0.2": 0.001820528930264072, "0.25": 0.0007646723795743729, "0.3": 0.0003896821072141644, "0.35": 0.00027981447429545044, "0.4": 0.0}}, "recall": {"0": {"0": 1.0, "0.05": 0.4552709096349277, "0.1": 0.299745110973767, "0.15": 0.23081540896595543, "0.2": 0.1778179917086404, "0.25": 0.13428530481834897, "0.3": 0.09964368840158429, "0.35": 0.07347301877386568, "0.4": 0.05303166844740368}, "1": {"0": 1.0, "0.05": 0.2240113399388717, "0.1": 0.09727283769821726, "0.15": 0.04970297398573862, "0.2": 0.026986892012787422, "0.25": 0.016520861059625688, "0.3": 0.010827293702169082, "0.35": 0.007638030840445331, "0.4": 0.005490850885834825}, "2": {"0": 1.0, "0.05": 0.17376676558672094, "0.1": 0.08907631480290196, "0.15": 0.05825957305185725, "0.2": 0.0418061556468191, "0.25": 0.03089010058944759, "0.3": 0.02346328810852069, "0.35": 0.018515385851164207, "0.4": 0.0151849416486741}, "3": {"0": 1.0, "0.05": 0.1767766605045926, "0.1": 0.08010632392881308, "0.15": 0.0455447959093408, "0.2": 0.02355699322267243, "0.25": 0.012225644194966552, "0.3": 0.006295550356099504, "0.35": 0.0040733951334162135, "0.4": 0.0023733653400733767}, "4": {"0": 1.0, "0.05": 0.016511603987984926, "0.1": 0.0002231241880015657, "0.15": 2.333468751028065e-05, "0.2": 8.798324798958279e-06, "0.25": 0.0, "0.3": 0.0, "0.35": 0.0, "0.4": 0.0}, "5": {"0": 1.0, "0.05": 0.0, "0.1": 0.0, "0.15": 0.0, "0.2": 0.0, "0.25": 0.0, "0.3": 0.0, "0.35": 0.0, "0.4": 0.0}, "6": {"0": 1.0, "0.05": 0.013694758267576596, "0.1": 0.002346319095790584, "0.15": 0.0010551001832062408, "0.2": 0.0005615038488338589, "0.25": 0.00022570441569373846, "0.3": 0.0001272103579024341, "0.35": 5.8141457339050105e-05, "0.4": 3.553395228420304e-05}, "7": {"0": 1.0, "0.05": 0.048469558250806476, "0.1": 0.011415833462753402, "0.15": 0.00468332028667603, "0.2": 0.001741552132793991, "0.25": 0.0008862603631674504, "0.3": 0.00047598084506602105, "0.35": 0.00024405359749234777, "0.4": 0.00016377729357554833}, "8": {"0": 1.0, "0.05": 0.020171944758666, "0.1": 0.0028485987158885636, "0.15": 0.0007888281124812215, "0.2": 0.0003454023610049917, "0.25": 0.00011972030347388177, "0.3": 7.847166093750507e-05, "0.35": 7.522567703109328e-05, "0.4": 0.0}, "9": {"0": 1.0, "0.05": 0.0017839336614846157, "0.1": 1.8574241242245254e-05, "0.15": 0.0, "0.2": 0.0, "0.25": 0.0, "0.3": 0.0, "0.35": 0.0, "0.4": 0.0}, "10": {"0": 1.0, "0.05": 0.12198766212433763, "0.1": 0.062015303426203275, "0.15": 0.040066651327829356, "0.2": 0.027768562983510697, "0.25": 0.019948002378423445, "0.3": 0.014628848414772582, "0.35": 0.01101649167475549, "0.4": 0.008943455634041742}, "11": {"0": 1.0, "0.05": 0.05175119567443346, "0.1": 0.012512249521626115, "0.15": 0.004551127541235909, "0.2": 0.0021594749980940655, "0.25": 0.0011739756097871178, "0.3": 0.0005754921955922588, "0.35": 0.0002837572546699928, "0.4": 5.572272372673576e-05}, "12": {"0": 1.0, "0.05": 0.00098274003603923, "0.1": 4.917251210566641e-05, "0.15": 0.0, "0.2": 0.0, "0.25": 0.0, "0.3": 0.0, "0.35": 0.0, "0.4": 0.0}, "13": {"0": 1.0, "0.05": 0.08831310054603707, "0.1": 0.03374858396528032, "0.15": 0.0197816173756242, "0.2": 0.01222784467361736, "0.25": 0.008114263948033985, "0.3": 0.0060055736854452355, "0.35": 0.004321539256553996, "0.4": 0.0031335462523140274}, "14": {"0": 1.0, "0.05": 0.07392035076519558, "0.1": 0.03239292164294749, "0.15": 0.018340497920985164, "0.2": 0.011805042162231714, "0.25": 0.008626283550121986, "0.3": 0.0061800660728421955, "0.35": 0.004732475173934235, "0.4": 0.0035425525108331024}, "15": {"0": 1.0, "0.05": 0.09643309614813851, "0.1": 0.021171244952675288, "0.15": 0.004769076511416371, "0.2": 0.0016000213364784533, "0.25": 0.0005269766568615106, "0.3": 0.00023134113783254183, "0.35": 0.00015827504961573834, "0.4": 0.0}}, "precision": {"0": {"0": 0.005257420766925437, "0.05": 0.08156660466436848, "0.1": 0.16767157681569575, "0.15": 0.2709042059376769, "0.2": 0.3681966937994027, "0.25": 0.43883689088296796, "0.3": 0.4564012531916246, "0.35": 0.4275214170650474, "0.4": 0.3699171588840594}, "1": {"0": 0.005257420766925437, "0.05": 0.05586937901798322, "0.1": 0.10125170224648576, "0.15": 0.11960511070636498, "0.2": 0.10538856346375629, "0.25": 0.08346299025837645,