{"fscore": {"0": {"0": 0.011099634023900469, "0.05": 0.006394168923420247, "0.1": 0.001748214144412029, "0.15": 0.00046415631285886996, "0.2": 0.0002002887480064833, "0.25": 9.264756877166001e-05, "0.3": 5.614794439080408e-05, "0.35": 3.4134794060141874e-05, "0.4": 1.8342061097405518e-05}, "1": {"0": 0.011099634023900469, "0.05": 0.0014676276526461916, "0.1": 0.0002922622298317476, "0.15": 0.00011428864687084354, "0.2": 6.672037069200457e-05, "0.25": 2.7032549004864236e-05, "0.3": 2.0611660111290305e-05, "0.35": 1.4606363539293133e-05, "0.4": 0.0}, "2": {"0": 0.011099634023900469, "0.05": 0.0020416859740186744, "0.1": 0.00041083039844698173, "0.15": 0.00014847377158654478, "0.2": 7.00850703784744e-05, "0.25": 2.660502813747776e-05, "0.3": 2.7504294494502805e-05, "0.35": 5.064598959731374e-06, "0.4": 5.220432773876954e-06}, "3": {"0": 0.011099634023900469, "0.05": 0.004585474208640192, "0.1": 0.0018411042643166156, "0.15": 0.0009197267511072568, "0.2": 0.0005211168284336859, "0.25": 0.00033803088406094084, "0.3": 0.0002754830163788195, "0.35": 0.0001606580692784934, "0.4": 0.0001240879472486952}, "4": {"0": 0.011099634023900469, "0.05": 0.0066513991053303335, "0.1": 0.0018491897168250973, "0.15": 0.0005809459678623047, "0.2": 0.00010032219084785392, "0.25": 3.70719901030101e-05, "0.3": 0.0, "0.35": 0.0, "0.4": 0.0}, "5": {"0": 0.011099634023900469, "0.05": 0.0014389974408881376, "0.1": 0.00011238310490409442, "0.15": 6.8165614166317535e-06, "0.2": 0.0, "0.25": 0.0, "0.3": 0.0, "0.35": 0.0, "0.4": 0.0}, "6": {"0": 0.011099634023900469, "0.05": 0.0018254516924601579, "0.1": 0.0006909973308103815, "0.15": 0.0003001965820860861, "0.2": 0.00013413516596270833, "0.25": 5.1012851079617275e-05, "0.3": 2.825344111136703e-05, "0.35": 3.152483467624901e-05, "0.4": 0.0}, "7": {"0": 0.011099634023900469, "0.05": 0.001956408827641614, "0.1": 0.00033220475553088363, "0.15": 0.00011351574782561533, "0.2": 2.3917909864482752e-05, "0.25": 1.234414832989655e-05, "0.3": 1.885156279455567e-06, "0.35": 2.0817676705644297e-06, "0.4": 0.0}, "8": {"0": 0.011099634023900469, "0.05": 0.010369625537177532, "0.1": 0.0051560068082991935, "0.15": 0.0023556703559615387, "0.2": 0.0011498576053358045, "0.25": 0.0005738002970236328, "0.3": 0.0003211884450562865, "0.35": 0.00012849063114991305, "0.4": 2.2292027113525325e-05}, "9": {"0": 0.011099634023900469, "0.05": 0.010704588672411891, "0.1": 0.002607331057679353, "0.15": 0.0007315277673690915, "0.2": 0.00019869284913311643, "0.25": 8.779960796749422e-05, "0.3": 6.077854163305554e-05, "0.35": 3.542630784059565e-05, "0.4": 3.056884902198899e-05}, "10": {"0": 0.011099634023900469, "0.05": 0.001175753443216135, "0.1": 0.0003174097529431303, "0.15": 7.107432556805768e-05, "0.2": 3.004051977085371e-05, "0.25": 9.048750141386721e-06, "0.3": 0.0, "0.35": 0.0, "0.4": 0.0}, "11": {"0": 0.011099634023900469, "0.05": 0.006321683049643778, "0.1": 0.002337296183660321, "0.15": 0.0008475884527024771, "0.2": 0.00025180352919895185, "0.25": 0.00011287984354717019, "0.3": 6.139122925156362e-05, "0.35": 2.7112453152127646e-05, "0.4": 8.072027589454513e-06}, "12": {"0": 0.011099634023900469, "0.05": 0.004704396379988888, "0.1": 0.0014401753647631914, "0.15": 0.0006110074992901762, "0.2": 0.00026301994348730133, "0.25": 0.00017783465983357429, "0.3": 9.139505588451489e-05, "0.35": 7.043780310787296e-05, "0.4": 6.10774647424505e-05}, "13": {"0": 0.011099634023900469, "0.05": 0.005482177406976127, "0.1": 0.0018069912311578988, "0.15": 0.0003395682132238498, "0.2": 0.00011173486632222866, "0.25": 2.965476009502016e-05, "0.3": 2.9545474734734213e-05, "0.35": 2.881226200807815e-05, "0.4": 2.316816338417623e-05}, "14": {"0": 0.011099634023900469, "0.05": 0.0036754582983253856, "0.1": 0.0006198168445466375, "0.15": 0.00016120925371902097, "0.2": 2.8037150534605576e-05, "0.25": 1.0772321596888954e-05, "0.3": 0.0, "0.35": 0.0, "0.4": 0.0}, "15": {"0": 0.011099634023900469, "0.05": 0.002519209242307022, "0.1": 0.0009583816281107213, "0.15": 0.00038428381471760617, "0.2": 0.00025673570124080616, "0.25": 0.00016924841213192414, "0.3": 2.6869967670562095e-05, "0.35": 4.4356618340130985e-06, "0.4": 4.8824191410360005e-06}}, "recall": {"0": {"0": 0.5856547591822291, "0.05": 0.033688852939698595, "0.1": 0.005946564592280731, "0.15": 0.001075077506850511, "0.2": 0.00036780455072696154, "0.25": 0.00015290883616226065, "0.3": 8.195466266517381e-05, "0.35": 4.8503851692961714e-05, "0.4": 2.6102163869384772e-05}, "1": {"0": 0.5856547591822291, "0.05": 0.006423731069942007, "0.1": 0.0009057740601522372, "0.15": 0.00031415584615738384, "0.2": 0.0001615930756065116, "0.25": 6.840886783506729e-05, "0.3": 3.7560855989430744e-05, "0.35": 2.728515667633057e-05, "0.4": 0.0}, "2": {"0": 0.5856547591822291, "0.05": 0.008729270056678775, "0.1": 0.0011946366134956714, "0.15": 0.0003886888443163887, "0.2": 0.00017557103826140806, "0.25": 7.50853735136345e-05, "0.3": 7.50853735136345e-05, "0.35": 7.219747453234086e-06, "0.4": 7.219747453234086e-06}, "3": {"0": 0.5856547591822291, "0.05": 0.02480530923214787, "0.1": 0.007008780510036329, "0.15": 0.002612223423471995, "0.2": 0.0013556142633788476, "0.25": 0.0008053330755036007, "0.3": 0.0005416426104047496, "0.35": 0.00027052520196357973, "0.4": 0.00019493197101918636}, "4": {"0": 0.5856547591822291, "0.05": 0.033004674551606945, "0.1": 0.005090648196325349, "0.15": 0.0013067646783345762, "0.2": 0.00019738328240415933, "0.25": 7.070260932505818e-05, "0.3": 0.0, "0.35": 0.0, "0.4": 0.0}, "5": {"0": 0.5856547591822291, "0.05": 0.010504103686154235, "0.1": 0.0005139010602985208, "0.15": 1.5397779738531394e-05, "0.2": 0.0, "0.25": 0.0, "0.3": 0.0, "0.35": 0.0, "0.4": 0.0}, "6": {"0": 0.5856547591822291, "0.05": 0.009616460344271166, "0.1": 0.0024077238807449714, "0.15": 0.0009255035583933039, "0.2": 0.00031779114016762495, "0.25": 0.00011925072178441313, "0.3": 6.215953282066725e-05, "0.35": 6.215953282066725e-05, "0.4": 0.0}, "7": {"0": 0.5856547591822291, "0.05": 0.009636337629898205, "0.1": 0.001182398480986733, "0.15": 0.0002966264271211271, "0.2": 6.56807736475865e-05, "0.25": 2.4528213164152206e-05, "0.3": 1.9063378106854047e-06, "0.35": 1.9063378106854047e-06, "0.4": 0.0}, "8": {"0": 0.5856547591822291, "0.05": 0.049801786571217525, "0.1": 0.017541765231271395, "0.15": 0.006823950685811398, "0.2": 0.003040326802333617, "0.25": 0.0014289636699775059, "0.3": 0.0007679438352935771, "0.35": 0.00026194998586971923, "0.4": 3.4843290985602894e-05}, "9": {"0": 0.5856547591822291, "0.05": 0.03527946901508282, "0.1": 0.006600104863270316, "0.15": 0.001639581331051422, "0.2": 0.00039202860824839875, "0.25": 0.00015688917286018066, "0.3": 0.00010538318329057327, "0.35": 5.861698434800246e-05, "0.4": 4.8012980276064885e-05}, "10": {"0": 0.5856547591822291, "0.05": 0.006203087279237143, "0.1": 0.001129226004837418, "0.15": 0.00020677198164294948, "0.2": 6.944583058876757e-05, "0.25": 2.120800814387513e-05, "0.3": 0.0, "0.35": 0.0, "0.4": 0.0}, "11": {"0": 0.5856547591822291, "0.05": 0.025707517880196016, "0.1": 0.006479428454318919, "0.15": 0.0019310442898522863, "0.2": 0.0004970959799459198, "0.25": 0.00020899853917544754, "0.3": 0.00010854598560881293, "0.35": 3.995426809369991e-05, "0.4": 9.353878765259765e-06}, "12": {"0": 0.5856547591822291, "0.05": 0.024788267943914262, "0.1": 0.005158390262003053, "0.15": 0.001778592378047007, "0.2": 0.0006316970427724687, "0.25": 0.00042447361510398183, "0.3": 0.00019047741135507876, "0.35": 0.00014216609288163765, "0.4": 0.0001158489347995942}, "13": {"0": 0.5856547591822291, "0.05": 0.023442399676344868, "0.1": 0.00609892622111613, "0.15": 0.001089635456915213, "0.2": 0.00039255802075223076, "0.25": 0.00010576757048742518, "0.3": 9.669772768836623e-05, "0.35": 9.004423493734658e-05, "0.4": 5.611142190714637e-05}, "14": {"0": 0.5856547591822291, "0.05": 0.017200670544652182, "0.1": 0.0016364370691697113, "0.15": 0.0003666978401783975, "0.2": 7.163593861931153e-05, "0.25": 3.770312558911134e-05, "0.3": 0.0,