{"fscore": {"0": {"0": 0.010441274224259384, "0.05": 0.004976086741097046, "0.1": 0.0034650732643544927, "0.15": 0.002724312629873449, "0.2": 0.0022549533189532944, "0.25": 0.0014829382103247243, "0.3": 0.001354515522698796, "0.35": 0.0008843818388763835, "0.4": 0.0005710675393497849}, "1": {"0": 0.010441274224259384, "0.05": 0.0068844797139075405, "0.1": 0.004181338852472088, "0.15": 0.0026689850834521783, "0.2": 0.001941096764765411, "0.25": 0.001206873107758453, "0.3": 0.0008415225787259335, "0.35": 0.0005327435778670686, "0.4": 0.0003979654631111928}, "2": {"0": 0.010441274224259384, "0.05": 0.1133170511693813, "0.1": 0.1465661303029266, "0.15": 0.1620613201099194, "0.2": 0.16772311607464793, "0.25": 0.16902070825584561, "0.3": 0.16753099723952364, "0.35": 0.16222826153363015, "0.4": 0.15572460875465022}, "3": {"0": 0.010441274224259384, "0.05": 0.035444357127008344, "0.1": 0.03311962623760207, "0.15": 0.0298903873998476, "0.2": 0.026354343332876975, "0.25": 0.022174435150679263, "0.3": 0.018440768265886916, "0.35": 0.014935566925518678, "0.4": 0.011976124967169889}, "4": {"0": 0.010441274224259384, "0.05": 0.016901628861089237, "0.1": 0.00973145516037527, "0.15": 0.004889424316508861, "0.2": 0.002318841233129004, "0.25": 0.0014967101425476816, "0.3": 0.0008973325108960372, "0.35": 0.0005332262283497282, "0.4": 0.00028245928606531357}, "5": {"0": 0.010441274224259384, "0.05": 0.002522645209693487, "0.1": 0.0006602840832972657, "0.15": 0.0003447669458272122, "0.2": 0.0001267028599024587, "0.25": 8.85848428476312e-05, "0.3": 0.0, "0.35": 0.0, "0.4": 0.0}, "6": {"0": 0.010441274224259384, "0.05": 0.02063889029302965, "0.1": 0.01654179408649276, "0.15": 0.012490365022699857, "0.2": 0.009385569811535984, "0.25": 0.007060892809149662, "0.3": 0.005445559561144699, "0.35": 0.0037084573035168775, "0.4": 0.0025949080737016892}, "7": {"0": 0.010441274224259384, "0.05": 0.0029402872173170773, "0.1": 0.0018333447389899012, "0.15": 0.0013115962298412898, "0.2": 0.0009900523112009543, "0.25": 0.0006781669999420684, "0.3": 0.0005913424563542666, "0.35": 0.000468649286819767, "0.4": 0.0004532164083307373}, "8": {"0": 0.010441274224259384, "0.05": 0.0032336829711703467, "0.1": 0.00265385419916913, "0.15": 0.002278682140958562, "0.2": 0.0020717681297475576, "0.25": 0.001933292777958388, "0.3": 0.0016865360341387398, "0.35": 0.0015136975902694128, "0.4": 0.0011787958028241883}, "9": {"0": 0.010441274224259384, "0.05": 0.042179368727694275, "0.1": 0.041473142945858715, "0.15": 0.03071830588194703, "0.2": 0.019246081045517952, "0.25": 0.011781443591422322, "0.3": 0.006128897925247688, "0.35": 0.0029131384373845257, "0.4": 0.0012526338452165282}, "10": {"0": 0.010441274224259384, "0.05": 0.017428353003125244, "0.1": 0.014277169915474154, "0.15": 0.00980841298020585, "0.2": 0.005489321742057466, "0.25": 0.0031134500092031264, "0.3": 0.0016983620412838502, "0.35": 0.0009215123090417474, "0.4": 0.0006157271328435923}, "11": {"0": 0.010441274224259384, "0.05": 0.015088656460644195, "0.1": 0.011788059090373058, "0.15": 0.009281781322863794, "0.2": 0.006987929294528722, "0.25": 0.00487570919647264, "0.3": 0.0033289192356567767, "0.35": 0.0018032462381948752, "0.4": 0.001101974523792192}, "12": {"0": 0.010441274224259384, "0.05": 0.017256954902992887, "0.1": 0.013128410428591222, "0.15": 0.009181165770460588, "0.2": 0.005109322038765696, "0.25": 0.0031493317755390653, "0.3": 0.0017174378689779196, "0.35": 0.0010781949636539093, "0.4": 0.0005742871272267655}, "13": {"0": 0.010441274224259384, "0.05": 0.035530119387422794, "0.1": 0.027529133127321272, "0.15": 0.019956200895792017, "0.2": 0.01494336040946191, "0.25": 0.011478734344832014, "0.3": 0.00861343476398576, "0.35": 0.006146246560518432, "0.4": 0.004405315834995004}, "14": {"0": 0.010441274224259384, "0.05": 0.013292636510255439, "0.1": 0.009052710398876495, "0.15": 0.006580523253113017, "0.2": 0.004570816632948562, "0.25": 0.003928761971790632, "0.3": 0.0030846312420351163, "0.35": 0.002180639691452605, "0.4": 0.001768603582055026}, "15": {"0": 0.010441274224259384, "0.05": 0.02059383428833747, "0.1": 0.012825864023869324, "0.15": 0.007758985230435963, "0.2": 0.004750340623749117, "0.25": 0.0028801842568077214, "0.3": 0.0017998101399395012, "0.35": 0.001278624303992867, "0.4": 0.000673740001199158}}, "recall": {"0": {"0": 1.0, "0.05": 0.018486413777029927, "0.1": 0.005201126776497374, "0.15": 0.0028691170974559036, "0.2": 0.0018893444846199935, "0.25": 0.0011651385150453517, "0.3": 0.0009645669767464208, "0.35": 0.0006233142459276051, "0.4": 0.00038909534714021344}, "1": {"0": 1.0, "0.05": 0.024603619850135098, "0.1": 0.007630679464422452, "0.15": 0.003188635029199221, "0.2": 0.0017783220029081287, "0.25": 0.0009648296363863398, "0.3": 0.0006070699106398656, "0.35": 0.00036125771707356326, "0.4": 0.00025343763900439206}, "2": {"0": 1.0, "0.05": 0.5291301117826153, "0.1": 0.4418857485750333, "0.15": 0.36999068688417974, "0.2": 0.31012254032163633, "0.25": 0.2613882974601604, "0.3": 0.2230303358850832, "0.35": 0.18918594377149933, "0.4": 0.16085418977718371}, "3": {"0": 1.0, "0.05": 0.1715420875387548, "0.1": 0.08997461577229413, "0.15": 0.05748036871467001, "0.2": 0.03916789457102145, "0.25": 0.02730807159249598, "0.3": 0.019588486694025246, "0.35": 0.014115813692364946, "0.4": 0.010175837627142584}, "4": {"0": 1.0, "0.05": 0.06372294895122521, "0.1": 0.019391982786046737, "0.15": 0.007155230649918699, "0.2": 0.0027349189702735896, "0.25": 0.0015844986606562569, "0.3": 0.0008037147871974291, "0.35": 0.0004688701689667001, "0.4": 0.00021243172104749798}, "5": {"0": 1.0, "0.05": 0.009109143710915018, "0.1": 0.0008793486299637225, "0.15": 0.00027815075333760975, "0.2": 8.905401753554053e-05, "0.25": 5.310047790430114e-05, "0.3": 0.0, "0.35": 0.0, "0.4": 0.0}, "6": {"0": 1.0, "0.05": 0.11969668524262725, "0.1": 0.05178243472273435, "0.15": 0.027034878278759045, "0.2": 0.0158427487859757, "0.25": 0.009684093486054939, "0.3": 0.0061065029187923675, "0.35": 0.003661665132675625, "0.4": 0.002052050308935677}, "7": {"0": 1.0, "0.05": 0.005652796181861949, "0.1": 0.003037822905658255, "0.15": 0.001996454371339068, "0.2": 0.0013918685579313722, "0.25": 0.0010259259274872361, "0.3": 0.0008661271027614866, "0.35": 0.0006643091721763864, "0.4": 0.0005846535719697715}, "8": {"0": 1.0, "0.05": 0.011626995147643909, "0.1": 0.005708892686821435, "0.15": 0.0037112649094332654, "0.2": 0.0028590071868162567, "0.25": 0.0022826888145863105, "0.3": 0.0017479745072814699, "0.35": 0.0013841231077920736, "0.4": 0.0009384256612859935}, "9": {"0": 1.0, "0.05": 0.23096858725909847, "0.1": 0.09062222638376861, "0.15": 0.041121215527693926, "0.2": 0.01947895336008915, "0.25": 0.009595609981120305, "0.3": 0.00428598573356647, "0.35": 0.0018800647232802255, "0.4": 0.0007647456854857175}, "10": {"0": 1.0, "0.05": 0.09825049381162876, "0.1": 0.0353739181944811, "0.15": 0.01513000356305408, "0.2": 0.006114730847044951, "0.25": 0.0029207140560722, "0.3": 0.0012823070242204656, "0.35": 0.0006463312468652418, "0.4": 0.0004277001631913243}, "11": {"0": 1.0, "0.05": 0.1045947439685884, "0.1": 0.04140955689221712, "0.15": 0.01984083492867426, "0.2": 0.01045547968030112, "0.25": 0.005572147333537816, "0.3": 0.003102443767224591, "0.35": 0.0015231954934735088, "0.4": 0.0008232023320305867}, "12": {"0": 1.0, "0.05": 0.07167245590175982, "0.1": 0.021709103690826733, "0.15": 0.009613222686475463, "0.2": 0.00400024291295795, "0.25": 0.0021343335668162332, "0.3": 0.0010446233894862494, "0.35": 0.000632048047809967, "0.4": 0.0003255144467670831}, "13": {"0": 1.0, "0.05": 0.15572137701116365, "0.1": 0.06897365363795954, "0.15": 0.035308650278461, "0.2": 0.02060073027303679, "0.25": 0.013206172579316406, "0.3": 0.008821541534543674, "0.35": 0.005668590186642616, "0.4": 0.003869684116268458}, "14": {"0": 1.0, "0.05": 0.043898501134466604, "0.1": 0.01580867628565374, "0.15": 0.0086488478790775, "0.2": 0.005001239146340999, "0.25": 0.0037011445993999064,