{"fscore": {"0": {"0": 0.010441452671834082, "0.05": 0.014353461024441159, "0.1": 0.009206512477387999, "0.15": 0.005375925431508409, "0.2": 0.003204899189213881, "0.25": 0.0019438920423094095, "0.3": 0.001102539258183534, "0.35": 0.000539511469359838, "0.4": 0.0003095084434404589}, "1": {"0": 0.010441274224259384, "0.05": 0.0010379028426471854, "0.1": 0.0002963981302567469, "0.15": 8.080463819433209e-05, "0.2": 2.5718180181570348e-05, "0.25": 0.0, "0.3": 0.0, "0.35": 0.0, "0.4": 0.0}, "2": {"0": 0.010441384641016684, "0.05": 0.034643142431036784, "0.1": 0.031639611089286354, "0.15": 0.026024751264527045, "0.2": 0.02147304675152145, "0.25": 0.01738795652375095, "0.3": 0.014111633729963536, "0.35": 0.01175817920163909, "0.4": 0.00903863111958909}, "3": {"0": 0.010441274843222997, "0.05": 0.004237459926816587, "0.1": 0.004056626881307551, "0.15": 0.001983064159712783, "0.2": 0.0007614786279792406, "0.25": 0.0005322855294518312, "0.3": 0.0005526768426165839, "0.35": 0.000639197059151166, "0.4": 0.0005901273291561545}, "4": {"0": 0.010441274224259384, "0.05": 0.2014921086582705, "0.1": 0.18139414007161148, "0.15": 0.12929173952737458, "0.2": 0.0859273364575334, "0.25": 0.05454879631204373, "0.3": 0.031744779212219285, "0.35": 0.017764752855077653, "0.4": 0.009561930315098782}, "5": {"0": 0.010441280848362235, "0.05": 0.1643766933447534, "0.1": 0.2259418580425777, "0.15": 0.23159523616252975, "0.2": 0.22016184923547333, "0.25": 0.19843578697549147, "0.3": 0.17140864442191994, "0.35": 0.14624937838094612, "0.4": 0.12158946177416766}, "6": {"0": 0.010441274224259384, "0.05": 0.018576629095263815, "0.1": 0.011786261499046435, "0.15": 0.006733778688681956, "0.2": 0.003977341052963826, "0.25": 0.002271300725233978, "0.3": 0.001283635211336522, "0.35": 0.000547849466664736, "0.4": 0.000341161414577742}, "7": {"0": 0.010441274224259384, "0.05": 0.029785324787798634, "0.1": 0.024474189854871417, "0.15": 0.020842858674206436, "0.2": 0.01735412144878569, "0.25": 0.014225391953829795, "0.3": 0.010332893962651881, "0.35": 0.007428743200979119, "0.4": 0.005222139677237603}, "8": {"0": 0.010441274224259384, "0.05": 0.014943473104607, "0.1": 0.009293755888034206, "0.15": 0.005320827756468703, "0.2": 0.0027066560560157415, "0.25": 0.0013718216025598966, "0.3": 0.0009845558320172021, "0.35": 0.0007272899326962048, "0.4": 0.00032108288770628553}, "9": {"0": 0.010441275495841847, "0.05": 0.03510842805899912, "0.1": 0.04243986884537882, "0.15": 0.04431830596773449, "0.2": 0.042758955260479944, "0.25": 0.03936032403954061, "0.3": 0.03522404614751844, "0.35": 0.03046791222195106, "0.4": 0.026421316522926966}, "10": {"0": 0.010441274224259384, "0.05": 0.017131157377968362, "0.1": 0.01094504594213218, "0.15": 0.007010278169045578, "0.2": 0.004728407593418355, "0.25": 0.002618437034731965, "0.3": 0.0016479875235525902, "0.35": 0.0011146975121829484, "0.4": 0.0009449545879767557}, "11": {"0": 0.010441274224259384, "0.05": 0.024820531056163428, "0.1": 0.02036998028409857, "0.15": 0.011463459842228052, "0.2": 0.005720737824869487, "0.25": 0.003050764634473397, "0.3": 0.0018652386010204454, "0.35": 0.0010159143885571469, "0.4": 0.0005260529752280633}}, "recall": {"0": {"0": 0.9998771159499902, "0.05": 0.05438157348411622, "0.1": 0.013866761612781636, "0.15": 0.00502976076477375, "0.2": 0.0025834875512795582, "0.25": 0.001415622620931056, "0.3": 0.0007752627698530153, "0.35": 0.0003565210216510868, "0.4": 0.00019149603215267702}, "1": {"0": 1.0, "0.05": 0.004551465321619722, "0.1": 0.0005437429789478003, "0.15": 9.294357338489735e-05, "0.2": 2.3881167311458183e-05, "0.25": 0.0, "0.3": 0.0, "0.35": 0.0, "0.4": 0.0}, "2": {"0": 1.0, "0.05": 0.14745437732293062, "0.1": 0.07361084074390044, "0.15": 0.04147466729085849, "0.2": 0.026484205567724135, "0.25": 0.017395590450739226, "0.3": 0.012076990208523748, "0.35": 0.008845664733512436, "0.4": 0.00625588603127345}, "3": {"0": 1.0, "0.05": 0.013688255701149087, "0.1": 0.008761471279550537, "0.15": 0.0034160480284135103, "0.2": 0.0012013902159858697, "0.25": 0.0008022757649865729, "0.3": 0.0007490469238854886, "0.35": 0.000742223733225072, "0.4": 0.0006538661975255104}, "4": {"0": 1.0, "0.05": 0.35099944936137195, "0.1": 0.18498016674278578, "0.15": 0.10578303722419062, "0.2": 0.06268178489348931, "0.25": 0.03668558963793524, "0.3": 0.020348911720973247, "0.35": 0.01090173429997771, "0.4": 0.0057449002889813005}, "5": {"0": 1.0, "0.05": 0.5266822585593509, "0.1": 0.39566186425132577, "0.15": 0.29523358874819744, "0.2": 0.22944677136454825, "0.25": 0.1814387696923433, "0.3": 0.1421059113756826, "0.35": 0.11276785385378219, "0.4": 0.0888474712995496}, "6": {"0": 1.0, "0.05": 0.06396075856168994, "0.1": 0.01603159314605328, "0.15": 0.0059172488467864656, "0.2": 0.002790118134512541, "0.25": 0.0014687693841181763, "0.3": 0.0007737897565657746, "0.35": 0.0003208867916435999, "0.4": 0.0001901171803736641}, "7": {"0": 1.0, "0.05": 0.11061296008959673, "0.1": 0.062292301817065826, "0.15": 0.040879269141166366, "0.2": 0.027050833852764376, "0.25": 0.01845086486483691, "0.3": 0.011459884950286296, "0.35": 0.007046736808270282, "0.4": 0.004319391615323576}, "8": {"0": 1.0, "0.05": 0.04544666614410937, "0.1": 0.012480786474721561, "0.15": 0.0053119993312362255, "0.2": 0.0022945390231237507, "0.25": 0.0010492272008354733, "0.3": 0.0006632633557075029, "0.35": 0.00047495907782186235, "0.4": 0.00020044918454695192}, "9": {"0": 1.0, "0.05": 0.19179988836005504, "0.1": 0.11803191003197658, "0.15": 0.08315688188497697, "0.2": 0.061093096282480726, "0.25": 0.046883543395200726, "0.3": 0.03672129873988697, "0.35": 0.028245500538227834, "0.4": 0.02205263998520996}, "10": {"0": 1.0, "0.05": 0.040034600673938096, "0.1": 0.012987706606121485, "0.15": 0.006311318136925775, "0.2": 0.0037432184483651237, "0.25": 0.0019124812207985337, "0.3": 0.0010996763964406346, "0.35": 0.000741598604105798, "0.4": 0.0006249285316195104}, "11": {"0": 1.0, "0.05": 0.07878646530184158, "0.1": 0.023852511112508287, "0.15": 0.008921715926055989, "0.2": 0.0036816622750748353, "0.25": 0.0018043206740181623, "0.3": 0.0010717922022075977, "0.35": 0.0005686897984966085, "0.4": 0.00028437889674515}}, "precision": {"0": {"0": 0.00525751482092008, "0.05": 0.009372661649067865, "0.1": 0.010560686853466332, "0.15": 0.010528882799074926, "0.2": 0.00885567857232852, "0.25": 0.006798570314116955, "0.3": 0.0035553087834933376, "0.35": 0.0017831271592555443, "0.4": 0.0013652067313050264}, "1": {"0": 0.005257420766925437, "0.05": 0.0006005514256892546, "0.1": 0.0002177101310601068, "0.15": 8.286041385339277e-05, "0.2": 2.786136186336788e-05, "0.25": 0.0, "0.3": 0.0, "0.35": 0.0, "0.4": 0.0}, "2": {"0": 0.005257476774828676, "0.05": 0.019879457379406967, "0.1": 0.02068735302933227, "0.15": 0.019773458862732362, "0.2": 0.019213368430799575, "0.25": 0.01893631503005484, "0.3": 0.018962127606255, "0.35": 0.020535936393949815, "0.4": 0.019617094134836702}, "3": {"0": 0.005257421078787915, "0.05": 0.0025522599049945, "0.1": 0.0027051511900631382, "0.15": 0.0014739562744977954, "0.2": 0.0006401725237926454, "0.25": 0.0004854405583075995, "0.3": 0.0005599447711701536, "0.35": 0.0006932375287143163, "0.4": 0.0007244531215031905}, "4": {"0": 0.005257420766925437, "0.05": 0.18718982017586977, "0.1": 0.30363475447413907, "0.15": 0.3230404523472646, "0.2": 0.2765461787455403, "0.25": 0.22144391929998763, "0.3": 0.14909082707477891, "0.35": 0.09635652990718185, "0.4": 0.05592332553215201}, "5": {"0": 0.005257424093445195, "0.05": 0.10136192879147564, "0.1": 0.17516083728179913, "0.15": 0.2234513638435999, "0.2": 0.2611653220282023, "0.25": 0.2873244795178978, "0.3": 0.29817302556119746, "0.35": 0.3103315179648158, "0.4": 0.3126780068429713}, "6": {"0": 0.005257420766925437, "0.05": 0.011786020154250362, "0.1": 0.01197506402088684, "0.15": 0.012638286951172945, "0.2": 0.012528143188258211, "0.25": 0.00982342752358682, "0.3": 0.006922354364681347, "0.35": 0.002711839221367807, "0.4": 0.001905717151454363},