{"fscore": {"0": {"0": 0.010441274224259384, "0.05": 0.08948484700134095, "0.1": 0.10822548744005472, "0.15": 0.10732533320443473, "0.2": 0.09687535654683285, "0.25": 0.08357465241279202, "0.3": 0.06823540077593503, "0.35": 0.05368665438442701, "0.4": 0.040270798107309325}, "1": {"0": 0.010441274224259384, "0.05": 0.03133516076093673, "0.1": 0.021354408271846557, "0.15": 0.013599723074362389, "0.2": 0.0076628354307244, "0.25": 0.004666678250905757, "0.3": 0.0031331252180691843, "0.35": 0.0016548061143496274, "0.4": 0.0009014404929824921}, "2": {"0": 0.010441274224259384, "0.05": 0.03389657836423043, "0.1": 0.030163746320353183, "0.15": 0.02026463063994694, "0.2": 0.012405582383720377, "0.25": 0.007480379823279804, "0.3": 0.0039456822986885815, "0.35": 0.0020542032700477386, "0.4": 0.000796547263853989}, "3": {"0": 0.010441274224259384, "0.05": 0.004670921228965501, "0.1": 0.002139692235382041, "0.15": 0.0011166528674346847, "0.2": 0.0004966201826221699, "0.25": 0.00043270725837867675, "0.3": 0.0002685371955007844, "0.35": 0.00020325623982231388, "0.4": 0.00014395036962740074}, "4": {"0": 0.010441274224259384, "0.05": 0.015559997451352517, "0.1": 0.009721357033306635, "0.15": 0.006081818106838642, "0.2": 0.0037136086013290445, "0.25": 0.0019126914849735947, "0.3": 0.001160046387385805, "0.35": 0.000753998966900775, "0.4": 0.0003809290653065685}, "5": {"0": 0.010441274224259384, "0.05": 0.029529722734991666, "0.1": 0.020625006871287526, "0.15": 0.013030545086138563, "0.2": 0.008145688313530984, "0.25": 0.005150487057933397, "0.3": 0.0033659635777948445, "0.35": 0.0021062187922364435, "0.4": 0.0011579116397844047}, "6": {"0": 0.010441274224259384, "0.05": 0.02423962979716037, "0.1": 0.01670457046918002, "0.15": 0.010244690747654777, "0.2": 0.0060746851428758126, "0.25": 0.003939252435567241, "0.3": 0.00230666898733026, "0.35": 0.0012722660354149574, "0.4": 0.0007440578336065359}, "7": {"0": 0.010441274224259384, "0.05": 0.010067513162352021, "0.1": 0.006676760316269275, "0.15": 0.004630290501644673, "0.2": 0.003353695073354543, "0.25": 0.002637462126554444, "0.3": 0.0017157726087689206, "0.35": 0.0013119217856922202, "0.4": 0.0010968457224419213}, "8": {"0": 0.010441274224259384, "0.05": 0.0065565144286757705, "0.1": 0.004459246639128788, "0.15": 0.0020767550944796338, "0.2": 0.0006540240187732638, "0.25": 0.0002609479166208852, "0.3": 0.00012734865096492552, "0.35": 9.170348211105727e-05, "0.4": 7.460943879737099e-05}, "9": {"0": 0.010441274224259384, "0.05": 0.021610477554308248, "0.1": 0.015368651016842353, "0.15": 0.009476746173473117, "0.2": 0.0056645938339243175, "0.25": 0.0041539481846989005, "0.3": 0.0023219771205583014, "0.35": 0.0012970298713291214, "0.4": 0.0007167502256884371}, "10": {"0": 0.010441274224259384, "0.05": 0.10270479593102504, "0.1": 0.16418367386059607, "0.15": 0.21340979176128977, "0.2": 0.25070087452050616, "0.25": 0.27591340560348276, "0.3": 0.2913614314284763, "0.35": 0.30809548688683036, "0.4": 0.32189629039609186}, "11": {"0": 0.010441274224259384, "0.05": 0.021783769910011807, "0.1": 0.01861431986470006, "0.15": 0.015816194782997763, "0.2": 0.0130057357577205, "0.25": 0.010479048917832986, "0.3": 0.007467956507253562, "0.35": 0.0053883489350547995, "0.4": 0.003812172115138872}, "12": {"0": 0.010441274224259384, "0.05": 0.0281614663914325, "0.1": 0.02075479417140434, "0.15": 0.013990222374409271, "0.2": 0.008011152801542973, "0.25": 0.0045944218460498756, "0.3": 0.002762740059162331, "0.35": 0.0014302765302169793, "0.4": 0.0009635932763746292}, "13": {"0": 0.010441274224259384, "0.05": 0.030382248960603403, "0.1": 0.020894277230570104, "0.15": 0.011567276100303465, "0.2": 0.005789102347941681, "0.25": 0.002139327314383585, "0.3": 0.0009964629749809968, "0.35": 0.0005305267610427126, "0.4": 0.00026779846929952413}, "14": {"0": 0.010441274224259384, "0.05": 0.0599956970213614, "0.1": 0.06672100855038997, "0.15": 0.06403085320636773, "0.2": 0.05751271693275026, "0.25": 0.05069886404047521, "0.3": 0.04253403766040613, "0.35": 0.03550848294825975, "0.4": 0.029441144042978148}, "15": {"0": 0.010441274224259384, "0.05": 0.00871887676266998, "0.1": 0.005025993942655826, "0.15": 0.002855790328695651, "0.2": 0.0017346349842336521, "0.25": 0.0008568182915117345, "0.3": 0.0005726140576010144, "0.35": 0.0003782263637935625, "0.4": 0.00028275643718114437}}, "recall": {"0": {"0": 1.0, "0.05": 0.43585723808243293, "0.1": 0.2854283608207637, "0.15": 0.19392804422469972, "0.2": 0.1328934065855152, "0.25": 0.09358386828200033, "0.3": 0.06561178766358766, "0.35": 0.04526006287869958, "0.4": 0.030677638944151372}, "1": {"0": 1.0, "0.05": 0.10430890214972673, "0.1": 0.03349950579952253, "0.15": 0.014692785517066154, "0.2": 0.006785894169475665, "0.25": 0.00362995877995191, "0.3": 0.002082534207535705, "0.35": 0.0010442725764869944, "0.4": 0.0005290293969062646}, "2": {"0": 1.0, "0.05": 0.17192669915886868, "0.1": 0.060996941791151504, "0.15": 0.025120084282526902, "0.2": 0.011586884987183072, "0.25": 0.0059508703183891, "0.3": 0.0027777391821549144, "0.35": 0.0012804300790864814, "0.4": 0.00046054941338662656}, "3": {"0": 1.0, "0.05": 0.02085352382779299, "0.1": 0.004020941184771192, "0.15": 0.001420012474220614, "0.2": 0.0005893988301483525, "0.25": 0.0004380266999411664, "0.3": 0.00017383644805526945, "0.35": 0.00013344182792827234, "0.4": 8.068939864326022e-05}, "4": {"0": 1.0, "0.05": 0.04681089450700557, "0.1": 0.013383562307479398, "0.15": 0.006003920803001867, "0.2": 0.0030929609780766033, "0.25": 0.0014022058049883602, "0.3": 0.0007833869874494711, "0.35": 0.00044283336465186557, "0.4": 0.00020806685869599072}, "5": {"0": 1.0, "0.05": 0.10047012749950421, "0.1": 0.03403818008420486, "0.15": 0.015458427701637644, "0.2": 0.007994398674421574, "0.25": 0.00453257078862378, "0.3": 0.002869616456126952, "0.35": 0.0016061237198580687, "0.4": 0.0008199557691984503}, "6": {"0": 1.0, "0.05": 0.08458996006576325, "0.1": 0.025483131575628874, "0.15": 0.010796994237142785, "0.2": 0.005125658421965243, "0.25": 0.002812519091206844, "0.3": 0.0015262454927986065, "0.35": 0.0008390278131004748, "0.4": 0.0004377439173714369}, "7": {"0": 1.0, "0.05": 0.04475328260069074, "0.1": 0.016165639825737273, "0.15": 0.008025450897985823, "0.2": 0.00462374273896045, "0.25": 0.003148980791948509, "0.3": 0.0018106201462296469, "0.35": 0.0012215085637513874, "0.4": 0.0009640949948283719}, "8": {"0": 1.0, "0.05": 0.02448256288803698, "0.1": 0.008867181399595452, "0.15": 0.003062559131845639, "0.2": 0.0007432384509578391, "0.25": 0.0002431331692870462, "0.3": 0.00011490998165306807, "0.35": 7.404665092012851e-05, "0.4": 5.17575614294342e-05}, "9": {"0": 1.0, "0.05": 0.09526047086252147, "0.1": 0.029393516932548668, "0.15": 0.012021149861087883, "0.2": 0.005419861136439884, "0.25": 0.0034996292663876183, "0.3": 0.0017640789211559402, "0.35": 0.0008316909056454612, "0.4": 0.00042765056979127245}, "10": {"0": 1.0, "0.05": 0.5777344911179626, "0.1": 0.5352222122986441, "0.15": 0.49833103864842665, "0.2": 0.4615059718400661, "0.25": 0.4248540657417572, "0.3": 0.38873788143602406, "0.35": 0.3674169113422368, "0.4": 0.35165208330360115}, "11": {"0": 1.0, "0.05": 0.15296037345574934, "0.1": 0.06913926419251151, "0.15": 0.03764427708496423, "0.2": 0.02278166853591591, "0.25": 0.014341315630000724, "0.3": 0.007958693399635139, "0.35": 0.0050391100828505245, "0.4": 0.00313629219921772}, "12": {"0": 1.0, "0.05": 0.1270027005908829, "0.1": 0.037943130864214566, "0.15": 0.01590338544929996, "0.2": 0.007011903023044225, "0.25": 0.0035800081373873545, "0.3": 0.0020613573870534633, "0.35": 0.0010065160005723025, "0.4": 0.0006429074865637636}, "13": {"0": 1.0, "0.05": 0.10730428049175071, "0.1": 0.03278149337718791, "0.15": 0.01277245682042902, "0.2": 0.004846439476733269, "0.25": 0.001670867693257364, "0.3": 0.0007020298304924293, "0.35": 0.0003462785540726681, "0.4": 0.00016980122296070138}, "14": {"0": 1.0, "0.05": 0.2504933240452326, "0.1": 0.14727344620344704,