{"fscore": {"0": {"0": 0.010441274224259384, "0.05": 0.016212489269106827, "0.1": 0.009748184136528334, "0.15": 0.0051696746863327475, "0.2": 0.0025779073286002698, "0.25": 0.0011234185168053894, "0.3": 0.0005058232143567975, "0.35": 0.00025925366585808474, "0.4": 0.00019366532823311832}, "1": {"0": 0.010441274224259384, "0.05": 0.02997151004320481, "0.1": 0.020665780676583596, "0.15": 0.012570195614493736, "0.2": 0.007416228850717122, "0.25": 0.004044297189219499, "0.3": 0.0026126084070987356, "0.35": 0.0013418323480761949, "0.4": 0.0008380031335933728}, "2": {"0": 0.010441274224259384, "0.05": 0.018536090448469614, "0.1": 0.01066252933507104, "0.15": 0.005854314766034375, "0.2": 0.00327363492582752, "0.25": 0.0015658870779500574, "0.3": 0.0008720376736467398, "0.35": 0.000522563461325646, "0.4": 0.0003802951555373663}, "3": {"0": 0.010441274224259384, "0.05": 0.017362683281323506, "0.1": 0.01311629274873422, "0.15": 0.009411857043956369, "0.2": 0.005265717658362046, "0.25": 0.0029842314761231253, "0.3": 0.0018632008589538486, "0.35": 0.0010044044280224497, "0.4": 0.0005165424520054393}, "4": {"0": 0.010441274224259384, "0.05": 0.03291556891999429, "0.1": 0.0247737266551062, "0.15": 0.015611378601333834, "0.2": 0.008408097408819329, "0.25": 0.002746927763755385, "0.3": 0.0015451369250362782, "0.35": 0.001051614163822514, "0.4": 0.0009591822069024361}, "5": {"0": 0.010441274224259384, "0.05": 0.013893786227787905, "0.1": 0.013060017145848002, "0.15": 0.01208112804772502, "0.2": 0.010650242381352527, "0.25": 0.009409223313168005, "0.3": 0.007817850454839563, "0.35": 0.0064471454007595875, "0.4": 0.004893125494906839}, "6": {"0": 0.010441274224259384, "0.05": 0.015149627629138443, "0.1": 0.01095723958517754, "0.15": 0.007883560594804193, "0.2": 0.005756636542811988, "0.25": 0.0034360766664394823, "0.3": 0.0022181991046708103, "0.35": 0.0015407209644316606, "0.4": 0.0010936357726503926}, "7": {"0": 0.010441274224259384, "0.05": 0.0024787403017482845, "0.1": 0.0007019825378879133, "0.15": 0.0002550968358969629, "0.2": 0.00017206493661721414, "0.25": 1.910493384916655e-05, "0.3": 0.0, "0.35": 0.0, "0.4": 0.0}, "8": {"0": 0.010441274224259384, "0.05": 0.006936117941964319, "0.1": 0.0034427664347652293, "0.15": 0.0018027458766017217, "0.2": 0.0009146891561256386, "0.25": 0.0005735735559481277, "0.3": 0.00028563948615517354, "0.35": 0.00020146676491588673, "0.4": 0.00014170311378433346}, "9": {"0": 0.010441274224259384, "0.05": 0.007708808021629301, "0.1": 0.001620080642405323, "0.15": 0.0007097019178833402, "0.2": 0.00012576516554789634, "0.25": 0.00010009044358469446, "0.3": 2.5718180181570354e-05, "0.35": 2.5718180181570354e-05, "0.4": 0.0}, "10": {"0": 0.010441274224259384, "0.05": 0.06493945363728797, "0.1": 0.07079996741991172, "0.15": 0.06838729405706269, "0.2": 0.06376372129222285, "0.25": 0.05816734832121899, "0.3": 0.050907110714301484, "0.35": 0.04436688792546015, "0.4": 0.03806173754433222}, "11": {"0": 0.010441274224259384, "0.05": 0.00257636953352063, "0.1": 0.0014236213560243492, "0.15": 0.001065274212958591, "0.2": 0.0007513002335795204, "0.25": 0.0006196228706000339, "0.3": 0.0004295169150644633, "0.35": 0.0002755362514146874, "0.4": 0.00017041180698561508}, "12": {"0": 0.010441274224259384, "0.05": 0.024739435164932728, "0.1": 0.014773910590624086, "0.15": 0.009167576500311633, "0.2": 0.006552395975396522, "0.25": 0.004328389667679912, "0.3": 0.0030506181675068033, "0.35": 0.001825106510230619, "0.4": 0.0010205865716460644}, "13": {"0": 0.010441274224259384, "0.05": 0.0026287351268053814, "0.1": 0.000783245570629963, "0.15": 0.0002520894608642411, "0.2": 8.201008436786179e-05, "0.25": 2.6142511705369573e-05, "0.3": 9.980189324191479e-06, "0.35": 1.0785043301948857e-05, "0.4": 1.0961847290505397e-05}, "14": {"0": 0.010441274224259384, "0.05": 0.02028386339747564, "0.1": 0.012244151563288884, "0.15": 0.0065191232687396, "0.2": 0.003597916318879112, "0.25": 0.002076660914209221, "0.3": 0.0013682595956861572, "0.35": 0.0008107525008446625, "0.4": 0.00044218849515335987}, "15": {"0": 0.010441274224259384, "0.05": 0.031229053447003722, "0.1": 0.023228329516858284, "0.15": 0.016087239934246024, "0.2": 0.010255865731940074, "0.25": 0.006337028305698292, "0.3": 0.0037832794809237523, "0.35": 0.0021991422534021034, "0.4": 0.001217027653902864}}, "recall": {"0": {"0": 1.0, "0.05": 0.10559641292095343, "0.1": 0.031253001951828334, "0.15": 0.010232251828465357, "0.2": 0.00368757844339245, "0.25": 0.0012102353854065828, "0.3": 0.00044454979868571265, "0.35": 0.00023725156212004968, "0.4": 0.00018581054977110346}, "1": {"0": 1.0, "0.05": 0.11445020113710536, "0.1": 0.03308480055596592, "0.15": 0.012974409171122716, "0.2": 0.0060728200715338375, "0.25": 0.003007965201766665, "0.3": 0.0017692084395605724, "0.35": 0.0008753529192262323, "0.4": 0.0005408247375994855}, "2": {"0": 1.0, "0.05": 0.056910728241685624, "0.1": 0.014616608915335037, "0.15": 0.005784841637018657, "0.2": 0.0028117555297004462, "0.25": 0.001103276163828219, "0.3": 0.0005593309903693649, "0.35": 0.0003446363514620946, "0.4": 0.00025391030654827444}, "3": {"0": 1.0, "0.05": 0.09431236589743128, "0.1": 0.030785995953070924, "0.15": 0.013647370063814869, "0.2": 0.005470625347816505, "0.25": 0.0025072102282952475, "0.3": 0.0013475447566379409, "0.35": 0.0006328123857648552, "0.4": 0.00030878856105975004}, "4": {"0": 1.0, "0.05": 0.12795988076725756, "0.1": 0.06875154562849672, "0.15": 0.0347254966712494, "0.2": 0.01618293948438784, "0.25": 0.004865613326384453, "0.3": 0.002535525697355627, "0.35": 0.0014816636197344643, "0.4": 0.0013054242109407784}, "5": {"0": 1.0, "0.05": 0.08393614403973423, "0.1": 0.039432846668862945, "0.15": 0.023923958022083622, "0.2": 0.01586124573214032, "0.25": 0.011409528702046081, "0.3": 0.008141710409340664, "0.35": 0.006026994046775803, "0.4": 0.004136797371902442}, "6": {"0": 1.0, "0.05": 0.07160341364939034, "0.1": 0.02446149372685319, "0.15": 0.011726221619582252, "0.2": 0.006501172097302751, "0.25": 0.003378027180980774, "0.3": 0.001871854426674164, "0.35": 0.0012386169719600295, "0.4": 0.0008388666265462063}, "7": {"0": 1.0, "0.05": 0.009994947066562884, "0.1": 0.0012531881017774171, "0.15": 0.0002535623033012064, "0.2": 0.0001480985565579274, "0.25": 1.5197106470927935e-05, "0.3": 0.0, "0.35": 0.0, "0.4": 0.0}, "8": {"0": 1.0, "0.05": 0.021278032191711045, "0.1": 0.005073822046765947, "0.15": 0.0018780600604534515, "0.2": 0.0007627615712228222, "0.25": 0.00042198847523034356, "0.3": 0.000197673323605785, "0.35": 0.00012111491853075659, "0.4": 8.488712550315236e-05}, "9": {"0": 1.0, "0.05": 0.011714913650346234, "0.1": 0.0014786459049095989, "0.15": 0.0005099693997607149, "0.2": 9.927931943980089e-05, "0.25": 5.5165496489468405e-05, "0.3": 1.3373453694416583e-05, "0.35": 1.3373453694416583e-05, "0.4": 0.0}, "10": {"0": 1.0, "0.05": 0.3058071268605731, "0.1": 0.1793701614191428, "0.15": 0.11997533079423509, "0.2": 0.08734182377399326, "0.25": 0.06666058872384743, "0.3": 0.05080367675649635, "0.35": 0.04015095037961098, "0.4": 0.03204277878635543}, "11": {"0": 1.0, "0.05": 0.014534530759303834, "0.1": 0.00424146653597995, "0.15": 0.002202975293326297, "0.2": 0.0012022061402430072, "0.25": 0.0007686853122514523, "0.3": 0.0004269213870614968, "0.35": 0.00024466385756039677, "0.4": 0.00012943108089994088}, "12": {"0": 1.0, "0.05": 0.07880901005091621, "0.1": 0.02152816555270266, "0.15": 0.009570800536877417, "0.2": 0.005750980213039879, "0.25": 0.0033864896103519794, "0.3": 0.002151103531881611, "0.35": 0.0012206108530911164, "0.4": 0.0006982869898752273}, "13": {"0": 1.0, "0.05": 0.011542828160149786, "0.1": 0.0014113927418532978, "0.15": 0.00023648479905663205, "0.2": 5.711654586655752e-05, "0.25": 1.4239444394315789e-05, "0.3": 5.666717667125671e-06, "0.35": 5.666717667125671e-06, "0.4": 5.666717667125671e-06}, "14": {"0": 1.0, "0.05": 0.046025921574975266, "0.1": 0.01376375904493281, "0.15": 0.005499506597229181, "0.2": 0.0026297168124831544,