{"fscore": {"0": {"0": 0.010441274224259384, "0.05": 0.18308676175110905, "0.1": 0.19264581734291145, "0.15": 0.1797615983615473, "0.2": 0.16237054651979407, "0.25": 0.14271200220518448, "0.3": 0.12460639129963247, "0.35": 0.10757880690552753, "0.4": 0.0928090579733861}, "1": {"0": 0.010441274224259384, "0.05": 0.001984827422148685, "0.1": 0.0006162405471603362, "0.15": 0.0002590054777295641, "0.2": 0.00014164884256427206, "0.25": 7.844479635244821e-05, "0.3": 3.73948252065362e-05, "0.35": 1.0131404313951956e-05, "0.4": 0.0}, "2": {"0": 0.010441274224259384, "0.05": 0.009771082685897057, "0.1": 0.00767342293174438, "0.15": 0.0061359007681599164, "0.2": 0.005261627642559485, "0.25": 0.004376280009617586, "0.3": 0.003637867855556716, "0.35": 0.002957447376216848, "0.4": 0.0022354297651161216}, "3": {"0": 0.010441274224259384, "0.05": 0.003965068885459363, "0.1": 0.0018040805058305972, "0.15": 0.0006354367904856284, "0.2": 0.0004986528751242272, "0.25": 0.00034599484213781426, "0.3": 0.00017816158130935835, "0.35": 7.318733497269105e-05, "0.4": 4.179204279505182e-05}, "4": {"0": 0.010441274224259384, "0.05": 0.017431090696902088, "0.1": 0.011906945640497765, "0.15": 0.008227496225514176, "0.2": 0.005772562406151465, "0.25": 0.0037421581856216875, "0.3": 0.002569717085668631, "0.35": 0.001953572816171272, "0.4": 0.0015601020694999156}, "5": {"0": 0.010441274224259384, "0.05": 0.022408700389271088, "0.1": 0.011677879460189135, "0.15": 0.005304064341889871, "0.2": 0.002190051379116787, "0.25": 0.0009306627240105043, "0.3": 0.0006756461713695612, "0.35": 0.0004973974197299038, "0.4": 0.00030711133136054956}, "6": {"0": 0.010441274224259384, "0.05": 0.027896919777769376, "0.1": 0.022058132085205694, "0.15": 0.01672134446402409, "0.2": 0.01240554686854102, "0.25": 0.008767865765701119, "0.3": 0.0059053667431962515, "0.35": 0.0039625609733097075, "0.4": 0.0028708372801101853}, "7": {"0": 0.010441274224259384, "0.05": 0.03128926301545004, "0.1": 0.028296239919404775, "0.15": 0.024587244951665713, "0.2": 0.020535814028996537, "0.25": 0.01655661304763483, "0.3": 0.012416880272828437, "0.35": 0.009024131905548162, "0.4": 0.005926437514219165}, "8": {"0": 0.010441274224259384, "0.05": 0.03615843399024189, "0.1": 0.03388316718191358, "0.15": 0.02660958283113801, "0.2": 0.019731849612277332, "0.25": 0.013573040260445033, "0.3": 0.009258449628759729, "0.35": 0.007137139216508222, "0.4": 0.005649945980695014}, "9": {"0": 0.010441274224259384, "0.05": 0.08242763829724568, "0.1": 0.1534198410950069, "0.15": 0.20188823869099715, "0.2": 0.21597230008852025, "0.25": 0.20065254824052947, "0.3": 0.1667130159421498, "0.35": 0.13127776177048855, "0.4": 0.10248842936253763}, "10": {"0": 0.010441274224259384, "0.05": 0.01629659643733403, "0.1": 0.012096983458872572, "0.15": 0.009013930772794505, "0.2": 0.0065128039057406086, "0.25": 0.0053927134116744605, "0.3": 0.004558339596782783, "0.35": 0.003428563147372092, "0.4": 0.0027751491189213066}, "11": {"0": 0.010441274224259384, "0.05": 0.021021211719660784, "0.1": 0.015174236679062343, "0.15": 0.010678005739420168, "0.2": 0.006750425809302817, "0.25": 0.004847305861045103, "0.3": 0.0038824252468902623, "0.35": 0.0031170881272396846, "0.4": 0.002095108735946876}}, "recall": {"0": {"0": 1.0, "0.05": 0.49325538344203573, "0.1": 0.35858329492753077, "0.15": 0.2695247802496488, "0.2": 0.2089238465046994, "0.25": 0.1627864910077179, "0.3": 0.12858427432614622, "0.35": 0.10203190280634723, "0.4": 0.08274860405902808}, "1": {"0": 1.0, "0.05": 0.008826266898376893, "0.1": 0.00176691830421713, "0.15": 0.0005228295527152918, "0.2": 0.00022395410219974162, "0.25": 0.00010957773642795701, "0.3": 5.2102320772738805e-05, "0.35": 9.287120621122627e-06, "0.4": 0.0}, "2": {"0": 1.0, "0.05": 0.042158720405490874, "0.1": 0.019311574874620995, "0.15": 0.011105334110244485, "0.2": 0.007281956894478406, "0.25": 0.004780126323061263, "0.3": 0.00333764189751508, "0.35": 0.00226883284911557, "0.4": 0.0015353047569288901}, "3": {"0": 1.0, "0.05": 0.012183859598452116, "0.1": 0.003931097836511315, "0.15": 0.0012171225707286607, "0.2": 0.0008529878475493589, "0.25": 0.0005774089022903872, "0.3": 0.0002595189391990898, "0.35": 8.043844796036857e-05, "0.4": 4.179204279505182e-05}, "4": {"0": 1.0, "0.05": 0.05762070527148664, "0.1": 0.01964976080166391, "0.15": 0.010357689466986288, "0.2": 0.006026262381242078, "0.25": 0.0035619055371558165, "0.3": 0.0023152609494720613, "0.35": 0.0016768344184470577, "0.4": 0.001288101848440845}, "5": {"0": 1.0, "0.05": 0.09312100868721097, "0.1": 0.016263300604594865, "0.15": 0.004967991709935743, "0.2": 0.0016280896101073092, "0.25": 0.0007204143365762791, "0.3": 0.0005330564020620948, "0.35": 0.00035787917622099414, "0.4": 0.00020627320716266797}, "6": {"0": 1.0, "0.05": 0.11192882638869232, "0.1": 0.04488429519350891, "0.15": 0.024871315540222007, "0.2": 0.015386467822954858, "0.25": 0.00943296491042684, "0.3": 0.005850980570784191, "0.35": 0.0036419046755425217, "0.4": 0.0025500156319926493}, "7": {"0": 1.0, "0.05": 0.1177877161451607, "0.1": 0.07525748279784693, "0.15": 0.05244486881045809, "0.2": 0.03624998802156603, "0.25": 0.024664075598609777, "0.3": 0.015839859539275185, "0.35": 0.009890786674452442, "0.4": 0.005683544390400666}, "8": {"0": 1.0, "0.05": 0.16182706897345037, "0.1": 0.06649793368985923, "0.15": 0.035110260314649776, "0.2": 0.020336041658822673, "0.25": 0.012095371785788045, "0.3": 0.0076454528902386455, "0.35": 0.005531422560198827, "0.4": 0.004233443841595975}, "9": {"0": 1.0, "0.05": 0.4251218514250552, "0.1": 0.3313853882292829, "0.15": 0.26828555783859, "0.2": 0.2180983564636079, "0.25": 0.17140687047812306, "0.3": 0.12713326295873165, "0.35": 0.09262431026753029, "0.4": 0.06875541663439422}, "10": {"0": 1.0, "0.05": 0.058284539337970745, "0.1": 0.021267077344222937, "0.15": 0.011392731158684801, "0.2": 0.006822856782648648, "0.25": 0.00477455378815058, "0.3": 0.003640449866261973, "0.35": 0.0026600420673947712, "0.4": 0.0020745405501734655}, "11": {"0": 1.0, "0.05": 0.06741821579684092, "0.1": 0.023178807847695413, "0.15": 0.011534563217593077, "0.2": 0.005942049775618114, "0.25": 0.0037583334551717644, "0.3": 0.002772916286908019, "0.35": 0.0020489919344583688, "0.4": 0.00134261083810937}}, "precision": {"0": {"0": 0.005257420766925437, "0.05": 0.11713335251639392, "0.1": 0.14119870932468656, "0.15": 0.1483163507953062, "0.2": 0.14947555022383496, "0.25": 0.14723328318699166, "0.3": 0.14367289065265187, "0.35": 0.13860234663447918, "0.4": 0.1327728491750974}, "1": {"0": 0.005257420766925437, "0.05": 0.0011352589808051763, "0.1": 0.00038482824219342583, "0.15": 0.00017540891760581747, "0.2": 0.00010657859703761558, "0.25": 6.476100945144726e-05, "0.3": 3.054275608781231e-05, "0.35": 1.1144544745347152e-05, "0.4": 0.0}, "2": {"0": 0.005257420766925437, "0.05": 0.005592844117052631, "0.1": 0.004891891903289826, "0.15": 0.004401787846987094, "0.2": 0.004415565701356865, "0.25": 0.004449036398598157, "0.3": 0.004458374258633994, "0.35": 0.004966162734088378, "0.4": 0.004906330972957479}, "3": {"0": 0.005257420766925437, "0.05": 0.002407795174846422, "0.1": 0.0012201709187479226, "0.15": 0.0004709768793262819, "0.2": 0.00041210517107719507, "0.25": 0.00031345272388745327, "0.3": 0.0001731526812823559, "0.35": 6.826033656525131e-05, "0.4": 4.179204279505182e-05}, "4": {"0": 0.005257420766925437, "0.05": 0.011712285425742777, "0.1": 0.0120634932696125, "0.15": 0.010653659180508245, "0.2": 0.008913286292208748, "0.25": 0.006891148989317065, "0.3": 0.005461035569669314, "0.35": 0.003837372375590851, "0.4": 0.003915361415998001}, "5": {"0": 0.005257420766925437, "0.05": 0.014044835508922352, "0.1": 0.012186926380065584, "0.15": 0.01020692961621386, "0.2": 0.006170073935871326, "0.25": 0.003481210828251951, "0.3": 0.0024056295871742214, "0.35": 0.0014129690659279426, "0.4": 0.0009114645523873207}, "6": {"0": 0.005257420766925437, "0.05": 0.0165651773843058, "0.1": 0.01593502920432632,