{"fscore": {"0": {"0": 0.010441274224259384, "0.05": 0.2469406827972315, "0.1": 0.25958137885164395, "0.15": 0.19788178335311346, "0.2": 0.12836071070651262, "0.25": 0.07167053627176707, "0.3": 0.03908001520817747, "0.35": 0.022192454166320676, "0.4": 0.011709795448915853}, "1": {"0": 0.010441274224259384, "0.05": 0.00023362613303935014, "0.1": 0.0, "0.15": 0.0, "0.2": 0.0, "0.25": 0.0, "0.3": 0.0, "0.35": 0.0, "0.4": 0.0}, "2": {"0": 0.010441274224259384, "0.05": 0.006124717667018841, "0.1": 0.0007035118474086541, "0.15": 0.000266823013323384, "0.2": 0.00021360377428582042, "0.25": 0.00015788105055908466, "0.3": 0.00015788105055908466, "0.35": 8.358408559010364e-05, "0.4": 8.358408559010364e-05}, "3": {"0": 0.010441274224259384, "0.05": 0.006902757769858275, "0.1": 0.0014679035334651885, "0.15": 0.00011469892749640413, "0.2": 0.0, "0.25": 0.0, "0.3": 0.0, "0.35": 0.0, "0.4": 0.0}, "4": {"0": 0.010441274224259384, "0.05": 0.005775833562683607, "0.1": 1.6976457049363943e-05, "0.15": 1.8939588237568728e-05, "0.2": 1.0785043301948859e-05, "0.25": 0.0, "0.3": 0.0, "0.35": 0.0, "0.4": 0.0}, "5": {"0": 0.010441274224259384, "0.05": 0.0006654338956826548, "0.1": 0.0, "0.15": 0.0, "0.2": 0.0, "0.25": 0.0, "0.3": 0.0, "0.35": 0.0, "0.4": 0.0}, "6": {"0": 0.010441274224259384, "0.05": 0.003023524240153083, "0.1": 0.0, "0.15": 0.0, "0.2": 0.0, "0.25": 0.0, "0.3": 0.0, "0.35": 0.0, "0.4": 0.0}, "7": {"0": 0.010441274224259384, "0.05": 0.011552751040160512, "0.1": 0.0032789798009434847, "0.15": 0.0014222705087809438, "0.2": 0.0008362318221144053, "0.25": 0.00040848849775630117, "0.3": 9.287120621122628e-05, "0.35": 7.429696496898102e-05, "0.4": 7.429696496898102e-05}, "8": {"0": 0.010441274224259384, "0.05": 0.0035543723381898395, "0.1": 0.0008631556107542072, "0.15": 0.0002479708372410464, "0.2": 6.772523309023622e-05, "0.25": 5.572272372673576e-05, "0.3": 0.0, "0.35": 0.0, "0.4": 0.0}, "9": {"0": 0.010441274224259384, "0.05": 0.004999602831962268, "0.1": 0.000531332710763159, "0.15": 8.611693666859163e-05, "0.2": 7.429696496898102e-05, "0.25": 7.429696496898102e-05, "0.3": 7.429696496898102e-05, "0.35": 0.0, "0.4": 0.0}, "10": {"0": 0.010441274224259384, "0.05": 0.010345368420110418, "0.1": 0.0038883411045569846, "0.15": 0.0008744264625207946, "0.2": 0.00016288180781661222, "0.25": 6.686726847208291e-05, "0.3": 0.0, "0.35": 0.0, "0.4": 0.0}, "11": {"0": 0.010441274224259384, "0.05": 0.0016153226872433963, "0.1": 0.0003351038313246303, "0.15": 1.807223472218457e-05, "0.2": 0.0, "0.25": 0.0, "0.3": 0.0, "0.35": 0.0, "0.4": 0.0}, "12": {"0": 0.010441274224259384, "0.05": 0.000902498116536584, "0.1": 0.0, "0.15": 0.0, "0.2": 0.0, "0.25": 0.0, "0.3": 0.0, "0.35": 0.0, "0.4": 0.0}, "13": {"0": 0.010441274224259384, "0.05": 0.0013737464432527408, "0.1": 0.00032454805484586653, "0.15": 0.00013289174936420337, "0.2": 8.458609261016484e-05, "0.25": 1.2193964741261806e-05, "0.3": 0.0, "0.35": 0.0, "0.4": 0.0}, "14": {"0": 0.010441274224259384, "0.05": 0.012137344994225826, "0.1": 0.004474799795735914, "0.15": 0.0019154340355765854, "0.2": 0.0010711854624104605, "0.25": 0.000498727582649542, "0.3": 0.000312694449941081, "0.35": 0.0001537193032732282, "0.4": 0.00016884404257048503}, "15": {"0": 0.010441274224259384, "0.05": 0.028645202691000054, "0.1": 0.01692130678191605, "0.15": 0.004046097845238873, "0.2": 0.0006577461418681134, "0.25": 5.1436360363140695e-05, "0.3": 0.0, "0.35": 0.0, "0.4": 0.0}}, "recall": {"0": {"0": 1.0, "0.05": 0.40946015765072397, "0.1": 0.268535576617593, "0.15": 0.17135009697770914, "0.2": 0.09815049689487226, "0.25": 0.05056032082886997, "0.3": 0.026117904000767016, "0.35": 0.014266919784542063, "0.4": 0.007380641377433091}, "1": {"0": 1.0, "0.05": 0.00018859859632176584, "0.1": 0.0, "0.15": 0.0, "0.2": 0.0, "0.25": 0.0, "0.3": 0.0, "0.35": 0.0, "0.4": 0.0}, "2": {"0": 1.0, "0.05": 0.009647737815852975, "0.1": 0.0004928517823911321, "0.15": 0.00017758904418884358, "0.2": 0.0001289583034818742, "0.25": 9.552466924583273e-05, "0.3": 9.552466924583273e-05, "0.35": 4.7762334622916366e-05, "0.4": 4.7762334622916366e-05}, "3": {"0": 1.0, "0.05": 0.042600522546244066, "0.1": 0.002616411037868971, "0.15": 9.866630617156386e-05, "0.2": 0.0, "0.25": 0.0, "0.3": 0.0, "0.35": 0.0, "0.4": 0.0}, "4": {"0": 1.0, "0.05": 0.01837073915706196, "0.1": 2.333468751028065e-05, "0.15": 2.333468751028065e-05, "0.2": 1.4536362711322373e-05, "0.25": 0.0, "0.3": 0.0, "0.35": 0.0, "0.4": 0.0}, "5": {"0": 1.0, "0.05": 0.0016115121180316767, "0.1": 0.0, "0.15": 0.0, "0.2": 0.0, "0.25": 0.0, "0.3": 0.0, "0.35": 0.0, "0.4": 0.0}, "6": {"0": 1.0, "0.05": 0.006329487496017242, "0.1": 0.0, "0.15": 0.0, "0.2": 0.0, "0.25": 0.0, "0.3": 0.0, "0.35": 0.0, "0.4": 0.0}, "7": {"0": 1.0, "0.05": 0.0355363854701055, "0.1": 0.004742269530727533, "0.15": 0.0014303125346486617, "0.2": 0.0006984652781267299, "0.25": 0.0002742354046265781, "0.3": 5.13445097196351e-05, "0.35": 4.179204279505182e-05, "0.4": 4.179204279505182e-05}, "8": {"0": 1.0, "0.05": 0.007777096716653564, "0.1": 0.0016429841473078462, "0.15": 0.00032179498996358244, "0.2": 6.703115883598508e-05, "0.25": 4.179204279505182e-05, "0.3": 0.0, "0.35": 0.0, "0.4": 0.0}, "9": {"0": 1.0, "0.05": 0.011482722884995338, "0.1": 0.00046306679875784225, "0.15": 7.538956739499544e-05, "0.2": 5.572272372673576e-05, "0.25": 5.572272372673576e-05, "0.3": 5.572272372673576e-05, "0.35": 0.0, "0.4": 0.0}, "10": {"0": 1.0, "0.05": 0.018825536399336158, "0.1": 0.003322791174418699, "0.15": 0.0006319537500800587, "0.2": 0.00012073256807459416, "0.25": 3.714848248449051e-05, "0.3": 0.0, "0.35": 0.0, "0.4": 0.0}, "11": {"0": 1.0, "0.05": 0.012182023905852732, "0.1": 0.00172462818794861, "0.15": 4.179204279505182e-05, "0.2": 0.0, "0.25": 0.0, "0.3": 0.0, "0.35": 0.0, "0.4": 0.0}, "12": {"0": 1.0, "0.05": 0.0007664314208948112, "0.1": 0.0, "0.15": 0.0, "0.2": 0.0, "0.25": 0.0, "0.3": 0.0, "0.35": 0.0, "0.4": 0.0}, "13": {"0": 1.0, "0.05": 0.0017025810394529434, "0.1": 0.00022440523641148314, "0.15": 9.72924994732419e-05, "0.2": 4.886912669082709e-05, "0.25": 6.317228572228867e-06, "0.3": 0.0, "0.35": 0.0, "0.4": 0.0}, "14": {"0": 1.0, "0.05": 0.022994939577378044, "0.1": 0.003760320980607233, "0.15": 0.0012755211731359166, "0.2": 0.000724846180350797, "0.25": 0.0003551923989724806, "0.3": 0.00020943348480307182, "0.35": 0.00010448010698762956, "0.4": 0.00010448010698762956}, "15": {"0": 1.0, "0.05": 0.14361006188241954, "0.1": 0.03798624866393308, "0.15": 0.005298168920532544, "0.2": 0.0005926786409539015, "0.25": 3.343363423604146e-05, "0.3": 0.0, "0.35": 0.0, "0.4": 0.0}}, "precision": {"0": {"0": 0.005257420766925437, "0.05": 0.28072236653312793, "0.1": 0.455647766435508, "0.15": 0.4298090460377322, "0.2": 0.32817309552515145, "0.25": 0.20659000811959685, "0.3": 0.1216928563468183, "0.35": 0.07076785913295441, "0.4": 0.03878301571380809}, "1": {"0": 0.005257420766925437, "0.05": 0.0005048876789097451, "0.1": 0.0, "0.15": 0.0, "0.2": 0.0, "0.25": 0.0, "0.3": 0.0, "0.35": 0.0, "0.4": 0.0}, "2": {"0": 0.005257420766925437, "0.05": 0.010867196155770472, "0.1": 0.001972584419926446, "0.15": 0.0008024072216649949, "0.2": 0.0006686726847208291, "0.25": 0.0005015045135406219, "0.3": 0.0005015045135406219, "0.35": 0.00033433634236041456, "0.4": 0.00033433634236041456}, "3": {"0": 0.005257420766925437, "0.05": 0.003952514250719553, "0.1": 0.0011921427547963849, "0.15": 0.00018028240194739692, "0.2": 0.0, "0.25": 0.0, "0.3": 0.0, "0.35": 0.0, "0.4": 0.0}, "4": {"0": 0.005257420766925437, "0.05": 0.0035145908253645664, "0.1": 1.3348960189481752e-05, "0.15": 1.6171279962654084e-05, "0.2": 8.572726727190118e-06, "0.25": 0.0, "0.3": 0.0, "0.35": 0.0, "0.4": 0.0}, "5": {"0": 0.005257420766925437, "0.05": 0.0004820767994895574, "0.1": 0.0, "0.15": 0.0, "0.2": 0.0, "0.25": 0.0, "0.3": 0.0, "0.35": 0.0, "0.4": 0.0}, "6": {"0": 0.005257420766925437, "0.05": 0.0034240381566825705, "0.1": 0.0, "0.15": 0.0, "0.2": 0.0, "0.25": 0.0, "0.3": 0.0, "0.35": 0.0, "0.4": 0.0},