{"fscore": {"0": {"0": 0.010441274224259384, "0.05": 0.03661230249357458, "0.1": 0.029679860761969344, "0.15": 0.023600682359455637, "0.2": 0.01855786211929839, "0.25": 0.014717900504139032, "0.3": 0.011539024474459769, "0.35": 0.008942897010295891, "0.4": 0.0066674537158683675}, "1": {"0": 0.010441274224259384, "0.05": 0.010848472251884527, "0.1": 0.00660236373290755, "0.15": 0.00372571836835414, "0.2": 0.0023184199537119115, "0.25": 0.0018058034170110428, "0.3": 0.0015495366271497447, "0.35": 0.0013679518463344195, "0.4": 0.0013589411920028641}, "2": {"0": 0.010441274224259384, "0.05": 0.1256849876640604, "0.1": 0.12916214113723756, "0.15": 0.12225191928478095, "0.2": 0.11133863880854708, "0.25": 0.10074159396107944, "0.3": 0.09099849191605609, "0.35": 0.08280813561208436, "0.4": 0.0740835649600605}, "3": {"0": 0.010441274224259384, "0.05": 0.005778744991101788, "0.1": 0.00538233395971756, "0.15": 0.0038725328169492068, "0.2": 0.0021509544899860123, "0.25": 0.00017013555118135506, "0.3": 0.0001266994337335411, "0.35": 8.736257342876729e-05, "0.4": 7.445709278382859e-05}, "4": {"0": 0.010441274224259384, "0.05": 0.04065545025140771, "0.1": 0.023316673051968065, "0.15": 0.010223656870353263, "0.2": 0.004851991837397226, "0.25": 0.002129637800407562, "0.3": 0.0007656813292575469, "0.35": 0.0002908988445384868, "0.4": 0.0002624895964489212}, "5": {"0": 0.010441274224259384, "0.05": 0.13833636453609524, "0.1": 0.17824877086891014, "0.15": 0.18426361932788718, "0.2": 0.17762465718509296, "0.25": 0.1633546287724391, "0.3": 0.14623234837254456, "0.35": 0.1292987867546412, "0.4": 0.11117792294281324}, "6": {"0": 0.010441274224259384, "0.05": 0.014946072270922778, "0.1": 0.009326622203055633, "0.15": 0.00486050798647744, "0.2": 0.002415987293811008, "0.25": 0.0012758597471644701, "0.3": 0.0005740200017927534, "0.35": 0.0004132339917880602, "0.4": 0.0002964007546007186}, "7": {"0": 0.010441274224259384, "0.05": 0.031101788947924074, "0.1": 0.02083479265382616, "0.15": 0.013127994558512329, "0.2": 0.0072611742171612694, "0.25": 0.004159714011551201, "0.3": 0.0026087053749389946, "0.35": 0.001874579575660403, "0.4": 0.0011290940584663348}, "8": {"0": 0.010441274224259384, "0.05": 0.0016994752760278952, "0.1": 0.00022098976668567796, "0.15": 0.0, "0.2": 0.0, "0.25": 0.0, "0.3": 0.0, "0.35": 0.0, "0.4": 0.0}, "9": {"0": 0.010441274224259384, "0.05": 0.002484524388902924, "0.1": 0.001917161846599909, "0.15": 0.0013790240255811118, "0.2": 0.0010103386766511363, "0.25": 0.0006478493139510116, "0.3": 0.00044924786641371416, "0.35": 0.00036583610357588845, "0.4": 8.041382827994317e-05}, "10": {"0": 0.010441274224259384, "0.05": 0.08001699891544738, "0.1": 0.10099097231627505, "0.15": 0.0847566227188005, "0.2": 0.060239986807641546, "0.25": 0.04007157211482799, "0.3": 0.027037271154002684, "0.35": 0.01655188685436654, "0.4": 0.009680437468641888}, "11": {"0": 0.010441274224259384, "0.05": 0.009200007866721949, "0.1": 0.0051445007117506885, "0.15": 0.0027525456210720912, "0.2": 0.0013513961055354401, "0.25": 0.0006304388033404633, "0.3": 0.000346001878788446, "0.35": 0.00025325375492745594, "0.4": 0.00010967206581649397}}, "recall": {"0": {"0": 1.0, "0.05": 0.14601500829671019, "0.1": 0.06721106860281444, "0.15": 0.03804270563414153, "0.2": 0.023637976381684956, "0.25": 0.016034032452655, "0.3": 0.010950758082308507, "0.35": 0.007566507557350049, "0.4": 0.005126408747855068}, "1": {"0": 1.0, "0.05": 0.07089558193125443, "0.1": 0.021626972530669204, "0.15": 0.00782545799304988, "0.2": 0.0035407228685168687, "0.25": 0.0021340685071378346, "0.3": 0.0015577461403482045, "0.35": 0.0011892170383727982, "0.4": 0.0010227441038502775}, "2": {"0": 1.0, "0.05": 0.28530948207621354, "0.1": 0.18688342954535087, "0.15": 0.1417180097565836, "0.2": 0.11275723418202764, "0.25": 0.09244766515407174, "0.3": 0.0774449779095815, "0.35": 0.06638272409352082, "0.4": 0.056732810939828356}, "3": {"0": 1.0, "0.05": 0.012960384204972206, "0.1": 0.009946421919103185, "0.15": 0.006383576858633599, "0.2": 0.0032799711117451453, "0.25": 0.000235562211375389, "0.3": 0.00016306883817631998, "0.35": 0.00011326326915325188, "0.4": 9.54188308105999e-05}, "4": {"0": 1.0, "0.05": 0.1313291592492965, "0.1": 0.028949774789022015, "0.15": 0.008751137195027762, "0.2": 0.003333229870556735, "0.25": 0.0012817328253436771, "0.3": 0.0004430046673366789, "0.35": 0.00017790676492324915, "0.4": 0.00016313029264928438}, "5": {"0": 1.0, "0.05": 0.4500447542116155, "0.1": 0.3268085116618221, "0.15": 0.24710765928097433, "0.2": 0.19400543061317815, "0.25": 0.15538446333869285, "0.3": 0.12515634775669088, "0.35": 0.10244583762483152, "0.4": 0.0827793717333497}, "6": {"0": 1.0, "0.05": 0.043422536142961064, "0.1": 0.011000286202506572, "0.15": 0.003984600817929759, "0.2": 0.0016259360806600606, "0.25": 0.0007689137185242076, "0.3": 0.00031661971488123095, "0.35": 0.00022294459243771305, "0.4": 0.00015561857327405155}, "7": {"0": 1.0, "0.05": 0.09404358826937284, "0.1": 0.042702446387874994, "0.15": 0.02037088774648853, "0.2": 0.009307882818252611, "0.25": 0.0046362618913195625, "0.3": 0.0025213016329221805, "0.35": 0.0015640981673645275, "0.4": 0.0008720731041128429}, "8": {"0": 1.0, "0.05": 0.003974164998100056, "0.1": 0.0001656037631611412, "0.15": 0.0, "0.2": 0.0, "0.25": 0.0, "0.3": 0.0, "0.35": 0.0, "0.4": 0.0}, "9": {"0": 1.0, "0.05": 0.014926570585468457, "0.1": 0.005385237160704496, "0.15": 0.002386871552374928, "0.2": 0.0013298134331244651, "0.25": 0.0007794656471677842, "0.3": 0.0004817274725041241, "0.35": 0.00037419538801217807, "0.4": 4.840307921332751e-05}, "10": {"0": 1.0, "0.05": 0.28834090900795567, "0.1": 0.1467052019297033, "0.15": 0.08021906868022789, "0.2": 0.04604358757744423, "0.25": 0.02748646454519211, "0.3": 0.017230308014190763, "0.35": 0.010179261976127738, "0.4": 0.005718237602327805}, "11": {"0": 1.0, "0.05": 0.020881213745744576, "0.1": 0.006948006787539797, "0.15": 0.002630337708493031, "0.2": 0.001061984060853217, "0.25": 0.0004305313832209213, "0.3": 0.0002101802803400537, "0.35": 0.00014704463910141552, "0.4": 6.216724240034551e-05}}, "precision": {"0": {"0": 0.005257420766925437, "0.05": 0.0217133209341236, "0.1": 0.020482899173121644, "0.15": 0.01919464716008144, "0.2": 0.017896713026662247, "0.25": 0.017019063838638417, "0.3": 0.016470708770445455, "0.35": 0.015969109359501178, "0.4": 0.014952076099790075}, "1": {"0": 0.005257420766925437, "0.05": 0.005973249616687872, "0.1": 0.004051885730608409, "0.15": 0.002648165623105701, "0.2": 0.001976455053299997, "0.25": 0.0019811488726020647, "0.3": 0.0022583833210258696, "0.35": 0.0026998945847597064, "0.4": 0.0038878577494425026}, "2": {"0": 0.005257420766925437, "0.05": 0.08408715031458525, "0.1": 0.10596802344037928, "0.15": 0.11863184185198977, "0.2": 0.1252634168537746, "0.25": 0.12958277925774803, "0.3": 0.1327590713675607, "0.35": 0.1362120459188339, "0.4": 0.13767274966568105}, "3": {"0": 0.005257420766925437, "0.05": 0.0038027922781996362, "0.1": 0.003765317796694647, "0.15": 0.002853616449916304, "0.2": 0.0016638224566454148, "0.25": 0.0001408182798706971, "0.3": 0.00011222532926249778, "0.35": 7.970942474547594e-05, "0.4": 6.931104280878561e-05}, "4": {"0": 0.005257420766925437, "0.05": 0.025871475604861475, "0.1": 0.025819835339736398, "0.15": 0.02094226132972031, "0.2": 0.018168928474846247, "0.25": 0.012345767461113497, "0.3": 0.006129499609940935, "0.35": 0.001671681711802073, "0.4": 0.0013373453694416582}, "5": {"0": 0.005257420766925437, "0.05": 0.08547123597962651, "0.1": 0.13392792554909308, "0.15": 0.16933199227108656, "0.2": 0.1994820917156896, "0.25": 0.2243091522540254, "0.3": 0.24491772176930696, "0.35": 0.26190190071476427, "0.4": 0.26816991607314067}, "6": {"0": 0.005257420766925437, "0.05": 0.009442828288057448, "0.1": 0.009331317239047971, "0.15": 0.008319154365402802, "0.2": 0.007077530905645574, "0.25": 0.005833033102341025, "0.3": 0.004702997882536498, "0.35": 0.004697823629619015,