{"fscore": {"0": {"0": 0.010441274224259384, "0.05": 0.00013818611532386457, "0.1": 0.0, "0.15": 0.0, "0.2": 0.0, "0.25": 0.0, "0.3": 0.0, "0.35": 0.0, "0.4": 0.0}, "1": {"0": 0.010441274224259384, "0.05": 0.004664856106021691, "0.1": 0.002074993179251294, "0.15": 0.00122696344016881, "0.2": 0.00085994321921204, "0.25": 0.00040532318124537, "0.3": 7.429696496898102e-05, "0.35": 0.0, "0.4": 0.0}, "2": {"0": 0.010441274224259384, "0.05": 0.029743382510961175, "0.1": 0.014657486688937148, "0.15": 0.004065460518895584, "0.2": 0.0007885777370156927, "0.25": 0.0002609440053142451, "0.3": 0.00013502044595324435, "0.35": 5.572272372673577e-05, "0.4": 0.0}, "3": {"0": 0.010441274224259384, "0.05": 0.004545204816799819, "0.1": 0.0014713884558643505, "0.15": 7.842371653693836e-05, "0.2": 3.963477595599701e-05, "0.25": 4.004365773884857e-05, "0.3": 4.141352065722191e-05, "0.35": 3.877177751742623e-05, "0.4": 2.3881167311458186e-05}, "4": {"0": 0.010441274224259384, "0.05": 0.08153353835048602, "0.1": 0.038933272517103136, "0.15": 0.009614121177138394, "0.2": 0.0015853458180439123, "0.25": 0.00015045135406218654, "0.3": 0.0, "0.35": 0.0, "0.4": 0.0}, "5": {"0": 0.010441274224259384, "0.05": 0.0044838092403584415, "0.1": 0.0, "0.15": 0.0, "0.2": 0.0, "0.25": 0.0, "0.3": 0.0, "0.35": 0.0, "0.4": 0.0}, "6": {"0": 0.010441274224259384, "0.05": 0.027682207533383168, "0.1": 0.015435980325032957, "0.15": 0.006639066837263163, "0.2": 0.0025838350643039108, "0.25": 0.0011359970671268433, "0.3": 0.00048418085656736594, "0.35": 6.845934629284679e-05, "0.4": 2.476565498966034e-05}, "7": {"0": 0.010441274224259384, "0.05": 0.027277729284074997, "0.1": 0.012392145107790773, "0.15": 0.0007727131246765792, "0.2": 1.6976457049363943e-05, "0.25": 1.7034320729246326e-05, "0.3": 1.7405564932848155e-05, "0.35": 1.0961847290505397e-05, "0.4": 1.3373453694416582e-05}, "8": {"0": 0.010441274224259384, "0.05": 0.0006799762471259806, "0.1": 0.0, "0.15": 0.0, "0.2": 0.0, "0.25": 0.0, "0.3": 0.0, "0.35": 0.0, "0.4": 0.0}, "9": {"0": 0.010441274224259384, "0.05": 0.0071891140081339995, "0.1": 0.003933864074832274, "0.15": 0.00010577541591636509, "0.2": 0.0, "0.25": 0.0, "0.3": 0.0, "0.35": 0.0, "0.4": 0.0}, "10": {"0": 0.010441274224259384, "0.05": 0.0029080681133645844, "0.1": 0.0, "0.15": 0.0, "0.2": 0.0, "0.25": 0.0, "0.3": 0.0, "0.35": 0.0, "0.4": 0.0}, "11": {"0": 0.010441274224259384, "0.05": 0.02892583160555924, "0.1": 0.023128440195863405, "0.15": 0.014479465124055735, "0.2": 0.008373792356107513, "0.25": 0.005107536775835367, "0.3": 0.0036053010162003384, "0.35": 0.00246389091885273, "0.4": 0.0014908740005411013}}, "recall": {"0": {"0": 1.0, "0.05": 0.0009860268636597625, "0.1": 0.0, "0.15": 0.0, "0.2": 0.0, "0.25": 0.0, "0.3": 0.0, "0.35": 0.0, "0.4": 0.0}, "1": {"0": 1.0, "0.05": 0.03095156584539887, "0.1": 0.007112032308132534, "0.15": 0.00292022159916626, "0.2": 0.0016020363520540322, "0.25": 0.0005383942298058232, "0.3": 0.00016716817118020728, "0.35": 0.0, "0.4": 0.0}, "2": {"0": 1.0, "0.05": 0.1684828509354145, "0.1": 0.03277140332374768, "0.15": 0.005110365848147687, "0.2": 0.000686308224756904, "0.25": 0.00017689444302617152, "0.3": 7.815654756477224e-05, "0.35": 3.039421294185587e-05, "0.4": 0.0}, "3": {"0": 1.0, "0.05": 0.016534423862033163, "0.1": 0.004809584857602588, "0.15": 0.00037057921483041507, "0.2": 9.196559619673622e-05, "0.25": 8.871961229032443e-05, "0.3": 8.426179439218558e-05, "0.35": 7.522567703109328e-05, "0.4": 4.179204279505182e-05}, "4": {"0": 1.0, "0.05": 0.16263571819489459, "0.1": 0.036525355485970426, "0.15": 0.007373030816891809, "0.2": 0.0011096698910139232, "0.25": 9.287120621122628e-05, "0.3": 0.0, "0.35": 0.0, "0.4": 0.0}, "5": {"0": 1.0, "0.05": 0.01776659250330264, "0.1": 0.0, "0.15": 0.0, "0.2": 0.0, "0.25": 0.0, "0.3": 0.0, "0.35": 0.0, "0.4": 0.0}, "6": {"0": 1.0, "0.05": 0.0903984421322947, "0.1": 0.017625286460444246, "0.15": 0.005093771374788876, "0.2": 0.0016026800518088634, "0.25": 0.0006780479840879321, "0.3": 0.00026788515066817465, "0.35": 3.674025740224336e-05, "0.4": 1.2859090090785177e-05}, "7": {"0": 1.0, "0.05": 0.10353418965434248, "0.1": 0.03624911376794052, "0.15": 0.001772355105361226, "0.2": 2.333468751028065e-05, "0.25": 2.333468751028065e-05, "0.3": 2.333468751028065e-05, "0.35": 1.4536362711322373e-05, "0.4": 1.4536362711322373e-05}, "8": {"0": 1.0, "0.05": 0.0021773564447639306, "0.1": 0.0, "0.15": 0.0, "0.2": 0.0, "0.25": 0.0, "0.3": 0.0, "0.35": 0.0, "0.4": 0.0}, "9": {"0": 1.0, "0.05": 0.05944498923523265, "0.1": 0.008513207834672349, "0.15": 0.00016239193771791564, "0.2": 0.0, "0.25": 0.0, "0.3": 0.0, "0.35": 0.0, "0.4": 0.0}, "10": {"0": 1.0, "0.05": 0.010178319581529208, "0.1": 0.0, "0.15": 0.0, "0.2": 0.0, "0.25": 0.0, "0.3": 0.0, "0.35": 0.0, "0.4": 0.0}, "11": {"0": 1.0, "0.05": 0.14154049594546275, "0.1": 0.05200899909545203, "0.15": 0.02079400603794122, "0.2": 0.009077573298072334, "0.25": 0.004380058062671669, "0.3": 0.0026651371645712713, "0.35": 0.0016060555845710867, "0.4": 0.0008906817964651226}}, "precision": {"0": {"0": 0.005257420766925437, "0.05": 7.751633820862668e-05, "0.1": 0.0, "0.15": 0.0, "0.2": 0.0, "0.25": 0.0, "0.3": 0.0, "0.35": 0.0, "0.4": 0.0}, "1": {"0": 0.005257420766925437, "0.05": 0.0026029303457849413, "0.1": 0.0013210398480309681, "0.15": 0.0008949117051088992, "0.2": 0.0007507834948971866, "0.25": 0.00046482854613127787, "0.3": 4.7762334622916366e-05, "0.35": 0.0, "0.4": 0.0}, "2": {"0": 0.005257420766925437, "0.05": 0.01662474119258501, "0.1": 0.010272699487915156, "0.15": 0.0038676183387384732, "0.2": 0.0012891970765591628, "0.25": 0.0007021063189568707, "0.3": 0.0005015045135406219, "0.35": 0.00033433634236041456, "0.4": 0.0}, "3": {"0": 0.005257420766925437, "0.05": 0.0027300421954757612, "0.1": 0.0009123429181253158, "0.15": 4.6192441816785144e-05, "0.2": 2.611575950358252e-05, "0.25": 2.8365075236013607e-05, "0.3": 3.104551750489564e-05, "0.35": 2.6232543785201762e-05, "0.4": 1.671681711802073e-05}, "4": {"0": 0.005257420766925437, "0.05": 0.10719583592368477, "0.1": 0.06228966265399099, "0.15": 0.01818073267421312, "0.2": 0.0034548088710576173, "0.25": 0.0005015045135406219, "0.3": 0.0, "0.35": 0.0, "0.4": 0.0}, "5": {"0": 0.005257420766925437, "0.05": 0.0029960412420579575, "0.1": 0.0, "0.15": 0.0, "0.2": 0.0, "0.25": 0.0, "0.3": 0.0, "0.35": 0.0, "0.4": 0.0}, "6": {"0": 0.005257420766925437, "0.05": 0.020326728199074003, "0.1": 0.027598970254551825, "0.15": 0.02054600293581947, "0.2": 0.013525786594994219, "0.25": 0.0053507082092839366, "0.3": 0.002813997548200156, "0.35": 0.0005015045135406219, "0.4": 0.00033433634236041456}, "7": {"0": 0.005257420766925437, "0.05": 0.016029841322739564, "0.1": 0.007674793362604781, "0.15": 0.0005050902638745339, "0.2": 1.3348960189481752e-05, "0.25": 1.3418180964297576e-05, "0.3": 1.3879652796403046e-05, "0.35": 8.798324798958279e-06, "0.4": 1.238282749483017e-05}, "8": {"0": 0.005257420766925437, "0.05": 0.00047697916595777903, "0.1": 0.0, "0.15": 0.0, "0.2": 0.0, "0.25": 0.0, "0.3": 0.0, "0.35": 0.0, "0.4": 0.0}, "9": {"0": 0.005257420766925437, "0.05": 0.003951746845520737, "0.1": 0.0029866511198216347, "0.15": 7.929772222650859e-05, "0.2": 0.0, "0.25": 0.0, "0.3": 0.0, "0.35": 0.0, "0.4": 0.0}, "10": {"0": 0.005257420766925437, "0.05": 0.00190114358774816, "0.1": 0.0, "0.15": 0.0, "0.2": 0.0, "0.25": 0.0, "0.3": 0.0, "0.35": 0.0, "0.4": 0.0}, "11": {"0": 0.005257420766925437, "0.05": 0.017531336606954422, "0.1": 0.018089493664658826, "0.15": 0.015481935659175616, "0.2": 0.012698005959795993, "0.25": 0.010946524035791839, "0.3": 0.010219812877786795, "0.35": 0.00994650618522233, "0.4": 0.008274824473420261}}}