{"fscore": {"0": {"0": 0.010441274224259384, "0.05": 0.03895667151669481, "0.1": 0.026362206974282848, "0.15": 0.016093877529249047, "0.2": 0.010181503883350885, "0.25": 0.0059730811169572086, "0.3": 0.003022896468562384, "0.35": 0.001621920983041881, "0.4": 0.0009408421022616642}, "1": {"0": 0.010441274224259384, "0.05": 0.009884636133503412, "0.1": 0.005712441921007414, "0.15": 0.0023883340089787884, "0.2": 0.001176345961975103, "0.25": 0.00044371094478099475, "0.3": 0.00027561065854975723, "0.35": 2.7861361863367883e-05, "0.4": 2.7861361863367883e-05}, "2": {"0": 0.010441274224259384, "0.05": 0.0008292208872574363, "0.1": 5.3100477904301144e-05, "0.15": 3.343363423604146e-05, "0.2": 0.0, "0.25": 0.0, "0.3": 0.0, "0.35": 0.0, "0.4": 0.0}, "3": {"0": 0.010441274224259384, "0.05": 0.009623604580079504, "0.1": 0.005677227706869807, "0.15": 0.00395510812874956, "0.2": 0.0026905365954395244, "0.25": 0.0015762897853810463, "0.3": 0.0007985539768033685, "0.35": 0.000464326950316441, "0.4": 0.00019817201609718748}, "4": {"0": 0.010441274224259384, "0.05": 0.017492511917431446, "0.1": 0.003452047757890901, "0.15": 0.0007076167310838961, "0.2": 0.00011885455499801813, "0.25": 5.2005857395883676e-05, "0.3": 1.0613852138425858e-05, "0.35": 0.0, "0.4": 0.0}, "5": {"0": 0.010441274224259384, "0.05": 0.03988931978476885, "0.1": 0.03971318145898724, "0.15": 0.029512618516561402, "0.2": 0.01778273798161761, "0.25": 0.011345700718869044, "0.3": 0.006646927488486312, "0.35": 0.003743566184128754, "0.4": 0.0021786837720978304}, "6": {"0": 0.010441274224259384, "0.05": 0.021607711687200392, "0.1": 0.029309841621794154, "0.15": 0.0319913143757435, "0.2": 0.03034345410885646, "0.25": 0.026145640282792877, "0.3": 0.021825683769880033, "0.35": 0.01750644942161744, "0.4": 0.01384426664344722}, "7": {"0": 0.010441274224259384, "0.05": 0.00462326942351884, "0.1": 0.0005194542828916861, "0.15": 9.063115756075995e-05, "0.2": 5.1436360363140695e-05, "0.25": 0.0, "0.3": 0.0, "0.35": 0.0, "0.4": 0.0}, "8": {"0": 0.010441274224259384, "0.05": 0.004735704983984171, "0.1": 0.000584573480811211, "0.15": 6.734724964244194e-05, "0.2": 3.243288966747304e-05, "0.25": 3.9425404795332036e-05, "0.3": 4.428681833445143e-05, "0.35": 0.0, "0.4": 0.0}, "9": {"0": 0.010441274224259384, "0.05": 0.001677235746852553, "0.1": 0.0002761957074162327, "0.15": 8.49108171074069e-05, "0.2": 0.0, "0.25": 0.0, "0.3": 0.0, "0.35": 0.0, "0.4": 0.0}, "10": {"0": 0.010441274224259384, "0.05": 0.02381149501967714, "0.1": 0.021497129928485282, "0.15": 0.014381730767056228, "0.2": 0.00883789772001974, "0.25": 0.005691225495381885, "0.3": 0.0030630714467987943, "0.35": 0.001957142003919054, "0.4": 0.001130439488786169}, "11": {"0": 0.010441274224259384, "0.05": 8.280828719164255e-05, "0.1": 1.530387771077052e-05, "0.15": 1.6309089871239735e-05, "0.2": 0.0, "0.25": 0.0, "0.3": 0.0, "0.35": 0.0, "0.4": 0.0}, "12": {"0": 0.010441274224259384, "0.05": 0.0344822713114085, "0.1": 0.026531309208342745, "0.15": 0.017507834180780082, "0.2": 0.011284665864735052, "0.25": 0.0070953426151719535, "0.3": 0.0050168400841528625, "0.35": 0.003847386805694323, "0.4": 0.002734750691888989}, "13": {"0": 0.010441274224259384, "0.05": 0.10587859320856177, "0.1": 0.14855724353473526, "0.15": 0.18081386028970545, "0.2": 0.19684652384245604, "0.25": 0.19440992106252028, "0.3": 0.17740112729614715, "0.35": 0.15405740891167502, "0.4": 0.1336243091945543}, "14": {"0": 0.010441274224259384, "0.05": 1.2935632293706517e-05, "0.1": 0.0, "0.15": 0.0, "0.2": 0.0, "0.25": 0.0, "0.3": 0.0, "0.35": 0.0, "0.4": 0.0}, "15": {"0": 0.010441274224259384, "0.05": 0.02556532451282128, "0.1": 0.015775420128640506, "0.15": 0.004782914667810451, "0.2": 0.0007762824975479934, "0.25": 0.0003089866205073897, "0.3": 0.0, "0.35": 0.0, "0.4": 0.0}}, "recall": {"0": {"0": 1.0, "0.05": 0.17552358618026206, "0.1": 0.04385139002717686, "0.15": 0.01624834099962975, "0.2": 0.007925387049285809, "0.25": 0.004117479824474813, "0.3": 0.001916313761222019, "0.35": 0.0009735989261082376, "0.4": 0.0005368292456885784}, "1": {"0": 1.0, "0.05": 0.027820780217433692, "0.1": 0.00614022455930267, "0.15": 0.0018216022959248951, "0.2": 0.0007263094054370039, "0.25": 0.00026683872422226, "0.3": 0.00016868788182730008, "0.35": 1.5197106470927935e-05, "0.4": 1.5197106470927935e-05}, "2": {"0": 1.0, "0.05": 0.0032904751401674408, "0.1": 3.6093127868453844e-05, "0.15": 2.089602139752591e-05, "0.2": 0.0, "0.25": 0.0, "0.3": 0.0, "0.35": 0.0, "0.4": 0.0}, "3": {"0": 1.0, "0.05": 0.07014994233383817, "0.1": 0.017792129134485406, "0.15": 0.006831730382990539, "0.2": 0.002905051008159004, "0.25": 0.0013331353201607376, "0.3": 0.0006058651506961362, "0.35": 0.0003210547215439652, "0.4": 0.0001324862031983396}, "4": {"0": 1.0, "0.05": 0.05783231918605919, "0.1": 0.007859875442437067, "0.15": 0.0013766970160153115, "0.2": 0.00020831881424131942, "0.25": 6.289591452613111e-05, "0.3": 8.798324798958279e-06, "0.35": 0.0, "0.4": 0.0}, "5": {"0": 1.0, "0.05": 0.1858688213807122, "0.1": 0.06686093709478023, "0.15": 0.030147779694428296, "0.2": 0.014065845104449986, "0.25": 0.007867698093477008, "0.3": 0.004324749677788623, "0.35": 0.002345196735501017, "0.4": 0.0013329363074878263}, "6": {"0": 1.0, "0.05": 0.09131980959635491, "0.1": 0.053182842564200694, "0.15": 0.03784221098861551, "0.2": 0.028936068510871226, "0.25": 0.022017579512738677, "0.3": 0.0168781303709582, "0.35": 0.01269950896906551, "0.4": 0.0095963012528254}, "7": {"0": 1.0, "0.05": 0.013634910132267718, "0.1": 0.0007241610079929815, "0.15": 8.56272521267506e-05, "0.2": 3.714848248449051e-05, "0.25": 0.0, "0.3": 0.0, "0.35": 0.0, "0.4": 0.0}, "8": {"0": 1.0, "0.05": 0.009596099970403865, "0.1": 0.0008504978490879047, "0.15": 8.696182463746919e-05, "0.2": 4.5038026701463616e-05, "0.25": 4.5038026701463616e-05, "0.3": 4.5038026701463616e-05, "0.35": 0.0, "0.4": 0.0}, "9": {"0": 1.0, "0.05": 0.004749153512167098, "0.1": 0.0002726028235499621, "0.15": 6.382784717789733e-05, "0.2": 0.0, "0.25": 0.0, "0.3": 0.0, "0.35": 0.0, "0.4": 0.0}, "10": {"0": 1.0, "0.05": 0.0733737898553283, "0.1": 0.02476588013202101, "0.15": 0.011644917289238646, "0.2": 0.006242193322629263, "0.25": 0.003731972121291648, "0.3": 0.001880445446926254, "0.35": 0.0011672739544610273, "0.4": 0.0006717841935716122}, "11": {"0": 1.0, "0.05": 0.0002964549118510945, "0.1": 2.3540007778437354e-05, "0.15": 1.671681711802073e-05, "0.2": 0.0, "0.25": 0.0, "0.3": 0.0, "0.35": 0.0, "0.4": 0.0}, "12": {"0": 1.0, "0.05": 0.0831098541456676, "0.1": 0.02968521719742797, "0.15": 0.01487152146884971, "0.2": 0.008416817127734587, "0.25": 0.004898743630634674, "0.3": 0.003249947484261635, "0.35": 0.002392548779839936, "0.4": 0.001679820214609401}, "13": {"0": 1.0, "0.05": 0.5592334817228808, "0.1": 0.4515380168405336, "0.15": 0.36664223629315085, "0.2": 0.2960451060196529, "0.25": 0.2344168514639045, "0.3": 0.17976731879951308, "0.35": 0.137819209158657, "0.4": 0.10751369710281827}, "14": {"0": 1.0, "0.05": 3.62669930696043e-05, "0.1": 0.0, "0.15": 0.0, "0.2": 0.0, "0.25": 0.0, "0.3": 0.0, "0.35": 0.0, "0.4": 0.0}, "15": {"0": 1.0, "0.05": 0.12260940587323764, "0.1": 0.03551992169635938, "0.15": 0.00575472976637182, "0.2": 0.0006294862576946602, "0.25": 0.00021998414676448774, "0.3": 0.0, "0.35": 0.0, "0.4": 0.0}}, "precision": {"0": {"0": 0.005257420766925437, "0.05": 0.02423865014240329, "0.1": 0.027411416598071257, "0.15": 0.03241465587598101, "0.2": 0.03234063367423979, "0.25": 0.027185149676152112, "0.3": 0.019372004903599697, "0.35": 0.01475856139848116, "0.4": 0.008520004457817898}, "1": {"0": 0.005257420766925437, "0.05": 0.007027593667161761, "0.1": 0.008487906198571274, "0.15": 0.008711004623742838, "0.2": 0.006028668014625889, "0.25": 0.0022400534938147774, "0.3": 0.0015045135406218655, "0.35": 0.00016716817118020728, "0.4": 0.00016716817118020728}, "2": {"0": 0.005257420766925437, "0.05": 0.0005454273176556004, "0.1": 0.00011144544745347152, "0.15": 8.358408559010364e-05,