{"fscore": {"0": {"0": 0.010441274224259384, "0.05": 0.07170238993525631, "0.1": 0.06637452647327187, "0.15": 0.04265095260419842, "0.2": 0.02387352879204497, "0.25": 0.013646617407317903, "0.3": 0.006751628457223508, "0.35": 0.0032829551860270004, "0.4": 0.0014632826359558626}, "1": {"0": 0.010441274224259384, "0.05": 0.011521302640200399, "0.1": 0.0032495056491611395, "0.15": 0.0007984966852111278, "0.2": 0.0003386091120687946, "0.25": 9.390599894767347e-05, "0.3": 2.5718180181570354e-05, "0.35": 2.5718180181570354e-05, "0.4": 0.0}, "2": {"0": 0.010441274224259384, "0.05": 0.019053902847464964, "0.1": 0.007889228865700051, "0.15": 0.0024234775682278813, "0.2": 0.0008010841154693262, "0.25": 0.00020270102439688117, "0.3": 0.00015788105055908466, "0.35": 0.0, "0.4": 0.0}, "3": {"0": 0.010441274224259384, "0.05": 0.015629604543225598, "0.1": 0.013515599933305316, "0.15": 0.01096289737766196, "0.2": 0.008210973409874246, "0.25": 0.005828650140446751, "0.3": 0.0037744006625427297, "0.35": 0.0024365440380613728, "0.4": 0.0018684562764661433}, "4": {"0": 0.010441274224259384, "0.05": 0.017526984291061403, "0.1": 0.01015476287295809, "0.15": 0.004574065776574545, "0.2": 0.002027057382369391, "0.25": 0.0011810703226061848, "0.3": 0.000635846166877799, "0.35": 0.0003781063758362121, "0.4": 0.00026353264797583577}, "5": {"0": 0.010441274224259384, "0.05": 0.002267007640828952, "0.1": 0.0008786483469887721, "0.15": 0.00029370908218720503, "0.2": 0.0001269998052275291, "0.25": 4.36648371940543e-05, "0.3": 1.4978510915347518e-05, "0.35": 1.1724893269989598e-05, "0.4": 6.620521630899299e-06}, "6": {"0": 0.010441274224259384, "0.05": 0.01890904543418598, "0.1": 0.013707521176145017, "0.15": 0.00972745320792946, "0.2": 0.006987018482896463, "0.25": 0.005290638882832329, "0.3": 0.003672423692490988, "0.35": 0.00290139751960187, "0.4": 0.0021188130724200094}, "7": {"0": 0.010441274224259384, "0.05": 0.004759053927794945, "0.1": 0.0013553313646053106, "0.15": 0.00045598022876626346, "0.2": 0.0002384299094122412, "0.25": 0.00019315652214348304, "0.3": 0.00013070384562218555, "0.35": 2.4706889028667924e-05, "0.4": 1.3646381320833246e-05}, "8": {"0": 0.010441274224259384, "0.05": 0.059990497565179365, "0.1": 0.04978885834938161, "0.15": 0.04192536132210735, "0.2": 0.03669294423061181, "0.25": 0.031767750222306795, "0.3": 0.02832813476953541, "0.35": 0.025528719433245486, "0.4": 0.02287126381329998}, "9": {"0": 0.010441274224259384, "0.05": 0.005086399351730196, "0.1": 0.0023798934100002817, "0.15": 0.001074678764950133, "0.2": 0.0004942511029406572, "0.25": 0.0002552880389154188, "0.3": 0.00012864048731383774, "0.35": 4.443249865792002e-05, "0.4": 2.3881167311458183e-05}, "10": {"0": 0.010441274224259384, "0.05": 0.021417389751563206, "0.1": 0.014515086198038948, "0.15": 0.010296385829329634, "0.2": 0.007605821787453322, "0.25": 0.005412487197939523, "0.3": 0.004410955794418103, "0.35": 0.0031157334466784025, "0.4": 0.0024321008539284084}, "11": {"0": 0.010441274224259384, "0.05": 0.002730204360125333, "0.1": 0.000807994485163676, "0.15": 0.0005048038422969903, "0.2": 0.0003032744336942961, "0.25": 0.00022433666847686504, "0.3": 0.00015755243605864854, "0.35": 0.0001351341995182565, "0.4": 0.00015040387050526866}, "12": {"0": 0.010441274224259384, "0.05": 0.01486433610017711, "0.1": 0.008391613587489135, "0.15": 0.00457267145613771, "0.2": 0.002871042502214525, "0.25": 0.0016137906240119922, "0.3": 0.0008337289572779944, "0.35": 0.0005908724968646242, "0.4": 0.00046443349892026463}, "13": {"0": 0.010441274224259384, "0.05": 0.021677632519509805, "0.1": 0.017642368191966296, "0.15": 0.013995932228337874, "0.2": 0.010660185361056824, "0.25": 0.008584636763328888, "0.3": 0.006647340370333589, "0.35": 0.005337493782501743, "0.4": 0.004525887959319444}, "14": {"0": 0.010441274224259384, "0.05": 0.008191942803095922, "0.1": 0.003495211222596854, "0.15": 0.001599409880722493, "0.2": 0.0008807811502477003, "0.25": 0.00016931299724692693, "0.3": 8.915635796277722e-05, "0.35": 0.0, "0.4": 0.0}, "15": {"0": 0.010441274224259384, "0.05": 0.013537416119932132, "0.1": 0.009415899368884791, "0.15": 0.006444578192527067, "0.2": 0.004264085339090087, "0.25": 0.0029119840974612394, "0.3": 0.0018894492642630226, "0.35": 0.0013664343970246368, "0.4": 0.0008118993343159875}}, "recall": {"0": {"0": 1.0, "0.05": 0.23121370634529387, "0.1": 0.0914029704942255, "0.15": 0.038806945859559794, "0.2": 0.0172835837119833, "0.25": 0.00868647694431163, "0.3": 0.004013546402152022, "0.35": 0.0019106504206094154, "0.4": 0.0008025466521819781}, "1": {"0": 1.0, "0.05": 0.02391032699190851, "0.1": 0.0030650927766537914, "0.15": 0.0006070327119615213, "0.2": 0.00020555568926849098, "0.25": 5.193811701570272e-05, "0.3": 1.3373453694416583e-05, "0.35": 1.3373453694416583e-05, "0.4": 0.0}, "2": {"0": 1.0, "0.05": 0.060957799105525214, "0.1": 0.009987805493272365, "0.15": 0.0017846275339398658, "0.2": 0.0005305646612077235, "0.25": 0.00011262578101024476, "0.3": 8.955437741796819e-05, "0.35": 0.0, "0.4": 0.0}, "3": {"0": 1.0, "0.05": 0.09573981891029751, "0.1": 0.04322853800427558, "0.15": 0.023078265877985168, "0.2": 0.013074866916303707, "0.25": 0.007432495366096196, "0.3": 0.004335356197006816, "0.35": 0.002354218788618249, "0.4": 0.0015704679686538295}, "4": {"0": 1.0, "0.05": 0.06659311859346184, "0.1": 0.02440459020196236, "0.15": 0.008512093141621109, "0.2": 0.003081306834555475, "0.25": 0.0015082353230763835, "0.3": 0.0006998792374055648, "0.35": 0.0003616002920696961, "0.4": 0.0002023337240340656}, "5": {"0": 1.0, "0.05": 0.006490126482125653, "0.1": 0.0014119667093464188, "0.15": 0.00039035864771719297, "0.2": 0.00010788779488446582, "0.25": 2.7266851702422567e-05, "0.3": 8.289428158357921e-06, "0.35": 6.186683866782988e-06, "0.4": 3.377134771317319e-06}, "6": {"0": 1.0, "0.05": 0.083200444358128, "0.1": 0.03178227194267066, "0.15": 0.015292396728728551, "0.2": 0.008485073565803154, "0.25": 0.005327846566599765, "0.3": 0.0032136010792552915, "0.35": 0.0023063027209618376, "0.4": 0.0015627276553765738}, "7": {"0": 1.0, "0.05": 0.00912986779333188, "0.1": 0.0014497554294494095, "0.15": 0.00044499667507290737, "0.2": 0.00022147323451346588, "0.25": 0.00015779293949180458, "0.3": 8.721843374738228e-05, "0.35": 1.5686265926347873e-05, "0.4": 7.113539199157757e-06}, "8": {"0": 1.0, "0.05": 0.2747882689190963, "0.1": 0.155757599757342, "0.15": 0.10325208076126725, "0.2": 0.07359030482086522, "0.25": 0.05613825817176107, "0.3": 0.04440874804344894, "0.35": 0.034890732462026744, "0.4": 0.02858177847363972}, "9": {"0": 1.0, "0.05": 0.01690066430328826, "0.1": 0.003600024067582627, "0.15": 0.0010397904787625162, "0.2": 0.00042395077337056386, "0.25": 0.000218850704708653, "0.3": 8.987698266059664e-05, "0.35": 3.097010329233314e-05, "0.4": 1.7596649597916557e-05}, "10": {"0": 1.0, "0.05": 0.07915514195439212, "0.1": 0.028240886579329487, "0.15": 0.014094641915779606, "0.2": 0.008294016027170453, "0.25": 0.005075563964501758, "0.3": 0.0036459923935240226, "0.35": 0.0023163682530635073, "0.4": 0.0016431282657514963}, "11": {"0": 1.0, "0.05": 0.013917378954141238, "0.1": 0.002825566479515741, "0.15": 0.0013028917188814646, "0.2": 0.0006188501454778233, "0.25": 0.0003316611055521502, "0.3": 0.00018936277095185012, "0.35": 0.00014317413518495577, "0.4": 0.00014317413518495577}, "12": {"0": 1.0, "0.05": 0.045712751399590475, "0.1": 0.012113317870697976, "0.15": 0.004651212051728744, "0.2": 0.0023733311945974426, "0.25": 0.0011634804671392625, "0.3": 0.0005264251631609372, "0.35": 0.0003620997997641012, "0.4": 0.00027619097124814094}, "13": {"0": 1.0, "0.05": 0.10847226010486634, "0.1": 0.05340857945815202, "0.15": 0.03130432632675268, "0.2": 0.01902491505708813, "0.25": 0.01294713768267528, "0.3": 0.008650348438165282, "0.35": 0.0061326771234618375, "0.4": 0.004740205622396035}, "14": {"0": 1.0, "0.05": 0.015905027566050497, "0.1": 0.0033222320314319426, "0.15": 0.0011314307404802326, "0.2": 0.0005425078628908921,