{"fscore": {"0": {"0": 0.010441274224259384, "0.05": 0.009311753094169652, "0.1": 0.0038927685326985463, "0.15": 0.00244977953538497, "0.2": 0.0015562161414852925, "0.25": 0.0014290257521066235, "0.3": 0.0008800458256255675, "0.35": 0.000783621441016937, "0.4": 0.00055353066723627}, "1": {"0": 0.010441274224259384, "0.05": 0.0009543624597383811, "0.1": 0.0, "0.15": 0.0, "0.2": 0.0, "0.25": 0.0, "0.3": 0.0, "0.35": 0.0, "0.4": 0.0}, "2": {"0": 0.010441274224259384, "0.05": 0.00010984260635943376, "0.1": 3.110105510329438e-05, "0.15": 0.0, "0.2": 0.0, "0.25": 0.0, "0.3": 0.0, "0.35": 0.0, "0.4": 0.0}, "3": {"0": 0.010441274224259384, "0.05": 0.00779387273184278, "0.1": 0.004890786949074373, "0.15": 0.0033627556014427518, "0.2": 0.0016595178265410232, "0.25": 0.0010712476115156892, "0.3": 0.0005327348884101571, "0.35": 0.0004357643702941325, "0.4": 0.00021303155431362587}, "4": {"0": 0.010441274224259384, "0.05": 0.009722529060477138, "0.1": 0.0019675529426238067, "0.15": 0.0004200105313742214, "0.2": 0.00014212110194454513, "0.25": 0.0001069943523276827, "0.3": 2.3881167311458186e-05, "0.35": 0.0, "0.4": 0.0}, "5": {"0": 0.010441274224259384, "0.05": 0.011807273361883981, "0.1": 0.004816428871455394, "0.15": 0.0017414847220647521, "0.2": 0.00056043850059887, "0.25": 0.000234696490258843, "0.3": 0.0001953628029223236, "0.35": 0.00011144544745347153, "0.4": 0.0}, "6": {"0": 0.010441274224259384, "0.05": 0.014072131777994866, "0.1": 0.018991453097526385, "0.15": 0.01972020230222625, "0.2": 0.01576688840433879, "0.25": 0.011164250925637723, "0.3": 0.006832524273861072, "0.35": 0.0038157412354641058, "0.4": 0.0024044131729927458}, "7": {"0": 0.010441274224259384, "0.05": 0.0006212320934903483, "0.1": 4.495278552745071e-05, "0.15": 0.0, "0.2": 0.0, "0.25": 0.0, "0.3": 0.0, "0.35": 0.0, "0.4": 0.0}, "8": {"0": 0.010441274224259384, "0.05": 0.006268848880402373, "0.1": 0.0018197062665506393, "0.15": 0.0007416180342684757, "0.2": 0.00027395215350385204, "0.25": 0.00011005237936030315, "0.3": 0.0, "0.35": 0.0, "0.4": 0.0}, "9": {"0": 0.010441274224259384, "0.05": 0.003197969846731273, "0.1": 0.0018064068173904587, "0.15": 0.0005373246042622593, "0.2": 0.0001354942019039575, "0.25": 0.0, "0.3": 0.0, "0.35": 0.0, "0.4": 0.0}, "10": {"0": 0.010441274224259384, "0.05": 0.01641469195221134, "0.1": 0.010063729731232268, "0.15": 0.005930361625852509, "0.2": 0.003644347947920178, "0.25": 0.0022607042971710236, "0.3": 0.0013073967708534283, "0.35": 0.000700659994414606, "0.4": 0.0004490432244282029}, "11": {"0": 0.010441274224259384, "0.05": 0.0005309411564918703, "0.1": 6.465270062805696e-05, "0.15": 1.4859392993796203e-05, "0.2": 0.0, "0.25": 0.0, "0.3": 0.0, "0.35": 0.0, "0.4": 0.0}, "12": {"0": 0.010441274224259384, "0.05": 0.013728151573190623, "0.1": 0.009032059590131262, "0.15": 0.005232834330881837, "0.2": 0.0032518523351004205, "0.25": 0.001896351880473367, "0.3": 0.001216085516496326, "0.35": 0.0007695587480359462, "0.4": 0.0005754799949343084}, "13": {"0": 0.010441274224259384, "0.05": 0.09338627749171619, "0.1": 0.13236714614746786, "0.15": 0.15566233330381807, "0.2": 0.1664610086488967, "0.25": 0.16769003932070004, "0.3": 0.15691595921675086, "0.35": 0.13908130409493194, "0.4": 0.11750218614108293}, "14": {"0": 0.010441274224259384, "0.05": 0.0, "0.1": 0.0, "0.15": 0.0, "0.2": 0.0, "0.25": 0.0, "0.3": 0.0, "0.35": 0.0, "0.4": 0.0}, "15": {"0": 0.010441274224259384, "0.05": 0.022056146729026366, "0.1": 0.010194307264276689, "0.15": 0.002202947316887857, "0.2": 0.0004793418437898881, "0.25": 0.00016415160267770732, "0.3": 0.0, "0.35": 0.0, "0.4": 0.0}}, "recall": {"0": {"0": 1.0, "0.05": 0.03203777755268011, "0.1": 0.006281819525097703, "0.15": 0.0029286447995076495, "0.2": 0.0013894448051812221, "0.25": 0.0010673095091782445, "0.3": 0.0005753218356459372, "0.35": 0.0004634867187957752, "0.4": 0.00031861768810260543}, "1": {"0": 1.0, "0.05": 0.004777512156588406, "0.1": 0.0, "0.15": 0.0, "0.2": 0.0, "0.25": 0.0, "0.3": 0.0, "0.35": 0.0, "0.4": 0.0}, "2": {"0": 1.0, "0.05": 0.0004837383724043704, "0.1": 6.078842588371174e-05, "0.15": 0.0, "0.2": 0.0, "0.25": 0.0, "0.3": 0.0, "0.35": 0.0, "0.4": 0.0}, "3": {"0": 1.0, "0.05": 0.06659081652806058, "0.1": 0.016279601257875715, "0.15": 0.00650940267203398, "0.2": 0.0021163157409316005, "0.25": 0.001166997054896189, "0.3": 0.000544256176726117, "0.35": 0.0004463412321048446, "0.4": 0.00018026780646358142}, "4": {"0": 1.0, "0.05": 0.04121413003784174, "0.1": 0.005360025378102171, "0.15": 0.0009765124064095353, "0.2": 0.0002463138177843703, "0.25": 0.00013644462474824527, "0.3": 2.786136186336788e-05, "0.35": 0.0, "0.4": 0.0}, "5": {"0": 1.0, "0.05": 0.040282686099773014, "0.1": 0.0051320129141652435, "0.15": 0.0012270898336241948, "0.2": 0.000350254187355981, "0.25": 0.00014019469887072695, "0.3": 0.0001144765186891566, "0.35": 6.686726847208293e-05, "0.4": 0.0}, "6": {"0": 1.0, "0.05": 0.06092270670526356, "0.1": 0.03370719357633027, "0.15": 0.022815348388959766, "0.2": 0.014608222159596986, "0.25": 0.009018501152030154, "0.3": 0.005001362996865093, "0.35": 0.0025237549219452884, "0.4": 0.0015079416287418319}, "7": {"0": 1.0, "0.05": 0.0014122968344067444, "0.1": 5.0828160156144106e-05, "0.15": 0.0, "0.2": 0.0, "0.25": 0.0, "0.3": 0.0, "0.35": 0.0, "0.4": 0.0}, "8": {"0": 1.0, "0.05": 0.0223187222109206, "0.1": 0.004257378316997261, "0.15": 0.0015947198177416212, "0.2": 0.0004929930205757687, "0.25": 0.00017672063810479055, "0.3": 0.0, "0.35": 0.0, "0.4": 0.0}, "9": {"0": 1.0, "0.05": 0.015844974097029046, "0.1": 0.002785777230549081, "0.15": 0.0005319026094057335, "0.2": 7.700841452095214e-05, "0.25": 0.0, "0.3": 0.0, "0.35": 0.0, "0.4": 0.0}, "10": {"0": 1.0, "0.05": 0.056653479346951065, "0.1": 0.012764096977630361, "0.15": 0.005330103004545684, "0.2": 0.002709049702990269, "0.25": 0.001514361021585554, "0.3": 0.0008491751164595231, "0.35": 0.0004468589122770967, "0.4": 0.0002531368780334977}, "11": {"0": 1.0, "0.05": 0.004390549382844225, "0.1": 0.00025931307370501605, "0.15": 1.966684366825968e-05, "0.2": 0.0, "0.25": 0.0, "0.3": 0.0, "0.35": 0.0, "0.4": 0.0}, "12": {"0": 1.0, "0.05": 0.025404770044463842, "0.1": 0.008094309392898364, "0.15": 0.003663405021300751, "0.2": 0.002037723430829573, "0.25": 0.0011393769344676047, "0.3": 0.0006924947971108217, "0.35": 0.0004267006577200087, "0.4": 0.0003210931893936727}, "13": {"0": 1.0, "0.05": 0.5462465044778485, "0.1": 0.42500735111644633, "0.15": 0.32859039176456467, "0.2": 0.25578906283008707, "0.25": 0.2012550986621569, "0.3": 0.15668380073257976, "0.35": 0.11930563506644647, "0.4": 0.08963380582575797}, "14": {"0": 1.0, "0.05": 0.0, "0.1": 0.0, "0.15": 0.0, "0.2": 0.0, "0.25": 0.0, "0.3": 0.0, "0.35": 0.0, "0.4": 0.0}, "15": {"0": 1.0, "0.05": 0.11559065181092716, "0.1": 0.028005959787137068, "0.15": 0.0038434364702758716, "0.2": 0.0005397163220421377, "0.25": 0.00013716362763504188, "0.3": 0.0, "0.35": 0.0, "0.4": 0.0}}, "precision": {"0": {"0": 0.005257420766925437, "0.05": 0.013312597139172433, "0.1": 0.018020555494124475, "0.15": 0.00908414699242523, "0.2": 0.005394887058934592, "0.25": 0.005104199588969688, "0.3": 0.004823199758004172, "0.35": 0.004435528808648166, "0.4": 0.0032319179761506746}, "1": {"0": 0.005257420766925437, "0.05": 0.0005790703033306316, "0.1": 0.0, "0.15": 0.0, "0.2": 0.0, "0.25": 0.0, "0.3": 0.0, "0.35": 0.0, "0.4": 0.0}, "2": {"0": 0.005257420766925437, "0.05": 6.261021280918448e-05, "0.1": 2.089602139752591e-05, "0.15": 0.0, "0.2": 0.0, "0.25": 0.0, "0.3": 0.0, "0.35": 0.0, "0.4": 0.0}, "3": {"0": 0.005257420766925437, "0.05": 0.004247024315272887, "0.1": 0.0031805800522216095, "0.15": 0.002836840949433616, "0.2": 0.0020812274837360284, "0.25": 0.0017472144854291296, "0.3": 0.0014016918480308652, "0.35": 0.001076244606836382, "0.4": 0.0006798172294661763}, "4": {"0": 0.005257420766925437, "0.05": 0.00572440805009018, "0.1": 0.0012582204486349107, "0.15": 0.000285115354601089, "0.2": 0.00010987341788864223,