{"fscore": {"0": {"0": 0.0104789789811543, "0.05": 0.0094224000027585, "0.1": 0.009146476275142689, "0.15": 0.007690020216232047, "0.2": 0.006149487947281372, "0.25": 0.00393215987300511, "0.3": 0.0027561167925394645, "0.35": 0.0015241431801924627, "0.4": 0.0008678204734424433}, "1": {"0": 0.010478937191505982, "0.05": 0.001612212432320559, "0.1": 0.0005938775434480062, "0.15": 0.0003355818822432277, "0.2": 0.00029911818001400627, "0.25": 0.00027036891358293597, "0.3": 0.00020935070299936558, "0.35": 0.00014769703355776612, "0.4": 0.0}, "2": {"0": 0.010451069860086393, "0.05": 0.009025049626236419, "0.1": 0.011010248408548895, "0.15": 0.011128403431651635, "0.2": 0.010730470331739779, "0.25": 0.010088778772124609, "0.3": 0.009356141698585028, "0.35": 0.00863661607985445, "0.4": 0.007921883525213315}, "3": {"0": 0.01011697811336662, "0.05": 0.016153813487885332, "0.1": 0.014769713608263771, "0.15": 0.013789207651334002, "0.2": 0.012827136492994967, "0.25": 0.012143643299987303, "0.3": 0.011260660505818197, "0.35": 0.010346530813440865, "0.4": 0.009498011669532557}, "4": {"0": 0.01047867119272698, "0.05": 0.0013243106415708292, "0.1": 0.0006295954064271384, "0.15": 0.00040994392768716153, "0.2": 0.00027485852097561557, "0.25": 0.00019420021116661767, "0.3": 0.00018245410332464693, "0.35": 5.1877232953438906e-05, "0.4": 5.930599754827783e-05}, "5": {"0": 0.010225623291042029, "0.05": 0.004915020474424496, "0.1": 0.004672146124535034, "0.15": 0.004264624078648135, "0.2": 0.004062593237334222, "0.25": 0.003255555588950423, "0.3": 0.002755938708661869, "0.35": 0.0023799601240191855, "0.4": 0.002081746760949635}, "6": {"0": 0.010482726428196726, "0.05": 0.0065225858385793865, "0.1": 0.006423723320980456, "0.15": 0.00623504899003631, "0.2": 0.005840188509184732, "0.25": 0.005397509452341603, "0.3": 0.005119806160798626, "0.35": 0.004665528922664036, "0.4": 0.004065196028693031}, "7": {"0": 0.01047891797777074, "0.05": 0.002475461734857356, "0.1": 0.0015947556453283038, "0.15": 0.00117439479481489, "0.2": 0.0008154529510910736, "0.25": 0.0005951427355419544, "0.3": 0.0002903140670361573, "0.35": 0.0002714625042416016, "0.4": 0.0002035968781812012}, "8": {"0": 0.01047891797777074, "0.05": 0.0011224557099577554, "0.1": 0.000479215947722682, "0.15": 0.000318276147061463, "0.2": 0.00024309170369447936, "0.25": 0.0001825674948966981, "0.3": 2.467840947650924e-05, "0.35": 0.0, "0.4": 0.0}, "9": {"0": 0.010479694812558827, "0.05": 0.00569657456322594, "0.1": 0.005294699463586573, "0.15": 0.004689392074922065, "0.2": 0.00426798755684977, "0.25": 0.00374097253304516, "0.3": 0.003200303312337068, "0.35": 0.0026338624977848652, "0.4": 0.0021750030273203287}, "10": {"0": 0.01047891797777074, "0.05": 0.0008536612139749322, "0.1": 0.0002835662410483428, "0.15": 0.00011196642487376486, "0.2": 0.00011310937676733401, "0.25": 0.0, "0.3": 0.0, "0.35": 0.0, "0.4": 0.0}, "11": {"0": 0.010478918231438593, "0.05": 0.008949199067612493, "0.1": 0.006140607450951349, "0.15": 0.004372313224667166, "0.2": 0.0028670054522198286, "0.25": 0.0021418621286389203, "0.3": 0.0012804989127296635, "0.35": 0.0008192855137475784, "0.4": 0.0004825668614261137}, "12": {"0": 0.01047891797777074, "0.05": 0.011863401704352027, "0.1": 0.003402268878622639, "0.15": 0.0015648284108144479, "0.2": 0.0005981247123141013, "0.25": 0.0001821156015850521, "0.3": 6.169602369127309e-05, "0.35": 0.0, "0.4": 0.0}, "13": {"0": 0.01047891797777074, "0.05": 0.01284597382927586, "0.1": 0.0032962741960499975, "0.15": 0.0008347626604617002, "0.2": 0.0003101792073627839, "0.25": 0.00022702667765443473, "0.3": 0.0001817829269475011, "0.35": 0.0001817829269475011, "0.4": 9.69508943720006e-05}, "14": {"0": 0.010478927357663257, "0.05": 0.000807946021998169, "0.1": 0.0007299826261113455, "0.15": 0.0008623943952006085, "0.2": 0.0008947895443695052, "0.25": 0.0008170998979390649, "0.3": 0.0007839357256564041, "0.35": 0.0007054440897589809, "0.4": 0.0006125164480506957}, "15": {"0": 0.01047891797777074, "0.05": 0.0017502010237330002, "0.1": 0.000810594280199337, "0.15": 0.0003352305171988544, "0.2": 0.00020447513707238762, "0.25": 0.0, "0.3": 0.0, "0.35": 0.0, "0.4": 0.0}}, "recall": {"0": {"0": 0.9999949514595247, "0.05": 0.08311409683425779, "0.1": 0.04338919483223247, "0.15": 0.021944743387059644, "0.2": 0.012515019807775843, "0.25": 0.005768228486872114, "0.3": 0.0031583108176214095, "0.35": 0.0014705234144854094, "0.4": 0.0008454281240147665}, "1": {"0": 1.0, "0.05": 0.009998073543530842, "0.1": 0.0013093481062709494, "0.15": 0.0004549457113751903, "0.2": 0.0002900240429931641, "0.25": 0.00020736719074011237, "0.3": 0.00012960449421257024, "0.35": 9.190136862345888e-05, "0.4": 0.0}, "2": {"0": 0.994007592900864, "0.05": 0.036789313090176405, "0.1": 0.028611275684900173, "0.15": 0.02238612335258277, "0.2": 0.017994332418540013, "0.25": 0.014780227664474918, "0.3": 0.01208990735851819, "0.35": 0.010166799162860495, "0.4": 0.008473517582467767}, "3": {"0": 0.9487434627212058, "0.05": 0.06896444591529784, "0.1": 0.03605729640889349, "0.15": 0.025545146853503807, "0.2": 0.019668268668470833, "0.25": 0.01625312740134055, "0.3": 0.013307426861888003, "0.35": 0.011141528270401345, "0.4": 0.009415560700161172}, "4": {"0": 0.9999448578026978, "0.05": 0.010359556361724243, "0.1": 0.0020709798490354536, "0.15": 0.0008689405740422146, "0.2": 0.00046825087968623767, "0.25": 0.0003060012603616268, "0.3": 0.0002363178050317514, "0.35": 5.8574498683083684e-05, "0.4": 5.8574498683083684e-05}, "5": {"0": 0.9651451291406556, "0.05": 0.020288794248504712, "0.1": 0.008187891217308008, "0.15": 0.005046429491167846, "0.2": 0.003778723015745458, "0.25": 0.002611568228071535, "0.3": 0.0020183845513473834, "0.35": 0.0016136672704568059, "0.4": 0.0013184886311223515}, "6": {"0": 0.9999921121092519, "0.05": 0.03360309025763593, "0.1": 0.019120744242193684, "0.15": 0.013234229934902258, "0.2": 0.009773829349538648, "0.25": 0.007519092441843888, "0.3": 0.006178509266025915, "0.35": 0.0049951462938026955, "0.4": 0.0038960700549370993}, "7": {"0": 1.0, "0.05": 0.013747540831542664, "0.1": 0.0026668220974963284, "0.15": 0.0010826157272655107, "0.2": 0.0005547188483010038, "0.25": 0.00036209099633519276, "0.3": 0.00016993337319092325, "0.35": 0.00016023828375372317, "0.4": 0.00012253515816461184}, "8": {"0": 1.0, "0.05": 0.006825146266824337, "0.1": 0.0016179517235683524, "0.15": 0.0007299137640007057, "0.2": 0.00047202932005496604, "0.25": 0.00029009620208520073, "0.3": 3.571875055810547e-05, "0.35": 0.0, "0.4": 0.0}, "9": {"0": 0.9997073129875136, "0.05": 0.029562299265870107, "0.1": 0.014584970416900744, "0.15": 0.009018988687261321, "0.2": 0.0060576385610584945, "0.25": 0.004431111692220115, "0.3": 0.003287182299601235, "0.35": 0.0024261766326115707, "0.4": 0.0018611437197068338}, "10": {"0": 1.0, "0.05": 0.005963925004976351, "0.1": 0.0007019579232062979, "0.15": 0.000157692098649004, "0.2": 8.483203257550051e-05, "0.25": 0.0, "0.3": 0.0, "0.35": 0.0, "0.4": 0.0}, "11": {"0": 1.0, "0.05": 0.044757301308417506, "0.1": 0.011393228823427347, "0.15": 0.005151046053006118, "0.2": 0.002750827730999872, "0.25": 0.001757903422707499, "0.3": 0.0009999470258614802, "0.35": 0.0006328610688766632, "0.4": 0.00036967927220832585}, "12": {"0": 1.0, "0.05": 0.04319087018309261, "0.1": 0.0047300048176780775, "0.15": 0.001953644039651307, "0.2": 0.0005803706971463777, "0.25": 0.00019794140934283448, "0.3": 5.6554688383667005e-05, "0.35": 0.0, "0.4": 0.0}, "13": {"0": 1.0, "0.05": 0.05182571735478556, "0.1": 0.0050063707532589, "0.15": 0.0006651410452665504, "0.2": 0.0001943914549133635, "0.25": 0.00014244323711578547, "0.3": 0.0001163410732464007, "0.35": 0.0001163410732464007, "0.4": 6.786562606040041e-05}, "14": {"0": 1.0, "0.05": 0.005966556331827188, "0.1": 0.0020129815272420665, "0.15": 0.0013370557590214418, "0.2": 0.0009120717241428341, "0.25": 0.0006729401807573751, "0.3": 0.0005540510391332487, "0.35": 0.0004801514063601852, "0.4": 0.0003808911163713629},