{"fscore": {"0": {"0": 0.010441274224259384, "0.05": 0.11756266284111833, "0.1": 0.13366095327083616, "0.15": 0.10712121124419961, "0.2": 0.07881515452724341, "0.25": 0.055285114725675995, "0.3": 0.03793054573222094, "0.35": 0.02713133279669984, "0.4": 0.017550570382490322}, "1": {"0": 0.010441274224259384, "0.05": 0.06493577905239202, "0.1": 0.0650622804011655, "0.15": 0.04916631131918659, "0.2": 0.035091593009320105, "0.25": 0.024177440898467337, "0.3": 0.015861939679086924, "0.35": 0.009890994204608813, "0.4": 0.005778275340857949}, "2": {"0": 0.010441274224259384, "0.05": 0.133140961048737, "0.1": 0.1890148551728866, "0.15": 0.20104228300605873, "0.2": 0.19515543844197386, "0.25": 0.17867340334089504, "0.3": 0.15982887305014706, "0.35": 0.14085113396280974, "0.4": 0.12165519507098382}, "3": {"0": 0.010441274224259384, "0.05": 0.0013578209507071426, "0.1": 0.0004723977981345212, "0.15": 0.00023112074500386507, "0.2": 9.15819997596512e-05, "0.25": 3.0004543545165406e-05, "0.3": 1.966684366825968e-05, "0.35": 2.1570086603897714e-05, "0.4": 0.0}, "4": {"0": 0.010441274224259384, "0.05": 0.02016473247910518, "0.1": 0.013804513547337804, "0.15": 0.009150723425377058, "0.2": 0.00582613569862959, "0.25": 0.003842853366229009, "0.3": 0.0024472184262071843, "0.35": 0.0014951013126703167, "0.4": 0.0009318703256687792}, "5": {"0": 0.010441274224259384, "0.05": 0.017361567322516532, "0.1": 0.011277899141933077, "0.15": 0.0064341782826514565, "0.2": 0.0035389418394128794, "0.25": 0.001772820601610815, "0.3": 0.0009370824095511388, "0.35": 0.000532371646178182, "0.4": 0.00019131468479512611}, "6": {"0": 0.010441274224259384, "0.05": 0.04038442416513919, "0.1": 0.04388023837494732, "0.15": 0.03725033283722236, "0.2": 0.02951322745647072, "0.25": 0.022461113187643312, "0.3": 0.017221631664407093, "0.35": 0.012948882703594787, "0.4": 0.009678666296205065}, "7": {"0": 0.010441274224259384, "0.05": 0.07100610075496849, "0.1": 0.06918647496332278, "0.15": 0.052623152307791375, "0.2": 0.03719097006615817, "0.25": 0.02410044289695179, "0.3": 0.01330398415675115, "0.35": 0.007856805750401924, "0.4": 0.003921522915815394}, "8": {"0": 0.010441274224259384, "0.05": 0.008505366947911474, "0.1": 0.0019957293173203483, "0.15": 0.0005507782208961487, "0.2": 0.00018925429958343212, "0.25": 0.00014526328867478782, "0.3": 7.067220777316584e-05, "0.35": 2.301100332035242e-05, "0.4": 2.362072783864475e-05}, "9": {"0": 0.010441274224259384, "0.05": 0.04191993863756855, "0.1": 0.05664989081358954, "0.15": 0.06680713410880061, "0.2": 0.06901629923364729, "0.25": 0.06610142879855582, "0.3": 0.05959890897497542, "0.35": 0.05200095559573223, "0.4": 0.04116608232231524}, "10": {"0": 0.010441274224259384, "0.05": 0.02189521647754074, "0.1": 0.016657048293383946, "0.15": 0.013427730785991653, "0.2": 0.00999983795324778, "0.25": 0.007766341968496948, "0.3": 0.006530803595348043, "0.35": 0.005721588924671677, "0.4": 0.0046035440069290895}, "11": {"0": 0.010441274224259384, "0.05": 0.006592361110170511, "0.1": 0.004429235350660711, "0.15": 0.003293338518267223, "0.2": 0.002580921917563629, "0.25": 0.0018789020803711605, "0.3": 0.0013802138081432176, "0.35": 0.001120467703015622, "0.4": 0.0007381991108296625}, "12": {"0": 0.010441274224259384, "0.05": 0.021209925196116843, "0.1": 0.011841438777089468, "0.15": 0.006210805222541757, "0.2": 0.003432115126594552, "0.25": 0.002173785167944846, "0.3": 0.0014920050756589767, "0.35": 0.000999200135042112, "0.4": 0.0008799813540557221}, "13": {"0": 0.010441274224259384, "0.05": 0.013697296277587293, "0.1": 0.010421968472935068, "0.15": 0.007889409008964739, "0.2": 0.005703814798091115, "0.25": 0.004407329025708311, "0.3": 0.0031321332406924894, "0.35": 0.0022853883059502514, "0.4": 0.0017245277633968503}, "14": {"0": 0.010441274224259384, "0.05": 0.06067221964948187, "0.1": 0.057302277502937156, "0.15": 0.045257396309752417, "0.2": 0.032928109374182606, "0.25": 0.023503319956427238, "0.3": 0.015664492167149522, "0.35": 0.010607002132601623, "0.4": 0.006847031410845871}, "15": {"0": 0.010441274224259384, "0.05": 0.024378122351777425, "0.1": 0.015498103238330481, "0.15": 0.01012695021063905, "0.2": 0.00643805199028938, "0.25": 0.0044755772926475595, "0.3": 0.002817219577102907, "0.35": 0.002143805980422563, "0.4": 0.0013718068789758417}}, "recall": {"0": {"0": 1.0, "0.05": 0.3325442753105341, "0.1": 0.18550876810643588, "0.15": 0.10693129918000499, "0.2": 0.06452727865437725, "0.25": 0.040575918225609346, "0.3": 0.026191922499476217, "0.35": 0.017761938845695022, "0.4": 0.010900896239346635}, "1": {"0": 1.0, "0.05": 0.2894664203552308, "0.1": 0.137008233202102, "0.15": 0.06981678910911089, "0.2": 0.039280398077881716, "0.25": 0.02245680455825768, "0.3": 0.012994547902159651, "0.35": 0.007465755788882943, "0.4": 0.004069564201417444}, "2": {"0": 1.0, "0.05": 0.5249769150455513, "0.1": 0.4002225465061454, "0.15": 0.30645309945033494, "0.2": 0.2385498363793645, "0.25": 0.18775317928875837, "0.3": 0.149415564503764, "0.35": 0.1193588171861422, "0.4": 0.0954122598285976}, "3": {"0": 1.0, "0.05": 0.00807558066919741, "0.1": 0.0013355724098485936, "0.15": 0.0003393839601552879, "0.2": 7.996938032100019e-05, "0.25": 2.3469423047467525e-05, "0.3": 1.1940583655729091e-05, "0.35": 1.1940583655729091e-05, "0.4": 0.0}, "4": {"0": 1.0, "0.05": 0.10840733434539017, "0.1": 0.03771186603204536, "0.15": 0.016696532638917343, "0.2": 0.007983789973160156, "0.25": 0.004309591993661482, "0.3": 0.0023987345574151982, "0.35": 0.0012942704806822543, "0.4": 0.0007211856656359245}, "5": {"0": 1.0, "0.05": 0.08342271879238455, "0.1": 0.020626417379685177, "0.15": 0.007211489080445589, "0.2": 0.0031559192210211273, "0.25": 0.0012954273260064075, "0.3": 0.0006638552204257424, "0.35": 0.00035148998451950793, "0.4": 0.00010529685969047533}, "6": {"0": 1.0, "0.05": 0.15775902696533126, "0.1": 0.07653865568646673, "0.15": 0.04241930514158973, "0.2": 0.026017829756046586, "0.25": 0.016992816110551093, "0.3": 0.011758883295087843, "0.35": 0.008241005219308208, "0.4": 0.005876925250433435}, "7": {"0": 1.0, "0.05": 0.2546471488821252, "0.1": 0.12742273200023116, "0.15": 0.0688080394087958, "0.2": 0.03886504174287471, "0.25": 0.021579595690966902, "0.3": 0.01082087718017973, "0.35": 0.005776045512102983, "0.4": 0.002708912359470174}, "8": {"0": 1.0, "0.05": 0.02373736221646022, "0.1": 0.0032584222868626603, "0.15": 0.0006376704701402182, "0.2": 0.00022581484782111918, "0.25": 0.0001330466200053546, "0.3": 5.516943101541557e-05, "0.35": 1.3377388220363748e-05, "0.4": 1.3377388220363748e-05}, "9": {"0": 1.0, "0.05": 0.2092363270850649, "0.1": 0.13570397300508957, "0.15": 0.10607571023907492, "0.2": 0.08599756230241111, "0.25": 0.0685971587935914, "0.3": 0.05344545419905866, "0.35": 0.041826517194704725, "0.4": 0.030422975356194433}, "10": {"0": 1.0, "0.05": 0.09867553594422633, "0.1": 0.044947715006094575, "0.15": 0.026323431963111394, "0.2": 0.015624884383795265, "0.25": 0.010231761607890612, "0.3": 0.0075632342184814875, "0.35": 0.005911432132565938, "0.4": 0.004302316164436911}, "11": {"0": 1.0, "0.05": 0.03534574049436673, "0.1": 0.011139071922385557, "0.15": 0.005124365149019285, "0.2": 0.002996332264435583, "0.25": 0.001720320131267596, "0.3": 0.0010115312864962078, "0.35": 0.0007496660153139078, "0.4": 0.00047538465617509275}, "12": {"0": 1.0, "0.05": 0.07738923819835278, "0.1": 0.020135799571960728, "0.15": 0.007524540199827038, "0.2": 0.003232411629824297, "0.25": 0.0017505220204725865, "0.3": 0.0011101343335054423, "0.35": 0.0007062929955573763, "0.4": 0.0005898922634681349}, "13": {"0": 1.0, "0.05": 0.05925688536505809, "0.1": 0.02538714572201363, "0.15": 0.013582459869404434, "0.2": 0.007771022285440968, "0.25": 0.004927747574963331, "0.3": 0.0030641493680441546, "0.35": 0.001914277592960357, "0.4": 0.0013251306108237387}, "14": {"0": 1.0, "0.05": 0.26012467667117073, "0.1": 0.11716150324816556, "0.15": 0.06249991456277597, "0.2": 0.03636385018222602, "0.25": 0.02236658755635511,