{"fscore": {"0": {"0": 0.010479096848396067, "0.05": 0.020382124032037003, "0.1": 0.018085650351621862, "0.15": 0.01321398873499804, "0.2": 0.009894155832804261, "0.25": 0.006686519212472838, "0.3": 0.004836453150032775, "0.35": 0.003848697995661605, "0.4": 0.002839519801997896}, "1": {"0": 0.01048005666013269, "0.05": 0.015958283591462286, "0.1": 0.013808517804341875, "0.15": 0.010797577380421926, "0.2": 0.007902942902975656, "0.25": 0.005672840181586678, "0.3": 0.004318389726226033, "0.35": 0.0034342949106920735, "0.4": 0.002678998454308777}, "2": {"0": 0.010479122172806945, "0.05": 0.018738361611441136, "0.1": 0.01589446333738385, "0.15": 0.011782231147689932, "0.2": 0.00890243663189756, "0.25": 0.006805232286958703, "0.3": 0.004802673665497102, "0.35": 0.003480608155759857, "0.4": 0.0027503339370719385}, "3": {"0": 0.010479346314957241, "0.05": 0.015162716323692385, "0.1": 0.015808399491822035, "0.15": 0.013056280177541776, "0.2": 0.011002002629205756, "0.25": 0.008695202746740441, "0.3": 0.007415193211634511, "0.35": 0.006430772665316873, "0.4": 0.005449444069664162}, "4": {"0": 0.010479450268254803, "0.05": 0.008876791968858188, "0.1": 0.007256350859459137, "0.15": 0.0058054025006693665, "0.2": 0.004916804735549686, "0.25": 0.003744875373340807, "0.3": 0.0029294357869712085, "0.35": 0.0020553681084777443, "0.4": 0.0014624739712801734}, "5": {"0": 0.010479157701068264, "0.05": 0.011500882110553922, "0.1": 0.009970001601996235, "0.15": 0.00739935599076642, "0.2": 0.005800490873580559, "0.25": 0.003870940569729373, "0.3": 0.0023768960167919813, "0.35": 0.0015276887147403187, "0.4": 0.0010300099854351585}, "6": {"0": 0.010479234945672052, "0.05": 0.018407632035070398, "0.1": 0.014843272324453158, "0.15": 0.009815117862700442, "0.2": 0.0057818274918371056, "0.25": 0.0035400543674015076, "0.3": 0.0019140005962852717, "0.35": 0.00134970495547872, "0.4": 0.0008021456902849136}, "7": {"0": 0.010479128048175065, "0.05": 0.02389380204573769, "0.1": 0.021235598409905375, "0.15": 0.01804661711574936, "0.2": 0.01541882381645623, "0.25": 0.012885736013416428, "0.3": 0.010678999589754209, "0.35": 0.008482212909575822, "0.4": 0.0068230879430152755}, "8": {"0": 0.010479006190679445, "0.05": 0.015648594912687278, "0.1": 0.013734605526490407, "0.15": 0.010579161987646395, "0.2": 0.007265704602651219, "0.25": 0.005047894907816004, "0.3": 0.0033125092468967447, "0.35": 0.0023999780825408276, "0.4": 0.001729601344592912}, "9": {"0": 0.0104790796253028, "0.05": 0.012329488775477222, "0.1": 0.012021236944277173, "0.15": 0.011301097536730607, "0.2": 0.010486442163788036, "0.25": 0.009806103671429884, "0.3": 0.009301356870906859, "0.35": 0.008849643430352674, "0.4": 0.00839666173251533}, "10": {"0": 0.010479280006492918, "0.05": 0.021143555585476804, "0.1": 0.018587337735561767, "0.15": 0.014669673596704203, "0.2": 0.010981253250951669, "0.25": 0.008195905024869712, "0.3": 0.005910147548045042, "0.35": 0.004528757826710558, "0.4": 0.003059864797631848}, "11": {"0": 0.010479092261642918, "0.05": 0.011492088182713522, "0.1": 0.009718542648271112, "0.15": 0.0068729805376939145, "0.2": 0.004753232485394873, "0.25": 0.002873067437523329, "0.3": 0.0019092252628105206, "0.35": 0.0014497862273095275, "0.4": 0.0010635887732955995}, "12": {"0": 0.01047891797777074, "0.05": 0.022887758257593562, "0.1": 0.014973545528257845, "0.15": 0.007358236267927334, "0.2": 0.0038902831096915003, "0.25": 0.0014779307234490209, "0.3": 0.0008226480252322805, "0.35": 0.0002140252478530057, "0.4": 0.00019415659558177372}, "13": {"0": 0.010479558846837374, "0.05": 0.00688571227714085, "0.1": 0.004398284647007822, "0.15": 0.003200355016233183, "0.2": 0.0023779081676199546, "0.25": 0.0018017357764669377, "0.3": 0.0013046173145632282, "0.35": 0.0009691495582379693, "0.4": 0.0008769441157378984}, "14": {"0": 0.010443280198541799, "0.05": 0.01327437759505753, "0.1": 0.014074485827955443, "0.15": 0.013782192770014972, "0.2": 0.012632103781966922, "0.25": 0.011111836256952048, "0.3": 0.010151299862539563, "0.35": 0.009533690950892779, "0.4": 0.008589883185584672}, "15": {"0": 0.010479019994526372, "0.05": 0.011543997789221433, "0.1": 0.0074163902462954555, "0.15": 0.0049091235098479855, "0.2": 0.003068238463392407, "0.25": 0.0020080392215316304, "0.3": 0.0014082653217548319, "0.35": 0.0007145870533906339, "0.4": 0.00045871997170916686}}, "recall": {"0": {"0": 1.0, "0.05": 0.08776795901583787, "0.1": 0.03745886149204191, "0.15": 0.019022721053299645, "0.2": 0.011431000083675489, "0.25": 0.006634159412988014, "0.3": 0.004363655268686449, "0.35": 0.0031107273737523743, "0.4": 0.002132629531008305}, "1": {"0": 0.9999751507995902, "0.05": 0.06693766526130555, "0.1": 0.026861200120554835, "0.15": 0.01395267388841962, "0.2": 0.008200103912525535, "0.25": 0.00510569775738872, "0.3": 0.0034548244963118263, "0.35": 0.0025874636810830527, "0.4": 0.0019167410336497028}, "2": {"0": 1.0, "0.05": 0.08089122784521582, "0.1": 0.03264317152815043, "0.15": 0.016405546937402055, "0.2": 0.009908448485304146, "0.25": 0.006360047514233878, "0.3": 0.004071529244204485, "0.35": 0.0027686052674596407, "0.4": 0.0019760945776439646}, "3": {"0": 1.0, "0.05": 0.07169078676353817, "0.1": 0.03444451147675337, "0.15": 0.018540366770889424, "0.2": 0.012005474944994295, "0.25": 0.007769750364530167, "0.3": 0.00585546110328719, "0.35": 0.00461851602009663, "0.4": 0.003706284913935798}, "4": {"0": 1.0, "0.05": 0.044304769309406106, "0.1": 0.015593168968209219, "0.15": 0.007974083158153579, "0.2": 0.005244056918104338, "0.25": 0.003358397402709166, "0.3": 0.0023337500452304937, "0.35": 0.0015586190004241416, "0.4": 0.0010244414742400505}, "5": {"0": 1.0, "0.05": 0.05219049889865913, "0.1": 0.02151052267771184, "0.15": 0.010851915324644804, "0.2": 0.0068946234428519555, "0.25": 0.003950162228441049, "0.3": 0.002345030844377041, "0.35": 0.0013708622061735646, "0.4": 0.0009194749037810818}, "6": {"0": 1.0, "0.05": 0.0771183034314649, "0.1": 0.02632793959584159, "0.15": 0.011612024851448525, "0.2": 0.005447618875716628, "0.25": 0.002914079631671308, "0.3": 0.0015377022089834162, "0.35": 0.0009938648379619944, "0.4": 0.0005319005867211987}, "7": {"0": 1.0, "0.05": 0.12325239345796797, "0.1": 0.0521281167278461, "0.15": 0.029386294780748497, "0.2": 0.019130909620097388, "0.25": 0.01324662020724348, "0.3": 0.009697933155074358, "0.35": 0.006949704242958404, "0.4": 0.005283209625995135}, "8": {"0": 1.0, "0.05": 0.06972604225193928, "0.1": 0.028918466644714678, "0.15": 0.014970569728578046, "0.2": 0.008160778756133729, "0.25": 0.004899346151330033, "0.3": 0.002913813232399249, "0.35": 0.001926299845874895, "0.4": 0.0012650543059576505}, "9": {"0": 0.9997924325487766, "0.05": 0.05408881460942548, "0.1": 0.030195736390289513, "0.15": 0.020966105099333106, "0.2": 0.01583834617620622, "0.25": 0.01284819671707409, "0.3": 0.010920334070043773, "0.35": 0.009456101233767368, "0.4": 0.008239830694606648}, "10": {"0": 1.0, "0.05": 0.08077579675225163, "0.1": 0.0317348935936723, "0.15": 0.016783245486197185, "0.2": 0.010083473269386868, "0.25": 0.006495379442111152, "0.3": 0.004216481409652566, "0.35": 0.0029686216541139477, "0.4": 0.001911402164856432}, "11": {"0": 1.0, "0.05": 0.05035649501396308, "0.1": 0.0180666537582203, "0.15": 0.008445472495013552, "0.2": 0.004713303612132113, "0.25": 0.002411318673635753, "0.3": 0.001507206691588888, "0.35": 0.001013010151542188, "0.4": 0.0007350840296041996}, "12": {"0": 1.0, "0.05": 0.13410164672952582, "0.1": 0.03363586261754726, "0.15": 0.009787958288977066, "0.2": 0.0037999898723313796, "0.25": 0.0012871694492400355, "0.3": 0.0007856761745576551, "0.35": 0.00014613287599080077, "0.4": 0.00011684562664925893}, "13": {"0": 1.0, "0.05": 0.027219502896199815, "0.1": 0.008017328902978816, "0.15": 0.004097099338222812, "0.2": 0.0025388297172830765, "0.25": 0.0017619627005282662, "0.3": 0.0012218819909970648, "0.35": 0.000869120341872154, "0.4": 0.0007339824003008472}, "14": {"0": 0.974753880759438,