{"fscore": {"0": {"0": 0.010441763308999536, "0.05": 0.12061395185051627, "0.1": 0.18998706176189611, "0.15": 0.21423834191625898, "0.2": 0.20682282559236534, "0.25": 0.18695922218334476, "0.3": 0.1620581052475318, "0.35": 0.1362537465660625, "0.4": 0.11250949203010512}, "1": {"0": 0.010441274224259384, "0.05": 0.003174182968968298, "0.1": 0.0011019398929496044, "0.15": 0.0005891647860602616, "0.2": 0.0006343133910522165, "0.25": 0.0006173058181972187, "0.3": 0.0004679645728960306, "0.35": 0.00021936734376235567, "0.4": 0.00017758199302833207}, "2": {"0": 0.010442739716336987, "0.05": 0.023890157234360925, "0.1": 0.022031514631692097, "0.15": 0.021361979711171517, "0.2": 0.019967008015267372, "0.25": 0.01902833876293809, "0.3": 0.017912387460958447, "0.35": 0.01672356846227436, "0.4": 0.015819658020331282}, "3": {"0": 0.010441304141676211, "0.05": 0.0044736023908565166, "0.1": 0.004291898777951852, "0.15": 0.0020146374576997987, "0.2": 0.00047252985170968234, "0.25": 4.168035900269512e-05, "0.3": 4.5462490618524166e-05, "0.35": 4.435749500346898e-05, "0.4": 2.049525382181579e-05}, "4": {"0": 0.010441275283960157, "0.05": 0.12228841178059563, "0.1": 0.13083883637267577, "0.15": 0.10750196860747413, "0.2": 0.0838404806212152, "0.25": 0.06418940408100096, "0.3": 0.049331295029612206, "0.35": 0.038265611134991835, "0.4": 0.02841662338709602}, "5": {"0": 0.010442267716646005, "0.05": 0.05207252603608638, "0.1": 0.038912237996867785, "0.15": 0.021344791690705654, "0.2": 0.010239544481524606, "0.25": 0.006344336426891719, "0.3": 0.003620142412972652, "0.35": 0.0018913198107473326, "0.4": 0.0011194493784769356}, "6": {"0": 0.010441274224259384, "0.05": 0.04958454295668772, "0.1": 0.048980817472142314, "0.15": 0.03656899619251306, "0.2": 0.02495813472992539, "0.25": 0.016331431186657672, "0.3": 0.0110072293210689, "0.35": 0.007556880788409946, "0.4": 0.004828624937987803}, "7": {"0": 0.010441274224259384, "0.05": 0.025554959097953824, "0.1": 0.013977879051122188, "0.15": 0.005962867476510345, "0.2": 0.002659640661793031, "0.25": 0.0010339963907686595, "0.3": 0.00045509487458515594, "0.35": 0.0002341982623819351, "0.4": 0.0001269518482319929}, "8": {"0": 0.010441274224259384, "0.05": 0.03343536101926616, "0.1": 0.03246031442769236, "0.15": 0.023926847725724464, "0.2": 0.01533324870871249, "0.25": 0.010790204694393188, "0.3": 0.00667008871696059, "0.35": 0.0038759543344210373, "0.4": 0.0022937343098654228}, "9": {"0": 0.010441617702567667, "0.05": 0.05699781176112508, "0.1": 0.0831999670481678, "0.15": 0.09874785246485598, "0.2": 0.103731064127024, "0.25": 0.09939899804518333, "0.3": 0.09014007659640838, "0.35": 0.07805189269652582, "0.4": 0.06714987141911959}, "10": {"0": 0.010441274224259384, "0.05": 0.043904081310477815, "0.1": 0.040159797288479876, "0.15": 0.03149073250315042, "0.2": 0.023868343406837564, "0.25": 0.01771039079874293, "0.3": 0.013176999908523078, "0.35": 0.010285865072728382, "0.4": 0.008107814898087087}, "11": {"0": 0.010441274224259384, "0.05": 0.03271782502695951, "0.1": 0.016850591649532874, "0.15": 0.007229370679501338, "0.2": 0.0026915297954398414, "0.25": 0.0014053485913820497, "0.3": 0.0006897462521893579, "0.35": 0.000351085630097575, "0.4": 0.00017564193225946413}}, "recall": {"0": {"0": 1.0, "0.05": 0.49851750720706445, "0.1": 0.4102332336313079, "0.15": 0.3369072543861307, "0.2": 0.2687516908936622, "0.25": 0.21256189504486064, "0.3": 0.16535572832429876, "0.35": 0.1267417646402824, "0.4": 0.09799015036455071}, "1": {"0": 1.0, "0.05": 0.017857146187070207, "0.1": 0.00357260846556229, "0.15": 0.000976784389860997, "0.2": 0.0006788271557056269, "0.25": 0.000487373571409469, "0.3": 0.0003180077854638162, "0.35": 0.00012807685929852532, "0.4": 0.00010511475509268991}, "2": {"0": 1.0, "0.05": 0.09973368094674434, "0.1": 0.05498216986331998, "0.15": 0.03868178133182324, "0.2": 0.028754585155300987, "0.25": 0.023048228284204362, "0.3": 0.01903941209345566, "0.35": 0.016029456207198027, "0.4": 0.013659135741580803}, "3": {"0": 1.0, "0.05": 0.012234077090634277, "0.1": 0.008740528834699902, "0.15": 0.0033455440057133627, "0.2": 0.0007195745102298773, "0.25": 6.419867962782044e-05, "0.3": 6.419867962782044e-05, "0.35": 6.095269572140865e-05, "0.4": 1.9160652926356817e-05}, "4": {"0": 1.0, "0.05": 0.3063488319259197, "0.1": 0.1744500423145652, "0.15": 0.11449300250904822, "0.2": 0.07804821043212642, "0.25": 0.05406323981611181, "0.3": 0.03866491183071848, "0.35": 0.02859785618128354, "0.4": 0.019808050495764208}, "5": {"0": 1.0, "0.05": 0.12616367598117625, "0.1": 0.04619704269970576, "0.15": 0.01808857657149327, "0.2": 0.007670923574550896, "0.25": 0.004367300369244968, "0.3": 0.0023224754893793184, "0.35": 0.0011674437590532035, "0.4": 0.000686931149745487}, "6": {"0": 1.0, "0.05": 0.16655003239033828, "0.1": 0.07335546678179972, "0.15": 0.038501893914725464, "0.2": 0.02193792434148497, "0.25": 0.013024370925704661, "0.3": 0.008050524579980832, "0.35": 0.005066354144359727, "0.4": 0.0030955672120678503}, "7": {"0": 1.0, "0.05": 0.09391056384744516, "0.1": 0.03750501345022165, "0.15": 0.01301537593244072, "0.2": 0.004947805182967323, "0.25": 0.0016882330510633369, "0.3": 0.0006568156371386636, "0.35": 0.00031426154996680753, "0.4": 0.00015877043972283388}, "8": {"0": 1.0, "0.05": 0.11751887673211092, "0.1": 0.04839882036084526, "0.15": 0.02423922494498584, "0.2": 0.012910180521041478, "0.25": 0.008361554123283238, "0.3": 0.0049019835001316075, "0.35": 0.0028377310857978016, "0.4": 0.0016007849441799283}, "9": {"0": 1.0, "0.05": 0.34940635348761817, "0.1": 0.2437042533702836, "0.15": 0.1786336199636732, "0.2": 0.13927127549102086, "0.25": 0.11074595401029087, "0.3": 0.08802254150957056, "0.35": 0.06864893890587859, "0.4": 0.05349717369753964}, "10": {"0": 1.0, "0.05": 0.13900318208440376, "0.1": 0.06885149951140292, "0.15": 0.04047417475328394, "0.2": 0.025766285068235004, "0.25": 0.01676367062712369, "0.3": 0.011337848278370014, "0.35": 0.008198304307699356, "0.4": 0.0060134999174411}, "11": {"0": 1.0, "0.05": 0.07628700604718465, "0.1": 0.015424144481445237, "0.15": 0.004899953541747568, "0.2": 0.001599477762476845, "0.25": 0.0007993580059944831, "0.3": 0.00039785546878599317, "0.35": 0.0001981826840837836, "0.4": 9.52956203140719e-05}}, "precision": {"0": {"0": 0.005257667255621726, "0.05": 0.07130274065068795, "0.1": 0.13863127171008807, "0.15": 0.19116602119483336, "0.2": 0.2250894575175738, "0.25": 0.246781086700882, "0.3": 0.25858241405829313, "0.35": 0.2549927537570113, "0.4": 0.24432069313920776}, "1": {"0": 0.005257420766925437, "0.05": 0.0017908972292029503, "0.1": 0.0007241754213149142, "0.15": 0.0005877474045842719, "0.2": 0.0009704622904229803, "0.25": 0.0017498382593668451, "0.3": 0.0015528065678517035, "0.35": 0.0013652067313050264, "0.4": 0.0011144544745347153}, "2": {"0": 0.005258165397658599, "0.05": 0.013738690128723216, "0.1": 0.014080288035307517, "0.15": 0.015237064701128268, "0.2": 0.015933300810557056, "0.25": 0.017042657776606865, "0.3": 0.017991779340062828, "0.35": 0.018849565526981117, "0.4": 0.020759353485327006}, "3": {"0": 0.005257435826133843, "0.05": 0.002776013240725593, "0.1": 0.0028944101808861334, "0.15": 0.0014732045126360442, "0.2": 0.0003645840171366738, "0.25": 3.200869865190312e-05, "0.3": 3.677073253859167e-05, "0.35": 3.73719693443571e-05, "0.4": 2.2862056330883865e-05}, "4": {"0": 0.005257421302334009, "0.05": 0.08467831043969995, "0.1": 0.12986740361790883, "0.15": 0.1417587263595367, "0.2": 0.1420569125435658, "0.25": 0.13629080936168075, "0.3": 0.1309618401410803, "0.35": 0.11712606554632606, "0.4": 0.1008210733135507}, "5": {"0": 0.005257922857333005, "0.05": 0.05116342186665921, "0.1": 0.07123661118114219, "0.15": 0.0539458783796966, "0.2": 0.02901977528837986, "0.25": 0.01991822026927343, "0.3": 0.012760503733422489, "0.35": 0.007188231360748913, "0.4": 0.0042349270032319185}, "6": {"0": 0.005257420766925437, "0.05": 0.031259647244643515, "0.1": 0.04592229305045181,