{"fscore": {"0": {"0": 0.010441274224259384, "0.05": 0.0925227774428168, "0.1": 0.13926685198660166, "0.15": 0.14585460310719658, "0.2": 0.1267180070673777, "0.25": 0.0990173014364077, "0.3": 0.07363206443606908, "0.35": 0.0524831215083867, "0.4": 0.037058627396084676}, "1": {"0": 0.010441274224259384, "0.05": 0.024234650284505888, "0.1": 0.020320386273751562, "0.15": 0.016593044211017458, "0.2": 0.013253469166012243, "0.25": 0.009802597915897807, "0.3": 0.006450114653632844, "0.35": 0.004011981904502077, "0.4": 0.002525919092940072}, "2": {"0": 0.010441274224259384, "0.05": 0.1484224960225711, "0.1": 0.16284835605715903, "0.15": 0.16659976837879112, "0.2": 0.16571079075608353, "0.25": 0.1610570575732753, "0.3": 0.1562222900774181, "0.35": 0.1487142164835055, "0.4": 0.14570615055485991}, "3": {"0": 0.010441274224259384, "0.05": 0.005088638213666929, "0.1": 0.0056687967536256, "0.15": 0.004558303388828301, "0.2": 0.0028134299193416494, "0.25": 0.00044923525267458214, "0.3": 0.0003545664892286974, "0.35": 0.0003457978903554268, "0.4": 0.0003663636045442674}, "4": {"0": 0.010441274224259384, "0.05": 0.039756152610174636, "0.1": 0.026510831244974015, "0.15": 0.011869912026462226, "0.2": 0.005099444301254654, "0.25": 0.002144793452005285, "0.3": 0.0010212193762791188, "0.35": 0.00039173879281109, "0.4": 0.0002018545397724615}, "5": {"0": 0.010441274224259384, "0.05": 0.0724834586493043, "0.1": 0.0941124511047548, "0.15": 0.10565078968992742, "0.2": 0.10707036997574722, "0.25": 0.09763676785634613, "0.3": 0.08555178788971314, "0.35": 0.07212173274598989, "0.4": 0.0609497221869435}, "6": {"0": 0.010441274224259384, "0.05": 0.010280339696077735, "0.1": 0.006944674188999215, "0.15": 0.004278655950174842, "0.2": 0.0027431628758582726, "0.25": 0.001535133732683894, "0.3": 0.0009935981922908489, "0.35": 0.000622227601529469, "0.4": 0.00030770514065730966}, "7": {"0": 0.010441274224259384, "0.05": 0.14743098304100227, "0.1": 0.1757171013999428, "0.15": 0.18799367030431702, "0.2": 0.19192824282282916, "0.25": 0.1935684096926547, "0.3": 0.18812183027022472, "0.35": 0.17623755162458232, "0.4": 0.17515168895152947}, "8": {"0": 0.010441274224259384, "0.05": 0.005088934310871357, "0.1": 0.0015506360244545384, "0.15": 0.00035829373249676445, "0.2": 5.0150451354062184e-05, "0.25": 8.464211198997837e-06, "0.3": 8.68406084053025e-06, "0.35": 0.0, "0.4": 0.0}, "9": {"0": 0.010441274224259384, "0.05": 0.004433710160594785, "0.1": 0.0033663481152330713, "0.15": 0.0028185316255175718, "0.2": 0.002333304822662741, "0.25": 0.001890952599486709, "0.3": 0.0014169669488262111, "0.35": 0.000993620848127203, "0.4": 0.0007682803617072913}, "10": {"0": 0.010441274224259384, "0.05": 0.06384476273976397, "0.1": 0.07070675961944663, "0.15": 0.06410710835696744, "0.2": 0.053207069137545464, "0.25": 0.042217418384725654, "0.3": 0.03028467665203851, "0.35": 0.023292547718223852, "0.4": 0.01729486935656529}, "11": {"0": 0.010441274224259384, "0.05": 0.006141406376830525, "0.1": 0.0045034544930374265, "0.15": 0.003368889052798506, "0.2": 0.0027024095193236733, "0.25": 0.002153377313168784, "0.3": 0.0017045425957253693, "0.35": 0.0012646765158272663, "0.4": 0.0009849062938967717}}, "recall": {"0": {"0": 1.0, "0.05": 0.37810302818165403, "0.1": 0.26044106267085915, "0.15": 0.18068270552138677, "0.2": 0.12265060364098876, "0.25": 0.08183013081575188, "0.3": 0.05461039052663084, "0.35": 0.03616965758799065, "0.4": 0.02396121597807643}, "1": {"0": 1.0, "0.05": 0.17087132805795124, "0.1": 0.07932052999947717, "0.15": 0.04294257453244695, "0.2": 0.024978820314552445, "0.25": 0.014417100462705132, "0.3": 0.007783425037456931, "0.35": 0.004114259634780049, "0.4": 0.0023293912909729993}, "2": {"0": 1.0, "0.05": 0.41545672384774035, "0.1": 0.34953947318322415, "0.15": 0.3033543174398179, "0.2": 0.26666615782126074, "0.25": 0.2345346742575819, "0.3": 0.20901290150762064, "0.35": 0.18457180148366956, "0.4": 0.17050075919708949}, "3": {"0": 1.0, "0.05": 0.01258509091037112, "0.1": 0.011912539786894695, "0.15": 0.008562788372462991, "0.2": 0.004851692608519948, "0.25": 0.0008570881140685582, "0.3": 0.0005848485693118382, "0.35": 0.0005291560944975914, "0.4": 0.0005291560944975914}, "4": {"0": 1.0, "0.05": 0.17026143084721362, "0.1": 0.043133368081627, "0.15": 0.012381179628164499, "0.2": 0.00402577868509135, "0.25": 0.0014123342152728524, "0.3": 0.0006300048085466634, "0.35": 0.00023944346452884344, "0.4": 0.00012332572513114136}, "5": {"0": 1.0, "0.05": 0.4001543879288953, "0.1": 0.27617908931601226, "0.15": 0.1971902538867659, "0.2": 0.1467208551338608, "0.25": 0.11092655141387367, "0.3": 0.08648212997467204, "0.35": 0.06705336838568905, "0.4": 0.053282130615600866}, "6": {"0": 1.0, "0.05": 0.04067994560213134, "0.1": 0.011251370698953727, "0.15": 0.004320400681457095, "0.2": 0.0021343697566025078, "0.25": 0.001040041749382519, "0.3": 0.0006244655031806659, "0.35": 0.0003665306307493903, "0.4": 0.0001752565731498111}, "7": {"0": 1.0, "0.05": 0.4946936205191298, "0.1": 0.44421343734938235, "0.15": 0.3982308628966358, "0.2": 0.3540147511789555, "0.25": 0.31822393259857373, "0.3": 0.2827657716884824, "0.35": 0.24376233991274737, "0.4": 0.22747403640487174}, "8": {"0": 1.0, "0.05": 0.02169691328379115, "0.1": 0.0019488982453825944, "0.15": 0.00025668608235523787, "0.2": 2.828032971093732e-05, "0.25": 4.399162399479139e-06, "0.3": 4.399162399479139e-06, "0.35": 0.0, "0.4": 0.0}, "9": {"0": 1.0, "0.05": 0.023137979824871292, "0.1": 0.010684862410725119, "0.15": 0.006112718395332691, "0.2": 0.0038796564665630725, "0.25": 0.0024957224285925357, "0.3": 0.0014989484389895532, "0.35": 0.0009079674230057238, "0.4": 0.0006256268168837182}, "10": {"0": 1.0, "0.05": 0.26500993879340456, "0.1": 0.13507798729135861, "0.15": 0.08128767753274885, "0.2": 0.05174477328055728, "0.25": 0.0347501886056672, "0.3": 0.02265777416176497, "0.35": 0.01598238470928771, "0.4": 0.011293391962351419}, "11": {"0": 1.0, "0.05": 0.016435702198885477, "0.1": 0.007156492666852155, "0.15": 0.004011709285919989, "0.2": 0.0027046336112349374, "0.25": 0.0019219058133494555, "0.3": 0.001403409331886307, "0.35": 0.0009687030492908337, "0.4": 0.0007166977974965864}}, "precision": {"0": {"0": 0.005257420766925437, "0.05": 0.054192155856624735, "0.1": 0.10291327084074875, "0.15": 0.1405384147350147, "0.2": 0.1635716179386916, "0.25": 0.17062333113573636, "0.3": 0.16551745550177227, "0.35": 0.14915628323376592, "0.4": 0.1278050670223583}, "1": {"0": 0.005257420766925437, "0.05": 0.013249563678518594, "0.1": 0.012024276242150501, "0.15": 0.010845280746279516, "0.2": 0.009785474972123278, "0.25": 0.008422161051860912, "0.3": 0.00650739787318408, "0.35": 0.0048666698502864494, "0.4": 0.003796160031527301}, "2": {"0": 0.005257420766925437, "0.05": 0.09319088242726317, "0.1": 0.11076861425592344, "0.15": 0.12094889871932193, "0.2": 0.12790939663150047, "0.25": 0.1319472587808919, "0.3": 0.13592873871965047, "0.35": 0.13740653307317957, "0.4": 0.14199582837218647}, "3": {"0": 0.005257420766925437, "0.05": 0.0032417538832830383, "0.1": 0.003787354730618822, "0.15": 0.003178395039553278, "0.2": 0.0020461994588898383, "0.25": 0.00034021204817580997, "0.3": 0.000279855656075579, "0.35": 0.00028447096414234104, "0.4": 0.00030917721908017734}, "4": {"0": 0.005257420766925437, "0.05": 0.023344425768308214, "0.1": 0.021357619059913898, "0.15": 0.013886679454714642, "0.2": 0.009020186661334627, "0.25": 0.00549450549450549, "0.3": 0.0036339176258935535, "0.35": 0.0015778817935287342, "0.4": 0.0008191240387830158}, "5": {"0": 0.005257420766925437, "0.05": 0.04072861471354221, "0.1": 0.0595809756939479, "0.15": 0.07894505175053623, "0.2": 0.09735367491963497, "0.25": 0.107617939912189, "0.3": 0.10928394624811688, "0.35": 0.10694470968761796, "0.4": 0.1024972460599913}, "6": {"0": 0.005257420766925437, "0.05": 0.006089740389503678, "0.1": 0.0056122881543452805, "0.15": 0.005291470813880987, "0.2": 0.005542109187906488, "0.25": 0.004485514719477476,