{"fscore": {"0": {"0": 0.01044989910955234, "0.05": 0.000976141307522442, "0.1": 0.0005712692430488822, "0.15": 0.0005316482535822287, "0.2": 0.0003150846145895906, "0.25": 0.00019661432828315217, "0.3": 0.00014606685371373418, "0.35": 9.118263882556761e-05, "0.4": 9.87088248873605e-05}, "1": {"0": 0.010442973947806123, "0.05": 0.0021061305470511677, "0.1": 0.0008486980945709457, "0.15": 0.0004559084838370501, "0.2": 0.0003088178354056469, "0.25": 0.0001998320189790716, "0.3": 0.00013546728932567172, "0.35": 6.491732534869695e-05, "0.4": 6.333851980332093e-05}, "2": {"0": 0.010784292460099288, "0.05": 0.0006132398720564339, "0.1": 0.00030429384734195444, "0.15": 0.0001775236438719533, "0.2": 5.2538316079952594e-05, "0.25": 2.9066061852137753e-05, "0.3": 2.2018371804572514e-05, "0.35": 2.3167870796779025e-05, "0.4": 2.4902293086155016e-05}, "3": {"0": 0.010765970928472151, "0.05": 0.004475538149490933, "0.1": 0.0026248497953631307, "0.15": 0.001009117248513269, "0.2": 0.0002199333291826506, "0.25": 5.4038512696307175e-05, "0.3": 1.668670215293692e-05, "0.35": 1.0945071557743295e-05, "0.4": 5.183509183882397e-06}, "4": {"0": 0.010441274224259384, "0.05": 0.013746429570474047, "0.1": 0.004388165968590656, "0.15": 0.0010317785508784539, "0.2": 0.00024361784730883747, "0.25": 0.0, "0.3": 0.0, "0.35": 0.0, "0.4": 0.0}, "5": {"0": 0.010441837166552939, "0.05": 0.016163221549031423, "0.1": 0.008672052221071085, "0.15": 0.003784175042752578, "0.2": 0.0019738816924371482, "0.25": 0.0009821638369940547, "0.3": 0.0007530325571535989, "0.35": 0.0003493607312238784, "0.4": 0.00011386241645647314}, "6": {"0": 0.010441276095502466, "0.05": 0.008280365341208818, "0.1": 0.005234710848510931, "0.15": 0.003002119082641865, "0.2": 0.0018295939793401708, "0.25": 0.0008877601738141575, "0.3": 0.0003092060823646455, "0.35": 0.00021442393558742604, "0.4": 7.429696496898102e-05}, "7": {"0": 0.010477193674956002, "0.05": 0.024719257607978166, "0.1": 0.020123015941994137, "0.15": 0.014214966198516197, "0.2": 0.00948740068668869, "0.25": 0.0067995435130026064, "0.3": 0.005163816241633951, "0.35": 0.0038907758947490166, "0.4": 0.0029629734622803696}, "8": {"0": 0.010444251812003194, "0.05": 0.0022791167667998566, "0.1": 0.0012238380717275396, "0.15": 0.0010515079476428007, "0.2": 0.0007312751493959123, "0.25": 0.0005515790401241182, "0.3": 0.000446724380428012, "0.35": 0.0003387054265383605, "0.4": 0.00030339300711799283}, "9": {"0": 0.01045171587947456, "0.05": 0.004767921495711745, "0.1": 0.0024132101969478884, "0.15": 0.001407895556953482, "0.2": 0.0008915784240971697, "0.25": 0.0005107342602541986, "0.3": 0.00031015344970899815, "0.35": 0.0002218062460879878, "0.4": 0.00016563701464286564}, "10": {"0": 0.010441303956524147, "0.05": 0.042590260349289207, "0.1": 0.049938715310252534, "0.15": 0.0485618603349256, "0.2": 0.042258727959234764, "0.25": 0.03340495056289188, "0.3": 0.023549076184773678, "0.35": 0.01630946790482247, "0.4": 0.010486082124130864}, "11": {"0": 0.010474834914557767, "0.05": 0.0038074990772662097, "0.1": 0.0014530390973259907, "0.15": 0.0007252725489156968, "0.2": 0.0004403555577288528, "0.25": 0.00033817816363367287, "0.3": 0.00017365600185082763, "0.35": 0.00016510299844991712, "0.4": 9.520077320217004e-05}}, "recall": {"0": {"0": 0.9999029605342582, "0.05": 0.008882855715723592, "0.1": 0.002015082042551834, "0.15": 0.0010634400678651188, "0.2": 0.0004049197260310642, "0.25": 0.00020024877890405325, "0.3": 0.00014217489068512728, "0.35": 0.00010448010698762956, "0.4": 0.00010448010698762956}, "1": {"0": 1.0, "0.05": 0.01152842984523782, "0.1": 0.0028237626157134703, "0.15": 0.0011211325795292425, "0.2": 0.0006889152754011997, "0.25": 0.00041799470798207404, "0.3": 0.00019573032599336823, "0.35": 8.922782054677741e-05, "0.4": 8.254109369956913e-05}, "2": {"0": 0.999607361908889, "0.05": 0.002134809940325179, "0.1": 0.0007346978353431931, "0.15": 0.00035970292043614586, "0.2": 9.116159358553206e-05, "0.25": 4.7868473144300625e-05, "0.3": 3.1947694936661836e-05, "0.35": 3.1947694936661836e-05, "0.4": 3.1947694936661836e-05}, "3": {"0": 0.9986095596298934, "0.05": 0.007439418824664662, "0.1": 0.0030842488584469645, "0.15": 0.0010804017304795518, "0.2": 0.00017454659276192882, "0.25": 3.860799164576601e-05, "0.3": 1.212109013774881e-05, "0.35": 6.97745410143474e-06, "0.4": 3.343363423604146e-06}, "4": {"0": 1.0, "0.05": 0.04391388739472553, "0.1": 0.005025454339023598, "0.15": 0.0009328046466952996, "0.2": 0.0001514523197681143, "0.25": 0.0, "0.3": 0.0, "0.35": 0.0, "0.4": 0.0}, "5": {"0": 1.0, "0.05": 0.07481046861573927, "0.1": 0.016305775364688378, "0.15": 0.004866349082833508, "0.2": 0.0018630763739912342, "0.25": 0.0007616663208075125, "0.3": 0.0005051528329332757, "0.35": 0.00021742497081557742, "0.4": 7.821947554187753e-05}, "6": {"0": 1.0, "0.05": 0.06993825220037829, "0.1": 0.019086084186106488, "0.15": 0.006646897873160425, "0.2": 0.003038647433628131, "0.25": 0.001109107919825949, "0.3": 0.0003442699261816694, "0.35": 0.00025201868230955495, "0.4": 8.358408559010364e-05}, "7": {"0": 0.999820738348921, "0.05": 0.1107379805147465, "0.1": 0.055892937147275744, "0.15": 0.029523823516078736, "0.2": 0.016483129468521738, "0.25": 0.010363493979473967, "0.3": 0.007063374449977514, "0.35": 0.004709425730853981, "0.4": 0.0033986127266920525}, "8": {"0": 1.0, "0.05": 0.019715835736497125, "0.1": 0.005486529962032976, "0.15": 0.002387906068152348, "0.2": 0.0009178145021570316, "0.25": 0.0005053857218869259, "0.3": 0.00034127713468172917, "0.35": 0.0002448754568814439, "0.4": 0.00021390535358911076}, "9": {"0": 0.9997167377615794, "0.05": 0.03217471659760815, "0.1": 0.009475960086186858, "0.15": 0.0038279739462611677, "0.2": 0.001868583450274614, "0.25": 0.0009440829989419894, "0.3": 0.00046209007077844443, "0.35": 0.00026125912846025997, "0.4": 0.00017982778158668377}, "10": {"0": 1.0, "0.05": 0.29558265345239987, "0.1": 0.14056477772573422, "0.15": 0.07829448586090536, "0.2": 0.04792415780175499, "0.25": 0.029748817031537714, "0.3": 0.01801451560025573, "0.35": 0.011688068351986994, "0.4": 0.007095583536028273}, "11": {"0": 1.0, "0.05": 0.01706485534117618, "0.1": 0.004332451370608643, "0.15": 0.001592038414556724, "0.2": 0.0007342225859310364, "0.25": 0.0004498352784394688, "0.3": 0.00018368701465803122, "0.35": 0.00015378836671475567, "0.4": 8.207683540513186e-05}}, "precision": {"0": {"0": 0.005261789204110073, "0.05": 0.0005494879058397706, "0.1": 0.0007412679635301701, "0.15": 0.0012375054235431039, "0.2": 0.0013143969183139327, "0.25": 0.0006586015863849364, "0.3": 0.00020750080930622555, "0.35": 0.00010348505834965214, "0.4": 0.0001225899921988187}, "1": {"0": 0.005258276465220903, "0.05": 0.001171755264502918, "0.1": 0.0005116620010173183, "0.15": 0.00029988952235244023, "0.2": 0.00021655469352796733, "0.25": 0.00014799309808503558, "0.3": 0.00011957605464376596, "0.35": 6.526556164920319e-05, "0.4": 6.770539163959261e-05}, "2": {"0": 0.005431340414986015, "0.05": 0.00036917998153649783, "0.1": 0.00019807501721330403, "0.15": 0.00012492332601621707, "0.2": 3.785533591095187e-05, "0.25": 2.0985435267434024e-05, "0.3": 1.6931135286200483e-05, "0.35": 1.8323237982214912e-05, "0.4": 2.0579415012714912e-05}, "3": {"0": 0.005421741651621074, "0.05": 0.0033337295293741, "0.1": 0.002454085016018252, "0.15": 0.0011048355709442602, "0.2": 0.000315711344710751, "0.25": 9.19417135283934e-05, "0.3": 2.8075680031547635e-05, "0.35": 2.6052182521590744e-05, "0.4": 1.1528839391738434e-05}, "4": {"0": 0.005257420766925437, "0.05": 0.012487238994233037, "0.1": 0.009967408586463833, "0.15": 0.0037062244935865793, "0.2": 0.0011423158363980833, "0.25": 0.0, "0.3": 0.0, "0.35": 0.0, "0.4": 0.0}, "5": {"0": 0.005257705100168533, "0.05": 0.010017889524140794, "0.1": 0.00836523772668819, "0.15": 0.006654986515695542, "0.2": 0.0051457836592723105, "0.25": 0.0032471222332297644, "0.3": 0.0028877082899444097, "0.35": 0.0016033670998565682, "0.4": 0.000219176046658494},