{"fscore": {"0": {"0": 0.011099634023900469, "0.05": 0.004063110443007931, "0.1": 0.0020431176321648887, "0.15": 0.0012676690423592332, "0.2": 0.0007940815607875195, "0.25": 0.00044523192996459354, "0.3": 0.00027491086358213284, "0.35": 0.00014537580436658129, "0.4": 4.2584708229845115e-05}, "1": {"0": 0.011099634023900469, "0.05": 0.022125921345718745, "0.1": 0.009437808470525017, "0.15": 0.0034981082089540934, "0.2": 0.001021328289795312, "0.25": 7.504201930630535e-05, "0.3": 3.379685331114384e-05, "0.35": 6.467059091405143e-06, "0.4": 0.0}, "2": {"0": 0.011099634023900469, "0.05": 0.004489605434322562, "0.1": 0.0015743094991071704, "0.15": 0.0005079164641209838, "0.2": 0.00026271244307828545, "0.25": 0.00013238004355234682, "0.3": 8.171821902806918e-05, "0.35": 3.682896549885146e-05, "0.4": 1.4033639157899939e-05}, "3": {"0": 0.011099634023900469, "0.05": 0.001081628702354062, "0.1": 0.00043408433896207575, "0.15": 0.00020143537941636714, "0.2": 7.839311542209291e-05, "0.25": 5.3761804035140194e-05, "0.3": 1.9756802687070466e-05, "0.35": 1.599332940343035e-05, "0.4": 7.832674415997333e-06}, "4": {"0": 0.011099634023900469, "0.05": 0.013494881919460055, "0.1": 0.004116210623411987, "0.15": 0.0011884609132750258, "0.2": 0.0003996279121676312, "0.25": 7.844369351564334e-05, "0.3": 1.0433611681026878e-05, "0.35": 7.72200772200772e-06, "0.4": 0.0}, "5": {"0": 0.011099634023900469, "0.05": 0.026312539119408822, "0.1": 0.015291657643067634, "0.15": 0.008615933169406405, "0.2": 0.005041915012018461, "0.25": 0.003698332135437947, "0.3": 0.0026407570546076453, "0.35": 0.0019128187201698605, "0.4": 0.001429204148718693}, "6": {"0": 0.011099634023900469, "0.05": 0.005604519153173169, "0.1": 0.001527788604209412, "0.15": 0.0005930541238511765, "0.2": 0.00032450482290847095, "0.25": 0.00018521215277575174, "0.3": 0.000122289408551111, "0.35": 8.854858822549873e-05, "0.4": 9.005255448994072e-05}, "7": {"0": 0.011099634023900469, "0.05": 1.4378310606017034e-06, "0.1": 0.0, "0.15": 0.0, "0.2": 0.0, "0.25": 0.0, "0.3": 0.0, "0.35": 0.0, "0.4": 0.0}, "8": {"0": 0.011099634023900469, "0.05": 0.00021109232847813292, "0.1": 5.4185675241335364e-05, "0.15": 4.7312952601900475e-05, "0.2": 4.995779779157037e-05, "0.25": 3.073100229615255e-05, "0.3": 2.1653511589222016e-05, "0.35": 2.2255264737332543e-05, "0.4": 1.8433964884549688e-05}, "9": {"0": 0.011099634023900469, "0.05": 0.0004320863115026725, "0.1": 0.0002374781837136255, "0.15": 0.00012812449316211972, "0.2": 7.965608919453697e-05, "0.25": 5.966953891340662e-05, "0.3": 5.2638907676046303e-05, "0.35": 4.678623433712036e-05, "0.4": 4.9598228459503555e-05}, "10": {"0": 0.011099634023900469, "0.05": 2.347359547559148e-05, "0.1": 0.0, "0.15": 0.0, "0.2": 0.0, "0.25": 0.0, "0.3": 0.0, "0.35": 0.0, "0.4": 0.0}, "11": {"0": 0.011099634023900469, "0.05": 0.0018923752221594798, "0.1": 0.0009024817964919085, "0.15": 0.0005188239113841885, "0.2": 0.00036986804900538, "0.25": 0.00025136387804011116, "0.3": 0.00018291872063396568, "0.35": 8.801215944339602e-05, "0.4": 7.692338952675443e-05}, "12": {"0": 0.011099634023900469, "0.05": 0.0008239035586804205, "0.1": 0.00028185315249473503, "0.15": 0.00012801509425049997, "0.2": 3.625975404969818e-05, "0.25": 1.9199021932359737e-05, "0.3": 8.341937898583123e-06, "0.35": 0.0, "0.4": 0.0}, "13": {"0": 0.011099634023900469, "0.05": 0.0043857027667069375, "0.1": 0.0020404930641117775, "0.15": 0.0013041645625221907, "0.2": 0.0008145393512715235, "0.25": 0.0005732944746952649, "0.3": 0.0004014580125096675, "0.35": 0.0002524580582695495, "0.4": 0.00018384068973121187}, "14": {"0": 0.011099634023900469, "0.05": 0.004530951271910912, "0.1": 0.001865014747413305, "0.15": 0.0008564003207264199, "0.2": 0.00043777929266856393, "0.25": 0.00023677847106706403, "0.3": 0.00013556440662105526, "0.35": 5.1185609632952754e-05, "0.4": 3.9041596666793794e-05}, "15": {"0": 0.011099634023900469, "0.05": 0.002862947297591706, "0.1": 0.0007917342164036449, "0.15": 0.0003620456236000259, "0.2": 0.00013849987568551362, "0.25": 6.684938468532625e-05, "0.3": 2.494563132444501e-05, "0.35": 2.467840947650924e-05, "0.4": 2.5779914932725704e-05}}, "recall": {"0": {"0": 0.5856547591822291, "0.05": 0.02315670922939977, "0.1": 0.006505408151950965, "0.15": 0.002976230045584534, "0.2": 0.0016029883310807358, "0.25": 0.0008413429610170177, "0.3": 0.00043270457291897854, "0.35": 0.00018916922201875764, "0.4": 4.525784240669697e-05}, "1": {"0": 0.5856547591822291, "0.05": 0.06938654507931001, "0.1": 0.02531805844158287, "0.15": 0.008705836366985301, "0.2": 0.00244391692431061, "0.25": 0.00016662449271713346, "0.3": 8.088562974250216e-05, "0.35": 7.986907012550523e-06, "0.4": 0.0}, "2": {"0": 0.5856547591822291, "0.05": 0.017653410222919726, "0.1": 0.004516648644932144, "0.15": 0.001272373559860434, "0.2": 0.0005735944555850591, "0.25": 0.0002680715842491491, "0.3": 0.00014402348856401155, "0.35": 5.484286258834505e-05, "0.4": 1.9045630693649695e-05}, "3": {"0": 0.5856547591822291, "0.05": 0.0044655496646265995, "0.1": 0.001246942744929708, "0.15": 0.0004914216217181649, "0.2": 0.00017023649308795072, "0.25": 0.00010422122571388822, "0.3": 2.8198393019941028e-05, "0.35": 2.0657767902118763e-05, "0.4": 8.467618683286335e-06}, "4": {"0": 0.5856547591822291, "0.05": 0.0444400807147726, "0.1": 0.010922478651707698, "0.15": 0.0026563969344418773, "0.2": 0.0008441122133705347, "0.25": 0.00013115903248668944, "0.3": 1.4983858296550864e-05, "0.35": 1.0688565507917927e-05, "0.4": 0.0}, "5": {"0": 0.5856547591822291, "0.05": 0.14460936302808008, "0.1": 0.05542999368422407, "0.15": 0.024056758972574654, "0.2": 0.010949893153369042, "0.25": 0.006804654970160161, "0.3": 0.004042188430244872, "0.35": 0.0025910880523345517, "0.4": 0.0016835499237350992}, "6": {"0": 0.5856547591822291, "0.05": 0.018092150462419243, "0.1": 0.0032667362727327527, "0.15": 0.0011130407583166116, "0.2": 0.0006044165820910797, "0.25": 0.0003459221042464992, "0.3": 0.00021658225058835738, "0.35": 0.00015500305533693658, "0.4": 0.00015500305533693658}, "7": {"0": 0.5856547591822291, "0.05": 2.1476463943164684e-06, "0.1": 0.0, "0.15": 0.0, "0.2": 0.0, "0.25": 0.0, "0.3": 0.0, "0.35": 0.0, "0.4": 0.0}, "8": {"0": 0.5856547591822291, "0.05": 0.0007524582407445386, "0.1": 0.00013344166921241775, "0.15": 0.00010869497415351637, "0.2": 0.00010869497415351637, "0.25": 6.630559015107227e-05, "0.3": 4.940745891369893e-05, "0.35": 4.940745891369893e-05, "0.4": 4.2482395029984605e-05}, "9": {"0": 0.5856547591822291, "0.05": 0.001693800214586002, "0.1": 0.0006194481114647789, "0.15": 0.00027427398495912273, "0.2": 0.0001564439922693828, "0.25": 0.00011086011132483617, "0.3": 9.494787782435762e-05, "0.35": 8.019448085470536e-05, "0.4": 8.019448085470536e-05}, "10": {"0": 0.5856547591822291, "0.05": 4.6482103366369066e-05, "0.1": 0.0, "0.15": 0.0, "0.2": 0.0, "0.25": 0.0, "0.3": 0.0, "0.35": 0.0, "0.4": 0.0}, "11": {"0": 0.5856547591822291, "0.05": 0.008160296555401942, "0.1": 0.0026778625340143233, "0.15": 0.0012933930790059614, "0.2": 0.0008493778119799517, "0.25": 0.0005661467556653774, "0.3": 0.000393951363120561, "0.35": 0.0001529929336344376, "0.4": 0.0001152041191235328}, "12": {"0": 0.5856547591822291, "0.05": 0.002656092826771659, "0.1": 0.0006921756537572631, "0.15": 0.00028752337237580264, "0.2": 7.031465661961406e-05, "0.25": 3.514707545726128e-05, "0.3": 1.232084282644174e-05, "0.35": 0.0, "0.4": 0.0}, "13": {"0": 0.5856547591822291, "0.05": 0.017255968062962142, "0.1": 0.00569993355955652, "0.15": 0.0029910384160308015, "0.2": 0.0016617381401933635, "0.25": 0.0010934443289880463, "0.3": 0.0007214803400249728, "0.35": 0.0004311170357932415, "0.4": 0.00030396882524228694}, "14": {"0": 0.5856547591822291, "0.05": 0.01451758876849687, "0.1": 0.004137900479735805, "0.15": 0.0016787863374321953, "0.2": 0.0008462296126417723, "0.25": 0.0004274092639461977, "0.3": 0.00024606872623563457, "0.35": 8.149899660877395e-05, "0.4": 6.265007039642731e-05},