{"fscore": {"0": {"0": 0.010441274224259384, "0.05": 0.00830727035699008, "0.1": 0.00624214862120631, "0.15": 0.004118529352858421, "0.2": 0.003235282714775321, "0.25": 0.0024889007199644427, "0.3": 0.001966843492464301, "0.35": 0.0015381952668157772, "0.4": 0.001250525959460117}, "1": {"0": 0.010441274224259384, "0.05": 0.007517752669208722, "0.1": 0.004789485460068686, "0.15": 0.0029552283080177292, "0.2": 0.0020544344988746893, "0.25": 0.0012627108306262121, "0.3": 0.0007977550239632235, "0.35": 0.0006918252388795412, "0.4": 0.0004289462969424422}, "2": {"0": 0.010441274224259384, "0.05": 0.10452628139599283, "0.1": 0.13244422624640423, "0.15": 0.14598069540860628, "0.2": 0.15309469415413132, "0.25": 0.1542607472744129, "0.3": 0.1538871462245451, "0.35": 0.15108286298804913, "0.4": 0.14422621087282558}, "3": {"0": 0.010441274224259384, "0.05": 0.03271331272609447, "0.1": 0.028833518941983844, "0.15": 0.023734645494603253, "0.2": 0.019766143267322577, "0.25": 0.01650805832240569, "0.3": 0.014030015902118538, "0.35": 0.011806614377330592, "0.4": 0.010323339243253677}, "4": {"0": 0.010441274224259384, "0.05": 0.01202069200987193, "0.1": 0.0054807404136411495, "0.15": 0.0026898626055126347, "0.2": 0.0014891092796326453, "0.25": 0.0007692261011666926, "0.3": 0.0005193437897633561, "0.35": 0.00039370182510610675, "0.4": 0.00010927726609423491}, "5": {"0": 0.010441274224259384, "0.05": 0.0019629979017879787, "0.1": 0.0006675576532976182, "0.15": 0.0002234918176052523, "0.2": 0.0001150400871302707, "0.25": 9.533652878989434e-05, "0.3": 5.572272372673576e-05, "0.35": 6.686726847208293e-05, "0.4": 0.0}, "6": {"0": 0.010441274224259384, "0.05": 0.01282900624223627, "0.1": 0.007759565994667405, "0.15": 0.005310850427918547, "0.2": 0.0038581160538651038, "0.25": 0.0028273444567648316, "0.3": 0.002184135461588058, "0.35": 0.0016530872349931852, "0.4": 0.0012348384537657756}, "7": {"0": 0.010441274224259384, "0.05": 0.004352140253083808, "0.1": 0.003467429434551422, "0.15": 0.0028479274608688467, "0.2": 0.002124831788429243, "0.25": 0.0014772056339371932, "0.3": 0.0012277365634280144, "0.35": 0.00039652343265811173, "0.4": 0.00033357160517835834}, "8": {"0": 0.010441274224259384, "0.05": 0.00444582521297657, "0.1": 0.004179119841278009, "0.15": 0.0034952984195294307, "0.2": 0.00279527516754363, "0.25": 0.002198985558271687, "0.3": 0.0013942888702932808, "0.35": 0.0010903681666076172, "0.4": 0.0008829044664327328}, "9": {"0": 0.010441274224259384, "0.05": 0.04085719207016424, "0.1": 0.03938642716906252, "0.15": 0.029206667345044224, "0.2": 0.017870703505121648, "0.25": 0.009927221238472759, "0.3": 0.0050188686830754045, "0.35": 0.0028825300345933294, "0.4": 0.0016820695826935384}, "10": {"0": 0.010441274224259384, "0.05": 0.017500338323561605, "0.1": 0.011939642807780319, "0.15": 0.007957916573330377, "0.2": 0.0049870988232702815, "0.25": 0.003287109938334661, "0.3": 0.002160348840560698, "0.35": 0.0014849151349299358, "0.4": 0.0010041542764197748}, "11": {"0": 0.010441274224259384, "0.05": 0.012556050558422162, "0.1": 0.008411407296964359, "0.15": 0.006122019620870045, "0.2": 0.004387894760459026, "0.25": 0.0028940208045279323, "0.3": 0.002390903270420795, "0.35": 0.0017715396866343721, "0.4": 0.0013129369452868868}, "12": {"0": 0.010441274224259384, "0.05": 0.015769758302206668, "0.1": 0.009530034396814093, "0.15": 0.005971375878865841, "0.2": 0.0035951790943841945, "0.25": 0.002352851768015986, "0.3": 0.0013816150422182095, "0.35": 0.0008234928661255049, "0.4": 0.0003446121110739907}, "13": {"0": 0.010441274224259384, "0.05": 0.030123605090535965, "0.1": 0.020972469657310183, "0.15": 0.014759047308796621, "0.2": 0.010424083600338745, "0.25": 0.00759514431364634, "0.3": 0.005462912300528086, "0.35": 0.004099155774486915, "0.4": 0.0030240607160289365}, "14": {"0": 0.010441274224259384, "0.05": 0.016810754630489578, "0.1": 0.011769652044737492, "0.15": 0.009562717356475675, "0.2": 0.007664085962483338, "0.25": 0.006347342945602723, "0.3": 0.005263911320021793, "0.35": 0.0040750350877142094, "0.4": 0.0035128719217733724}, "15": {"0": 0.010441274224259384, "0.05": 0.020002001395097183, "0.1": 0.015214829240703717, "0.15": 0.011342744074414811, "0.2": 0.00772296792421341, "0.25": 0.005131996473027495, "0.3": 0.0034895765963832625, "0.35": 0.0021601484736209747, "0.4": 0.0013485916126023713}}, "recall": {"0": {"0": 1.0, "0.05": 0.018798354725534094, "0.1": 0.006811279982496975, "0.15": 0.0033879130242905875, "0.2": 0.0023677534391655665, "0.25": 0.001674978918604556, "0.3": 0.0012849659628186704, "0.35": 0.0009767347248880913, "0.4": 0.0007750039447398155}, "1": {"0": 1.0, "0.05": 0.028423087218034528, "0.1": 0.01024389497030138, "0.15": 0.004527660620065722, "0.2": 0.0025376971907759213, "0.25": 0.001365509096899449, "0.3": 0.0007687414745177755, "0.35": 0.0006080860325939374, "0.4": 0.00035058480841162836}, "2": {"0": 1.0, "0.05": 0.529157441478908, "0.1": 0.4421348155000059, "0.15": 0.37178235924467257, "0.2": 0.31646736126971275, "0.25": 0.271670086703181, "0.3": 0.23570060123775421, "0.35": 0.20347168889387857, "0.4": 0.17445333262107593}, "3": {"0": 1.0, "0.05": 0.1590096247643143, "0.1": 0.082223391835376, "0.15": 0.04878771463955386, "0.2": 0.03248624672047607, "0.25": 0.023231467370673085, "0.3": 0.017198903723005754, "0.35": 0.013072895670102213, "0.4": 0.010598775564745587}, "4": {"0": 1.0, "0.05": 0.0345530445916029, "0.1": 0.008928650858312117, "0.15": 0.0032389968280898468, "0.2": 0.0014537455507593882, "0.25": 0.0006778169939238586, "0.3": 0.0004157489338715937, "0.35": 0.0002802516251951072, "0.4": 6.752831818895165e-05}, "5": {"0": 1.0, "0.05": 0.0036264475768047894, "0.1": 0.0006241253674813722, "0.15": 0.00019918186894939683, "0.2": 0.00010296313057537909, "0.25": 7.5984255286869e-05, "0.3": 4.7762334622916366e-05, "0.35": 4.7762334622916366e-05, "0.4": 0.0}, "6": {"0": 1.0, "0.05": 0.07141346447322305, "0.1": 0.023382286684816022, "0.15": 0.011069432517459416, "0.2": 0.006183913783635396, "0.25": 0.003672266337884789, "0.3": 0.0024481309785791814, "0.35": 0.001442686047905277, "0.4": 0.0009494244623035656}, "7": {"0": 1.0, "0.05": 0.011525919584065267, "0.1": 0.007557260013037777, "0.15": 0.005559978992024959, "0.2": 0.0038345996683720536, "0.25": 0.002523859502584882, "0.3": 0.0019573690208716382, "0.35": 0.000658360034719411, "0.4": 0.0005634436430322722}, "8": {"0": 1.0, "0.05": 0.016853273455523034, "0.1": 0.009985503102650862, "0.15": 0.006380945560611285, "0.2": 0.004259659201913033, "0.25": 0.0028217431092792756, "0.3": 0.001645452860678992, "0.35": 0.0011705405614827543, "0.4": 0.000806172734144224}, "9": {"0": 1.0, "0.05": 0.22149682572961574, "0.1": 0.09033720025588003, "0.15": 0.04058938298615909, "0.2": 0.01831972170484957, "0.25": 0.008321678897067404, "0.3": 0.003427283798146133, "0.35": 0.0019286319736733625, "0.4": 0.0010652397115969924}, "10": {"0": 1.0, "0.05": 0.08732217061297579, "0.1": 0.026516799281911276, "0.15": 0.011428838182310733, "0.2": 0.005570881816397182, "0.25": 0.0029533879402089363, "0.3": 0.0017576286696953129, "0.35": 0.001082039449015361, "0.4": 0.0006728845499289809}, "11": {"0": 1.0, "0.05": 0.08176201687460949, "0.1": 0.02819818229821678, "0.15": 0.012995758317820169, "0.2": 0.006695407617950124, "0.25": 0.00365620346155126, "0.3": 0.002445161351390945, "0.35": 0.0016571497464801582, "0.4": 0.0011649807269757133}, "12": {"0": 1.0, "0.05": 0.0718475718518156, "0.1": 0.018723908858503044, "0.15": 0.007762999460624167, "0.2": 0.0033759046358941207, "0.25": 0.0018355224397774142, "0.3": 0.000945480274716921, "0.35": 0.0004899719263371785, "0.4": 0.00019626905972745763}, "13": {"0": 1.0, "0.05": 0.1141409539806984, "0.1": 0.04288588127292279, "0.15": 0.021358300868093736, "0.2": 0.012079576166294109, "0.25": 0.007447403700587991, "0.3": 0.004878446434827882, "0.35": 0.003334075362903263, "0.4": 0.0022794421823151586}, "14": {"0": 1.0, "0.05": 0.07056881360367884, "0.1": 0.026765307973216048,