{"fscore": {"0": {"0": 0.01047891797777074, "0.05": 0.0011373878344011709, "0.1": 0.00033292817704947753, "0.15": 8.466977641679271e-05, "0.2": 5.3897369011196446e-05, "0.25": 1.7401442579589847e-05, "0.3": 1.885156279455567e-05, "0.35": 2.1892137438838837e-05, "0.4": 0.0}, "1": {"0": 0.01047891797777074, "0.05": 0.010272135276802112, "0.1": 0.003005316740356013, "0.15": 0.0005867658786372504, "0.2": 4.241601628775026e-05, "0.25": 0.0, "0.3": 0.0, "0.35": 0.0, "0.4": 0.0}, "2": {"0": 0.01047891797777074, "0.05": 0.07687163064252342, "0.1": 0.09938250607765801, "0.15": 0.09671050467790783, "0.2": 0.08479839815522812, "0.25": 0.07096892856231779, "0.3": 0.05952927249452651, "0.35": 0.04668305184873191, "0.4": 0.0330219354844428}, "3": {"0": 0.01047891797777074, "0.05": 0.010609733208264712, "0.1": 0.0038328535332770477, "0.15": 0.0015562314515220328, "0.2": 0.0005952328772876176, "0.25": 0.0003070693901792309, "0.3": 7.10973225394671e-05, "0.35": 2.950679393930453e-05, "0.4": 0.0}, "4": {"0": 0.01047891797777074, "0.05": 0.021704238116560626, "0.1": 0.01430191939031916, "0.15": 0.006558655047998279, "0.2": 0.003453449874366418, "0.25": 0.0018473845740992498, "0.3": 0.0008003717796688653, "0.35": 0.0005205297414346911, "0.4": 0.0003735196460886551}, "5": {"0": 0.01047891797777074, "0.05": 0.030659113202974212, "0.1": 0.02342601441494438, "0.15": 0.012473663999593753, "0.2": 0.006459094845691839, "0.25": 0.0030519442613020156, "0.3": 0.001783055343525742, "0.35": 0.0009404888089227662, "0.4": 0.0006312873290115608}, "6": {"0": 0.01047893381715241, "0.05": 0.0011860053438151003, "0.1": 0.0007482592469123356, "0.15": 0.0002875338670861071, "0.2": 2.1670145969663993e-05, "0.25": 0.0, "0.3": 0.0, "0.35": 0.0, "0.4": 0.0}, "7": {"0": 0.010359074609838825, "0.05": 0.0024234092241758863, "0.1": 0.0016125694781744353, "0.15": 0.0006615947595828082, "0.2": 0.0002825210294065814, "0.25": 0.00011197602005826508, "0.3": 5.1103273204149017e-05, "0.35": 4.107708777830186e-05, "0.4": 4.485471577085877e-05}, "8": {"0": 0.010478930295715512, "0.05": 0.03953440925434189, "0.1": 0.039907833829568376, "0.15": 0.037235204901821556, "0.2": 0.0336905889027845, "0.25": 0.030297778535078944, "0.3": 0.02711035143308323, "0.35": 0.023801218131738796, "0.4": 0.02107413592366749}, "9": {"0": 0.010478918197772769, "0.05": 0.003852750478595354, "0.1": 0.0021639572219907554, "0.15": 0.001113961097141001, "0.2": 0.0005177259169897, "0.25": 0.0002842733902515814, "0.3": 0.00013260634568901424, "0.35": 1.7605821938746105e-05, "0.4": 1.7667791190501937e-05}, "10": {"0": 0.010478971994796504, "0.05": 0.010420815810988297, "0.1": 0.008506742998343593, "0.15": 0.007345131068458937, "0.2": 0.006550092649991806, "0.25": 0.005544629948843792, "0.3": 0.004502193501791038, "0.35": 0.003402960150878285, "0.4": 0.002096018625967371}, "11": {"0": 0.010478923540663557, "0.05": 0.016304574711222347, "0.1": 0.016222664270239787, "0.15": 0.013667142248483083, "0.2": 0.008404919528752426, "0.25": 0.005356061320784703, "0.3": 0.0034395558451883624, "0.35": 0.001303992388605105, "0.4": 0.0006845192725934979}, "12": {"0": 0.01047891797777074, "0.05": 0.005907108357814094, "0.1": 0.0023049013746660497, "0.15": 0.0006821922986761103, "0.2": 0.00023991400973745672, "0.25": 4.7202354633640684e-05, "0.3": 3.655364005285794e-05, "0.35": 3.0848011845636546e-05, "0.4": 0.0}, "13": {"0": 0.01047891797777074, "0.05": 0.02061917917513297, "0.1": 0.012129684769372392, "0.15": 0.006371618965558454, "0.2": 0.00339877243714319, "0.25": 0.0017609253316261662, "0.3": 0.001086454249357788, "0.35": 0.0007137846877605993, "0.4": 0.0005679217170576028}, "14": {"0": 0.01047891797777074, "0.05": 0.025769565053167052, "0.1": 0.018937910222517385, "0.15": 0.011803779130093938, "0.2": 0.0075322251022043405, "0.25": 0.004260696308844253, "0.3": 0.002401613791589581, "0.35": 0.0017415363561891545, "0.4": 0.0011782889569842835}, "15": {"0": 0.010478930082690028, "0.05": 0.0007409510928216267, "0.1": 0.00031429280233624175, "0.15": 0.0002210130502493605, "0.2": 0.00015954547677724955, "0.25": 0.00010717055646083815, "0.3": 6.41744421765117e-05, "0.35": 5.8478005721411136e-05, "0.4": 1.885156279455567e-05}}, "recall": {"0": {"0": 1.0, "0.05": 0.006533221801402441, "0.1": 0.0009468626643434915, "0.15": 0.0001167342779539735, "0.2": 6.0667756629751874e-05, "0.25": 1.5424005922818276e-05, "0.3": 1.5424005922818276e-05, "0.35": 1.5424005922818276e-05, "0.4": 0.0}, "1": {"0": 1.0, "0.05": 0.06086253620346958, "0.1": 0.005734114314377548, "0.15": 0.000683821547372129, "0.2": 2.4237723593000143e-05, "0.25": 0.0, "0.3": 0.0, "0.35": 0.0, "0.4": 0.0}, "2": {"0": 1.0, "0.05": 0.3414539526100464, "0.1": 0.20318051788551642, "0.15": 0.13334399493130747, "0.2": 0.09120965327655722, "0.25": 0.06413767268789067, "0.3": 0.04830563090297034, "0.35": 0.03471477342585989, "0.4": 0.022380665760975228}, "3": {"0": 1.0, "0.05": 0.039828234447694705, "0.1": 0.005888949654077087, "0.15": 0.0015052310659748017, "0.2": 0.0004701097175134799, "0.25": 0.00021682516867751005, "0.3": 5.3893291283259144e-05, "0.35": 1.9960478253058943e-05, "0.4": 0.0}, "4": {"0": 1.0, "0.05": 0.10320725431266059, "0.1": 0.024165579503561657, "0.15": 0.007265292480983752, "0.2": 0.003132514805723076, "0.25": 0.0014499829008264827, "0.3": 0.0006595473984695669, "0.35": 0.0004104808819760052, "0.4": 0.00030166076837732713}, "5": {"0": 1.0, "0.05": 0.13097247017154032, "0.1": 0.036558546238425874, "0.15": 0.01209069427901692, "0.2": 0.005076646651895962, "0.25": 0.0022060520343118836, "0.3": 0.0011919736434946931, "0.35": 0.0005566065768416074, "0.4": 0.0003639579600665499}, "6": {"0": 1.0, "0.05": 0.01119662441889005, "0.1": 0.0037438480073194785, "0.15": 0.0010026215349305237, "0.2": 5.978638486273369e-05, "0.25": 0.0, "0.3": 0.0, "0.35": 0.0, "0.4": 0.0}, "7": {"0": 0.9797000153430109, "0.05": 0.011080976985454908, "0.1": 0.005037740115958022, "0.15": 0.001588131311261532, "0.2": 0.0005245902806144204, "0.25": 0.0001927972916849505, "0.3": 0.00010019753364826672, "0.35": 8.087320438864382e-05, "0.4": 8.087320438864382e-05}, "8": {"0": 1.0, "0.05": 0.20770342389896557, "0.1": 0.1021741669839899, "0.15": 0.06333585791835795, "0.2": 0.04361859524362088, "0.25": 0.033068038963908475, "0.3": 0.026001072936733968, "0.35": 0.020836040815015295, "0.4": 0.017189975215385483}, "9": {"0": 1.0, "0.05": 0.018746231202286332, "0.1": 0.0031551861566703992, "0.15": 0.0010331840477612066, "0.2": 0.00041905741064264377, "0.25": 0.00022639167552068235, "0.3": 0.0001155853468188901, "0.35": 9.660957023752086e-06, "0.4": 9.660957023752086e-06}, "10": {"0": 0.9999905379655973, "0.05": 0.06953734066755489, "0.1": 0.034902942769412935, "0.15": 0.02127238686458522, "0.2": 0.01430349258774699, "0.25": 0.009470129250928298, "0.3": 0.006397253795880049, "0.35": 0.004111825369421804, "0.4": 0.002192373237813227}, "11": {"0": 1.0, "0.05": 0.11571890645530962, "0.1": 0.05290357589327577, "0.15": 0.0284534294365307, "0.2": 0.0139483997723082, "0.25": 0.0074829248519028635, "0.3": 0.004417528084208225, "0.35": 0.0013800140281330408, "0.4": 0.0006606083552208712}, "12": {"0": 1.0, "0.05": 0.040516049281527036, "0.1": 0.006367938918803524, "0.15": 0.0010275538610286055, "0.2": 0.00026776021087615337, "0.25": 4.943298688350153e-05, "0.3": 3.8122049206768135e-05, "0.35": 3.3932813030200205e-05, "0.4": 0.0}, "13": {"0": 1.0, "0.05": 0.06124690362988911, "0.1": 0.01696437525017222, "0.15": 0.00629844955752428, "0.2": 0.002861196854512196, "0.25": 0.001449632092625947, "0.3": 0.0008213195754546291, "0.35": 0.0005155566813384549, "0.4": 0.0003807019153103465}, "14": {"0": 1.0, "0.05": 0.10795235026861903, "0.1": 0.03258968838206367, "0.15": 0.012980593559990787, "0.2": 0.006666033081815719, "0.25": 0.0033702409061801696, "0.3": 0.0017291786644950567, "0.35": 0.001237929042553234, "0.4": 0.0008046618645849006}, "15": {"0": 1.0, "0.05": 0.005672636004034302, "0.1": 0.0012548617963033426, "0.15": 0.000628333609654664,