{"fscore": {"0": {"0": 0.010441293805779524, "0.05": 0.17851228003276878, "0.1": 0.2058881782149348, "0.15": 0.19321718110108166, "0.2": 0.17051718757444775, "0.25": 0.14702895186901183, "0.3": 0.1252612100116826, "0.35": 0.10403749248175115, "0.4": 0.08593273582926633}, "1": {"0": 0.010441274387872002, "0.05": 0.003237945496736641, "0.1": 0.0010086566018962999, "0.15": 0.0004737658973099498, "0.2": 0.0002896363321646345, "0.25": 0.000199753355797734, "0.3": 0.0001558938885721759, "0.35": 0.00010451408809526639, "0.4": 7.450837909694154e-05}, "2": {"0": 0.010441274224259384, "0.05": 0.0150919255844639, "0.1": 0.01212796557063594, "0.15": 0.010980342724356596, "0.2": 0.009145514376205244, "0.25": 0.007444118322145035, "0.3": 0.005427721467863769, "0.35": 0.0038428011224170473, "0.4": 0.0030067566717172124}, "3": {"0": 0.01044125408326395, "0.05": 0.0038836249704963318, "0.1": 0.002169363510736825, "0.15": 0.0007447059494623058, "0.2": 0.000567472684226975, "0.25": 0.00047660841364588783, "0.3": 0.0003560281163348477, "0.35": 0.00026491085964629993, "0.4": 0.00017359377681215403}, "4": {"0": 0.010441278898066784, "0.05": 0.017156331850576557, "0.1": 0.012119392398309321, "0.15": 0.008545269589569799, "0.2": 0.005452578432693731, "0.25": 0.0036372316003205015, "0.3": 0.0026412080922444624, "0.35": 0.0019331870447911426, "0.4": 0.0015968677875651998}, "5": {"0": 0.010441274257537516, "0.05": 0.02744804072182135, "0.1": 0.01681631746334318, "0.15": 0.008275802673101877, "0.2": 0.0034827347975193534, "0.25": 0.0015689912322533015, "0.3": 0.0007463240172185301, "0.35": 0.00044173698509254196, "0.4": 7.105909148485475e-05}, "6": {"0": 0.010441274224259384, "0.05": 0.019932374740306524, "0.1": 0.012146131346763902, "0.15": 0.00681059417454778, "0.2": 0.004221629827037701, "0.25": 0.0027355376607545506, "0.3": 0.0015501216015295339, "0.35": 0.0008715740242301591, "0.4": 0.0005711197057879887}, "7": {"0": 0.010441274224259384, "0.05": 0.039164180899342815, "0.1": 0.03471982073646633, "0.15": 0.02936520006846461, "0.2": 0.023112681654046403, "0.25": 0.018288737417207435, "0.3": 0.014086410721105842, "0.35": 0.010511176249604254, "0.4": 0.006932631411654159}, "8": {"0": 0.010441274224259384, "0.05": 0.017889071557013442, "0.1": 0.01438208656677908, "0.15": 0.011533357809909878, "0.2": 0.008653498129571963, "0.25": 0.0061347174007746405, "0.3": 0.0046279153438784125, "0.35": 0.003239575079034143, "0.4": 0.001920453807763487}, "9": {"0": 0.010441129241730083, "0.05": 0.06904261534554253, "0.1": 0.12360773413950868, "0.15": 0.1612148968807694, "0.2": 0.1721614979104939, "0.25": 0.16009391039808066, "0.3": 0.14007245275882552, "0.35": 0.11606920929551075, "0.4": 0.09335889177342124}, "10": {"0": 0.010441274224259384, "0.05": 0.01958260351427948, "0.1": 0.0131001096092674, "0.15": 0.009325388828234173, "0.2": 0.0065010866583092896, "0.25": 0.004674711316147486, "0.3": 0.0031155056577262127, "0.35": 0.002377865208796321, "0.4": 0.0018971818712404532}, "11": {"0": 0.010441304450541498, "0.05": 0.023723661576253594, "0.1": 0.017364861904622716, "0.15": 0.011880253692248733, "0.2": 0.00842783993212751, "0.25": 0.006132326833852511, "0.3": 0.004460919103999231, "0.35": 0.0032079030942809704, "0.4": 0.002517392159611841}}, "recall": {"0": {"0": 1.0, "0.05": 0.5376265922698383, "0.1": 0.42406475836866747, "0.15": 0.3116735234230613, "0.2": 0.22840839741933658, "0.25": 0.16991258251765323, "0.3": 0.12812538467680776, "0.35": 0.09692531050928886, "0.4": 0.07368600500624192}, "1": {"0": 1.0, "0.05": 0.015408421923671006, "0.1": 0.0026176355842128054, "0.15": 0.00089102070296114, "0.2": 0.00044977115057482633, "0.25": 0.00026271662581050316, "0.3": 0.00017246528058455674, "0.35": 9.895375993670879e-05, "0.4": 6.209103500979128e-05}, "2": {"0": 1.0, "0.05": 0.06825766040631136, "0.1": 0.028843863906972023, "0.15": 0.016819822107174455, "0.2": 0.010657085802571952, "0.25": 0.007012174607273261, "0.3": 0.004380746497639004, "0.35": 0.002782875595964768, "0.4": 0.001960020514048975}, "3": {"0": 0.9999911430197025, "0.05": 0.012471978672319639, "0.1": 0.004862168495124029, "0.15": 0.0013964405850773814, "0.2": 0.0009295532542144852, "0.25": 0.0007210617012512531, "0.3": 0.00042637230705384064, "0.35": 0.00030678831143361236, "0.4": 0.00020523415772298926}, "4": {"0": 1.0, "0.05": 0.06309618000676552, "0.1": 0.02201591680777759, "0.15": 0.011607601653122197, "0.2": 0.006616274754927922, "0.25": 0.00395034911568097, "0.3": 0.0026452660376028434, "0.35": 0.0017842007682193249, "0.4": 0.0014034215860359298}, "5": {"0": 1.0, "0.05": 0.10714914367679029, "0.1": 0.02413680503198691, "0.15": 0.00811577078379894, "0.2": 0.0028307831843995437, "0.25": 0.0011707035607970162, "0.3": 0.0005992329376839083, "0.35": 0.00030946623581613864, "0.4": 4.051366984506024e-05}, "6": {"0": 1.0, "0.05": 0.06623052927355465, "0.1": 0.0194817929677553, "0.15": 0.007968245852558559, "0.2": 0.0041628127272715695, "0.25": 0.0023908931802743777, "0.3": 0.0011735485722906296, "0.35": 0.000617747514403701, "0.4": 0.00039091624575637244}, "7": {"0": 1.0, "0.05": 0.1448436280750742, "0.1": 0.08638593334321502, "0.15": 0.05529800021442561, "0.2": 0.03461032541299254, "0.25": 0.022647542286781373, "0.3": 0.014600701186017, "0.35": 0.00944912423816721, "0.4": 0.005599160431234878}, "8": {"0": 1.0, "0.05": 0.0759537805093191, "0.1": 0.0285254875488736, "0.15": 0.01547982640685614, "0.2": 0.008955809909354167, "0.25": 0.00578153172198836, "0.3": 0.0039012113337819443, "0.35": 0.0024392440415602385, "0.4": 0.0013135996794062619}, "9": {"0": 0.9999716807140326, "0.05": 0.38664388501545177, "0.1": 0.29110571998913337, "0.15": 0.22908014205087834, "0.2": 0.18109592739445668, "0.25": 0.14080536411050085, "0.3": 0.10958301005187344, "0.35": 0.08403028404686688, "0.4": 0.06341148045979572}, "10": {"0": 1.0, "0.05": 0.06841327573778469, "0.1": 0.023278964775105042, "0.15": 0.011848688456152917, "0.2": 0.00669836544687822, "0.25": 0.00413913318437039, "0.3": 0.0024957419911078253, "0.35": 0.0017886593906430884, "0.4": 0.0013832568601165921}, "11": {"0": 1.0, "0.05": 0.07476329635556987, "0.1": 0.028287617835837053, "0.15": 0.014146736266402477, "0.2": 0.008358130789240576, "0.25": 0.005310661711646064, "0.3": 0.0036434758345662162, "0.35": 0.0024923510438070295, "0.4": 0.0018647250445201964}}, "precision": {"0": {"0": 0.005257430654946275, "0.05": 0.11118161303405334, "0.1": 0.14475474575201452, "0.15": 0.15271314802196637, "0.2": 0.15278420195809625, "0.25": 0.15128341257530548, "0.3": 0.14852224274755724, "0.35": 0.1442016452178612, "0.4": 0.13888183306070492}, "1": {"0": 0.005257420849469567, "0.05": 0.0018406437459700022, "0.1": 0.0006404786067347619, "0.15": 0.0003378498042065195, "0.2": 0.00021993196678591522, "0.25": 0.00016697421707637995, "0.3": 0.00014678723378351672, "0.35": 0.00011501741692313408, "0.4": 0.00010691414904052817}, "2": {"0": 0.005257420766925437, "0.05": 0.008584266173211754, "0.1": 0.007871418198718528, "0.15": 0.008545283057894336, "0.2": 0.008560476457795124, "0.25": 0.008727375544719574, "0.3": 0.008249216883660699, "0.35": 0.007438223886866181, "0.4": 0.007862782926972484}, "3": {"0": 0.005257410702676355, "0.05": 0.0023358909180621473, "0.1": 0.0014462179397929137, "0.15": 0.0005572941348041475, "0.2": 0.0004723200040010356, "0.25": 0.00043292684056108697, "0.3": 0.0003557054712854198, "0.35": 0.0002752262782353053, "0.4": 0.00017807347921259452}, "4": {"0": 0.005257423115368636, "0.05": 0.01091079416468643, "0.1": 0.011298356206475365, "0.15": 0.010591901218406063, "0.2": 0.008145891931483273, "0.25": 0.005682811250487313, "0.3": 0.004056247770301646, "0.35": 0.0037492549724491716, "0.4": 0.003617600656016265}, "5": {"0": 0.005257420783620199, "0.05": 0.017755275244141756, "0.1": 0.018496716675788633, "0.15": 0.015038542793176686, "0.2": 0.008817506045218595, "0.25": 0.006089564991270106, "0.3": 0.0024637404276321023, "0.35": 0.00168282625654742, "0.4": 0.0006686726847208291},