{"fscore": {"0": {"0": 0.010441274224259384, "0.05": 0.009258140942445784, "0.1": 0.0061943678538077095, "0.15": 0.00427072615249288, "0.2": 0.003041250905119883, "0.25": 0.002223439302405899, "0.3": 0.0014488979636837155, "0.35": 0.0009824917967622346, "0.4": 0.0007798201099596513}, "1": {"0": 0.010441274224259384, "0.05": 0.000478852330041018, "0.1": 0.00018144993547333855, "0.15": 3.4736180009293686e-05, "0.2": 1.2802352851178811e-05, "0.25": 1.4656222084476999e-05, "0.3": 1.0961847290505397e-05, "0.35": 0.0, "0.4": 0.0}, "2": {"0": 0.010441274224259384, "0.05": 0.027268805755293224, "0.1": 0.026597717875987834, "0.15": 0.023850688556673404, "0.2": 0.021435854228862232, "0.25": 0.018147453054663823, "0.3": 0.015749460636925085, "0.35": 0.013188156791046486, "0.4": 0.010939204721911407}, "3": {"0": 0.010441274224259384, "0.05": 0.0041621086976968286, "0.1": 0.003455382682722795, "0.15": 0.0014095609823002806, "0.2": 0.0006302396021370598, "0.25": 0.00023758383190538595, "0.3": 0.00011737297168034227, "0.35": 8.51114234708541e-05, "0.4": 3.8335043350088484e-05}, "4": {"0": 0.010441274224259384, "0.05": 0.1939441417301631, "0.1": 0.16363171377605118, "0.15": 0.09462182521243888, "0.2": 0.0561963179312047, "0.25": 0.032987495548048355, "0.3": 0.019051679587347613, "0.35": 0.011833750043514649, "0.4": 0.007623101017778094}, "5": {"0": 0.010441274224259384, "0.05": 0.14007258520839153, "0.1": 0.1886990456636623, "0.15": 0.19445190704716328, "0.2": 0.18018671545927245, "0.25": 0.15897485310116943, "0.3": 0.13461053102631512, "0.35": 0.11324659186434986, "0.4": 0.09473091070630207}, "6": {"0": 0.010441274224259384, "0.05": 0.012048910000260331, "0.1": 0.00903475934611001, "0.15": 0.005627203216158066, "0.2": 0.0038098992586997303, "0.25": 0.0020181367030756617, "0.3": 0.00081945233397681, "0.35": 0.0003646459113113344, "0.4": 0.00014894632660975167}, "7": {"0": 0.010441274224259384, "0.05": 0.019679956635679584, "0.1": 0.012644526573158113, "0.15": 0.007887459961108541, "0.2": 0.004579703452381641, "0.25": 0.0022612282635713116, "0.3": 0.0012046749277316892, "0.35": 0.0006370112139839585, "0.4": 0.00026108406924408857}, "8": {"0": 0.010441274224259384, "0.05": 0.01431539987542851, "0.1": 0.00853510964839578, "0.15": 0.004801491683813066, "0.2": 0.0029365317032480987, "0.25": 0.0018285037069007417, "0.3": 0.0013477404608206224, "0.35": 0.000678769819386194, "0.4": 0.0005598372140414914}, "9": {"0": 0.010441274224259384, "0.05": 0.02913583861199814, "0.1": 0.03522946603443508, "0.15": 0.03992117704078486, "0.2": 0.043714299100466314, "0.25": 0.04483504217009262, "0.3": 0.043243106267473436, "0.35": 0.03969080834667056, "0.4": 0.03526316024703634}, "10": {"0": 0.010441274224259384, "0.05": 0.01984096366786005, "0.1": 0.016914480677536876, "0.15": 0.011060081318244657, "0.2": 0.007537481665683234, "0.25": 0.0052022973685592, "0.3": 0.003488725109060555, "0.35": 0.00287497700694161, "0.4": 0.002251083192886559}, "11": {"0": 0.010441274224259384, "0.05": 0.015535412135799414, "0.1": 0.017146300263315276, "0.15": 0.011780640814516852, "0.2": 0.006747927967179794, "0.25": 0.004015933739653895, "0.3": 0.002451451758008868, "0.35": 0.001174426673304986, "0.4": 0.0006709939192196478}}, "recall": {"0": {"0": 1.0, "0.05": 0.03816202870141874, "0.1": 0.008860091762994462, "0.15": 0.004266768550330966, "0.2": 0.002603138569305562, "0.25": 0.0016672322034461608, "0.3": 0.001089207857146487, "0.35": 0.0007439350134069701, "0.4": 0.0005319896535177788}, "1": {"0": 1.0, "0.05": 0.0022980920002807293, "0.1": 0.00035387840588707294, "0.15": 3.5551364811742785e-05, "0.2": 8.68847347307117e-06, "0.25": 8.68847347307117e-06, "0.3": 5.970291827864546e-06, "0.35": 0.0, "0.4": 0.0}, "2": {"0": 1.0, "0.05": 0.12065911937958632, "0.1": 0.0667001980094767, "0.15": 0.040331079009272346, "0.2": 0.026849093666109804, "0.25": 0.017957545078367797, "0.3": 0.013233184549611966, "0.35": 0.009838073786371478, "0.4": 0.0074864285006094175}, "3": {"0": 1.0, "0.05": 0.012542009236287614, "0.1": 0.007579855775309602, "0.15": 0.002508002616753051, "0.2": 0.0010653975299541548, "0.25": 0.0004614888543250717, "0.3": 0.00012156774791891628, "0.35": 8.541965766580788e-05, "0.4": 2.786136186336788e-05}, "4": {"0": 1.0, "0.05": 0.3305448768310742, "0.1": 0.159685572865589, "0.15": 0.07340929468282574, "0.2": 0.0388464651633409, "0.25": 0.02115508347482058, "0.3": 0.011696441892951461, "0.35": 0.007065964509223747, "0.4": 0.004484941572007666}, "5": {"0": 1.0, "0.05": 0.49958737689418375, "0.1": 0.3744280519914296, "0.15": 0.272890652714611, "0.2": 0.2001923808186107, "0.25": 0.1497360797125198, "0.3": 0.11240039803632028, "0.35": 0.08684170307735636, "0.4": 0.06783245926150802}, "6": {"0": 1.0, "0.05": 0.041444337912264505, "0.1": 0.01182144997267667, "0.15": 0.004999064463062801, "0.2": 0.002616816825908477, "0.25": 0.0012158938962197406, "0.3": 0.00046492862797902054, "0.35": 0.00019976034037717593, "0.4": 8.016580085728708e-05}, "7": {"0": 1.0, "0.05": 0.07367540161257481, "0.1": 0.034174913710021765, "0.15": 0.017629379721286587, "0.2": 0.008849857168693834, "0.25": 0.0037719155751639467, "0.3": 0.0018176440160356615, "0.35": 0.0008210785249494634, "0.4": 0.00029277452281635237}, "8": {"0": 1.0, "0.05": 0.03865826236069615, "0.1": 0.01097040420851274, "0.15": 0.004466545257078593, "0.2": 0.002410029677886642, "0.25": 0.0013536577568172372, "0.3": 0.0009200561524975962, "0.35": 0.0004447215402054723, "0.4": 0.0003575082318992611}, "9": {"0": 1.0, "0.05": 0.1706336146127989, "0.1": 0.10619095304237566, "0.15": 0.07760803442247288, "0.2": 0.06100268632962062, "0.25": 0.048557531238982495, "0.3": 0.03895161685740851, "0.35": 0.031311140414610215, "0.4": 0.025251530130596653}, "10": {"0": 1.0, "0.05": 0.048745696446002434, "0.1": 0.01885475875452435, "0.15": 0.009187848680884366, "0.2": 0.005553780009186047, "0.25": 0.003547490674983318, "0.3": 0.0022765871943340966, "0.35": 0.0018509832394898458, "0.4": 0.0014341909805463205}, "11": {"0": 1.0, "0.05": 0.05870294096200054, "0.1": 0.020183560241286848, "0.15": 0.008485562386934792, "0.2": 0.004119096817206154, "0.25": 0.002324792542446224, "0.3": 0.0013518612426462425, "0.35": 0.0006469735017080981, "0.4": 0.0003655747736475053}}, "precision": {"0": {"0": 0.005257420766925437, "0.05": 0.006268937628702907, "0.1": 0.00686991944600215, "0.15": 0.007356409320495505, "0.2": 0.0077662008752932615, "0.25": 0.006282820893758973, "0.3": 0.004403446028320652, "0.35": 0.0023639702175308995, "0.4": 0.002340354396522902}, "1": {"0": 0.005257420766925437, "0.05": 0.0002718321261218302, "0.1": 0.00012664401116885027, "0.15": 3.64759201123338e-05, "0.2": 2.4315370353484696e-05, "0.25": 4.711103005987661e-05, "0.3": 6.686726847208293e-05, "0.35": 0.0, "0.4": 0.0}, "2": {"0": 0.005257420766925437, "0.05": 0.015549451260622888, "0.1": 0.01697842585472275, "0.15": 0.017515839700709218, "0.2": 0.01877243467979082, "0.25": 0.01984086249707956, "0.3": 0.021619367824092243, "0.35": 0.023262811701490405, "0.4": 0.024905085597057335}, "3": {"0": 0.005257420766925437, "0.05": 0.0025297547369032974, "0.1": 0.002292298328059757, "0.15": 0.0010431457857522158, "0.2": 0.0005095034272320085, "0.25": 0.00019738867026379943, "0.3": 0.00012906291667401463, "0.35": 0.00010289061370878251, "0.4": 6.286666266606086e-05}, "4": {"0": 0.005257420766925437, "0.05": 0.17532606756188238, "0.1": 0.26522863985966055, "0.15": 0.2552860148572531, "0.2": 0.21742694645152028, "0.25": 0.15483742593822827, "0.3": 0.10240705280825642, "0.35": 0.07477246554478252, "0.4": 0.048944452404833555}, "5": {"0": 0.005257420766925437, "0.05": 0.0846863907455482, "0.1": 0.13667173687048836, "0.15": 0.1714070678329822, "0.2": 0.19522872648622108, "0.25": 0.213060525857163, "0.3": 0.222278794278522, "0.35": 0.22751016691505238, "0.4": 0.22777735186837864}, "6": {"0": 0.005257420766925437, "0.05": 0.007646210117020683, "0.1": 0.008919602543268951, "0.15": 0.00892140082388738, "0.2": 0.011877851521783316,