{"fscore": {"0": {"0": 0.010441274224259384, "0.05": 0.12648934438332526, "0.1": 0.12461569541157884, "0.15": 0.09668125215949742, "0.2": 0.069348107882986, "0.25": 0.04798142077853051, "0.3": 0.029903620905652947, "0.35": 0.017173452289320816, "0.4": 0.007870554935961676}, "1": {"0": 0.010441274224259384, "0.05": 0.0015430138432429874, "0.1": 0.0006731865026273107, "0.15": 0.0004121818517905214, "0.2": 1.807223472218457e-05, "0.25": 0.0, "0.3": 0.0, "0.35": 0.0, "0.4": 0.0}, "2": {"0": 0.010441274224259384, "0.05": 0.02776153483563436, "0.1": 0.01477333495380798, "0.15": 0.004637346883686778, "0.2": 0.0009983548726630442, "0.25": 0.00025905437974979936, "0.3": 4.457817898138861e-05, "0.35": 0.0, "0.4": 0.0}, "3": {"0": 0.010441274224259384, "0.05": 0.005049321133415798, "0.1": 0.003056643710857207, "0.15": 0.001041661897868292, "0.2": 0.00031980508140902795, "0.25": 0.00014563302959758314, "0.3": 3.4843014601963585e-05, "0.35": 3.1841556415277584e-05, "0.4": 4.776233462291637e-05}, "4": {"0": 0.010441274224259384, "0.05": 0.16597579884194802, "0.1": 0.23131877375548734, "0.15": 0.23100730696737393, "0.2": 0.20747969026451654, "0.25": 0.18321959901648446, "0.3": 0.15770514687726428, "0.35": 0.12931417483008487, "0.4": 0.10129030865314241}, "5": {"0": 0.010441274224259384, "0.05": 0.0018535511049439096, "0.1": 0.0006960833608729672, "0.15": 0.0002626299952489046, "0.2": 0.0, "0.25": 0.0, "0.3": 0.0, "0.35": 0.0, "0.4": 0.0}, "6": {"0": 0.010441274224259384, "0.05": 0.02738311572520718, "0.1": 0.01934892431350936, "0.15": 0.011837268056370039, "0.2": 0.007089865128762172, "0.25": 0.00470166623922548, "0.3": 0.0031972071673842138, "0.35": 0.0022848656122627254, "0.4": 0.0016437017655257535}, "7": {"0": 0.010441274224259384, "0.05": 0.0310183121754439, "0.1": 0.018055530381274817, "0.15": 0.006715290241968609, "0.2": 0.0009692194908552766, "0.25": 0.00012663674857812447, "0.3": 1.3373453694416582e-05, "0.35": 1.6716817118020728e-05, "0.4": 0.0}, "8": {"0": 0.010441274224259384, "0.05": 0.001605991564765502, "0.1": 0.0, "0.15": 0.0, "0.2": 0.0, "0.25": 0.0, "0.3": 0.0, "0.35": 0.0, "0.4": 0.0}, "9": {"0": 0.010441274224259384, "0.05": 0.05757452095640445, "0.1": 0.12673779061883078, "0.15": 0.14982842666248306, "0.2": 0.13983766181050789, "0.25": 0.11939018820507878, "0.3": 0.0997591403592262, "0.35": 0.08161490852454695, "0.4": 0.0652856587869169}, "10": {"0": 0.010441274224259384, "0.05": 0.012959151527484229, "0.1": 0.002786169458116625, "0.15": 0.0016577934269325816, "0.2": 0.0009861949189995248, "0.25": 0.0006207290501349148, "0.3": 0.00018109885211189123, "0.35": 0.00019810513792459627, "0.4": 9.552466924583273e-05}, "11": {"0": 0.010441274224259384, "0.05": 0.0, "0.1": 0.0, "0.15": 0.0, "0.2": 0.0, "0.25": 0.0, "0.3": 0.0, "0.35": 0.0, "0.4": 0.0}}, "recall": {"0": {"0": 1.0, "0.05": 0.38509307530254616, "0.1": 0.24016734307288518, "0.15": 0.1489245971228546, "0.2": 0.0895812159016882, "0.25": 0.05090418048953019, "0.3": 0.0278061593449702, "0.35": 0.014710825060626858, "0.4": 0.006452581437831304}, "1": {"0": 1.0, "0.05": 0.011939279244521598, "0.1": 0.0025449490520154895, "0.15": 0.0009775940671375525, "0.2": 1.4536362711322373e-05, "0.25": 0.0, "0.3": 0.0, "0.35": 0.0, "0.4": 0.0}, "2": {"0": 1.0, "0.05": 0.15642637897853762, "0.1": 0.02904745894379763, "0.15": 0.004684450184494428, "0.2": 0.0007622745576999909, "0.25": 0.00018236527765113522, "0.3": 2.3881167311458183e-05, "0.35": 0.0, "0.4": 0.0}, "3": {"0": 1.0, "0.05": 0.019420155793100215, "0.1": 0.008194187507526015, "0.15": 0.002496088221154027, "0.2": 0.0008379053532816082, "0.25": 0.0003756449169873909, "0.3": 5.0828160156144106e-05, "0.35": 4.179204279505182e-05, "0.4": 4.179204279505182e-05}, "4": {"0": 1.0, "0.05": 0.5155985293265889, "0.1": 0.38630574681545904, "0.15": 0.28815084273122, "0.2": 0.21499611484577208, "0.25": 0.16790431935117503, "0.3": 0.13215334537051898, "0.35": 0.10224387727874064, "0.4": 0.07675690836504126}, "5": {"0": 1.0, "0.05": 0.008295898837431452, "0.1": 0.0013837025747757941, "0.15": 0.0003648752896496126, "0.2": 0.0, "0.25": 0.0, "0.3": 0.0, "0.35": 0.0, "0.4": 0.0}, "6": {"0": 1.0, "0.05": 0.10336619743844427, "0.1": 0.03272191994798689, "0.15": 0.014221088659017958, "0.2": 0.00716670421520843, "0.25": 0.004262519605586304, "0.3": 0.0027742738296922644, "0.35": 0.001916150467796154, "0.4": 0.0013313418559888549}, "7": {"0": 1.0, "0.05": 0.11966991931108703, "0.1": 0.050010993132658534, "0.15": 0.016048418826072934, "0.2": 0.0019204989392522305, "0.25": 0.00020573043555033, "0.3": 1.4536362711322373e-05, "0.35": 1.4536362711322373e-05, "0.4": 0.0}, "8": {"0": 1.0, "0.05": 0.006446542788595234, "0.1": 0.0, "0.15": 0.0, "0.2": 0.0, "0.25": 0.0, "0.3": 0.0, "0.35": 0.0, "0.4": 0.0}, "9": {"0": 1.0, "0.05": 0.3649924027632751, "0.1": 0.2576458309033377, "0.15": 0.18889699723863165, "0.2": 0.14396944932388397, "0.25": 0.10696606395579764, "0.3": 0.08073037696107319, "0.35": 0.061208206846883946, "0.4": 0.045757278795192834}, "10": {"0": 1.0, "0.05": 0.03604565453185258, "0.1": 0.0037250856943918456, "0.15": 0.0015121299694220945, "0.2": 0.0007455243036988273, "0.25": 0.00038824756728467863, "0.3": 0.00011516029570192058, "0.35": 0.00011516029570192058, "0.4": 5.572272372673576e-05}, "11": {"0": 1.0, "0.05": 0.0, "0.1": 0.0, "0.15": 0.0, "0.2": 0.0, "0.25": 0.0, "0.3": 0.0, "0.35": 0.0, "0.4": 0.0}}, "precision": {"0": {"0": 0.005257420766925437, "0.05": 0.09096149208187485, "0.1": 0.14368818821522147, "0.15": 0.141611550600483, "0.2": 0.11377786105200127, "0.25": 0.08918646797356457, "0.3": 0.06284729609704535, "0.35": 0.03472839152377768, "0.4": 0.014542038814857272}, "1": {"0": 0.005257420766925437, "0.05": 0.0008499386182955948, "0.1": 0.00045390843616879975, "0.15": 0.0003494751757923627, "0.2": 2.3881167311458183e-05, "0.25": 0.0, "0.3": 0.0, "0.35": 0.0, "0.4": 0.0}, "2": {"0": 0.005257420766925437, "0.05": 0.015506068121387788, "0.1": 0.01100068494081971, "0.15": 0.005941774427165649, "0.2": 0.002311696995749153, "0.25": 0.0005516549648946841, "0.3": 0.00033433634236041456, "0.35": 0.0, "0.4": 0.0}, "3": {"0": 0.005257420766925437, "0.05": 0.0030162789226660346, "0.1": 0.001986956605041774, "0.15": 0.0007218553637089113, "0.2": 0.00022202935694926737, "0.25": 0.0001176086644299623, "0.3": 3.0647498049704675e-05, "0.35": 2.5718180181570354e-05, "0.4": 5.572272372673576e-05}, "4": {"0": 0.005257420766925437, "0.05": 0.10982665028044648, "0.1": 0.20203806891907772, "0.15": 0.26691697998852926, "0.2": 0.3163226540992405, "0.25": 0.3510416128181424, "0.3": 0.3552481696244643, "0.35": 0.3295590373072819, "0.4": 0.27894861834179774}, "5": {"0": 0.005257420766925437, "0.05": 0.0011973646269946385, "0.1": 0.0005991411204730342, "0.15": 0.00026263160666370293, "0.2": 0.0, "0.25": 0.0, "0.3": 0.0, "0.35": 0.0, "0.4": 0.0}, "6": {"0": 0.005257420766925437, "0.05": 0.017994806768576076, "0.1": 0.019741946770491254, "0.15": 0.01716746982996137, "0.2": 0.013219456283222753, "0.25": 0.010127770714329146, "0.3": 0.007302266718013953, "0.35": 0.005187580538633698, "0.4": 0.003845133283448228}, "7": {"0": 0.005257420766925437, "0.05": 0.01821476466744391, "0.1": 0.011341763378118387, "0.15": 0.004385599246877969, "0.2": 0.000673380942268867, "0.25": 9.45101098502479e-05, "0.3": 1.238282749483017e-05, "0.35": 1.966684366825968e-05, "0.4": 0.0}, "8": {"0": 0.005257420766925437, "0.05": 0.0010640798792400086, "0.1": 0.0, "0.15": 0.0, "0.2": 0.0, "0.25": 0.0, "0.3": 0.0, "0.35": 0.0, "0.4": 0.0}, "9": {"0": 0.005257420766925437, "0.05": 0.032243409552196, "0.1": 0.0977186705345638, "0.15": 0.1574571855549715, "0.2": 0.1857486178500949, "0.25": 0.20018008411440916, "0.3": 0.21108759615264278, "0.35": 0.22343389691618593, "0.4": 0.23697643695136197}, "10": {"0": 0.005257420766925437, "0.05": 0.009322377606722169, "0.1": 0.00406098571351131, "0.15": 0.003427267989724709, "0.2": 0.0022710990113196734, "0.25": 0.002284631672796166, "0.3": 0.0006129499609940933,