{"fscore": {"0": {"0": 0.010441287278560224, "0.05": 0.036365324812570175, "0.1": 0.02784484235248977, "0.15": 0.018100148142456543, "0.2": 0.011296451449321943, "0.25": 0.006853554004981873, "0.3": 0.003891432488088271, "0.35": 0.0020157362828575145, "0.4": 0.0009416544881720675}, "1": {"0": 0.010441278166065176, "0.05": 0.01136591692586821, "0.1": 0.007281057501032676, "0.15": 0.00480022911347449, "0.2": 0.0032770308978323946, "0.25": 0.0019654393401512356, "0.3": 0.00117019467947473, "0.35": 0.0008319843390938668, "0.4": 0.0003804022897128176}, "2": {"0": 0.01044441804932867, "0.05": 0.036736501623254154, "0.1": 0.03248832129579538, "0.15": 0.030966668147271132, "0.2": 0.029570127461158533, "0.25": 0.025926125469782017, "0.3": 0.02116203746178714, "0.35": 0.016297280491033305, "0.4": 0.01111274198969362}, "3": {"0": 0.010442208943757443, "0.05": 0.005401101401797201, "0.1": 0.004837961306310775, "0.15": 0.0026423285988433107, "0.2": 0.0009475044396788535, "0.25": 0.0002851824139867884, "0.3": 0.0002241262639932108, "0.35": 0.00010050892541856015, "0.4": 6.27376505985637e-05}, "4": {"0": 0.010441274224259384, "0.05": 0.01470673994979088, "0.1": 0.00617334307327109, "0.15": 0.001977280311878426, "0.2": 0.0006024491621039674, "0.25": 0.00015231126293451436, "0.3": 7.074436159885277e-05, "0.35": 6.268806419257773e-05, "0.4": 2.1570086603897714e-05}, "5": {"0": 0.010441276852715103, "0.05": 0.166183632043995, "0.1": 0.25231930102162714, "0.15": 0.2829337291236247, "0.2": 0.28348722039714214, "0.25": 0.2709547697239609, "0.3": 0.25446256865014166, "0.35": 0.2351850161389982, "0.4": 0.20945725856058997}, "6": {"0": 0.010470405549778905, "0.05": 0.057827473352762816, "0.1": 0.045710664926663744, "0.15": 0.034696288388827407, "0.2": 0.02574057368430771, "0.25": 0.01941163483187616, "0.3": 0.013996733164679188, "0.35": 0.010498230810115534, "0.4": 0.007980915496883095}, "7": {"0": 0.010441474803455673, "0.05": 0.012952042734647468, "0.1": 0.006774888768636183, "0.15": 0.0027730618589435633, "0.2": 0.0008013425053137127, "0.25": 0.00026379843505469234, "0.3": 0.0001549295457820179, "0.35": 9.990720024689001e-05, "0.4": 6.870428134219508e-05}, "8": {"0": 0.010441407305315736, "0.05": 0.018012355227132838, "0.1": 0.010323984626569341, "0.15": 0.005586556544436938, "0.2": 0.0030776296090530325, "0.25": 0.0017892202678848094, "0.3": 0.0011661998562800184, "0.35": 0.0006369095460156115, "0.4": 0.00040944637116205394}, "9": {"0": 0.010508349238199438, "0.05": 0.008215532119995433, "0.1": 0.004939048780502191, "0.15": 0.0033530078030754814, "0.2": 0.002037590043421152, "0.25": 0.0013037822909750946, "0.3": 0.0009680747337374755, "0.35": 0.0006722252932466786, "0.4": 0.0004933800489594306}, "10": {"0": 0.01044127474521179, "0.05": 0.02231205907514537, "0.1": 0.012729967557799223, "0.15": 0.005697954366076099, "0.2": 0.0022062699973628163, "0.25": 0.0008794676682151234, "0.3": 0.0003511066559514228, "0.35": 0.00022875424125686538, "0.4": 8.358408559010364e-05}, "11": {"0": 0.01044142554421373, "0.05": 0.009923562503304223, "0.1": 0.005358494504647336, "0.15": 0.003511683972177051, "0.2": 0.0024013985812171815, "0.25": 0.0016211652334449367, "0.3": 0.0008629920539376861, "0.35": 0.00025577787875219753, "0.4": 0.00011153726479269672}}, "recall": {"0": {"0": 1.0, "0.05": 0.16080724630828258, "0.1": 0.054886596747111646, "0.15": 0.023171004792432497, "0.2": 0.011306699748316402, "0.25": 0.0055593825611282765, "0.3": 0.002786156505041856, "0.35": 0.0014115914901191855, "0.4": 0.0006131859677670439}, "1": {"0": 1.0, "0.05": 0.053113362981379496, "0.1": 0.01652339484302703, "0.15": 0.007532619141950685, "0.2": 0.003967993033589342, "0.25": 0.0018874633314229616, "0.3": 0.0009023118316057697, "0.35": 0.0005939390807558595, "0.4": 0.00025546420283361585}, "2": {"0": 1.0, "0.05": 0.12235509213261975, "0.1": 0.06237388995717259, "0.15": 0.04191325361605194, "0.2": 0.031244807530748812, "0.25": 0.022824197503822415, "0.3": 0.016378789106466108, "0.35": 0.011526095267488686, "0.4": 0.007351440979230282}, "3": {"0": 0.9999608337076011, "0.05": 0.012605669375985899, "0.1": 0.007870270083117416, "0.15": 0.003400608424543329, "0.2": 0.0010913919915222332, "0.25": 0.0003433482035200012, "0.3": 0.00027271065920767554, "0.35": 8.62530186658626e-05, "0.4": 5.792536284899757e-05}, "4": {"0": 1.0, "0.05": 0.05662778481375686, "0.1": 0.009177468292482857, "0.15": 0.0021002601979932534, "0.2": 0.0005336051798054439, "0.25": 0.00011585075915999725, "0.3": 3.969637006679167e-05, "0.35": 3.541000670319661e-05, "0.4": 1.1528839391738434e-05}, "5": {"0": 1.0, "0.05": 0.564462698673102, "0.1": 0.4924440620665862, "0.15": 0.4107696033898771, "0.2": 0.3383566805601336, "0.25": 0.27984843661460007, "0.3": 0.23559401207220787, "0.35": 0.20017701204304503, "0.4": 0.16531980923644818}, "6": {"0": 1.0, "0.05": 0.16213034369190207, "0.1": 0.07292789268157591, "0.15": 0.04127506297535094, "0.2": 0.025734387484356507, "0.25": 0.017265610478110652, "0.3": 0.01145161255172525, "0.35": 0.007879038791008507, "0.4": 0.0057067275743806255}, "7": {"0": 1.0, "0.05": 0.024241610644849816, "0.1": 0.008355028447450044, "0.15": 0.002672819507127715, "0.2": 0.000717771715381572, "0.25": 0.0002119893497240955, "0.3": 0.00012055104762604677, "0.35": 7.795329743182296e-05, "0.4": 5.765251502463138e-05}, "8": {"0": 1.0, "0.05": 0.05836767622680945, "0.1": 0.018426367227034716, "0.15": 0.0075847746167366755, "0.2": 0.003617978795440968, "0.25": 0.0019086839632440856, "0.3": 0.0012101377500450662, "0.35": 0.0005839291492690052, "0.4": 0.0003651151477318654}, "9": {"0": 0.9992030901452271, "0.05": 0.03467117458586958, "0.1": 0.01263405088334176, "0.15": 0.0062840058569769396, "0.2": 0.003048753497088207, "0.25": 0.0016180455658687792, "0.3": 0.001064143184054448, "0.35": 0.0006849317218104926, "0.4": 0.0004416106699202413}, "10": {"0": 1.0, "0.05": 0.07344928686080981, "0.1": 0.017090303863661782, "0.15": 0.005162309432724011, "0.2": 0.001603809206582318, "0.25": 0.0005858923155033247, "0.3": 0.0002614987820604671, "0.35": 0.00013652067313050262, "0.4": 4.7762334622916366e-05}, "11": {"0": 1.0, "0.05": 0.03717121097653122, "0.1": 0.010118809344784435, "0.15": 0.004386085770348098, "0.2": 0.0023072566533676076, "0.25": 0.0012757810202516586, "0.3": 0.0005896895256980904, "0.35": 0.0001594941492325097, "0.4": 6.706897968919327e-05}}, "precision": {"0": {"0": 0.005257427339208117, "0.05": 0.021596096950525383, "0.1": 0.021712904028457554, "0.15": 0.019943932181372685, "0.2": 0.017075233630104086, "0.25": 0.014194434206279388, "0.3": 0.01210976502601377, "0.35": 0.008064670201079425, "0.4": 0.004793195214459005}, "1": {"0": 0.00525742274801747, "0.05": 0.006583342975883168, "0.1": 0.005049358813420921, "0.15": 0.003993657931669412, "0.2": 0.0032909864225369023, "0.25": 0.0025455822014981183, "0.3": 0.0021368277029313026, "0.35": 0.0019736201055157924, "0.4": 0.0012544628807209656}, "2": {"0": 0.0052590137994181435, "0.05": 0.021962424991011833, "0.1": 0.02273902882673747, "0.15": 0.02616608392208182, "0.2": 0.031138374786652014, "0.25": 0.03492199632801593, "0.3": 0.03731227243748113, "0.35": 0.03730223450343871, "0.4": 0.032768440436214887}, "3": {"0": 0.00525789234667128, "0.05": 0.0035183811735515413, "0.1": 0.003622074549853529, "0.15": 0.002300317863691536, "0.2": 0.0009575558438192202, "0.25": 0.0003211862850593557, "0.3": 0.00027862472427628044, "0.35": 0.00014476734034613232, "0.4": 7.788779266255172e-05}, "4": {"0": 0.005257420766925437, "0.05": 0.00942958478219326, "0.1": 0.006357518870216436, "0.15": 0.003061071426208115, "0.2": 0.0012789812438759281, "0.25": 0.0006380251866711245, "0.3": 0.0003454808871057617, "0.35": 0.00027861361863367877, "0.4": 0.00016716817118020728}, "5": {"0": 0.005257422089252026, "0.05": 0.10052939967418892, "0.1": 0.18074605615846104, "0.15": 0.23885484459206055, "0.2": 0.2805305086937636, "0.25": 0.3158191196306837, "0.3": 0.3500171889648952, "0.35": 0.37779264510858956,