{"fscore": {"0": {"0": 0.010441274224259384, "0.05": 0.12195441647059777, "0.1": 0.2075590654310975, "0.15": 0.24984381277457973, "0.2": 0.2555024382690948, "0.25": 0.23436442349693518, "0.3": 0.20310330520461858, "0.35": 0.17082006021781615, "0.4": 0.13887188114141094}, "1": {"0": 0.010441274224259384, "0.05": 0.00606787484484223, "0.1": 0.002540014799452881, "0.15": 0.0011284923444909239, "0.2": 0.00038184771981953356, "0.25": 0.00011989570665598749, "0.3": 6.0788425883711734e-05, "0.35": 6.686726847208291e-05, "0.4": 0.0}, "2": {"0": 0.010441274224259384, "0.05": 0.0726815911137153, "0.1": 0.07856809190433532, "0.15": 0.06014795896470497, "0.2": 0.03937413991589781, "0.25": 0.02621875320429023, "0.3": 0.015459185489767125, "0.35": 0.008296868202655771, "0.4": 0.005401894491218958}, "3": {"0": 0.010441274224259384, "0.05": 0.0376887035756948, "0.1": 0.04993243312436024, "0.15": 0.04751019559250854, "0.2": 0.037569636257182994, "0.25": 0.025918085619798217, "0.3": 0.01728619269749038, "0.35": 0.011596561934348205, "0.4": 0.007710380980818831}, "4": {"0": 0.010441274224259384, "0.05": 0.01987369054351177, "0.1": 0.0027761868946986545, "0.15": 0.00032373285511203855, "0.2": 4.6244289716394e-05, "0.25": 2.2729005730642217e-05, "0.3": 2.866175666382031e-05, "0.35": 0.0, "0.4": 0.0}, "5": {"0": 0.010441274224259384, "0.05": 0.002367788356525147, "0.1": 0.000717284369902121, "0.15": 0.0001914252290803903, "0.2": 7.660255131443186e-05, "0.25": 0.0, "0.3": 0.0, "0.35": 0.0, "0.4": 0.0}, "6": {"0": 0.010441274224259384, "0.05": 0.10642716446270405, "0.1": 0.10828833735153062, "0.15": 0.0868645420227676, "0.2": 0.06352879413592981, "0.25": 0.04433180585142488, "0.3": 0.030470738271623235, "0.35": 0.020270059541061834, "0.4": 0.014551387344459155}, "7": {"0": 0.010441274224259384, "0.05": 0.003609726621703481, "0.1": 0.0006073520885777058, "0.15": 0.00011864099516781998, "0.2": 5.7991974919227265e-05, "0.25": 6.55561455608656e-06, "0.3": 0.0, "0.35": 0.0, "0.4": 0.0}, "8": {"0": 0.010441274224259384, "0.05": 0.0014812371675056995, "0.1": 0.0001235353254635008, "0.15": 1.0859646608999932e-05, "0.2": 1.5314886243461443e-05, "0.25": 0.0, "0.3": 0.0, "0.35": 0.0, "0.4": 0.0}, "9": {"0": 0.010441274224259384, "0.05": 0.026386881234916587, "0.1": 0.017422934997262118, "0.15": 0.008631092600746166, "0.2": 0.004510960485415121, "0.25": 0.0025466237552184794, "0.3": 0.0017791019246644144, "0.35": 0.0010565274240324567, "0.4": 0.0005516562570091383}, "10": {"0": 0.010441274224259384, "0.05": 0.011961459664680723, "0.1": 0.00668448920760077, "0.15": 0.002542811544588149, "0.2": 0.0014534821082505718, "0.25": 0.000755753904875399, "0.3": 0.0005434907417114217, "0.35": 0.0003098340319840367, "0.4": 0.00018969316212175675}, "11": {"0": 0.010441274224259384, "0.05": 0.0013331553791411542, "0.1": 0.0002992305947487587, "0.15": 1.6309089871239735e-05, "0.2": 0.0, "0.25": 0.0, "0.3": 0.0, "0.35": 0.0, "0.4": 0.0}, "12": {"0": 0.010441274224259384, "0.05": 0.026072199117984002, "0.1": 0.01283091421445691, "0.15": 0.0047878919338885315, "0.2": 0.002300976327101013, "0.25": 0.0008902662772905769, "0.3": 0.0005628079928002319, "0.35": 0.00040801307922222046, "0.4": 0.00018122250864165932}, "13": {"0": 0.010441274224259384, "0.05": 0.004981969861686512, "0.1": 0.0017728907677658152, "0.15": 0.000617602919206472, "0.2": 7.636305524982247e-05, "0.25": 1.0961847290505397e-05, "0.3": 0.0, "0.35": 0.0, "0.4": 0.0}, "14": {"0": 0.010441274224259384, "0.05": 0.03716579854480259, "0.1": 0.019411203688021957, "0.15": 0.009483518030879629, "0.2": 0.004533540024023415, "0.25": 0.0023578281627729815, "0.3": 0.0013177144953648162, "0.35": 0.0008790037892560611, "0.4": 0.0004844616733382537}, "15": {"0": 0.010441274224259384, "0.05": 0.01499256367969134, "0.1": 0.004629558187110359, "0.15": 0.001100035860207409, "0.2": 0.0002638953195798701, "0.25": 0.0, "0.3": 0.0, "0.35": 0.0, "0.4": 0.0}}, "recall": {"0": {"0": 1.0, "0.05": 0.5182809264021886, "0.1": 0.41631843686104897, "0.15": 0.33580542949702946, "0.2": 0.26726676019080486, "0.25": 0.20497343695292802, "0.3": 0.1556717306106421, "0.35": 0.11893851661031905, "0.4": 0.09021414923730417}, "1": {"0": 1.0, "0.05": 0.023785504729215985, "0.1": 0.004003921185445979, "0.15": 0.0012246709898440992, "0.2": 0.00028776589699325354, "0.25": 7.556601250727106e-05, "0.3": 3.714848248449051e-05, "0.35": 3.714848248449051e-05, "0.4": 0.0}, "2": {"0": 1.0, "0.05": 0.27081540802900544, "0.1": 0.12278892519602129, "0.15": 0.06288955699046718, "0.2": 0.03249898277868646, "0.25": 0.01870128475846119, "0.3": 0.010209851845574935, "0.35": 0.005171810344147963, "0.4": 0.003358015888333699}, "3": {"0": 1.0, "0.05": 0.22970809769270564, "0.1": 0.11196989072458748, "0.15": 0.05972482757338691, "0.2": 0.03362878630780296, "0.25": 0.018894444999089516, "0.3": 0.011203786224768301, "0.35": 0.007165165919996542, "0.4": 0.0047600649175801955}, "4": {"0": 1.0, "0.05": 0.061197563482325655, "0.1": 0.006297076786325952, "0.15": 0.0006337730960969947, "0.2": 7.003563691935442e-05, "0.25": 2.333468751028065e-05, "0.3": 2.333468751028065e-05, "0.35": 0.0, "0.4": 0.0}, "5": {"0": 1.0, "0.05": 0.010943219159886736, "0.1": 0.0015429609607302542, "0.15": 0.00024305954356309805, "0.2": 7.728145207811097e-05, "0.25": 0.0, "0.3": 0.0, "0.35": 0.0, "0.4": 0.0}, "6": {"0": 1.0, "0.05": 0.33454372571642876, "0.1": 0.14876281147987808, "0.15": 0.08436644994042415, "0.2": 0.05019313408177409, "0.25": 0.031109264986564803, "0.3": 0.01994395366724958, "0.35": 0.012412940347983866, "0.4": 0.008615727508319033}, "7": {"0": 1.0, "0.05": 0.009486099565416191, "0.1": 0.0006220472640161444, "0.15": 9.599169752898265e-05, "0.2": 5.107259543836602e-05, "0.25": 3.3102608154496493e-06, "0.3": 0.0, "0.35": 0.0, "0.4": 0.0}, "8": {"0": 1.0, "0.05": 0.0028718987586970053, "0.1": 0.0001990968519148804, "0.15": 1.2282101267504077e-05, "0.2": 1.2282101267504077e-05, "0.25": 0.0, "0.3": 0.0, "0.35": 0.0, "0.4": 0.0}, "9": {"0": 1.0, "0.05": 0.05056857085869398, "0.1": 0.01603847947322469, "0.15": 0.006177066435829406, "0.2": 0.0029149954137589196, "0.25": 0.001614818601175949, "0.3": 0.0011412386192028872, "0.35": 0.0006827389242732299, "0.4": 0.0003642097744747624}, "10": {"0": 1.0, "0.05": 0.025374408008005174, "0.1": 0.005518937740275917, "0.15": 0.0017681343212482218, "0.2": 0.0009382401548669224, "0.25": 0.00047136642713637014, "0.3": 0.00032984776447689946, "0.35": 0.00018335008991867706, "0.4": 0.00010727489577081834}, "11": {"0": 1.0, "0.05": 0.010819366973117708, "0.1": 0.0014005172482202035, "0.15": 1.966684366825968e-05, "0.2": 0.0, "0.25": 0.0, "0.3": 0.0, "0.35": 0.0, "0.4": 0.0}, "12": {"0": 1.0, "0.05": 0.060996543233929265, "0.1": 0.012192690163419043, "0.15": 0.0033672152746620013, "0.2": 0.0014512342313528933, "0.25": 0.0005506358484016335, "0.3": 0.00033799258988809086, "0.35": 0.00024532006890848123, "0.4": 0.00010060019500104463}, "13": {"0": 1.0, "0.05": 0.016622985305107453, "0.1": 0.002755112566620679, "0.15": 0.0005779944879914321, "0.2": 4.8398061656905127e-05, "0.25": 5.572272372673576e-06, "0.3": 0.0, "0.35": 0.0, "0.4": 0.0}, "14": {"0": 1.0, "0.05": 0.06997967279209656, "0.1": 0.018753259552892074, "0.15": 0.006905702768167737, "0.2": 0.002905583615677329, "0.25": 0.0014152870276622762, "0.3": 0.000774902622390403, "0.35": 0.0005047480840193379, "0.4": 0.0002750824168515538}, "15": {"0": 1.0, "0.05": 0.062387718805657605, "0.1": 0.009366693693673742, "0.15": 0.0011750576719479406, "0.2": 0.00020069643807246984, "0.25": 0.0, "0.3": 0.0, "0.35": 0.0, "0.4": 0.0}}, "precision": {"0": {"0": 0.005257420766925437, "0.05": 0.07208506341245513, "0.1": 0.15343722641063107, "0.15": 0.234467719120655, "0.2": 0.30654439582252685, "0.25": 0.3657841544295241, "0.3": 0.41752208450360967, "0.35": 0.4595312126219089, "0.4": 0.48283431953855005}, "1": {"0": 0.005257420766925437, "0.05": 0.0037814132402525496, "0.1": 0.0022684559693455465, "0.15": 0.001498672478878206,