{"fscore": {"0": {"0": 0.010441274224259384, "0.05": 1.0613852138425862e-05, "0.1": 0.0, "0.15": 0.0, "0.2": 0.0, "0.25": 0.0, "0.3": 0.0, "0.35": 0.0, "0.4": 0.0}, "1": {"0": 0.010441274224259384, "0.05": 0.0024762904539704722, "0.1": 0.0009614968415781442, "0.15": 0.00023035407895871638, "0.2": 0.0, "0.25": 0.0, "0.3": 0.0, "0.35": 0.0, "0.4": 0.0}, "2": {"0": 0.010441274224259384, "0.05": 0.0019937825579438694, "0.1": 0.0004880863480446418, "0.15": 6.751130357242811e-05, "0.2": 4.266768559647196e-05, "0.25": 0.0, "0.3": 0.0, "0.35": 0.0, "0.4": 0.0}, "3": {"0": 0.010441274224259384, "0.05": 0.002902898960639912, "0.1": 0.0016964165387769454, "0.15": 0.0009837391054088368, "0.2": 0.000475467884564815, "0.25": 0.00013288542877309175, "0.3": 0.0, "0.35": 0.0, "0.4": 0.0}, "4": {"0": 0.010441274224259384, "0.05": 0.001845426647245533, "0.1": 0.0002322890703730373, "0.15": 3.861500399985975e-05, "0.2": 0.0, "0.25": 0.0, "0.3": 0.0, "0.35": 0.0, "0.4": 0.0}, "5": {"0": 0.010441274224259384, "0.05": 0.021222226316754758, "0.1": 0.018308921327894297, "0.15": 0.015196360123349704, "0.2": 0.011804761763343677, "0.25": 0.008778553427752647, "0.3": 0.006486411610817252, "0.35": 0.004995161801469736, "0.4": 0.0034591214604681713}, "6": {"0": 0.010441274224259384, "0.05": 0.005263419570217585, "0.1": 0.004712392788859531, "0.15": 0.003907938208820101, "0.2": 0.0030089415773776615, "0.25": 0.0022613836532782727, "0.3": 0.0017903904481546202, "0.35": 0.001234175703272021, "0.4": 0.0008964138425604793}, "7": {"0": 0.010441274224259384, "0.05": 0.010044639243831234, "0.1": 0.0086130073576516, "0.15": 0.005466277548747875, "0.2": 0.0028642228030381794, "0.25": 0.001367619473948701, "0.3": 0.0006978368526299109, "0.35": 0.00040527504543450693, "0.4": 0.000201634376669736}, "8": {"0": 0.010441274224259384, "0.05": 0.0024231176002632417, "0.1": 0.0005980209932807657, "0.15": 0.00021524610409111406, "0.2": 9.975451792294114e-05, "0.25": 4.053687437171222e-05, "0.3": 3.5193299195833114e-05, "0.35": 0.0, "0.4": 0.0}, "9": {"0": 0.010441274224259384, "0.05": 0.001996608630437889, "0.1": 0.00020770484662159685, "0.15": 0.00010536660486510036, "0.2": 0.0, "0.25": 0.0, "0.3": 0.0, "0.35": 0.0, "0.4": 0.0}, "10": {"0": 0.010441274224259384, "0.05": 0.09751101690041299, "0.1": 0.10491057308452349, "0.15": 0.09600487354501974, "0.2": 0.08614328743506393, "0.25": 0.07690094981420048, "0.3": 0.0664276452434222, "0.35": 0.056788477625261805, "0.4": 0.046719032861381966}, "11": {"0": 0.010441274224259384, "0.05": 0.03964022460273114, "0.1": 0.040050893388525265, "0.15": 0.03503624496662952, "0.2": 0.0277259814362097, "0.25": 0.0201977922201341, "0.3": 0.013624268378856984, "0.35": 0.009235888379137469, "0.4": 0.005675191617367943}, "12": {"0": 0.010441274224259384, "0.05": 0.002096772031474303, "0.1": 0.0006181309604505619, "0.15": 0.00014275666912948006, "0.2": 7.500084269709631e-05, "0.25": 1.6309089871239735e-05, "0.3": 0.0, "0.35": 0.0, "0.4": 0.0}, "13": {"0": 0.010441274224259384, "0.05": 0.007590907188046848, "0.1": 0.005168404132197818, "0.15": 0.004061416078420365, "0.2": 0.0032755730267977515, "0.25": 0.002611792851100369, "0.3": 0.002105176762193332, "0.35": 0.0015538679276249259, "0.4": 0.0011531196805460915}, "14": {"0": 0.010441274224259384, "0.05": 0.022600791047293435, "0.1": 0.014352799739816393, "0.15": 0.008497862574019759, "0.2": 0.004757641833116539, "0.25": 0.002937294752795441, "0.3": 0.0015613195206080797, "0.35": 0.0008797818018536364, "0.4": 0.0004481721397162092}, "15": {"0": 0.010441274224259384, "0.05": 0.02840938916523554, "0.1": 0.018248699054099343, "0.15": 0.010509078299569572, "0.2": 0.005113094308485643, "0.25": 0.0023180224215073376, "0.3": 0.0010662033187119303, "0.35": 0.0005012916373837142, "0.4": 0.00015219727301470039}}, "recall": {"0": {"0": 1.0, "0.05": 1.4536362711322373e-05, "0.1": 0.0, "0.15": 0.0, "0.2": 0.0, "0.25": 0.0, "0.3": 0.0, "0.35": 0.0, "0.4": 0.0}, "1": {"0": 1.0, "0.05": 0.006065937973740373, "0.1": 0.0008656516498935609, "0.15": 0.00013930711185519088, "0.2": 0.0, "0.25": 0.0, "0.3": 0.0, "0.35": 0.0, "0.4": 0.0}, "2": {"0": 1.0, "0.05": 0.011088012655702445, "0.1": 0.0015576622043828438, "0.15": 9.61177962770977e-05, "0.2": 4.0863330732939555e-05, "0.25": 0.0, "0.3": 0.0, "0.35": 0.0, "0.4": 0.0}, "3": {"0": 1.0, "0.05": 0.01542272040914453, "0.1": 0.0037345784627916038, "0.15": 0.0014315229164827224, "0.2": 0.000501660990415774, "0.25": 0.0001498000494991468, "0.3": 0.0, "0.35": 0.0, "0.4": 0.0}, "4": {"0": 1.0, "0.05": 0.005023474248457659, "0.1": 0.00039987779154528714, "0.15": 4.768579241999503e-05, "0.2": 0.0, "0.25": 0.0, "0.3": 0.0, "0.35": 0.0, "0.4": 0.0}, "5": {"0": 1.0, "0.05": 0.10233300680165265, "0.1": 0.04508420235250002, "0.15": 0.0250069940292907, "0.2": 0.014955216457084421, "0.25": 0.009317578263761363, "0.3": 0.006036000347366508, "0.35": 0.004143147482621584, "0.4": 0.002754895408946241}, "6": {"0": 1.0, "0.05": 0.026065708773038737, "0.1": 0.015599780116709507, "0.15": 0.010292915028877662, "0.2": 0.006567909669769803, "0.25": 0.004358017555770223, "0.3": 0.0030540664256288375, "0.35": 0.0018554966374957032, "0.4": 0.0012387748212274547}, "7": {"0": 1.0, "0.05": 0.019715408105961726, "0.1": 0.010868982604890453, "0.15": 0.005482627082827928, "0.2": 0.0024615283884914896, "0.25": 0.001040113920182153, "0.3": 0.00048361847086764224, "0.35": 0.00027245653483885774, "0.4": 0.00012780278084744635}, "8": {"0": 1.0, "0.05": 0.00321177573871247, "0.1": 0.0006037133774835827, "0.15": 0.000197461633399685, "0.2": 8.926747308668266e-05, "0.25": 4.5321148631078414e-05, "0.3": 3.714848248449051e-05, "0.35": 0.0, "0.4": 0.0}, "9": {"0": 1.0, "0.05": 0.0054715542613354914, "0.1": 0.00020525401832366202, "0.15": 7.562369648628425e-05, "0.2": 0.0, "0.25": 0.0, "0.3": 0.0, "0.35": 0.0, "0.4": 0.0}, "10": {"0": 1.0, "0.05": 0.45146251064779075, "0.1": 0.30761670882445497, "0.15": 0.20890185352183757, "0.2": 0.1484924873238108, "0.25": 0.10993288408759395, "0.3": 0.08090043452019076, "0.35": 0.061153724458626824, "0.4": 0.04455071683538193}, "11": {"0": 1.0, "0.05": 0.23130843812246693, "0.1": 0.11041917840010117, "0.15": 0.05917837646335316, "0.2": 0.03423427099655184, "0.25": 0.019992362562073717, "0.3": 0.011521579857456388, "0.35": 0.006690884956375041, "0.4": 0.0039019502603949265}, "12": {"0": 1.0, "0.05": 0.006546815535445089, "0.1": 0.0009403945992236374, "0.15": 0.0001590457303869228, "0.2": 7.590104657583301e-05, "0.25": 1.2859090090785177e-05, "0.3": 0.0, "0.35": 0.0, "0.4": 0.0}, "13": {"0": 1.0, "0.05": 0.021738060760085862, "0.1": 0.010202771504214387, "0.15": 0.006611502380946038, "0.2": 0.004651617782990889, "0.25": 0.0033120840861545096, "0.3": 0.002410618548640914, "0.35": 0.0015653927419790553, "0.4": 0.0011130874675213296}, "14": {"0": 1.0, "0.05": 0.08293936550791224, "0.1": 0.024262184078112255, "0.15": 0.009656705404172261, "0.2": 0.004172597352878956, "0.25": 0.002222270722436213, "0.3": 0.0009616544259472155, "0.35": 0.000524206264275748, "0.4": 0.00025933903355016187}, "15": {"0": 1.0, "0.05": 0.11736069314614868, "0.1": 0.03635790726922923, "0.15": 0.012730752819888096, "0.2": 0.0044308608632079305, "0.25": 0.0015666031982615447, "0.3": 0.0006278214388968301, "0.35": 0.0002846800206565934, "0.4": 8.445181455440302e-05}}, "precision": {"0": {"0": 0.005257420766925437, "0.05": 8.358408559010366e-06, "0.1": 0.0, "0.15": 0.0, "0.2": 0.0, "0.25": 0.0, "0.3": 0.0, "0.35": 0.0, "0.4": 0.0}, "1": {"0": 0.005257420766925437, "0.05": 0.00306539799849439, "0.1": 0.0032655121170667807, "0.15": 0.0012537612838515546, "0.2": 0.0, "0.25": 0.0, "0.3": 0.0, "0.35": 0.0, "0.4": 0.0}, "2": {"0": 0.005257420766925437, "0.05": 0.0011318819628095293, "0.1": 0.0003144801124755359, "0.15": 5.257768151713145e-05, "0.2": 4.7364315167725396e-05, "0.25": 0.0, "0.3": 0.0, "0.35": 0.0, "0.4": 0.0}, "3": {"0": 0.005257420766925437, "0.05": 0.0016695380494014987, "0.1": 0.00131700050747512, "0.15": 0.0010673358800357185,