{"fscore": {"0": {"0": 0.010441274224259384, "0.05": 0.01209381189584471, "0.1": 0.0026608234354143605, "0.15": 0.0007087544996667562, "0.2": 0.0001701611701337955, "0.25": 9.159745620056689e-05, "0.3": 7.230363176249616e-05, "0.35": 5.436363290413246e-06, "0.4": 5.436363290413246e-06}, "1": {"0": 0.010441274224259384, "0.05": 0.011640342139052734, "0.1": 0.010412070880020415, "0.15": 0.0073486666840524096, "0.2": 0.004600630211289978, "0.25": 0.002465503572072249, "0.3": 0.0012733166090529663, "0.35": 0.000489088105272339, "0.4": 0.0001622465729781477}, "2": {"0": 0.010441274224259384, "0.05": 0.000645339245287129, "0.1": 7.276732157256082e-05, "0.15": 0.0, "0.2": 0.0, "0.25": 0.0, "0.3": 0.0, "0.35": 0.0, "0.4": 0.0}, "3": {"0": 0.010441274224259384, "0.05": 0.004053193005773969, "0.1": 0.0005903718015346141, "0.15": 2.907272542264475e-05, "0.2": 0.0, "0.25": 0.0, "0.3": 0.0, "0.35": 0.0, "0.4": 0.0}, "4": {"0": 0.010441274224259384, "0.05": 0.1362197776462825, "0.1": 0.15624422326267756, "0.15": 0.16486256257319531, "0.2": 0.16515093286375213, "0.25": 0.1598888057305507, "0.3": 0.15049898183776567, "0.35": 0.1416294651327474, "0.4": 0.13220523282254606}, "5": {"0": 0.010441274224259384, "0.05": 0.02548669036777327, "0.1": 0.024384894213778204, "0.15": 0.023800816022196667, "0.2": 0.02312200691494956, "0.25": 0.02236499290308024, "0.3": 0.02074349901672243, "0.35": 0.01809656859117087, "0.4": 0.015365874309178667}, "6": {"0": 0.010441274224259384, "0.05": 0.0075956162952928894, "0.1": 0.006613529647638213, "0.15": 0.0039041213028595707, "0.2": 0.001031882517225047, "0.25": 3.2800021569028604e-05, "0.3": 2.3881167311458186e-05, "0.35": 2.5718180181570348e-05, "0.4": 2.5718180181570348e-05}, "7": {"0": 0.010441274224259384, "0.05": 0.0019730001493960614, "0.1": 0.001255391468193057, "0.15": 0.0012038780431728058, "0.2": 0.0011531496214843286, "0.25": 0.001039677123266802, "0.3": 0.0007048296427276623, "0.35": 0.00047528779063416905, "0.4": 0.000318532380007551}, "8": {"0": 0.010441274224259384, "0.05": 0.027520908022983515, "0.1": 0.012143600740238781, "0.15": 0.005465365867428502, "0.2": 0.0027313041799472133, "0.25": 0.0013977398789782277, "0.3": 0.0007656937385241644, "0.35": 0.00041490147776801375, "0.4": 0.00024849277598866987}, "9": {"0": 0.010441274224259384, "0.05": 0.021607854489536706, "0.1": 0.018528147861233506, "0.15": 0.015320160425982544, "0.2": 0.012909430793782635, "0.25": 0.01093804349037693, "0.3": 0.008713908061852441, "0.35": 0.006735335162862994, "0.4": 0.005157073045686189}, "10": {"0": 0.010441274224259384, "0.05": 0.016677074031607658, "0.1": 0.014893118854742064, "0.15": 0.012739226489230957, "0.2": 0.011114382623223977, "0.25": 0.009745532775448597, "0.3": 0.008048680362155463, "0.35": 0.006519216021262583, "0.4": 0.004722344808179435}, "11": {"0": 0.010441274224259384, "0.05": 0.003883520354186603, "0.1": 0.001115198902022804, "0.15": 0.0004211406702305189, "0.2": 0.00019900835903738178, "0.25": 0.00013643482787230524, "0.3": 6.6224789174125e-05, "0.35": 0.0, "0.4": 0.0}}, "recall": {"0": {"0": 1.0, "0.05": 0.01641730631258099, "0.1": 0.0020067489899043924, "0.15": 0.00047765075796693746, "0.2": 0.00012336722307817332, "0.25": 7.485222193957853e-05, "0.3": 5.846318554936211e-05, "0.35": 2.740461822626349e-06, "0.4": 2.740461822626349e-06}, "1": {"0": 1.0, "0.05": 0.02318994619617893, "0.1": 0.014281946825586601, "0.15": 0.007961941654421698, "0.2": 0.004241782190856352, "0.25": 0.0020110276880611383, "0.3": 0.0009708921190756638, "0.35": 0.00036519361689348306, "0.4": 0.00013352469355435955}, "2": {"0": 1.0, "0.05": 0.0008121733631261061, "0.1": 4.7762334622916366e-05, "0.15": 0.0, "0.2": 0.0, "0.25": 0.0, "0.3": 0.0, "0.35": 0.0, "0.4": 0.0}, "3": {"0": 1.0, "0.05": 0.005466340795199595, "0.1": 0.00036789650375126747, "0.15": 1.5197106470927935e-05, "0.2": 0.0, "0.25": 0.0, "0.3": 0.0, "0.35": 0.0, "0.4": 0.0}, "4": {"0": 1.0, "0.05": 0.5552798524285767, "0.1": 0.4584958380456909, "0.15": 0.3761628065898467, "0.2": 0.3063956698063234, "0.25": 0.24762324816296963, "0.3": 0.1996068672852073, "0.35": 0.16609921065041766, "0.4": 0.13886376788480417}, "5": {"0": 1.0, "0.05": 0.05998099535661967, "0.1": 0.038969160724986865, "0.15": 0.030602670467422988, "0.2": 0.025418345795528038, "0.25": 0.021750486314451728, "0.3": 0.01823151313516387, "0.35": 0.014573298790282189, "0.4": 0.011339541360733462}, "6": {"0": 1.0, "0.05": 0.018208113145196526, "0.1": 0.012484089674298086, "0.15": 0.006360389690760881, "0.2": 0.0014706746398937302, "0.25": 5.2476763821979594e-05, "0.3": 4.179204279505182e-05, "0.35": 4.179204279505182e-05, "0.4": 4.179204279505182e-05}, "7": {"0": 1.0, "0.05": 0.011699979502461036, "0.1": 0.004628134819576211, "0.15": 0.0030037948164649167, "0.2": 0.0019964661219185826, "0.25": 0.001309518345141829, "0.3": 0.0006637053028113689, "0.35": 0.00038606502132007385, "0.4": 0.00021984612688396557}, "8": {"0": 1.0, "0.05": 0.05451961554882919, "0.1": 0.011871499079240375, "0.15": 0.004108068518875998, "0.2": 0.0017436840900874836, "0.25": 0.0008360457997659203, "0.3": 0.0004283647630199984, "0.35": 0.00022124762657535255, "0.4": 0.00013173399684132626}, "9": {"0": 1.0, "0.05": 0.0990745574962124, "0.1": 0.058113887247547624, "0.15": 0.038242303702311915, "0.2": 0.027398716349210588, "0.25": 0.020178095038231012, "0.3": 0.01402176921037479, "0.35": 0.009604197466023196, "0.4": 0.006591621937455554}, "10": {"0": 1.0, "0.05": 0.07245549082690637, "0.1": 0.03238195121498729, "0.15": 0.01871633605191404, "0.2": 0.012838101627187957, "0.25": 0.009441288033866445, "0.3": 0.006864241535616681, "0.35": 0.005000606022527393, "0.4": 0.0033127577835938525}, "11": {"0": 1.0, "0.05": 0.006939575889080186, "0.1": 0.0010211354927790852, "0.15": 0.0002887824890683001, "0.2": 0.00012904823710633458, "0.25": 8.064082959260295e-05, "0.3": 3.6174096058667805e-05, "0.35": 0.0, "0.4": 0.0}}, "precision": {"0": {"0": 0.005257420766925437, "0.05": 0.01129028975901597, "0.1": 0.007141177521052843, "0.15": 0.003561060612052297, "0.2": 0.0018773250969840738, "0.25": 0.0007661874512426168, "0.3": 0.00041792042795051824, "0.35": 0.00033433634236041456, "0.4": 0.00033433634236041456}, "1": {"0": 0.005257420766925437, "0.05": 0.00791805138404452, "0.1": 0.008426593464584893, "0.15": 0.007162706469769352, "0.2": 0.005384153743727453, "0.25": 0.003556145479890787, "0.3": 0.00218779748599019, "0.35": 0.0009400812639581505, "0.4": 0.0003021528019315499}, "2": {"0": 0.005257420766925437, "0.05": 0.0009178246088588997, "0.1": 0.00016716817118020728, "0.15": 0.0, "0.2": 0.0, "0.25": 0.0, "0.3": 0.0, "0.35": 0.0, "0.4": 0.0}, "3": {"0": 0.005257420766925437, "0.05": 0.003920158850938445, "0.1": 0.00315231408511248, "0.15": 0.00033433634236041456, "0.2": 0.0, "0.25": 0.0, "0.3": 0.0, "0.35": 0.0, "0.4": 0.0}, "4": {"0": 0.005257420766925437, "0.05": 0.07922622293760284, "0.1": 0.09702750984064108, "0.15": 0.1102238539324783, "0.2": 0.12001136471688538, "0.25": 0.12779843844969532, "0.3": 0.13364073543732796, "0.35": 0.14039759578816532, "0.4": 0.14711216535578855}, "5": {"0": 0.005257420766925437, "0.05": 0.0166487598781333, "0.1": 0.018585968086433462, "0.15": 0.020697448493494964, "0.2": 0.022831101270877313, "0.25": 0.025295989615713617, "0.3": 0.026942623148382867, "0.35": 0.027810342895846333, "0.4": 0.028604091768006833}, "6": {"0": 0.005257420766925437, "0.05": 0.004876199978638073, "0.1": 0.0045805291666701125, "0.15": 0.0028837260952275755, "0.2": 0.0008172974386868828, "0.25": 2.4883329772924478e-05, "0.3": 1.671681711802073e-05, "0.35": 1.8574241242245254e-05, "0.4": 1.8574241242245254e-05}, "7": {"0": 0.005257420766925437, "0.05": 0.0010968269902962595, "0.1": 0.0007550798296420215, "0.15": 0.0008060582691301141, "0.2": 0.0008847505125335991, "0.25": 0.0009517833157090411, "0.3": 0.0008259391520632996, "0.35": 0.0007094176709034217, "0.4": 0.000711599097900808}, "8": {"0": 0.005257420766925437, "0.05": 0.02111323809008177,