{"fscore": {"0": {"0": 0.010441274224259384, "0.05": 0.13148966662373068, "0.1": 0.1433181823104859, "0.15": 0.1172604044303286, "0.2": 0.08852108109755094, "0.25": 0.06672331461305772, "0.3": 0.05000649208960426, "0.35": 0.03506961692156313, "0.4": 0.02559286896015407}, "1": {"0": 0.010441274224259384, "0.05": 0.05519235494622966, "0.1": 0.048015221580697785, "0.15": 0.03236949775166797, "0.2": 0.020286239411318362, "0.25": 0.013178164272583292, "0.3": 0.008945956990147295, "0.35": 0.005597228260448732, "0.4": 0.003064389056033457}, "2": {"0": 0.010441274224259384, "0.05": 0.1314888547373188, "0.1": 0.20447958191731214, "0.15": 0.23369280130470768, "0.2": 0.2304721184292213, "0.25": 0.21632862819226073, "0.3": 0.19714154008212584, "0.35": 0.174603036515996, "0.4": 0.15403439566603966}, "3": {"0": 0.010441274224259384, "0.05": 0.0009061064812444695, "0.1": 0.00030533710661832786, "0.15": 0.00014121522157828335, "0.2": 5.5994339725539285e-05, "0.25": 2.089099952264066e-05, "0.3": 2.2596655073641085e-05, "0.35": 2.4260233459259105e-05, "0.4": 1.0961847290505397e-05}, "4": {"0": 0.010441274224259384, "0.05": 0.021925539727632344, "0.1": 0.01569642644964461, "0.15": 0.010334619687195554, "0.2": 0.0067239910506585055, "0.25": 0.0039600646060791, "0.3": 0.0025315690238707, "0.35": 0.0016259100207556942, "0.4": 0.0012037439625535913}, "5": {"0": 0.010441274224259384, "0.05": 0.020349082886543062, "0.1": 0.014775657118306461, "0.15": 0.009323679790486627, "0.2": 0.006135875294368513, "0.25": 0.0044202156442046635, "0.3": 0.0023106903264270774, "0.35": 0.0012321734419542478, "0.4": 0.0009914437642765668}, "6": {"0": 0.010441274224259384, "0.05": 0.04466715290225002, "0.1": 0.04866001189576949, "0.15": 0.04214413695925538, "0.2": 0.03295477971854607, "0.25": 0.025165508550732078, "0.3": 0.018420633726342468, "0.35": 0.012820218849832808, "0.4": 0.00916517812088189}, "7": {"0": 0.010441274224259384, "0.05": 0.07550192571513001, "0.1": 0.07259525297841428, "0.15": 0.05687006895099301, "0.2": 0.038677732973552564, "0.25": 0.024010711572132623, "0.3": 0.013495929427121075, "0.35": 0.006789927086363945, "0.4": 0.003162595984693029}, "8": {"0": 0.010441274224259384, "0.05": 0.009992762408192964, "0.1": 0.0025718461471850567, "0.15": 0.0006266113421098945, "0.2": 0.00031234957949839715, "0.25": 0.00016083216647427395, "0.3": 8.69906521414822e-05, "0.35": 6.0149924743706085e-05, "0.4": 5.206820837198208e-05}, "9": {"0": 0.010441274224259384, "0.05": 0.0450608038856455, "0.1": 0.053825528200911875, "0.15": 0.05290869023124125, "0.2": 0.04531444562282756, "0.25": 0.03651630502208068, "0.3": 0.02831780885174294, "0.35": 0.020711562986530544, "0.4": 0.015034982773959281}, "10": {"0": 0.010441274224259384, "0.05": 0.01553018218373265, "0.1": 0.012635355045157972, "0.15": 0.009881210015116146, "0.2": 0.00697440571481629, "0.25": 0.00483002321380265, "0.3": 0.0036558819378788407, "0.35": 0.0028978542341770693, "0.4": 0.0025134534069622258}, "11": {"0": 0.010441274224259384, "0.05": 0.0067933681313821015, "0.1": 0.00463087295713513, "0.15": 0.0035875359643574834, "0.2": 0.0027085360842600496, "0.25": 0.002287397379491831, "0.3": 0.001943075523228525, "0.35": 0.0014868132540030341, "0.4": 0.0012160637161694663}, "12": {"0": 0.010441274224259384, "0.05": 0.023752446726767917, "0.1": 0.012328024272081638, "0.15": 0.006149649436073145, "0.2": 0.0029649664149109267, "0.25": 0.0015919240601314217, "0.3": 0.0008910121720635958, "0.35": 0.0005787153608433087, "0.4": 0.0005363370820353771}, "13": {"0": 0.010441274224259384, "0.05": 0.014724817042508385, "0.1": 0.012701014998694988, "0.15": 0.010281007009040142, "0.2": 0.0077436041377367815, "0.25": 0.006156861046098881, "0.3": 0.004373571532476255, "0.35": 0.003358995500932663, "0.4": 0.0026472964335840813}, "14": {"0": 0.010441274224259384, "0.05": 0.07653004677472094, "0.1": 0.08182109040978601, "0.15": 0.06858426765259601, "0.2": 0.05452284855102001, "0.25": 0.04027938021042347, "0.3": 0.03040785380271592, "0.35": 0.0227676205287428, "0.4": 0.016200299400802278}, "15": {"0": 0.010441274224259384, "0.05": 0.027753204417447625, "0.1": 0.01913733403774091, "0.15": 0.012982740672021084, "0.2": 0.00896911038869609, "0.25": 0.005847469707120577, "0.3": 0.003813189923935771, "0.35": 0.0025535899887196333, "0.4": 0.002125906969021404}}, "recall": {"0": {"0": 1.0, "0.05": 0.3224005364663795, "0.1": 0.18152076795390587, "0.15": 0.11172703829760217, "0.2": 0.07231969507953276, "0.25": 0.049337306699183146, "0.3": 0.03475961860924537, "0.35": 0.023146128338077717, "0.4": 0.016163204049566553}, "1": {"0": 1.0, "0.05": 0.238095563111222, "0.1": 0.09368236676591025, "0.15": 0.04143665202909467, "0.2": 0.020043666717840223, "0.25": 0.011289950247318084, "0.3": 0.00702534795680029, "0.35": 0.004096715848620312, "0.4": 0.0020042337142005544}, "2": {"0": 1.0, "0.05": 0.528946813388664, "0.1": 0.41698590729341656, "0.15": 0.3325915838849204, "0.2": 0.2646647580907202, "0.25": 0.21461227254892376, "0.3": 0.17647429710020027, "0.35": 0.14396359024477606, "0.4": 0.11843302109626262}, "3": {"0": 1.0, "0.05": 0.005562252834293779, "0.1": 0.0007601152445844989, "0.15": 0.00025371019665320374, "0.2": 4.5709729289375064e-05, "0.25": 1.4465042466083948e-05, "0.3": 1.4465042466083948e-05, "0.35": 1.4465042466083948e-05, "0.4": 5.666717667125671e-06}, "4": {"0": 1.0, "0.05": 0.12254581569963548, "0.1": 0.04474839704531173, "0.15": 0.020464806359406233, "0.2": 0.01004463135464887, "0.25": 0.004779971775014435, "0.3": 0.0027243384243806545, "0.35": 0.0015414033502934785, "0.4": 0.0010315347501931998}, "5": {"0": 1.0, "0.05": 0.09464735000681859, "0.1": 0.02818415043128699, "0.15": 0.0105613998835097, "0.2": 0.005333353854523628, "0.25": 0.0032692159702909793, "0.3": 0.0015714715456416363, "0.35": 0.000775867046686554, "0.4": 0.0005760762118069333}, "6": {"0": 1.0, "0.05": 0.16148516258178125, "0.1": 0.07677344431292903, "0.15": 0.04368606409536405, "0.2": 0.027040240686399878, "0.25": 0.017875746474626576, "0.3": 0.011914267452357461, "0.35": 0.007739790109768098, "0.4": 0.005322811400081839}, "7": {"0": 1.0, "0.05": 0.24071622069192813, "0.1": 0.11566404634905236, "0.15": 0.06291852032358462, "0.2": 0.03410198539775507, "0.25": 0.01864177107729891, "0.3": 0.009664156841057784, "0.35": 0.004432789531533374, "0.4": 0.0019265084981302779}, "8": {"0": 1.0, "0.05": 0.024762987488232573, "0.1": 0.003512191847218363, "0.15": 0.0006762335740076429, "0.2": 0.00025188592762359277, "0.25": 0.00011049743707198399, "0.3": 5.6934224030335645e-05, "0.35": 3.87109495557491e-05, "0.4": 3.3044231888623426e-05}, "9": {"0": 1.0, "0.05": 0.21740736449390066, "0.1": 0.12577786445992314, "0.15": 0.08255570642546227, "0.2": 0.054961210394647096, "0.25": 0.03670064623663027, "0.3": 0.02507279440754322, "0.35": 0.016383982932766734, "0.4": 0.011114187686938656}, "10": {"0": 1.0, "0.05": 0.06488095862508791, "0.1": 0.031150429694645064, "0.15": 0.017233129935552986, "0.2": 0.009677006318354452, "0.25": 0.005571511957336288, "0.3": 0.003707775317918199, "0.35": 0.002563721036021203, "0.4": 0.0020304875550685142}, "11": {"0": 1.0, "0.05": 0.03986719057380225, "0.1": 0.012323753488917398, "0.15": 0.006035174332208681, "0.2": 0.0033448777614093752, "0.25": 0.002234040156111623, "0.3": 0.001555108837912469, "0.35": 0.0010810735494303845, "0.4": 0.0008173231309022015}, "12": {"0": 1.0, "0.05": 0.06980284614676788, "0.1": 0.017530340064981765, "0.15": 0.0063011933415544254, "0.2": 0.002523020971214651, "0.25": 0.0012104020245923886, "0.3": 0.0006475698610141772, "0.35": 0.00041375803937957763, "0.4": 0.00036691353048042664}, "13": {"0": 1.0, "0.05": 0.0594755860922888, "0.1": 0.02780242109013578, "0.15": 0.016026483646843295, "0.2": 0.00955210350346837, "0.25": 0.00640070110145965, "0.3": 0.0040491435842615695, "0.35": 0.0027599690982423155, "0.4": 0.0019985762343695517}, "14": {"0": 1.0, "0.05": 0.29864679930606386, "0.1": 0.15276679395635698, "0.15": 0.09146230213109377,