{"fscore": {"0": {"0": 0.010441274224259384, "0.05": 0.1671487903750099, "0.1": 0.2519315784453288, "0.15": 0.2929098853552229, "0.2": 0.3092535916016509, "0.25": 0.30491876513751537, "0.3": 0.2895164489749822, "0.35": 0.2678443885168453, "0.4": 0.24411683880644997}, "1": {"0": 0.010441274224259384, "0.05": 0.0009605081232568725, "0.1": 0.00017002684498590478, "0.15": 1.7648574137713688e-05, "0.2": 0.0, "0.25": 0.0, "0.3": 0.0, "0.35": 0.0, "0.4": 0.0}, "2": {"0": 0.010441274224259384, "0.05": 0.01606764709941088, "0.1": 0.015797104866556985, "0.15": 0.01601858862738756, "0.2": 0.016419091345829313, "0.25": 0.01687092497744047, "0.3": 0.016958126930639722, "0.35": 0.01658160984356763, "0.4": 0.014438007750800647}, "3": {"0": 0.010441274224259384, "0.05": 0.004493160980056933, "0.1": 0.003438440047349376, "0.15": 0.0011704776097115055, "0.2": 0.00041398237710024217, "0.25": 0.00010860260308859754, "0.3": 3.971166689438153e-05, "0.35": 8.255218329886781e-06, "0.4": 8.572726727190118e-06}, "4": {"0": 0.010441274224259384, "0.05": 0.0009025755362481754, "0.1": 0.00033939036376869904, "0.15": 0.00021298183611209647, "0.2": 0.00011608900776403283, "0.25": 4.179204279505182e-05, "0.3": 0.0, "0.35": 0.0, "0.4": 0.0}, "5": {"0": 0.010441274224259384, "0.05": 0.03220897912958536, "0.1": 0.030432314901810417, "0.15": 0.021800222980047634, "0.2": 0.015049910791955825, "0.25": 0.010250989265639778, "0.3": 0.008275669770389025, "0.35": 0.006240644040634942, "0.4": 0.004668560143140689}, "6": {"0": 0.010441274224259384, "0.05": 0.030970945010540457, "0.1": 0.031452869263886456, "0.15": 0.026472001366307046, "0.2": 0.02074531811618036, "0.25": 0.015198924456894808, "0.3": 0.011317701801953075, "0.35": 0.008816308467159015, "0.4": 0.00673405677184702}, "7": {"0": 0.010441274224259384, "0.05": 0.016580874608256493, "0.1": 0.007289815704774664, "0.15": 0.002785758397444157, "0.2": 0.0011165329288795331, "0.25": 0.0005266436119049272, "0.3": 0.00032483075876507076, "0.35": 0.00020134062753346757, "0.4": 0.00010334913269783043}, "8": {"0": 0.010441274224259384, "0.05": 0.07243582511270356, "0.1": 0.09237274573624879, "0.15": 0.08802196751905837, "0.2": 0.076202644411716, "0.25": 0.061460494236709906, "0.3": 0.04846579847775004, "0.35": 0.03636864771253275, "0.4": 0.027094099927122868}, "9": {"0": 0.010441274224259384, "0.05": 0.003195724713656111, "0.1": 0.0020642333487883606, "0.15": 0.0015059298821376444, "0.2": 0.0011837276394623254, "0.25": 0.0010272134971373488, "0.3": 0.0009702104143678492, "0.35": 0.000760851659511033, "0.4": 0.0006260375258377137}, "10": {"0": 0.010441274224259384, "0.05": 0.037959244017366056, "0.1": 0.03774121721937941, "0.15": 0.029314132669263224, "0.2": 0.02195806560742502, "0.25": 0.01645442402171955, "0.3": 0.01282597851908663, "0.35": 0.010537571118440716, "0.4": 0.007990388742286749}, "11": {"0": 0.010441274224259384, "0.05": 0.005815497091911736, "0.1": 0.002767192076623255, "0.15": 0.0013625640714572378, "0.2": 0.0007751901572454625, "0.25": 0.0002957340201093877, "0.3": 5.6518762637117706e-05, "0.35": 1.2616465749449605e-05, "0.4": 0.0}}, "recall": {"0": {"0": 1.0, "0.05": 0.5444890898577799, "0.1": 0.47893424893539394, "0.15": 0.422766097452284, "0.2": 0.3711651108913343, "0.25": 0.31927188837077325, "0.3": 0.27584008733746185, "0.35": 0.2374577661778965, "0.4": 0.20393118452782344}, "1": {"0": 1.0, "0.05": 0.005521728189945292, "0.1": 0.00040798234621639446, "0.15": 1.5124739297256849e-05, "0.2": 0.0, "0.25": 0.0, "0.3": 0.0, "0.35": 0.0, "0.4": 0.0}, "2": {"0": 1.0, "0.05": 0.07727039996593565, "0.1": 0.04417494111631428, "0.15": 0.03016473706699466, "0.2": 0.022968895144672024, "0.25": 0.0183541332614289, "0.3": 0.015111916995850629, "0.35": 0.01259765576849791, "0.4": 0.009857392533588702}, "3": {"0": 1.0, "0.05": 0.01253107881787329, "0.1": 0.007102997517306464, "0.15": 0.0020754299854065586, "0.2": 0.0008120646432677776, "0.25": 0.00023190570286982305, "0.3": 4.111668973140877e-05, "0.35": 9.036117361092286e-06, "0.4": 9.036117361092286e-06}, "4": {"0": 1.0, "0.05": 0.0032420922024858534, "0.1": 0.0004178641560226041, "0.15": 0.00015350220175221495, "0.2": 7.801181321743006e-05, "0.25": 2.2289089490694304e-05, "0.3": 0.0, "0.35": 0.0, "0.4": 0.0}, "5": {"0": 1.0, "0.05": 0.07845159925559596, "0.1": 0.03239442618470127, "0.15": 0.017544890083534027, "0.2": 0.010962750334024171, "0.25": 0.0070062292034155545, "0.3": 0.005452514052801839, "0.35": 0.003994755999261365, "0.4": 0.0029095291193382863}, "6": {"0": 1.0, "0.05": 0.10852727399182528, "0.1": 0.045425702574923205, "0.15": 0.02702577162767501, "0.2": 0.018014122819627727, "0.25": 0.011813392438354746, "0.3": 0.008138456825892556, "0.35": 0.006011673599431042, "0.4": 0.004403317051139249}, "7": {"0": 1.0, "0.05": 0.05482879124877061, "0.1": 0.016809486784229766, "0.15": 0.004938929306675889, "0.2": 0.0016670545417074448, "0.25": 0.0006884272302244423, "0.3": 0.00039156702196331295, "0.35": 0.00021255635236115209, "0.4": 7.590169051049803e-05}, "8": {"0": 1.0, "0.05": 0.3168480603997732, "0.1": 0.188593769497816, "0.15": 0.11983753541024124, "0.2": 0.0808334306268129, "0.25": 0.05439596479302282, "0.3": 0.03802261572565225, "0.35": 0.026440636299623323, "0.4": 0.018778977753843306}, "9": {"0": 1.0, "0.05": 0.022333886250837865, "0.1": 0.007773564191102875, "0.15": 0.0035898060753103756, "0.2": 0.0018715386046706417, "0.25": 0.0012773946818093486, "0.3": 0.001010412360764556, "0.35": 0.0006377261636455785, "0.4": 0.0004940982857405317}, "10": {"0": 1.0, "0.05": 0.15576329024837693, "0.1": 0.05474552649120187, "0.15": 0.027343777929529016, "0.2": 0.017345528732016596, "0.25": 0.011772991536892369, "0.3": 0.008793516390153066, "0.35": 0.006969548803391985, "0.4": 0.005184305361765794}, "11": {"0": 1.0, "0.05": 0.02879652160460497, "0.1": 0.005707481207735806, "0.15": 0.0017193868483185654, "0.2": 0.0007076467497554174, "0.25": 0.00020010945589823447, "0.3": 3.070435797187481e-05, "0.35": 6.823190660416623e-06, "0.4": 0.0}}, "precision": {"0": {"0": 0.005257420766925437, "0.05": 0.1019511327789796, "0.1": 0.1827302364558375, "0.15": 0.24759210953713662, "0.2": 0.3032502071340287, "0.25": 0.3446491968639438, "0.3": 0.3736741961681959, "0.35": 0.3930024444907429, "0.4": 0.40552017630139575}, "1": {"0": 0.005257420766925437, "0.05": 0.0005392861890229458, "0.1": 0.0001137209745152658, "0.15": 2.1217498649795538e-05, "0.2": 0.0, "0.25": 0.0, "0.3": 0.0, "0.35": 0.0, "0.4": 0.0}, "2": {"0": 0.005257420766925437, "0.05": 0.009056964825798543, "0.1": 0.009800336780978665, "0.15": 0.011222054732969573, "0.2": 0.01333304379063402, "0.25": 0.01661846153429102, "0.3": 0.02125383852692097, "0.35": 0.028151538384325332, "0.4": 0.03325280714506185}, "3": {"0": 0.005257420766925437, "0.05": 0.002785737834142296, "0.1": 0.002330428288431162, "0.15": 0.0008844671560763343, "0.2": 0.00032079221489877263, "0.25": 8.360212755169737e-05, "0.3": 4.0710259682262986e-05, "0.35": 7.598553235463968e-06, "0.4": 8.154544935619868e-06}, "4": {"0": 0.005257420766925437, "0.05": 0.00066273375716938, "0.1": 0.0004655378372116823, "0.15": 0.0005405104201493369, "0.2": 0.0004457817898138861, "0.25": 0.00033433634236041456, "0.3": 0.0, "0.35": 0.0, "0.4": 0.0}, "5": {"0": 0.005257420766925437, "0.05": 0.0313004034769047, "0.1": 0.056615910602333, "0.15": 0.06165974703876904, "0.2": 0.053710609552016536, "0.25": 0.042391327205488355, "0.3": 0.03802686920791235, "0.35": 0.029630471593861767, "0.4": 0.0245279285148894}, "6": {"0": 0.005257420766925437, "0.05": 0.019992544938585977, "0.1": 0.031938688362846517, "0.15": 0.03909380733071899, "0.2": 0.04185402813767949, "0.25": 0.041278630091942964, "0.3": 0.03957447143735891, "0.35": 0.03812183442323866, "0.4": 0.03245557982268112}, "7": {"0": 0.005257420766925437, "0.05": 0.00993227213711512, "0.1": 0.004767831178889702, "0.15": 0.0020099118575024554, "0.2": 0.0008821602538803019, "0.25": 0.00045645096436097796, "0.3": 0.0003151013591168989,