{"fscore": {"0": {"0": 0.010441274224259384, "0.05": 0.12058174202705965, "0.1": 0.20553506740431537, "0.15": 0.24407354996205033, "0.2": 0.25315437309897726, "0.25": 0.2453801137910607, "0.3": 0.22970774603089505, "0.35": 0.20518362580985403, "0.4": 0.18059531844579282}, "1": {"0": 0.010441274224259384, "0.05": 0.0008776602053265588, "0.1": 0.00010030090270812437, "0.15": 0.0, "0.2": 0.0, "0.25": 0.0, "0.3": 0.0, "0.35": 0.0, "0.4": 0.0}, "2": {"0": 0.010441274224259384, "0.05": 0.0022145883845271215, "0.1": 0.0, "0.15": 0.0, "0.2": 0.0, "0.25": 0.0, "0.3": 0.0, "0.35": 0.0, "0.4": 0.0}, "3": {"0": 0.010441274224259384, "0.05": 0.03578887175846714, "0.1": 0.05954440502003056, "0.15": 0.06922882906202478, "0.2": 0.06339307862219543, "0.25": 0.04939683480038937, "0.3": 0.034050838267834505, "0.35": 0.020601936563719576, "0.4": 0.011240295002829359}, "4": {"0": 0.010441274224259384, "0.05": 0.0076249261411897844, "0.1": 0.0010948238467936057, "0.15": 0.00020538865399513691, "0.2": 4.260979185753509e-05, "0.25": 0.0, "0.3": 0.0, "0.35": 0.0, "0.4": 0.0}, "5": {"0": 0.010441274224259384, "0.05": 0.002545616663151975, "0.1": 0.0009159738903430808, "0.15": 0.00031623511028129353, "0.2": 0.00019845620950009385, "0.25": 0.00017230959638655645, "0.3": 0.0001314610738183651, "0.35": 0.00010882689840616251, "0.4": 3.3433634236041456e-05}, "6": {"0": 0.010441274224259384, "0.05": 0.04189400306813534, "0.1": 0.03672199614904507, "0.15": 0.02530215809269661, "0.2": 0.017230529346228946, "0.25": 0.01190764416711469, "0.3": 0.008040300111428877, "0.35": 0.005333406972466518, "0.4": 0.003220655735386887}, "7": {"0": 0.010441274224259384, "0.05": 0.002458481433009291, "0.1": 0.00039319709779493987, "0.15": 7.058211672053196e-05, "0.2": 0.0, "0.25": 0.0, "0.3": 0.0, "0.35": 0.0, "0.4": 0.0}, "8": {"0": 0.010441274224259384, "0.05": 0.0012976147453698194, "0.1": 3.887731570780719e-05, "0.15": 2.0262808627903915e-05, "0.2": 0.0, "0.25": 0.0, "0.3": 0.0, "0.35": 0.0, "0.4": 0.0}, "9": {"0": 0.010441274224259384, "0.05": 0.015362750403082959, "0.1": 0.009523526870408501, "0.15": 0.005408621366899102, "0.2": 0.0032329985909080325, "0.25": 0.0021132815379367475, "0.3": 0.001352847579709993, "0.35": 0.0008727221618572522, "0.4": 0.0005532796060677553}, "10": {"0": 0.010441274224259384, "0.05": 0.004394365148382354, "0.1": 0.002072587527172396, "0.15": 0.0011480142843210777, "0.2": 0.00059101896004928, "0.25": 0.00036295816048747723, "0.3": 0.00019736927551079105, "0.35": 0.00013862332166418034, "0.4": 0.0001286694398638928}, "11": {"0": 0.010441274224259384, "0.05": 0.002624145783830966, "0.1": 0.0005498891132277541, "0.15": 0.0002561435674420843, "0.2": 0.00010925487354775218, "0.25": 0.0, "0.3": 0.0, "0.35": 0.0, "0.4": 0.0}, "12": {"0": 0.010441274224259384, "0.05": 0.0014072276585425513, "0.1": 9.919869498605709e-05, "0.15": 0.0, "0.2": 0.0, "0.25": 0.0, "0.3": 0.0, "0.35": 0.0, "0.4": 0.0}, "13": {"0": 0.010441274224259384, "0.05": 0.003752874590131448, "0.1": 0.0006544968001882052, "0.15": 0.00021729335636578713, "0.2": 7.582557760839553e-05, "0.25": 0.0, "0.3": 0.0, "0.35": 0.0, "0.4": 0.0}, "14": {"0": 0.010441274224259384, "0.05": 0.01875510336501127, "0.1": 0.008844376165413573, "0.15": 0.004785154737131251, "0.2": 0.002148627963531283, "0.25": 0.0009336774340809563, "0.3": 0.00043706794346703277, "0.35": 0.00021213601955828636, "0.4": 6.505186751808971e-05}, "15": {"0": 0.010441274224259384, "0.05": 0.014652472201179823, "0.1": 0.0020197924073165063, "0.15": 5.015045135406219e-05, "0.2": 0.0, "0.25": 0.0, "0.3": 0.0, "0.35": 0.0, "0.4": 0.0}}, "recall": {"0": {"0": 1.0, "0.05": 0.5093959016540044, "0.1": 0.4093424452169453, "0.15": 0.33466188524402746, "0.2": 0.2784462251756978, "0.25": 0.23367460457136235, "0.3": 0.19683895454036593, "0.35": 0.16229230676364978, "0.4": 0.1342847000002476}, "1": {"0": 1.0, "0.05": 0.002662486461247231, "0.1": 7.815654756477224e-05, "0.15": 0.0, "0.2": 0.0, "0.25": 0.0, "0.3": 0.0, "0.35": 0.0, "0.4": 0.0}, "2": {"0": 1.0, "0.05": 0.012257403894816134, "0.1": 0.0, "0.15": 0.0, "0.2": 0.0, "0.25": 0.0, "0.3": 0.0, "0.35": 0.0, "0.4": 0.0}, "3": {"0": 1.0, "0.05": 0.24732370141843293, "0.1": 0.1423894695891811, "0.15": 0.09225629556030457, "0.2": 0.06156600332473114, "0.25": 0.03944760133967234, "0.3": 0.024003579824351733, "0.35": 0.01315598446138021, "0.4": 0.006606142600422126}, "4": {"0": 1.0, "0.05": 0.030051339526384245, "0.1": 0.0027852429947830444, "0.15": 0.00046143349571941986, "0.2": 0.00010352695513440906, "0.25": 0.0, "0.3": 0.0, "0.35": 0.0, "0.4": 0.0}, "5": {"0": 1.0, "0.05": 0.012754528514866617, "0.1": 0.002167501441311783, "0.15": 0.00045312109793597727, "0.2": 0.00020809737459687308, "0.25": 0.0001639673154216785, "0.3": 0.00010785492229825228, "0.35": 7.99935604348844e-05, "0.4": 3.039421294185587e-05}, "6": {"0": 1.0, "0.05": 0.14730552421625961, "0.1": 0.051182441652506405, "0.15": 0.024205465648284446, "0.2": 0.013581776696039547, "0.25": 0.008354612071234453, "0.3": 0.005251872383495507, "0.35": 0.003342536789044832, "0.4": 0.0019099312296621256}, "7": {"0": 1.0, "0.05": 0.007884856915974075, "0.1": 0.0006635265987317838, "0.15": 7.429696496898102e-05, "0.2": 0.0, "0.25": 0.0, "0.3": 0.0, "0.35": 0.0, "0.4": 0.0}, "8": {"0": 1.0, "0.05": 0.004193632916287429, "0.1": 8.426179439218558e-05, "0.15": 4.179204279505182e-05, "0.2": 0.0, "0.25": 0.0, "0.3": 0.0, "0.35": 0.0, "0.4": 0.0}, "9": {"0": 1.0, "0.05": 0.032704328890611326, "0.1": 0.008951909805205225, "0.15": 0.003967656359864341, "0.2": 0.002093151363518505, "0.25": 0.001300679038523681, "0.3": 0.0008000370617131007, "0.35": 0.0004978108547788968, "0.4": 0.00030385547366040296}, "10": {"0": 1.0, "0.05": 0.019464146120160317, "0.1": 0.005402508060501166, "0.15": 0.0022065460727678935, "0.2": 0.001019606529652141, "0.25": 0.0005090777328077465, "0.3": 0.0002201907152051703, "0.35": 0.00014496503817407706, "0.4": 0.00011457082523222119}, "11": {"0": 1.0, "0.05": 0.017351604377112313, "0.1": 0.002429103696898673, "0.15": 0.0007965519760285396, "0.2": 0.00024378691630446895, "0.25": 0.0, "0.3": 0.0, "0.35": 0.0, "0.4": 0.0}, "12": {"0": 1.0, "0.05": 0.0014979833335830115, "0.1": 5.611239312342623e-05, "0.15": 0.0, "0.2": 0.0, "0.25": 0.0, "0.3": 0.0, "0.35": 0.0, "0.4": 0.0}, "13": {"0": 1.0, "0.05": 0.017453255727084827, "0.1": 0.0013143150816239454, "0.15": 0.0002361874174632362, "0.2": 5.13134871047318e-05, "0.25": 0.0, "0.3": 0.0, "0.35": 0.0, "0.4": 0.0}, "14": {"0": 1.0, "0.05": 0.04029474279356518, "0.1": 0.008550777013492493, "0.15": 0.0033561316531900303, "0.2": 0.0012860453935148904, "0.25": 0.0005407103573965668, "0.3": 0.00024445398985427743, "0.35": 0.0001232268233271242, "0.4": 3.566254318511089e-05}, "15": {"0": 1.0, "0.05": 0.08333149195774318, "0.1": 0.006619660461101167, "0.15": 7.661874512426167e-05, "0.2": 0.0, "0.25": 0.0, "0.3": 0.0, "0.35": 0.0, "0.4": 0.0}}, "precision": {"0": {"0": 0.005257420766925437, "0.05": 0.07285068766089363, "0.1": 0.15924277978442364, "0.15": 0.24132111211292329, "0.2": 0.3122407218197968, "0.25": 0.37275439283154715, "0.3": 0.4237337784974348, "0.35": 0.46194841479195675, "0.4": 0.49040282504397775}, "1": {"0": 0.005257420766925437, "0.05": 0.0005925550379451802, "0.1": 0.00014859392993796204, "0.15": 0.0, "0.2": 0.0, "0.25": 0.0, "0.3": 0.0, "0.35": 0.0, "0.4": 0.0}, "2": {"0": 0.005257420766925437, "0.05": 0.001292135329575758, "0.1": 0.0, "0.15": 0.0, "0.2": 0.0, "0.25": 0.0, "0.3": 0.0, "0.35": 0.0, "0.4": 0.0}, "3": {"0": 0.005257420766925437, "0.05": 0.019938106526831444, "0.1": 0.04311328813077753, "0.15": 0.07125984167899999, "0.2": 0.09701621138343888, "0.25": 0.11470727708718062, "0.3": 0.11787126930055672, "0.35": 0.10431671397067578, "0.4": 0.07855026720372764}, "4": {"0": 0.005257420766925437, "0.05": 0.004543143198674337, "0.1": 0.0007143989677420379, "0.15": 0.0001402819693903741, "0.2": 3.188345320003453e-05, "0.25": 0.0, "0.3": 0.0, "0.35": 0.0, "0.4": 0.0}, "5": {"0": 0.005257420766925437,