{"fscore": {"0": {"0": 0.010441274224259384, "0.05": 0.0044107956876555734, "0.1": 0.0019962509075639734, "0.15": 0.00034750589836901407, "0.2": 0.00013134642021302002, "0.25": 0.00014328700386874912, "0.3": 9.552466924583273e-05, "0.35": 0.0, "0.4": 0.0}, "1": {"0": 0.010441274224259384, "0.05": 0.02685610390532217, "0.1": 0.02622394460753066, "0.15": 0.019903045409774035, "0.2": 0.01203798032296991, "0.25": 0.007536333405496293, "0.3": 0.004646791781700308, "0.35": 0.0026392398702409807, "0.4": 0.001903972218616722}, "2": {"0": 0.010441274224259384, "0.05": 0.0007455888031823358, "0.1": 5.151256237849351e-05, "0.15": 0.0, "0.2": 0.0, "0.25": 0.0, "0.3": 0.0, "0.35": 0.0, "0.4": 0.0}, "3": {"0": 0.010441274224259384, "0.05": 0.006909684891906838, "0.1": 0.003904911921021408, "0.15": 0.002110640660285135, "0.2": 0.0014741696186092682, "0.25": 0.0010576783337851352, "0.3": 0.0006361010248731342, "0.35": 0.00035574952389065106, "0.4": 0.00010497874882733297}, "4": {"0": 0.010441274224259384, "0.05": 0.008879216747008378, "0.1": 0.003021838346379398, "0.15": 0.0011353500830675227, "0.2": 0.0002896321355789168, "0.25": 0.00019563195816570288, "0.3": 0.00011012221564927494, "0.35": 0.0, "0.4": 0.0}, "5": {"0": 0.010441274224259384, "0.05": 0.03689142682930129, "0.1": 0.02639384799461406, "0.15": 0.014858196877318092, "0.2": 0.009979417835048968, "0.25": 0.006108178052468318, "0.3": 0.003991898559462049, "0.35": 0.00270036392657648, "0.4": 0.0018516868004039308}, "6": {"0": 0.010441274224259384, "0.05": 0.035634660775910855, "0.1": 0.03000458543322687, "0.15": 0.02141641324316746, "0.2": 0.01540504930233798, "0.25": 0.01084413175146939, "0.3": 0.007920561149632247, "0.35": 0.006000757736941684, "0.4": 0.004420476678171367}, "7": {"0": 0.010441274224259384, "0.05": 0.004578271065938512, "0.1": 0.004785705079747497, "0.15": 0.0020527648153605598, "0.2": 0.0006793319186912207, "0.25": 3.922562237902347e-05, "0.3": 4.288838098961859e-05, "0.35": 4.604675616928612e-05, "0.4": 4.935959900244234e-05}, "8": {"0": 0.010441274224259384, "0.05": 0.005609153493078205, "0.1": 0.0020643496347146103, "0.15": 0.0005723720286804504, "0.2": 0.00014369307442263445, "0.25": 5.028123146799329e-05, "0.3": 2.2639319302894934e-05, "0.35": 2.493900382093838e-05, "0.4": 2.7233048128023073e-05}, "9": {"0": 0.010441274224259384, "0.05": 0.1082793727836054, "0.1": 0.12691082613138516, "0.15": 0.1276867108960537, "0.2": 0.12042042170538513, "0.25": 0.11026678757697873, "0.3": 0.0999927679783725, "0.35": 0.08842999976398415, "0.4": 0.07665196454935262}, "10": {"0": 0.010441274224259384, "0.05": 0.012863447247427603, "0.1": 0.0045354909744134125, "0.15": 0.001313434551267841, "0.2": 0.0004788262889060415, "0.25": 0.00013361074295194445, "0.3": 0.0, "0.35": 0.0, "0.4": 0.0}, "11": {"0": 0.010441274224259384, "0.05": 0.000661895059494284, "0.1": 7.967120834668141e-05, "0.15": 1.5407204717069796e-06, "0.2": 0.0, "0.25": 0.0, "0.3": 0.0, "0.35": 0.0, "0.4": 0.0}, "12": {"0": 0.010441274224259384, "0.05": 0.07352804914774343, "0.1": 0.07559561440145769, "0.15": 0.05807314915220595, "0.2": 0.04162553150591699, "0.25": 0.028267775182698147, "0.3": 0.018183367091098458, "0.35": 0.011234258118323471, "0.4": 0.007538889607872021}, "13": {"0": 0.010441274224259384, "0.05": 0.005005621746194298, "0.1": 0.0044198214682900075, "0.15": 0.003393067425599499, "0.2": 0.0021388465259999084, "0.25": 0.001495940912809032, "0.3": 0.0013095852333755325, "0.35": 0.000824466245953995, "0.4": 0.0005123905853083142}, "14": {"0": 0.010441274224259384, "0.05": 0.01404002860707019, "0.1": 0.009922714229812767, "0.15": 0.006273794716081857, "0.2": 0.0035827017423848933, "0.25": 0.0019413571794104198, "0.3": 0.0013587656695200003, "0.35": 0.0010780753291725238, "0.4": 0.0008053333794207638}, "15": {"0": 0.010441274224259384, "0.05": 0.014046389858020225, "0.1": 0.0038216300417499207, "0.15": 0.0008545789916842748, "0.2": 0.00012547636866593645, "0.25": 3.271848988269532e-05, "0.3": 0.0, "0.35": 0.0, "0.4": 0.0}}, "recall": {"0": {"0": 1.0, "0.05": 0.015280552788240111, "0.1": 0.001688753537387675, "0.15": 0.00021551918492740958, "0.2": 8.144090390830611e-05, "0.25": 8.144090390830611e-05, "0.3": 5.572272372673576e-05, "0.35": 0.0, "0.4": 0.0}, "1": {"0": 1.0, "0.05": 0.1378257804820466, "0.1": 0.049180401654003184, "0.15": 0.021623253295737124, "0.2": 0.010131766468991528, "0.25": 0.005644325480058051, "0.3": 0.0031985658870694544, "0.35": 0.0017389428803238928, "0.4": 0.0011989194038103607}, "2": {"0": 1.0, "0.05": 0.004758878617614138, "0.1": 0.00010401575095657343, "0.15": 0.0, "0.2": 0.0, "0.25": 0.0, "0.3": 0.0, "0.35": 0.0, "0.4": 0.0}, "3": {"0": 1.0, "0.05": 0.0334311896233258, "0.1": 0.009095886438055945, "0.15": 0.003318969598921852, "0.2": 0.0017688367860412457, "0.25": 0.0011664729429462083, "0.3": 0.00057018526080883, "0.35": 0.0002427564091813175, "0.4": 5.7889672786996335e-05}, "4": {"0": 1.0, "0.05": 0.024479961202380215, "0.1": 0.0049741356840119775, "0.15": 0.0014731079332797878, "0.2": 0.00028150719916315213, "0.25": 0.00015046230191666498, "0.3": 7.16386774561298e-05, "0.35": 0.0, "0.4": 0.0}, "5": {"0": 1.0, "0.05": 0.12364697449632277, "0.1": 0.034178658461248165, "0.15": 0.013378937797468047, "0.2": 0.007788939127207081, "0.25": 0.004409027469288263, "0.3": 0.0027530558851185096, "0.35": 0.0017943201974644513, "0.4": 0.001231754711676187}, "6": {"0": 1.0, "0.05": 0.12529278795294485, "0.1": 0.04656497077275811, "0.15": 0.022682261008231227, "0.2": 0.013487864858042884, "0.25": 0.008489550147645212, "0.3": 0.005624513131180573, "0.35": 0.004017513787483086, "0.4": 0.0027829007320766866}, "7": {"0": 1.0, "0.05": 0.013301805576175808, "0.1": 0.009820057327322987, "0.15": 0.0036922218433474542, "0.2": 0.0011278405357626493, "0.25": 8.750777829859736e-05, "0.3": 8.750777829859736e-05, "0.35": 8.750777829859736e-05, "0.4": 8.750777829859736e-05}, "8": {"0": 1.0, "0.05": 0.010411706476745303, "0.1": 0.0027470846106739627, "0.15": 0.0006838881798586807, "0.2": 0.00013912109738857382, "0.25": 5.01735534016844e-05, "0.3": 1.6739919165642938e-05, "0.35": 1.6739919165642938e-05, "0.4": 1.6739919165642938e-05}, "9": {"0": 1.0, "0.05": 0.5016351676545967, "0.1": 0.3635927317052762, "0.15": 0.26729464763604616, "0.2": 0.1977307510386252, "0.25": 0.14815236294301157, "0.3": 0.11537876882662447, "0.35": 0.09032947752673243, "0.4": 0.07073217633767293}, "10": {"0": 1.0, "0.05": 0.02370150759981869, "0.1": 0.004262455027526307, "0.15": 0.0009270700832860454, "0.2": 0.00029416715287073394, "0.25": 7.040111810946053e-05, "0.3": 0.0, "0.35": 0.0, "0.4": 0.0}, "11": {"0": 1.0, "0.05": 0.004198979234982198, "0.1": 0.00025565329753759965, "0.15": 2.3380163801427594e-06, "0.2": 0.0, "0.25": 0.0, "0.3": 0.0, "0.35": 0.0, "0.4": 0.0}, "12": {"0": 1.0, "0.05": 0.3092010174161865, "0.1": 0.13178279623270892, "0.15": 0.06820536390352477, "0.2": 0.03856057535913337, "0.25": 0.02177139656765861, "0.3": 0.012483140361540036, "0.35": 0.00689919067298989, "0.4": 0.004446549404190685}, "13": {"0": 1.0, "0.05": 0.00862244755597682, "0.1": 0.004288156151309619, "0.15": 0.0025590041586277474, "0.2": 0.0014851222065134057, "0.25": 0.0010057438794763042, "0.3": 0.000809260044577224, "0.35": 0.0004990765870865697, "0.4": 0.0003118167158695383}, "14": {"0": 1.0, "0.05": 0.026082854540170442, "0.1": 0.012555285008586846, "0.15": 0.006369082186293695, "0.2": 0.0032858191591078854, "0.25": 0.0016080156400010135, "0.3": 0.0010643863607372346, "0.35": 0.0007795784099964785, "0.4": 0.000538903236672806}, "15": {"0": 1.0, "0.05": 0.05692176100153345, "0.1": 0.00828767257926514, "0.15": 0.0011539733723962573, "0.2": 0.00010710151011277062, "0.25": 2.0961197822089023e-05, "0.3": 0.0, "0.35": 0.0, "0.4": 0.0}}, "precision": {"0": {"0": 0.005257420766925437, "0.05": 0.004270715164193044, "0.1": 0.004297930050186821, "0.15": 0.0015045135406218655, "0.2": 0.0005015045135406219, "0.25": 0.0006686726847208291, "0.3": 0.00033433634236041456,