{"fscore": {"0": {"0": 0.011099634023900469, "0.05": 0.005772704693998283, "0.1": 0.0011752833385951737, "0.15": 0.00020417074131034023, "0.2": 3.640295042465298e-05, "0.25": 1.2829090683022933e-05, "0.3": 5.6554688383667e-06, "0.35": 0.0, "0.4": 0.0}, "1": {"0": 0.011099634023900469, "0.05": 0.00171206888548033, "0.1": 0.0004861860749024821, "0.15": 0.0001307970830911676, "0.2": 5.027070120465243e-05, "0.25": 9.21187713227068e-06, "0.3": 9.4191153566857e-06, "0.35": 6.283854264851889e-06, "0.4": 0.0}, "2": {"0": 0.011099634023900469, "0.05": 0.015213505494518595, "0.1": 0.00815136488054768, "0.15": 0.004519816834089225, "0.2": 0.002802492804736758, "0.25": 0.0018694426918897335, "0.3": 0.001219990553754591, "0.35": 0.0008138955553746829, "0.4": 0.00047357596828929017}, "3": {"0": 0.011099634023900469, "0.05": 0.0014393584200506468, "0.1": 0.0002515538386522998, "0.15": 0.00010300416571292241, "0.2": 6.711166505533406e-05, "0.25": 3.828697889808735e-05, "0.3": 2.572654643293908e-05, "0.35": 1.5281682772173897e-05, "0.4": 1.5537002303205224e-05}, "4": {"0": 0.011099634023900469, "0.05": 0.0032787851499931965, "0.1": 0.0015508522901004657, "0.15": 0.0008400496004985336, "0.2": 0.0004740378574205944, "0.25": 0.00024515042292350315, "0.3": 0.00014401845772114453, "0.35": 9.073514664759778e-05, "0.4": 6.892923694030652e-05}, "5": {"0": 0.011099634023900469, "0.05": 0.0005366527843353078, "0.1": 9.32044361362133e-05, "0.15": 2.6389810186999294e-05, "0.2": 1.3094380442944379e-05, "0.25": 0.0, "0.3": 0.0, "0.35": 0.0, "0.4": 0.0}, "6": {"0": 0.011099634023900469, "0.05": 0.000448470243039795, "0.1": 0.00010645115961907794, "0.15": 3.1057251176938174e-05, "0.2": 2.1375884424757342e-05, "0.25": 1.6362433815131323e-05, "0.3": 8.857304509258771e-06, "0.35": 0.0, "0.4": 0.0}, "7": {"0": 0.011099634023900469, "0.05": 0.0006232054371428002, "0.1": 0.00011796243798854842, "0.15": 1.4057283429977157e-05, "0.2": 1.270576627754957e-05, "0.25": 1.3962318766548328e-05, "0.3": 3.216380382009498e-06, "0.35": 3.39328130302002e-06, "0.4": 3.6883492424130662e-06}, "8": {"0": 0.011099634023900469, "0.05": 0.0005109190627184382, "0.1": 0.00013486025506996178, "0.15": 2.6139041254547804e-05, "0.2": 9.602563687384458e-06, "0.25": 9.737241999970493e-06, "0.3": 9.829864223098355e-06, "0.35": 6.855113743474788e-06, "0.4": 6.855113743474788e-06}, "9": {"0": 0.011099634023900469, "0.05": 0.022077172380438884, "0.1": 0.009336099484213677, "0.15": 0.004064046102716647, "0.2": 0.002145331441856046, "0.25": 0.0008852512849522649, "0.3": 0.000424618125846132, "0.35": 0.00016418079935238289, "0.4": 0.0001003924994011739}, "10": {"0": 0.011099634023900469, "0.05": 0.0034149996992007027, "0.1": 0.0009189154274378911, "0.15": 0.0002682055991658488, "0.2": 8.67358151524252e-05, "0.25": 2.5490065597749165e-05, "0.3": 7.310838626661685e-06, "0.35": 7.715646714284833e-06, "0.4": 5.302002035968782e-06}, "11": {"0": 0.011099634023900469, "0.05": 0.004981605400201509, "0.1": 0.0018022456152580885, "0.15": 0.0007490355025929617, "0.2": 0.00033978665072945113, "0.25": 0.00013572557627600213, "0.3": 6.595583206760263e-05, "0.35": 3.710770289292067e-05, "0.4": 1.7653519551537177e-05}, "12": {"0": 0.011099634023900469, "0.05": 0.014509883331234468, "0.1": 0.006346273092974197, "0.15": 0.002186041199280754, "0.2": 0.0009070018833325135, "0.25": 9.699182171330484e-05, "0.3": 2.5479375398115237e-05, "0.35": 0.0, "0.4": 0.0}, "13": {"0": 0.011099634023900469, "0.05": 0.006702641468832619, "0.1": 0.0020368175402909953, "0.15": 0.0008840402750500112, "0.2": 0.0004718474912820157, "0.25": 0.0002970908419461874, "0.3": 0.00015502155390496744, "0.35": 7.673818999586042e-05, "0.4": 4.08933662956279e-05}, "14": {"0": 0.011099634023900469, "0.05": 0.0019501188196726403, "0.1": 0.0003138989286200501, "0.15": 0.00014659838696084489, "0.2": 9.564029868396413e-05, "0.25": 2.0010704405474735e-05, "0.3": 8.294429477426547e-06, "0.35": 5.702993786588269e-06, "0.4": 0.0}, "15": {"0": 0.011099634023900469, "0.05": 0.009429338092809963, "0.1": 0.0016552965353411968, "0.15": 0.0003898490638136968, "0.2": 0.0001175593420661312, "0.25": 3.0336392064022123e-05, "0.3": 1.5280611069969788e-05, "0.35": 9.706492741642778e-06, "0.4": 9.913032129044425e-06}}, "recall": {"0": {"0": 0.5856547591822291, "0.05": 0.018213754533488224, "0.1": 0.0030186728341845153, "0.15": 0.00047368664364143856, "0.2": 9.392355655504619e-05, "0.25": 1.9388884124208182e-05, "0.3": 8.700721289794923e-06, "0.35": 0.0, "0.4": 0.0}, "1": {"0": 0.5856547591822291, "0.05": 0.006210853609574294, "0.1": 0.0012630334535254555, "0.15": 0.0002870560922284639, "0.2": 0.0001027434158135897, "0.25": 1.5378906490295412e-05, "0.3": 1.5378906490295412e-05, "0.35": 9.425781397277834e-06, "0.4": 0.0}, "2": {"0": 0.5856547591822291, "0.05": 0.08575503699467847, "0.1": 0.02892794635092256, "0.15": 0.011942669017982969, "0.2": 0.005873683239026562, "0.25": 0.0033094716903807717, "0.3": 0.0018661536763966609, "0.35": 0.0011413401667429662, "0.4": 0.0005946033753120669}, "3": {"0": 0.5856547591822291, "0.05": 0.00435668094305675, "0.1": 0.0005636388646914812, "0.15": 0.00022158988846831537, "0.2": 0.00013975065896863805, "0.25": 8.413445012791899e-05, "0.3": 5.270194963678619e-05, "0.35": 3.1575198229094484e-05, "0.4": 3.1575198229094484e-05}, "4": {"0": 0.5856547591822291, "0.05": 0.00830726555124777, "0.1": 0.003157790732024237, "0.15": 0.0016437986848093565, "0.2": 0.0008918454366498796, "0.25": 0.000450334886488174, "0.3": 0.00025170251109491316, "0.35": 0.00016005324159203724, "0.4": 0.00012491566666616996}, "5": {"0": 0.5856547591822291, "0.05": 0.0013721165411221057, "0.1": 0.0002057228586236024, "0.15": 5.506640711041261e-05, "0.2": 2.6789062918579107e-05, "0.25": 0.0, "0.3": 0.0, "0.35": 0.0, "0.4": 0.0}, "6": {"0": 0.5856547591822291, "0.05": 0.0011774447129284246, "0.1": 0.00023199105891397837, "0.15": 5.407649364557133e-05, "0.2": 3.602392214881932e-05, "0.25": 2.7523281680051273e-05, "0.3": 1.3950156467971196e-05, "0.35": 0.0, "0.4": 0.0}, "7": {"0": 0.5856547591822291, "0.05": 0.002753125490920077, "0.1": 0.00032921670666862413, "0.15": 3.181201221581269e-05, "0.2": 2.6510010179843908e-05, "0.25": 2.6510010179843908e-05, "0.3": 5.302002035968782e-06, "0.35": 5.302002035968782e-06, "0.4": 5.302002035968782e-06}, "8": {"0": 0.5856547591822291, "0.05": 0.0012803348216175413, "0.1": 0.0002891654819782022, "0.15": 5.113515927060561e-05, "0.2": 1.913588144653913e-05, "0.25": 1.913588144653913e-05, "0.3": 1.913588144653913e-05, "0.35": 1.3573125212080081e-05, "0.4": 1.3573125212080081e-05}, "9": {"0": 0.5856547591822291, "0.05": 0.10133590869403002, "0.1": 0.031108458600613884, "0.15": 0.010792452649227726, "0.2": 0.005075370203454204, "0.25": 0.001732985365559784, "0.3": 0.000763795728835654, "0.35": 0.00025919082962813867, "0.4": 0.00014756256866207916}, "10": {"0": 0.5856547591822291, "0.05": 0.010736730120915071, "0.1": 0.001957904902459933, "0.15": 0.0005284615354645423, "0.2": 0.00013505080293226546, "0.25": 3.784567503488785e-05, "0.3": 8.531130959570108e-06, "0.35": 8.531130959570108e-06, "0.4": 5.6554688383667e-06}, "11": {"0": 0.5856547591822291, "0.05": 0.01680830280984451, "0.1": 0.004203909438081729, "0.15": 0.0015125119476703717, "0.2": 0.0006333995837792495, "0.25": 0.0002628329351556284, "0.3": 0.00012345540813016117, "0.35": 6.264892324979415e-05, "0.4": 3.181201221581269e-05}, "12": {"0": 0.5856547591822291, "0.05": 0.07546868433566882, "0.1": 0.022180381026029775, "0.15": 0.005881905393186209, "0.2": 0.002257111628455305, "0.25": 0.00020514683841179712, "0.3": 4.303074116148577e-05, "0.35": 0.0, "0.4": 0.0}, "13": {"0": 0.5856547591822291, "0.05": 0.021777912227647227, "0.1": 0.0047437540254775265, "0.15": 0.0017512433676293248, "0.2": 0.0008983707780304244, "0.25": 0.0005408948105720508, "0.3": 0.00027559601454620676, "0.35": 0.00013083739517335044, "0.4": 6.577596562537282e-05}, "14": {"0": 0.5856547591822291, "0.05": 0.005969134578951072,