{"fscore": {"0": {"0": 0.010441274224259384, "0.05": 0.05915038609405597, "0.1": 0.041000608639802996, "0.15": 0.02323886309823408, "0.2": 0.012746508366245772, "0.25": 0.006679806261035649, "0.3": 0.0033178181879432536, "0.35": 0.0014538360251971352, "0.4": 0.0006753784885816616}, "1": {"0": 0.010441274224259384, "0.05": 0.01755173503498832, "0.1": 0.008171945567997312, "0.15": 0.003880499857210814, "0.2": 0.0017721957471721265, "0.25": 0.0008786681789901975, "0.3": 0.00030299653168258987, "0.35": 0.00011660805869518966, "0.4": 0.0}, "2": {"0": 0.010441274224259384, "0.05": 0.026272654016429715, "0.1": 0.021535142544096077, "0.15": 0.010619517558976499, "0.2": 0.004255104938247102, "0.25": 0.0012049839454943165, "0.3": 0.00015004319018310016, "0.35": 0.0, "0.4": 0.0}, "3": {"0": 0.010441274224259384, "0.05": 0.02128130791353692, "0.1": 0.02346402390919635, "0.15": 0.022904798341652297, "0.2": 0.019885894549496377, "0.25": 0.016293199546939703, "0.3": 0.0117317395684546, "0.35": 0.008612569940738574, "0.4": 0.006603804790533222}, "4": {"0": 0.010441274224259384, "0.05": 0.01741972511649959, "0.1": 0.01070490965285314, "0.15": 0.006080091104742027, "0.2": 0.003637245768266707, "0.25": 0.0020460982484323373, "0.3": 0.0014376125032106765, "0.35": 0.000999802708828424, "0.4": 0.00067748254358451}, "5": {"0": 0.010441274224259384, "0.05": 0.0021037125705792785, "0.1": 0.0009863930058845462, "0.15": 0.0003040285334918543, "0.2": 0.00014364450294637222, "0.25": 0.00011090556213076159, "0.3": 6.960337219407111e-05, "0.35": 4.97733450690683e-05, "0.4": 1.9893796065441184e-05}, "6": {"0": 0.010441274224259384, "0.05": 0.01926578471040469, "0.1": 0.014015067555518493, "0.15": 0.010022536506328826, "0.2": 0.007097200606995429, "0.25": 0.005144772333355666, "0.3": 0.003855353008282866, "0.35": 0.002783826008299714, "0.4": 0.0020777349196793526}, "7": {"0": 0.010441274224259384, "0.05": 0.0038198871345694655, "0.1": 0.0015313378335990416, "0.15": 0.0004920380851871235, "0.2": 0.00014305113014712314, "0.25": 0.00010747453661587673, "0.3": 7.251766667946242e-05, "0.35": 5.2536450960446347e-05, "0.4": 5.860291552326397e-05}, "8": {"0": 0.010441274224259384, "0.05": 0.07163661653123475, "0.1": 0.07015581997458935, "0.15": 0.06443767113697935, "0.2": 0.05905193377717738, "0.25": 0.0532499204949717, "0.3": 0.04929568056968325, "0.35": 0.04562515438656312, "0.4": 0.04145771751937987}, "9": {"0": 0.010441274224259384, "0.05": 0.009821071540611183, "0.1": 0.004720011016230373, "0.15": 0.0025450985735453644, "0.2": 0.0015770251729225562, "0.25": 0.0008623197337621324, "0.3": 0.0003206381434143287, "0.35": 0.00029755003607384107, "0.4": 9.045806923310401e-05}, "10": {"0": 0.010441274224259384, "0.05": 0.02777077248267793, "0.1": 0.02324323870685524, "0.15": 0.017974349693161848, "0.2": 0.013005518498604006, "0.25": 0.009271658119113435, "0.3": 0.006790235975134637, "0.35": 0.004875683990820311, "0.4": 0.0034154391602341638}, "11": {"0": 0.010441274224259384, "0.05": 0.0030483290403218836, "0.1": 0.001289438575029975, "0.15": 0.0005552916135211467, "0.2": 0.0003623332744034368, "0.25": 0.00025595267128085294, "0.3": 0.00024011185871755327, "0.35": 0.0002146471277066626, "0.4": 0.00017102723077690174}, "12": {"0": 0.010441274224259384, "0.05": 0.012292118776396608, "0.1": 0.007384592471771056, "0.15": 0.0041359685083335734, "0.2": 0.0026639820074245875, "0.25": 0.0015591810652317126, "0.3": 0.0008859816583310967, "0.35": 0.0006655332786441331, "0.4": 0.0004118326969784152}, "13": {"0": 0.010441274224259384, "0.05": 0.03021576650009472, "0.1": 0.029885564994139694, "0.15": 0.025885421043050742, "0.2": 0.021939343265284402, "0.25": 0.01852136015538191, "0.3": 0.015361141389549679, "0.35": 0.012742593558350545, "0.4": 0.010617757533741645}, "14": {"0": 0.010441274224259384, "0.05": 0.010813770215417405, "0.1": 0.0046121019817401115, "0.15": 0.0018306633152506211, "0.2": 0.0006257042733137686, "0.25": 0.0004498339196808005, "0.3": 7.429696496898102e-05, "0.35": 0.0, "0.4": 0.0}, "15": {"0": 0.010441274224259384, "0.05": 0.007673785885079043, "0.1": 0.004432303598889289, "0.15": 0.0031314960582761986, "0.2": 0.0021525987805987405, "0.25": 0.0014532331688012754, "0.3": 0.0010389181202215758, "0.35": 0.0008173221991135242, "0.4": 0.0007079567255388857}}, "recall": {"0": {"0": 1.0, "0.05": 0.15382250922740112, "0.1": 0.05042983168499943, "0.15": 0.02087425606734808, "0.2": 0.009564041058833224, "0.25": 0.004539151899633874, "0.3": 0.0021274788467852265, "0.35": 0.0008958983148644988, "0.4": 0.0003908512756484775}, "1": {"0": 1.0, "0.05": 0.06362425535711007, "0.1": 0.013181660392778748, "0.15": 0.003937020541153949, "0.2": 0.0013917415901390686, "0.25": 0.0006048434161434489, "0.3": 0.00018309760198469805, "0.35": 6.468681406538456e-05, "0.4": 0.0}, "2": {"0": 1.0, "0.05": 0.09494112810535935, "0.1": 0.027108807714034296, "0.15": 0.008323468309177446, "0.2": 0.002814954553015824, "0.25": 0.0007347723259557227, "0.3": 7.871845738386537e-05, "0.35": 0.0, "0.4": 0.0}, "3": {"0": 1.0, "0.05": 0.11565871737234636, "0.1": 0.061002582673515, "0.15": 0.03783124680810766, "0.2": 0.02458639110292961, "0.25": 0.016146761901815444, "0.3": 0.010265424080671628, "0.35": 0.006664776661993619, "0.4": 0.004875654164259375}, "4": {"0": 1.0, "0.05": 0.06955621392236819, "0.1": 0.027234336616459277, "0.15": 0.01179211517146401, "0.2": 0.005854487814986074, "0.25": 0.0027056104105216815, "0.3": 0.0016447425661130644, "0.35": 0.0009932578804709193, "0.4": 0.0005803078141646222}, "5": {"0": 1.0, "0.05": 0.006142382068575194, "0.1": 0.0014792086806924, "0.15": 0.00033303445755846416, "0.2": 0.00012542908737273026, "0.25": 9.59010834288842e-05, "0.3": 6.634381258252874e-05, "0.35": 4.0989973286863955e-05, "0.4": 1.1735543330327685e-05}, "6": {"0": 1.0, "0.05": 0.081239060361556, "0.1": 0.0320853118530117, "0.15": 0.01624323530876692, "0.2": 0.009320914528366085, "0.25": 0.005805191991792785, "0.3": 0.0038511420691667336, "0.35": 0.002407405945922575, "0.4": 0.001665270642110977}, "7": {"0": 1.0, "0.05": 0.008613338434182351, "0.1": 0.0019306657899137436, "0.15": 0.00044641816188746976, "0.2": 0.00014137789764994926, "0.25": 0.00010283552137340772, "0.3": 7.385655685902338e-05, "0.35": 6.048310316460679e-05, "0.4": 6.048310316460679e-05}, "8": {"0": 1.0, "0.05": 0.348656325750024, "0.1": 0.2233403109902195, "0.15": 0.15489598743504915, "0.2": 0.11684304876393807, "0.25": 0.08924570128991959, "0.3": 0.07193192529147534, "0.35": 0.0585215583812849, "0.4": 0.04764775600733097}, "9": {"0": 1.0, "0.05": 0.03339334057360019, "0.1": 0.007537281328249575, "0.15": 0.0027595756591500273, "0.2": 0.00141523481309279, "0.25": 0.0007183660918216154, "0.3": 0.00019236356102216845, "0.35": 0.00016848239371071024, "0.4": 4.851342970964995e-05}, "10": {"0": 1.0, "0.05": 0.13157834951212444, "0.1": 0.04789093395120491, "0.15": 0.0232378785776175, "0.2": 0.012481224136220579, "0.25": 0.007382787961013664, "0.3": 0.004794933536915022, "0.35": 0.0030960449481676564, "0.4": 0.002067230104033913}, "11": {"0": 1.0, "0.05": 0.015059744208504703, "0.1": 0.004355344686660301, "0.15": 0.0015094745045481988, "0.2": 0.0006383169957577038, "0.25": 0.0003621367076601697, "0.3": 0.0002797387632036325, "0.35": 0.00021831279661784417, "0.4": 0.00016053899882532502}, "12": {"0": 1.0, "0.05": 0.04330438593141765, "0.1": 0.011464638239037353, "0.15": 0.004157913645958405, "0.2": 0.002131613698984096, "0.25": 0.001111092282842348, "0.3": 0.0005875096077246601, "0.35": 0.00042898164552225863, "0.4": 0.0002575078364354672}, "13": {"0": 1.0, "0.05": 0.1173352974789189, "0.1": 0.07030793068242194, "0.15": 0.0467376053765219, "0.2": 0.03328607613279812, "0.25": 0.023663228727003202, "0.3": 0.01773241154714994, "0.35": 0.012970841843451947, "0.4": 0.009761515955665713}, "14": {"0": 1.0, "0.05": 0.03235924691207785, "0.1": 0.005520441954250433, "0.15": 0.0015214194743383082, "0.2": 0.00040121567202810934, "0.25": 0.0002901622134320228,