{"fscore": {"0": {"0": 0.010441274224259384, "0.05": 0.0926205382845163, "0.1": 0.11409040631732523, "0.15": 0.09417494223924996, "0.2": 0.07011648678201605, "0.25": 0.04917558482938637, "0.3": 0.034500173847660874, "0.35": 0.023409968808045124, "0.4": 0.01567049488979972}, "1": {"0": 0.010441274224259384, "0.05": 0.04965309363497256, "0.1": 0.034879191914642546, "0.15": 0.02429386863944822, "0.2": 0.017099917429418132, "0.25": 0.012114038584081149, "0.3": 0.008595274774924977, "0.35": 0.006053242294547534, "0.4": 0.004410984317030318}, "2": {"0": 0.010441274224259384, "0.05": 0.022318083060705984, "0.1": 0.016967565038601935, "0.15": 0.009274975606931517, "0.2": 0.0029145891376993957, "0.25": 0.00012447873597606348, "0.3": 0.0001023117177106392, "0.35": 0.0001143664729921487, "0.4": 7.81722533480653e-05}, "3": {"0": 0.010441274224259384, "0.05": 0.04747673633478945, "0.1": 0.04936451055893423, "0.15": 0.041944204823201665, "0.2": 0.03350442578257614, "0.25": 0.025926961811502242, "0.3": 0.018474771614152938, "0.35": 0.012579006001229793, "0.4": 0.008147313452439802}, "4": {"0": 0.010441274224259384, "0.05": 0.01812235611704759, "0.1": 0.009005385230793582, "0.15": 0.0030694393599335467, "0.2": 0.0009258725251669813, "0.25": 0.00021890799117234804, "0.3": 3.317071827058703e-05, "0.35": 2.9178597702533833e-05, "0.4": 1.2148516485055514e-05}, "5": {"0": 0.010441274224259384, "0.05": 0.0024666158433756112, "0.1": 0.0012185009046285073, "0.15": 0.00022341954439537447, "0.2": 6.209095130567639e-05, "0.25": 1.5148751162060275e-05, "0.3": 1.646581385799039e-05, "0.35": 1.7807685254470054e-05, "0.4": 0.0}, "6": {"0": 0.010441274224259384, "0.05": 0.10701420312732934, "0.1": 0.16399001263968715, "0.15": 0.19619282755479184, "0.2": 0.21268277215996625, "0.25": 0.21897900498793688, "0.3": 0.21812133139077058, "0.35": 0.20999494206588795, "0.4": 0.19474908217573988}, "7": {"0": 0.010441274224259384, "0.05": 0.028322160941196422, "0.1": 0.034428647144037094, "0.15": 0.03715595137573553, "0.2": 0.037971377598347476, "0.25": 0.03805959261983142, "0.3": 0.037355584315525395, "0.35": 0.03659648673466394, "0.4": 0.0349357029668064}, "8": {"0": 0.010441274224259384, "0.05": 0.05062343157365258, "0.1": 0.041545666151274085, "0.15": 0.03159131858192321, "0.2": 0.022957915443662383, "0.25": 0.016347512010117127, "0.3": 0.011843441715729004, "0.35": 0.008436489108686274, "0.4": 0.006279979756881938}, "9": {"0": 0.010441274224259384, "0.05": 0.09037715228117495, "0.1": 0.10813691543001294, "0.15": 0.10346454998372911, "0.2": 0.09543058078426454, "0.25": 0.0864085622468298, "0.3": 0.07448271012239266, "0.35": 0.06358834674994915, "0.4": 0.05112049454115921}, "10": {"0": 0.010441274224259384, "0.05": 0.06569090824673873, "0.1": 0.05634765053661067, "0.15": 0.04637411775821905, "0.2": 0.03912997340558797, "0.25": 0.03382904270872707, "0.3": 0.029559025418121738, "0.35": 0.025844195657082195, "0.4": 0.022238707199414696}, "11": {"0": 0.010441274224259384, "0.05": 0.0018929711007719071, "0.1": 0.0008701652092407701, "0.15": 0.00021398235783245498, "0.2": 0.00012150219291229277, "0.25": 3.7137501831826935e-05, "0.3": 1.4536362711322373e-05, "0.35": 1.6309089871239735e-05, "0.4": 0.0}, "12": {"0": 0.010441274224259384, "0.05": 0.009264558078638453, "0.1": 0.01062616407665264, "0.15": 0.010296490136256997, "0.2": 0.008870916196652652, "0.25": 0.005551091882167954, "0.3": 0.0035539178298283815, "0.35": 0.0023952727657033986, "0.4": 0.001419592035748498}, "13": {"0": 0.010441274224259384, "0.05": 0.025470895156450298, "0.1": 0.016619421331232263, "0.15": 0.010366525723619156, "0.2": 0.005539396564478091, "0.25": 0.002858977582226858, "0.3": 0.0018986951489761803, "0.35": 0.0013415321429413288, "0.4": 0.000840935693904826}, "14": {"0": 0.010441274224259384, "0.05": 0.002541974499467453, "0.1": 0.0002532538360610813, "0.15": 2.5718180181570354e-05, "0.2": 3.0394212941855867e-05, "0.25": 0.0, "0.3": 0.0, "0.35": 0.0, "0.4": 0.0}, "15": {"0": 0.010441274224259384, "0.05": 0.03002549333934418, "0.1": 0.025790717918384203, "0.15": 0.02076066664177832, "0.2": 0.018782590982462342, "0.25": 0.01727225435663057, "0.3": 0.015384664199956688, "0.35": 0.01320129569904686, "0.4": 0.010392286549887194}}, "recall": {"0": {"0": 1.0, "0.05": 0.3536446454102276, "0.1": 0.18612435366046906, "0.15": 0.10158372121887187, "0.2": 0.060568614405200685, "0.25": 0.036805376054814105, "0.3": 0.023818483524369848, "0.35": 0.014922661712486459, "0.4": 0.009570946412416098}, "1": {"0": 1.0, "0.05": 0.17165824880026495, "0.1": 0.06366437169163565, "0.15": 0.03161607411115179, "0.2": 0.017560671491279115, "0.25": 0.0104651652408101, "0.3": 0.006652020829027708, "0.35": 0.004217694889492548, "0.4": 0.002877572242791704}, "2": {"0": 1.0, "0.05": 0.10717834802295081, "0.1": 0.05286105503968757, "0.15": 0.02175986830575045, "0.2": 0.005182720413719488, "0.25": 0.00018756901458314888, "0.3": 0.00014643657757888587, "0.35": 0.00014643657757888587, "0.4": 9.182830832668484e-05}, "3": {"0": 1.0, "0.05": 0.2468145593162891, "0.1": 0.12906071687895865, "0.15": 0.07092915610040634, "0.2": 0.04166681623824028, "0.25": 0.02607167695504408, "0.3": 0.015455858504565585, "0.35": 0.009265709915022851, "0.4": 0.005459203651583404}, "4": {"0": 1.0, "0.05": 0.04489744047499476, "0.1": 0.01752394940971114, "0.15": 0.005305077866322394, "0.2": 0.001503802475474149, "0.25": 0.0003420531264609125, "0.3": 4.01913485865971e-05, "0.35": 3.2761652089699004e-05, "0.4": 1.186563069217309e-05}, "5": {"0": 1.0, "0.05": 0.008953728195406841, "0.1": 0.002916640872602573, "0.15": 0.0004093310396289562, "0.2": 9.388077669507707e-05, "0.25": 2.063435386660877e-05, "0.3": 2.063435386660877e-05, "0.35": 2.063435386660877e-05, "0.4": 0.0}, "6": {"0": 1.0, "0.05": 0.5428274149860651, "0.1": 0.4514068688353636, "0.15": 0.38312916222578886, "0.2": 0.3294817505887422, "0.25": 0.2858889275992137, "0.3": 0.2503999790610113, "0.35": 0.2170439047961411, "0.4": 0.18472707356034887}, "7": {"0": 1.0, "0.05": 0.14108918496654163, "0.1": 0.10243749243982721, "0.15": 0.0828896725221393, "0.2": 0.0689520760744418, "0.25": 0.05875167130069889, "0.3": 0.05007908083029064, "0.35": 0.04327932501184682, "0.4": 0.03686717865506343}, "8": {"0": 1.0, "0.05": 0.27606227185060156, "0.1": 0.12974582436709278, "0.15": 0.07038351799830381, "0.2": 0.03925752491350521, "0.25": 0.022655244352658768, "0.3": 0.014445955098186873, "0.35": 0.009111722880474854, "0.4": 0.006038362565393605}, "9": {"0": 1.0, "0.05": 0.41933471146966994, "0.1": 0.26525130183388457, "0.15": 0.17546435673437696, "0.2": 0.1258693723281569, "0.25": 0.09581999530288446, "0.3": 0.07231334339502841, "0.35": 0.056159600540596266, "0.4": 0.041649401810421614}, "10": {"0": 1.0, "0.05": 0.3185672215896971, "0.1": 0.20113968765815088, "0.15": 0.13660556456663975, "0.2": 0.10022963927672748, "0.25": 0.07665508356573351, "0.3": 0.059787385591990136, "0.35": 0.04684951981775241, "0.4": 0.036177977869206485}, "11": {"0": 1.0, "0.05": 0.015291370260167563, "0.1": 0.002914956765263434, "0.15": 0.00044833729419552394, "0.2": 0.00014807764049176928, "0.25": 2.9839267552406974e-05, "0.3": 9.036117361092286e-06, "0.35": 9.036117361092286e-06, "0.4": 0.0}, "12": {"0": 1.0, "0.05": 0.053402459473637254, "0.1": 0.025440186237402476, "0.15": 0.014334437946072356, "0.2": 0.008504015903887597, "0.25": 0.004253508407216756, "0.3": 0.0024782661389079956, "0.35": 0.001580430924228062, "0.4": 0.0009067391441718554}, "13": {"0": 1.0, "0.05": 0.09433051879772979, "0.1": 0.03094808180221609, "0.15": 0.013320029602868114, "0.2": 0.005667860156618514, "0.25": 0.002607585239360984, "0.3": 0.001661884923696943, "0.35": 0.0011540860634250832, "0.4": 0.0007207447935592543}, "14": {"0": 1.0, "0.05": 0.005423290415918017, "0.1": 0.00020079252576785556, "0.15": 1.592077820763879e-05, "0.2": 1.592077820763879e-05, "0.25": 0.0, "0.3": 0.0, "0.35": 0.0, "0.4": 0.0}, "15": {"0": 1.0, "0.05": 0.1299205416076199, "0.1": 0.067887674873289,