{"fscore": {"0": {"0": 0.010441274224259384, "0.05": 0.08361085315255952, "0.1": 0.08487521633245841, "0.15": 0.0549238383376488, "0.2": 0.03049245553502516, "0.25": 0.016895634079308428, "0.3": 0.009490207758551639, "0.35": 0.0046246617963780125, "0.4": 0.002644433082760615}, "1": {"0": 0.010441274224259384, "0.05": 0.03904174276181471, "0.1": 0.026053633270410614, "0.15": 0.017322578044013402, "0.2": 0.012861399389504457, "0.25": 0.010214198244945042, "0.3": 0.007972580773320952, "0.35": 0.006099923390321617, "0.4": 0.004269682910991961}, "2": {"0": 0.010441274224259384, "0.05": 0.015073163087156425, "0.1": 0.007046177519188198, "0.15": 0.003001514145539902, "0.2": 0.0009676404208515497, "0.25": 0.0004037010733187558, "0.3": 0.00024574616422482897, "0.35": 0.00011294859747869907, "0.4": 4.4296751083778835e-05}, "3": {"0": 0.010441274224259384, "0.05": 0.02248419801968074, "0.1": 0.023886167223954615, "0.15": 0.01994994717179544, "0.2": 0.015141918366880489, "0.25": 0.008763452010259548, "0.3": 0.0035787487154016733, "0.35": 0.0011395680590401784, "0.4": 0.00041704804757283336}, "4": {"0": 0.010441274224259384, "0.05": 0.010698024654321405, "0.1": 0.00622681616684326, "0.15": 0.002089139386645219, "0.2": 0.0005001723962071078, "0.25": 0.0001610701090894222, "0.3": 5.0663167757345205e-05, "0.35": 2.5982149772876792e-05, "0.4": 1.2157685176742348e-05}, "5": {"0": 0.010441274224259384, "0.05": 0.002230696551023807, "0.1": 0.000822828797433672, "0.15": 0.00032139500270095793, "0.2": 0.00015004645002038728, "0.25": 4.676227191665921e-05, "0.3": 3.586263064979326e-05, "0.35": 3.786433432514533e-05, "0.4": 4.008963469311727e-05}, "6": {"0": 0.010441274224259384, "0.05": 0.13180367585918615, "0.1": 0.1464215558104978, "0.15": 0.11796876924383379, "0.2": 0.08803197943331192, "0.25": 0.0654325025325314, "0.3": 0.04616471284517834, "0.35": 0.03320918957793544, "0.4": 0.0235825780144905}, "7": {"0": 0.010441274224259384, "0.05": 0.03043808027905208, "0.1": 0.03190968999329643, "0.15": 0.03102459142809033, "0.2": 0.02992645933290887, "0.25": 0.02823634640885056, "0.3": 0.026119804978402144, "0.35": 0.023366087663546243, "0.4": 0.020853739373512856}, "8": {"0": 0.010441274224259384, "0.05": 0.01579286615110755, "0.1": 0.004157444773399688, "0.15": 0.001097636131973801, "0.2": 0.0003644357348189758, "0.25": 0.00012485584886015992, "0.3": 9.67132271216797e-05, "0.35": 6.368311283055515e-06, "0.4": 6.429545045392587e-06}, "9": {"0": 0.010441274224259384, "0.05": 0.005192408221499605, "0.1": 0.002072286179777488, "0.15": 0.0007898027558403182, "0.2": 0.00020296868062728358, "0.25": 7.42194296105412e-05, "0.3": 1.910493384916655e-05, "0.35": 0.0, "0.4": 0.0}, "10": {"0": 0.010441274224259384, "0.05": 0.050179465231766494, "0.1": 0.04183759662510168, "0.15": 0.03524647347361829, "0.2": 0.030600355416736592, "0.25": 0.027132969835872368, "0.3": 0.02393362311790098, "0.35": 0.021358453484678668, "0.4": 0.01872679657759508}, "11": {"0": 0.010441274224259384, "0.05": 0.0008341246104180783, "0.1": 0.00024814536920555964, "0.15": 0.00014979023600122593, "0.2": 0.00010089039656315157, "0.25": 5.88962357965155e-05, "0.3": 6.993333804568977e-05, "0.35": 2.7713470394704434e-05, "0.4": 2.242816699865627e-05}, "12": {"0": 0.010441274224259384, "0.05": 0.0006178104968272145, "0.1": 8.0640893078205e-05, "0.15": 0.0, "0.2": 0.0, "0.25": 0.0, "0.3": 0.0, "0.35": 0.0, "0.4": 0.0}, "13": {"0": 0.010441274224259384, "0.05": 0.008228633034802214, "0.1": 0.003246828423110799, "0.15": 0.0014625582456023111, "0.2": 0.000871485289989636, "0.25": 0.00025650651671386027, "0.3": 0.00011612327172997884, "0.35": 4.673568244680252e-05, "0.4": 3.3863629884249886e-05}, "14": {"0": 0.010441274224259384, "0.05": 0.0002182685438048515, "0.1": 0.0, "0.15": 0.0, "0.2": 0.0, "0.25": 0.0, "0.3": 0.0, "0.35": 0.0, "0.4": 0.0}, "15": {"0": 0.010441274224259384, "0.05": 0.022632568455618424, "0.1": 0.01835986056370794, "0.15": 0.015579365509333849, "0.2": 0.013617028799608119, "0.25": 0.012353195706455395, "0.3": 0.01067723069031018, "0.35": 0.008287581480860878, "0.4": 0.006095713995194527}}, "recall": {"0": {"0": 1.0, "0.05": 0.2806322241754761, "0.1": 0.11627797306476444, "0.15": 0.047956666443481816, "0.2": 0.0215280700177662, "0.25": 0.01075360238640085, "0.3": 0.005609786885187288, "0.35": 0.0027141285566878053, "0.4": 0.0015119430800784386}, "1": {"0": 1.0, "0.05": 0.10067131411623217, "0.1": 0.035154239840021924, "0.15": 0.016600454106300806, "0.2": 0.010095036083499228, "0.25": 0.007150984429950075, "0.3": 0.005126893505269861, "0.35": 0.0037339892880483443, "0.4": 0.002475220612020063}, "2": {"0": 1.0, "0.05": 0.0683581527662936, "0.1": 0.016096016063188567, "0.15": 0.004935197561890155, "0.2": 0.0012198448915302364, "0.25": 0.0004276094901961578, "0.3": 0.0002589017860560696, "0.35": 7.522066138123212e-05, "0.4": 2.7831563615385667e-05}, "3": {"0": 1.0, "0.05": 0.1653704815293627, "0.1": 0.0763820983838583, "0.15": 0.035796096180829, "0.2": 0.018183303647598213, "0.25": 0.008087210040139771, "0.3": 0.0027384456036894204, "0.35": 0.0008185482827468699, "0.4": 0.00024198877913673888}, "4": {"0": 1.0, "0.05": 0.024282102454731915, "0.1": 0.010660797384418868, "0.15": 0.0033201319855427377, "0.2": 0.000688366993618311, "0.25": 0.00019412185758423112, "0.3": 4.557532245860389e-05, "0.35": 2.2171778493374862e-05, "0.4": 8.798324798958279e-06}, "5": {"0": 1.0, "0.05": 0.00664423110113022, "0.1": 0.0018027365504520332, "0.15": 0.0005823519075287451, "0.2": 0.0003227861530312271, "0.25": 4.219454310437268e-05, "0.3": 2.6880197624990144e-05, "0.35": 2.6880197624990144e-05, "0.4": 2.6880197624990144e-05}, "6": {"0": 1.0, "0.05": 0.2795476660409116, "0.1": 0.14785820769059543, "0.15": 0.0903782584747619, "0.2": 0.059707302249533176, "0.25": 0.041042494107768605, "0.3": 0.027629410989293092, "0.35": 0.019428995059517028, "0.4": 0.013458812092222874}, "7": {"0": 1.0, "0.05": 0.08693166589216451, "0.1": 0.05838637012375361, "0.15": 0.044970343638440206, "0.2": 0.037111109793447214, "0.25": 0.03129515675462797, "0.3": 0.02622308194109244, "0.35": 0.02150051910323378, "0.4": 0.017681560975253717}, "8": {"0": 1.0, "0.05": 0.05374240673813132, "0.1": 0.008523339154673324, "0.15": 0.001649491729811348, "0.2": 0.00048095995774342964, "0.25": 0.00010589627712842016, "0.3": 6.410423433336834e-05, "0.35": 3.2459839064117916e-06, "0.4": 3.2459839064117916e-06}, "9": {"0": 1.0, "0.05": 0.014820766347503915, "0.1": 0.002280525047967884, "0.15": 0.0006288214867674151, "0.2": 0.00012731213887313386, "0.25": 4.425527506398025e-05, "0.3": 1.0131404313951957e-05, "0.35": 0.0, "0.4": 0.0}, "10": {"0": 1.0, "0.05": 0.18882232774650204, "0.1": 0.11568312226646345, "0.15": 0.08191832987894741, "0.2": 0.06271590224353489, "0.25": 0.050074491855294466, "0.3": 0.039994276404225974, "0.35": 0.03293007971726807, "0.4": 0.026637533165223996}, "11": {"0": 1.0, "0.05": 0.005833024382864084, "0.1": 0.001191105503182253, "0.15": 0.0006746987893906217, "0.2": 0.0004337316350540489, "0.25": 9.939529269363431e-05, "0.3": 9.939529269363431e-05, "0.35": 2.416961566254104e-05, "0.4": 1.6739919165642938e-05}, "12": {"0": 1.0, "0.05": 0.0011205172634505688, "0.1": 6.471540927851034e-05, "0.15": 0.0, "0.2": 0.0, "0.25": 0.0, "0.3": 0.0, "0.35": 0.0, "0.4": 0.0}, "13": {"0": 1.0, "0.05": 0.009902830147900974, "0.1": 0.0025295895196304624, "0.15": 0.0009964170523065734, "0.2": 0.0005480426212931516, "0.25": 0.0001506493974899399, "0.3": 6.643175182805293e-05, "0.35": 2.4946102308624657e-05, "0.4": 1.767792095296347e-05}, "14": {"0": 1.0, "0.05": 0.0005436229225369338, "0.1": 0.0, "0.15": 0.0, "0.2": 0.0, "0.25": 0.0, "0.3": 0.0, "0.35": 0.0, "0.4": 0.0}, "15": {"0": 1.0, "0.05": 0.107683424491541, "0.1": 0.05561799081106891, "0.15": 0.03506855655693434, "0.2": 0.02446280475906541, "0.25": 0.018255134932970162, "0.3": 0.013258044462179664, "0.35": 0.00882608686256574, "0.4": 0.005648493161925297}}, "precision": {"0": {"0": 0.005257420766925437,