{"fscore": {"0": {"0": 0.010441274224259384, "0.05": 0.18488531930408436, "0.1": 0.13097071370448, "0.15": 0.08093498061907374, "0.2": 0.050577598579787615, "0.25": 0.03263623684005137, "0.3": 0.021760215320692743, "0.35": 0.014446195566971307, "0.4": 0.009286034724844008}, "1": {"0": 0.010441274224259384, "0.05": 0.002321526126516013, "0.1": 0.0006628083128096387, "0.15": 0.0003009874324999657, "0.2": 0.00015054337689296665, "0.25": 9.259510304283383e-05, "0.3": 6.081136566153451e-05, "0.35": 6.679921470805751e-05, "0.4": 1.8072234722184573e-05}, "2": {"0": 0.010441274224259384, "0.05": 0.01980118795540215, "0.1": 0.014817336682128278, "0.15": 0.010345821263154479, "0.2": 0.007112671869575, "0.25": 0.004483917855845614, "0.3": 0.002444545773154753, "0.35": 0.000839681648970404, "0.4": 0.0004528320203954725}, "3": {"0": 0.010441274224259384, "0.05": 0.004458287993771962, "0.1": 0.0013744182044552263, "0.15": 0.0004141893030109008, "0.2": 0.00024374720101625057, "0.25": 0.00011500520931467322, "0.3": 6.55949267366174e-05, "0.35": 5.2597806819375644e-05, "0.4": 6.084518445129691e-05}, "4": {"0": 0.010441274224259384, "0.05": 0.0001806769144261269, "0.1": 1.3646381320833246e-05, "0.15": 0.0, "0.2": 0.0, "0.25": 0.0, "0.3": 0.0, "0.35": 0.0, "0.4": 0.0}, "5": {"0": 0.010441274224259384, "0.05": 0.07941392221473986, "0.1": 0.07515791732602889, "0.15": 0.06606474479123732, "0.2": 0.056387574769519395, "0.25": 0.04817460131165139, "0.3": 0.03895953028141821, "0.35": 0.03071208786447305, "0.4": 0.023878168687758442}, "6": {"0": 0.010441274224259384, "0.05": 0.01728282906400639, "0.1": 0.007591850467058519, "0.15": 0.003246821160823857, "0.2": 0.001425070603889644, "0.25": 0.0005759916973620853, "0.3": 0.00039080637314095325, "0.35": 0.000207323943296321, "0.4": 5.308557296488302e-05}, "7": {"0": 0.010441274224259384, "0.05": 0.0165209706404726, "0.1": 0.007558038283847744, "0.15": 0.003293251452470147, "0.2": 0.0014484189048955206, "0.25": 0.0009302721758081772, "0.3": 0.0005179282158806286, "0.35": 0.00024644972291750796, "0.4": 0.00011269626781016878}, "8": {"0": 0.010441274224259384, "0.05": 0.026744459432713082, "0.1": 0.0132007241768437, "0.15": 0.002549898338623238, "0.2": 0.00039005906608715035, "0.25": 0.0, "0.3": 0.0, "0.35": 0.0, "0.4": 0.0}, "9": {"0": 0.010441274224259384, "0.05": 0.007678856049390233, "0.1": 0.004778194645044039, "0.15": 0.0024479719920679024, "0.2": 0.000876547649410734, "0.25": 0.0005080639835715741, "0.3": 0.000331842643791186, "0.35": 0.00015995411769457213, "0.4": 0.0}, "10": {"0": 0.010441274224259384, "0.05": 0.0004039427609357095, "0.1": 2.5710026102051723e-05, "0.15": 1.1144544745347152e-05, "0.2": 0.0, "0.25": 0.0, "0.3": 0.0, "0.35": 0.0, "0.4": 0.0}, "11": {"0": 0.010441274224259384, "0.05": 0.006803115310250051, "0.1": 0.0036657711235113352, "0.15": 0.0020772874481746, "0.2": 0.0012667128494272927, "0.25": 0.0008848612438368087, "0.3": 0.0005496267804060909, "0.35": 0.0004611940129449514, "0.4": 0.0002858965197086602}}, "recall": {"0": {"0": 1.0, "0.05": 0.21708142179654707, "0.1": 0.09877632639549164, "0.15": 0.05271500952845544, "0.2": 0.03096605141037826, "0.25": 0.01908339507022501, "0.3": 0.01254622259126524, "0.35": 0.00818912605482607, "0.4": 0.005203178681792253}, "1": {"0": 1.0, "0.05": 0.012404007144574365, "0.1": 0.001975160496865571, "0.15": 0.0005477159549543274, "0.2": 0.00018906239133863252, "0.25": 8.77507444066551e-05, "0.3": 5.1284793648036713e-05, "0.35": 5.1284793648036713e-05, "0.4": 1.393068093168394e-05}, "2": {"0": 1.0, "0.05": 0.10497885650620933, "0.1": 0.03959069759641779, "0.15": 0.01747115037431915, "0.2": 0.007925288692178064, "0.25": 0.003580647929502893, "0.3": 0.0016223818102049494, "0.35": 0.0005169383132196579, "0.4": 0.0002727327215497609}, "3": {"0": 1.0, "0.05": 0.01262693714034539, "0.1": 0.0029207009281015327, "0.15": 0.0008417051636872746, "0.2": 0.00039987939465393953, "0.25": 0.0001442293814107947, "0.3": 7.317907791172244e-05, "0.35": 5.853196196069476e-05, "0.4": 5.853196196069476e-05}, "4": {"0": 1.0, "0.05": 0.00016924927289094438, "0.1": 7.268181355661187e-06, "0.15": 0.0, "0.2": 0.0, "0.25": 0.0, "0.3": 0.0, "0.35": 0.0, "0.4": 0.0}, "5": {"0": 1.0, "0.05": 0.32185396145347317, "0.1": 0.1940847209382537, "0.15": 0.12671479264740582, "0.2": 0.08664926230925257, "0.25": 0.06234459462375065, "0.3": 0.043615230226529446, "0.35": 0.030521404657463835, "0.4": 0.02154476529588739}, "6": {"0": 1.0, "0.05": 0.02413954511641225, "0.1": 0.006163971720708882, "0.15": 0.002069103708328278, "0.2": 0.0008608126382938728, "0.25": 0.0003429225917383678, "0.3": 0.00023546776427567633, "0.35": 0.00012950583385364366, "0.4": 2.7473008651309913e-05}, "7": {"0": 1.0, "0.05": 0.04085683871793467, "0.1": 0.01282238647104134, "0.15": 0.004428162290271712, "0.2": 0.0015870166650542674, "0.25": 0.0008869774841836625, "0.3": 0.00044262508129919875, "0.35": 0.00019223017507437768, "0.4": 8.045980879892742e-05}, "8": {"0": 1.0, "0.05": 0.06633772216918543, "0.1": 0.01634547892505027, "0.15": 0.002207702058182292, "0.2": 0.0003054799318590693, "0.25": 0.0, "0.3": 0.0, "0.35": 0.0, "0.4": 0.0}, "9": {"0": 1.0, "0.05": 0.047220214103357076, "0.1": 0.011917557948722629, "0.15": 0.003423409751419186, "0.2": 0.0008256326646766995, "0.25": 0.0003976912454987166, "0.3": 0.0002305961841055355, "0.35": 9.66319612893911e-05, "0.4": 0.0}, "10": {"0": 1.0, "0.05": 0.0011626786913973431, "0.1": 3.51074664817781e-05, "0.15": 1.5197106470927935e-05, "0.2": 0.0, "0.25": 0.0, "0.3": 0.0, "0.35": 0.0, "0.4": 0.0}, "11": {"0": 1.0, "0.05": 0.014058280919360082, "0.1": 0.00391355386985834, "0.15": 0.001682611948326065, "0.2": 0.0008703355479021503, "0.25": 0.000561741718781821, "0.3": 0.0003250667300214941, "0.35": 0.0002626213115894166, "0.4": 0.0001574546386976513}}, "precision": {"0": {"0": 0.005257420766925437, "0.05": 0.19337489024243518, "0.1": 0.2811055699245543, "0.15": 0.27798726089865367, "0.2": 0.24767222460742186, "0.25": 0.21544390428439494, "0.3": 0.18377408252823965, "0.35": 0.14805268981547834, "0.4": 0.11364451700459723}, "1": {"0": 0.005257420766925437, "0.05": 0.0013071079475872466, "0.1": 0.0004151834032579626, "0.15": 0.00021461965636641615, "0.2": 0.00012898087469054686, "0.25": 0.00010144029987571832, "0.3": 7.922565617580487e-05, "0.35": 0.00010739596206523303, "0.4": 2.5718180181570354e-05}, "2": {"0": 0.005257420766925437, "0.05": 0.011053668535924576, "0.1": 0.009382405408399084, "0.15": 0.007785645438947124, "0.2": 0.007159371010894648, "0.25": 0.007045484457745704, "0.3": 0.006809027834604563, "0.35": 0.0037888715170560703, "0.4": 0.00221219213195141}, "3": {"0": 0.005257420766925437, "0.05": 0.0027821164564997454, "0.1": 0.0009609820848977939, "0.15": 0.00031695697072999863, "0.2": 0.00020402736195374876, "0.25": 0.00010290915007389765, "0.3": 6.708226629618712e-05, "0.35": 5.157923914192721e-05, "0.4": 6.894601462619242e-05}, "4": {"0": 0.005257420766925437, "0.05": 0.00024075687059898378, "0.1": 0.00011144544745347152, "0.15": 0.0, "0.2": 0.0, "0.25": 0.0, "0.3": 0.0, "0.35": 0.0, "0.4": 0.0}, "5": {"0": 0.005257420766925437, "0.05": 0.04628039326943055, "0.1": 0.048372644397719496, "0.15": 0.04721440786289525, "0.2": 0.04510139296111597, "0.25": 0.04363945717444719, "0.3": 0.04092327001864209, "0.35": 0.03697407811306455, "0.4": 0.033078495051780926}, "6": {"0": 0.005257420766925437, "0.05": 0.01751909180179386, "0.1": 0.01632623148512958, "0.15": 0.01563409140517402, "0.2": 0.01018556279338626, "0.25": 0.005603848582785393, "0.3": 0.0035634681823247514, "0.35": 0.0018945726067090161, "0.4": 0.0008358408559010365}, "7": {"0": 0.005257420766925437, "0.05": 0.01057249295519031, "0.1": 0.005558895324832471, "0.15": 0.0027463432709251084, "0.2": 0.0014005177249879226, "0.25": 0.0010505398457885669, "0.3": 0.0006942506179107523, "0.35": 0.00036747763825182303, "0.4": 0.00022368693381732497}, "8": {"0": 0.005257420766925437, "0.05": 0.019280655681926724, "0.1": 0.013500571895265696,