{"fscore": {"0": {"0": 0.010441274224259384, "0.05": 0.0002714019657254483, "0.1": 0.0001327448491018534, "0.15": 5.411145744588469e-05, "0.2": 7.113539199157757e-06, "0.25": 0.0, "0.3": 0.0, "0.35": 0.0, "0.4": 0.0}, "1": {"0": 0.010441274224259384, "0.05": 0.0008186314668004625, "0.1": 0.00038118868683145024, "0.15": 0.00018932221104341613, "0.2": 7.048351042935563e-05, "0.25": 2.1278732412132613e-05, "0.3": 7.429696496898101e-06, "0.35": 7.429696496898101e-06, "0.4": 7.429696496898101e-06}, "2": {"0": 0.010441274224259384, "0.05": 0.01682460725616074, "0.1": 0.010267167656905586, "0.15": 0.005666376324977787, "0.2": 0.002408087447604622, "0.25": 0.0008368822280249247, "0.3": 0.0002814770929798537, "0.35": 0.00014975070217245563, "0.4": 7.761847634406487e-05}, "3": {"0": 0.010441274224259384, "0.05": 0.05063784023823945, "0.1": 0.0335628518809581, "0.15": 0.02376203946471288, "0.2": 0.016899386651848477, "0.25": 0.01225426536391346, "0.3": 0.009385501015124986, "0.35": 0.0072596983316283075, "0.4": 0.00554563444360718}, "4": {"0": 0.010441274224259384, "0.05": 0.008039300601306624, "0.1": 0.006148527915314623, "0.15": 0.004261118571931291, "0.2": 0.002602322199698881, "0.25": 0.0015794228347700001, "0.3": 0.0011949355458906812, "0.35": 0.0008353697167257265, "0.4": 0.0006813472070818854}, "5": {"0": 0.010441274224259384, "0.05": 0.05145028574524306, "0.1": 0.03039461675329112, "0.15": 0.01880511482667734, "0.2": 0.012149558003013046, "0.25": 0.007886091292224997, "0.3": 0.005045505061459196, "0.35": 0.003317241309842636, "0.4": 0.00214383139713809}, "6": {"0": 0.010441274224259384, "0.05": 0.13156868178161815, "0.1": 0.16618088363045583, "0.15": 0.1703307666939577, "0.2": 0.1602524791987372, "0.25": 0.14380925241120818, "0.3": 0.12445177615491018, "0.35": 0.10782742622742812, "0.4": 0.0895450694058976}, "7": {"0": 0.010441274224259384, "0.05": 0.11261332275317053, "0.1": 0.05218659274717582, "0.15": 0.024595411131846795, "0.2": 0.011117548781034508, "0.25": 0.0061295304724643404, "0.3": 0.003158341189786891, "0.35": 0.001993705149580044, "0.4": 0.0011263685136433648}, "8": {"0": 0.010441274224259384, "0.05": 0.010565510984805645, "0.1": 0.005414811475953311, "0.15": 0.0022234376043231054, "0.2": 0.0007970090800304572, "0.25": 0.00022156001652007905, "0.3": 5.95103192025107e-05, "0.35": 9.83342183412984e-06, "0.4": 0.0}, "9": {"0": 0.010441274224259384, "0.05": 0.026182032066671187, "0.1": 0.012464619793050068, "0.15": 0.006085228536299894, "0.2": 0.0028487188003817605, "0.25": 0.0013746659536300941, "0.3": 0.0006206696579989278, "0.35": 0.0003848399288395422, "0.4": 0.00016891134434638742}, "10": {"0": 0.010441274224259384, "0.05": 0.12824401826493614, "0.1": 0.09594367074282555, "0.15": 0.07119673750535184, "0.2": 0.05044074326184408, "0.25": 0.03587345942820489, "0.3": 0.02516776865690094, "0.35": 0.01722278192179281, "0.4": 0.010757340538087273}, "11": {"0": 0.010441274224259384, "0.05": 0.006645624388077292, "0.1": 0.0033778682581853342, "0.15": 0.0017802375157458326, "0.2": 0.0005795629543040333, "0.25": 3.0457140918961165e-05, "0.3": 0.0, "0.35": 0.0, "0.4": 0.0}}, "recall": {"0": {"0": 1.0, "0.05": 0.0002684937716704369, "0.1": 9.709354525214828e-05, "0.15": 3.713578648910962e-05, "0.2": 4.342030420265125e-06, "0.25": 0.0, "0.3": 0.0, "0.35": 0.0, "0.4": 0.0}, "1": {"0": 1.0, "0.05": 0.0006823186190093165, "0.1": 0.00024616512710835516, "0.15": 0.0001274758421081169, "0.2": 3.874812048169917e-05, "0.25": 1.1024769472070339e-05, "0.3": 3.7565881164091523e-06, "0.35": 3.7565881164091523e-06, "0.4": 3.7565881164091523e-06}, "2": {"0": 1.0, "0.05": 0.04743117717937281, "0.1": 0.01690217352133927, "0.15": 0.0071099123302713774, "0.2": 0.002489196265624248, "0.25": 0.0008035669765021046, "0.3": 0.0002748752870623694, "0.35": 0.0001573852899551766, "0.4": 7.279286292797414e-05}, "3": {"0": 1.0, "0.05": 0.10217697223484115, "0.1": 0.04439235540426977, "0.15": 0.024856297950422147, "0.2": 0.015194624984071049, "0.25": 0.010065664510486511, "0.3": 0.007123296242504708, "0.35": 0.005163070658534372, "0.4": 0.003770264426880418}, "4": {"0": 1.0, "0.05": 0.014480701748082594, "0.1": 0.005779122479489352, "0.15": 0.0032097425236742466, "0.2": 0.0018027985969193984, "0.25": 0.0010830094205572817, "0.3": 0.0007787911965396779, "0.35": 0.0005005302441222192, "0.4": 0.0003936804559644716}, "5": {"0": 1.0, "0.05": 0.08146327226191614, "0.1": 0.0343372252839437, "0.15": 0.017938122052105133, "0.2": 0.010352720287684518, "0.25": 0.0061377195302187975, "0.3": 0.003675230809720477, "0.35": 0.002213877064767125, "0.4": 0.001397013364504976}, "6": {"0": 1.0, "0.05": 0.373611558544627, "0.1": 0.2642460929498302, "0.15": 0.20015032099829802, "0.2": 0.15637650860572067, "0.25": 0.12393984963294122, "0.3": 0.09881272281794255, "0.35": 0.08075917706817777, "0.4": 0.06377172576408996}, "7": {"0": 1.0, "0.05": 0.09403705726834363, "0.1": 0.034377690122936094, "0.15": 0.014694637045777724, "0.2": 0.006344636668553585, "0.25": 0.0034306174058186417, "0.3": 0.00172767085257578, "0.35": 0.0010818345351980042, "0.4": 0.0005990581275964886}, "8": {"0": 1.0, "0.05": 0.01657103716729822, "0.1": 0.004673938322974043, "0.15": 0.001427616133291912, "0.2": 0.00045115936649943905, "0.25": 0.0001185355636876096, "0.3": 3.2631100835714676e-05, "0.35": 5.065702156975979e-06, "0.4": 0.0}, "9": {"0": 1.0, "0.05": 0.04153534772229245, "0.1": 0.01387074041022463, "0.15": 0.005309449521843684, "0.2": 0.002218079727817664, "0.25": 0.0010188624769688233, "0.3": 0.0004257480614081944, "0.35": 0.000224335802440428, "0.4": 9.339720207120004e-05}, "10": {"0": 1.0, "0.05": 0.23239168744744315, "0.1": 0.12026993958365878, "0.15": 0.06963233483258803, "0.2": 0.04166721821543766, "0.25": 0.02655991111330002, "0.3": 0.017147580375485187, "0.35": 0.011187423694735762, "0.4": 0.0066459406672786225}, "11": {"0": 1.0, "0.05": 0.008016821652015262, "0.1": 0.0028337377225548053, "0.15": 0.001254614944466262, "0.2": 0.0003821548269318058, "0.25": 1.706238439694622e-05, "0.3": 0.0, "0.35": 0.0, "0.4": 0.0}}, "precision": {"0": {"0": 0.005257420766925437, "0.05": 0.0003066670534904886, "0.1": 0.00021433103249612204, "0.15": 0.00010083159531504566, "0.2": 1.966684366825968e-05, "0.25": 0.0, "0.3": 0.0, "0.35": 0.0, "0.4": 0.0}, "1": {"0": 0.005257420766925437, "0.05": 0.0015500131590430344, "0.1": 0.0010656307546979566, "0.15": 0.0008358408559010365, "0.2": 0.000735539953192912, "0.25": 0.00033433634236041456, "0.3": 0.00033433634236041456, "0.35": 0.00033433634236041456, "0.4": 0.00033433634236041456}, "2": {"0": 0.005257420766925437, "0.05": 0.010582248654501475, "0.1": 0.007736323170911667, "0.15": 0.005078691016407691, "0.2": 0.002578270693325612, "0.25": 0.000988064481785972, "0.3": 0.0003549340024525977, "0.35": 0.00016071141112933152, "0.4": 9.054942605594561e-05}, "3": {"0": 0.005257420766925437, "0.05": 0.03589253846594036, "0.1": 0.030079386924215724, "0.15": 0.02613006997519611, "0.2": 0.022507725643434867, "0.25": 0.019110883066310005, "0.3": 0.016939013202386527, "0.35": 0.015207923655288762, "0.4": 0.013709205769776559}, "4": {"0": 0.005257420766925437, "0.05": 0.0059234597711345545, "0.1": 0.008369508813874781, "0.15": 0.009665105315946393, "0.2": 0.008641046345330593, "0.25": 0.006401057349651211, "0.3": 0.005823434710094689, "0.35": 0.005012524345523342, "0.4": 0.00521748395369258}, "5": {"0": 0.005257420766925437, "0.05": 0.041143236273525244, "0.1": 0.03356611326436923, "0.15": 0.025609329754754055, "0.2": 0.021011824929579963, "0.25": 0.01654059630702898, "0.3": 0.012288093737202872, "0.35": 0.010182546084172933, "0.4": 0.007439662087257896}, "6": {"0": 0.005257420766925437, "0.05": 0.08324530644443336, "0.1": 0.13241360197942706, "0.15": 0.17047090554172734, "0.2": 0.19833415993807638, "0.25": 0.21856398190022558, "0.3": 0.22804219070243753, "0.35": 0.2353754374559902, "0.4": 0.23249556181560163}, "7": {"0": 0.005257420766925437, "0.05": 0.20121787208030295, "0.1": 0.17789050512984386,