{"fscore": {"0": {"0": 0.010441274224259384, "0.05": 0.10924438708859308, "0.1": 0.15295946771111066, "0.15": 0.15130272144506077, "0.2": 0.13307726201866837, "0.25": 0.10836396048002127, "0.3": 0.0858389718142381, "0.35": 0.06503144429232761, "0.4": 0.048561947953553425}, "1": {"0": 0.010441274224259384, "0.05": 0.025186450098073528, "0.1": 0.02425432067848408, "0.15": 0.02119237867943944, "0.2": 0.01835474859702963, "0.25": 0.016153042067036157, "0.3": 0.01372509241577466, "0.35": 0.010820334832430724, "0.4": 0.009154113149245316}, "2": {"0": 0.010441274224259384, "0.05": 0.05873210714659425, "0.1": 0.06600748303073879, "0.15": 0.06552247765843724, "0.2": 0.057446149716087816, "0.25": 0.04689763789684192, "0.3": 0.035487882015095375, "0.35": 0.02635057476627429, "0.4": 0.01851451472311221}, "3": {"0": 0.010441274224259384, "0.05": 0.003359065834828903, "0.1": 0.001610168011515683, "0.15": 0.000651774924874196, "0.2": 0.00041582331107941115, "0.25": 0.0004067317709311891, "0.3": 0.0004213086729415139, "0.35": 0.00029644623365849713, "0.4": 0.0002232047861826346}, "4": {"0": 0.010441274224259384, "0.05": 0.017136471905363656, "0.1": 0.010708590766779505, "0.15": 0.005360415353642646, "0.2": 0.0025495860869873574, "0.25": 0.0011464952629976542, "0.3": 0.0005512459217572524, "0.35": 0.0002368545803362849, "0.4": 5.391037359541458e-05}, "5": {"0": 0.010441274224259384, "0.05": 0.12402724829498077, "0.1": 0.11895930339461715, "0.15": 0.10170021488187386, "0.2": 0.0871312066570733, "0.25": 0.07452311837487105, "0.3": 0.06080693464994132, "0.35": 0.05119103872208962, "0.4": 0.04253418603132124}, "6": {"0": 0.010441274224259384, "0.05": 0.027856390730725114, "0.1": 0.017645630210361914, "0.15": 0.011189597561144522, "0.2": 0.006279797274779867, "0.25": 0.003381796195877428, "0.3": 0.001658771538589647, "0.35": 0.0010402011813871956, "0.4": 0.0005541215607024458}, "7": {"0": 0.010441274224259384, "0.05": 0.02414163988393774, "0.1": 0.01887304463959194, "0.15": 0.017260168519317165, "0.2": 0.016981220192441127, "0.25": 0.016430013900118185, "0.3": 0.014737517284000069, "0.35": 0.012250249380955813, "0.4": 0.009652957249382003}, "8": {"0": 0.010441274224259384, "0.05": 0.018699941134334184, "0.1": 0.0100860901203855, "0.15": 0.005649151045609529, "0.2": 0.003430990684420466, "0.25": 0.0021870440750137313, "0.3": 0.0011088993665923316, "0.35": 0.0004969703041624108, "0.4": 0.00023076760136612006}, "9": {"0": 0.010441274224259384, "0.05": 0.001173180184338129, "0.1": 0.0005697389638375315, "0.15": 0.0004757665985059026, "0.2": 0.000274303656158407, "0.25": 0.0001267569953065321, "0.3": 0.00010309267877531214, "0.35": 4.342030420265124e-06, "0.4": 0.0}, "10": {"0": 0.010441274224259384, "0.05": 0.03372222312648278, "0.1": 0.022503372130152497, "0.15": 0.012360486788040166, "0.2": 0.006331204645247165, "0.25": 0.0038985979837405623, "0.3": 0.0025830082843854817, "0.35": 0.0015390434618991796, "0.4": 0.0007836627608021306}, "11": {"0": 0.010441274224259384, "0.05": 0.034787506725259036, "0.1": 0.04380380222232792, "0.15": 0.04272542167947496, "0.2": 0.03681952805708273, "0.25": 0.030373036589913673, "0.3": 0.025406819305316217, "0.35": 0.020617233794024536, "0.4": 0.016052559608426015}}, "recall": {"0": {"0": 1.0, "0.05": 0.4643944994847794, "0.1": 0.3077162310451617, "0.15": 0.20564768154268934, "0.2": 0.1415671957189997, "0.25": 0.09714505545026442, "0.3": 0.06879768020791731, "0.35": 0.04766169497832482, "0.4": 0.03310611871951135}, "1": {"0": 1.0, "0.05": 0.13560266965845397, "0.1": 0.06972559625191183, "0.15": 0.04168151552151008, "0.2": 0.02729931092268561, "0.25": 0.01937901055925716, "0.3": 0.014038209442621893, "0.35": 0.009514176428719174, "0.4": 0.007272042014772304}, "2": {"0": 1.0, "0.05": 0.21135029912802789, "0.1": 0.13145442658499903, "0.15": 0.08617559050845026, "0.2": 0.05611031534325425, "0.25": 0.0374701320501484, "0.3": 0.024954245354909633, "0.35": 0.01687512611904487, "0.4": 0.011164778014663954}, "3": {"0": 1.0, "0.05": 0.00902662248742802, "0.1": 0.00317062608627492, "0.15": 0.001146715302155817, "0.2": 0.0007093424467122324, "0.25": 0.0006229810688988189, "0.3": 0.0005897531975640448, "0.35": 0.0003302967391288327, "0.4": 0.00024760475946978026}, "4": {"0": 1.0, "0.05": 0.0715143663918041, "0.1": 0.015694130976089266, "0.15": 0.004795618917087764, "0.2": 0.0017847476643181681, "0.25": 0.0007111879952230647, "0.3": 0.00030599291005018944, "0.35": 0.00012785801287852456, "0.4": 2.8197105643655263e-05}, "5": {"0": 1.0, "0.05": 0.305117013187771, "0.1": 0.19703120861220874, "0.15": 0.13760805040933932, "0.2": 0.10286574959689757, "0.25": 0.07925695673000611, "0.3": 0.05962782824714891, "0.35": 0.047288652506634686, "0.4": 0.03751004519918993}, "6": {"0": 1.0, "0.05": 0.07372900995703796, "0.1": 0.02752898356805724, "0.15": 0.013587458088059518, "0.2": 0.006356390522858551, "0.25": 0.0030390819517257185, "0.3": 0.0012812044754626553, "0.35": 0.0007529622252549598, "0.4": 0.0003898313254585213}, "7": {"0": 1.0, "0.05": 0.06872422240338742, "0.1": 0.03818789150002685, "0.15": 0.02739527737670782, "0.2": 0.022006863500517046, "0.25": 0.018316649823750267, "0.3": 0.014601752847123783, "0.35": 0.011115931716833696, "0.4": 0.00796584078536716}, "8": {"0": 1.0, "0.05": 0.06488859537760985, "0.1": 0.01222450408384987, "0.15": 0.004384303598585516, "0.2": 0.002163633926290214, "0.25": 0.0012645770775175395, "0.3": 0.0006074535690077516, "0.35": 0.000266099093634612, "0.4": 0.0001207812098423514}, "9": {"0": 1.0, "0.05": 0.006289681275268273, "0.1": 0.001415223295420479, "0.15": 0.0006799516696195162, "0.2": 0.00027148583861326024, "0.25": 9.825671266155037e-05, "0.3": 7.133885042147467e-05, "0.35": 2.4227271185537287e-06, "0.4": 0.0}, "10": {"0": 1.0, "0.05": 0.11504423640997592, "0.1": 0.03135704843141425, "0.15": 0.011194791045338801, "0.2": 0.004715304644882277, "0.25": 0.002554987462828659, "0.3": 0.0016507694952220314, "0.35": 0.0009533712329091879, "0.4": 0.0004951414671384297}, "11": {"0": 1.0, "0.05": 0.1188324159542298, "0.1": 0.06527176128792746, "0.15": 0.0440868222116538, "0.2": 0.03100114306728236, "0.25": 0.0227330675802511, "0.3": 0.01741392631094307, "0.35": 0.013174892302647855, "0.4": 0.00974889093128952}}, "precision": {"0": {"0": 0.005257420766925437, "0.05": 0.06397921645758814, "0.1": 0.11045305427312825, "0.15": 0.13811208310374756, "0.2": 0.1552220033867889, "0.25": 0.163021587698137, "0.3": 0.16466084068719836, "0.35": 0.16318272350394009, "0.4": 0.15644390634586322}, "1": {"0": 0.005257420766925437, "0.05": 0.014066145530912209, "0.1": 0.015062281212300067, "0.15": 0.014780225082921872, "0.2": 0.014635060744681851, "0.25": 0.014953585329885074, "0.3": 0.014874614968892096, "0.35": 0.014267089110368465, "0.4": 0.01464953198066304}, "2": {"0": 0.005257420766925437, "0.05": 0.03459149233652802, "0.1": 0.04552347000697522, "0.15": 0.0564021889562328, "0.2": 0.06593117332556667, "0.25": 0.0749527076203562, "0.3": 0.07998907030929608, "0.35": 0.08657850831062816, "0.4": 0.08845932782448207}, "3": {"0": 0.005257420766925437, "0.05": 0.002106319376920757, "0.1": 0.0011297376254105602, "0.15": 0.0005047781508357654, "0.2": 0.000353241230028299, "0.25": 0.000383215392963195, "0.3": 0.0004509838178538883, "0.35": 0.00034182566472196684, "0.4": 0.00027764443999081414}, "4": {"0": 0.005257420766925437, "0.05": 0.010269491386558614, "0.1": 0.009567740844448029, "0.15": 0.008441036587028328, "0.2": 0.0073835728677188045, "0.25": 0.005723652438797874, "0.3": 0.004087659804811259, "0.35": 0.00207288532263457, "0.4": 0.0006129499609940933}, "5": {"0": 0.005257420766925437, "0.05": 0.0822386475768298, "0.1": 0.09503115012475805, "0.15": 0.09464785982248117, "0.2": 0.09304064306510912, "0.25": 0.09041044416074752, "0.3": 0.08267602436258976, "0.35": 0.07620014213668386, "0.4": 0.06994158719585379}, "6": {"0": 0.005257420766925437, "0.05": 0.018289894780998454, "0.1": 0.014658116959635023, "0.15": 0.011247396652704637,