{"fscore": {"0": {"0": 0.011099634023900469, "0.05": 0.003207561364405161, "0.1": 0.0006715149343313986, "0.15": 0.00026014834726569453, "0.2": 9.335332757801884e-05, "0.25": 2.8462164022132895e-05, "0.3": 4.819888686702305e-06, "0.35": 1.8049368633085217e-06, "0.4": 0.0}, "1": {"0": 0.011099634023900469, "0.05": 0.008971201047513044, "0.1": 0.0025485539423642407, "0.15": 0.0007857385200931322, "0.2": 0.00023668088087977403, "0.25": 6.536075269309569e-05, "0.3": 1.7092083600397138e-05, "0.35": 1.2804835105735928e-05, "0.4": 1.4138672095916751e-05}, "2": {"0": 0.011099634023900469, "0.05": 0.0059701623125855, "0.1": 0.0027585034397895024, "0.15": 0.0013860909219710609, "0.2": 0.0006258228321624702, "0.25": 0.000360148730766017, "0.3": 0.00017178219049779927, "0.35": 8.088387106496283e-05, "0.4": 2.8905244311563176e-05}, "3": {"0": 0.011099634023900469, "0.05": 0.006351109487316113, "0.1": 0.001819616582607153, "0.15": 0.0007253232757250028, "0.2": 0.000400866326423827, "0.25": 0.00023198116657686694, "0.3": 0.00012362844935276764, "0.35": 9.610380771597888e-05, "0.4": 6.122505451534323e-05}, "4": {"0": 0.011099634023900469, "0.05": 0.0017508788404401226, "0.1": 0.000345793171473204, "0.15": 9.320484775432235e-05, "0.2": 4.5970117478158666e-05, "0.25": 0.0, "0.3": 0.0, "0.35": 0.0, "0.4": 0.0}, "5": {"0": 0.011099634023900469, "0.05": 0.011376097811655451, "0.1": 0.0037056820479825286, "0.15": 0.0013271499244229355, "0.2": 0.00048730358696357873, "0.25": 0.00022939239302971774, "0.3": 0.00010287800752352648, "0.35": 3.364797879598189e-05, "0.4": 2.5497597723195693e-05}, "6": {"0": 0.011099634023900469, "0.05": 0.005186206341559879, "0.1": 0.0018219153321484894, "0.15": 0.0005480671730102512, "0.2": 0.00016438037873506043, "0.25": 9.868934669020969e-05, "0.3": 5.6235946017075385e-05, "0.35": 3.293737679071546e-05, "0.4": 1.0988576792444592e-05}, "7": {"0": 0.011099634023900469, "0.05": 0.00168929839145243, "0.1": 0.00042946215432088845, "0.15": 9.65053549244052e-05, "0.2": 2.3381552508110012e-05, "0.25": 1.8599817854363104e-05, "0.3": 1.6158482395333432e-06, "0.35": 0.0, "0.4": 0.0}, "8": {"0": 0.011099634023900469, "0.05": 0.0045031971164858796, "0.1": 0.001007305536751962, "0.15": 0.0003015982814166961, "0.2": 8.022852523066081e-05, "0.25": 4.6069940058708863e-05, "0.3": 2.703382827530626e-05, "0.35": 7.627255676118927e-06, "0.4": 2.6718750417480476e-06}, "9": {"0": 0.011099634023900469, "0.05": 0.03238402918251711, "0.1": 0.018245836221181765, "0.15": 0.009867892833113874, "0.2": 0.005533652027231194, "0.25": 0.0033112474965293287, "0.3": 0.001999063239726761, "0.35": 0.0011186238074966613, "0.4": 0.0006999567689537694}, "10": {"0": 0.011099634023900469, "0.05": 0.007301302177551825, "0.1": 0.0027148611715019037, "0.15": 0.0011194347252874042, "0.2": 0.00046091474739263594, "0.25": 0.0002007829737994043, "0.3": 0.00012839020848391493, "0.35": 4.1941536539026983e-05, "0.4": 1.7654839816200876e-05}, "11": {"0": 0.011099634023900469, "0.05": 0.005503842005205496, "0.1": 0.0026785140723437103, "0.15": 0.0014152278559714437, "0.2": 0.0008044850317891615, "0.25": 0.0005066903508562154, "0.3": 0.0003533685129294416, "0.35": 0.00023230986935515675, "0.4": 0.0001746028594297116}, "12": {"0": 0.011099634023900469, "0.05": 0.002169097804633801, "0.1": 0.00037779312890860267, "0.15": 8.920607501780637e-05, "0.2": 1.5380857288610372e-05, "0.25": 0.0, "0.3": 0.0, "0.35": 0.0, "0.4": 0.0}, "13": {"0": 0.011099634023900469, "0.05": 0.02234977215248955, "0.1": 0.007113752260123881, "0.15": 0.002082318003456996, "0.2": 0.0006016203173124871, "0.25": 0.00015724441720763057, "0.3": 8.392608763468842e-05, "0.35": 2.1116084888762356e-05, "0.4": 1.994440701452991e-05}, "14": {"0": 0.011099634023900469, "0.05": 0.002106576768794609, "0.1": 0.000767916910847212, "0.15": 0.000453282455250192, "0.2": 0.00030091644261360135, "0.25": 0.00017560957685465922, "0.3": 0.00016312332551432268, "0.35": 0.00014826429214526732, "0.4": 0.00011335533678848466}, "15": {"0": 0.011099634023900469, "0.05": 0.0034370066866994233, "0.1": 0.0009124591976671121, "0.15": 0.00022037298465197127, "0.2": 9.754616774624481e-05, "0.25": 2.5165710550855794e-05, "0.3": 1.6116678059309726e-05, "0.35": 7.219747453234086e-06, "0.4": 7.219747453234086e-06}}, "recall": {"0": {"0": 0.5856547591822291, "0.05": 0.010452875462741039, "0.1": 0.0017508924772575139, "0.15": 0.0006021049627556915, "0.2": 0.00020555727708435244, "0.25": 5.453121523346971e-05, "0.3": 7.5753745423283605e-06, "0.35": 2.189213743883884e-06, "0.4": 0.0}, "1": {"0": 0.5856547591822291, "0.05": 0.044674696295335194, "0.1": 0.008289932780228876, "0.15": 0.002119336665421651, "0.2": 0.0006145227755514139, "0.25": 0.00015819531053619626, "0.3": 2.6454366980066125e-05, "0.35": 1.4753396969652262e-05, "0.4": 1.4753396969652262e-05}, "2": {"0": 0.5856547591822291, "0.05": 0.029224032987894805, "0.1": 0.007466641321990082, "0.15": 0.0028795767244954333, "0.2": 0.001117949274653056, "0.25": 0.0005799483907958959, "0.3": 0.00024424698625306575, "0.35": 9.579455287127935e-05, "0.4": 2.792766352832316e-05}, "3": {"0": 0.5856547591822291, "0.05": 0.02138513473962571, "0.1": 0.004427376414061951, "0.15": 0.001633058258452625, "0.2": 0.0008354941967394414, "0.25": 0.0004562519536506697, "0.3": 0.0002280334759284931, "0.35": 0.00016748270514004018, "0.4": 9.849767080450327e-05}, "4": {"0": 0.5856547591822291, "0.05": 0.011749943075173644, "0.1": 0.0012749400517470355, "0.15": 0.00026638330031083607, "0.2": 0.00011074953946971462, "0.25": 0.0, "0.3": 0.0, "0.35": 0.0, "0.4": 0.0}, "5": {"0": 0.5856547591822291, "0.05": 0.0395693580702017, "0.1": 0.010314125847576376, "0.15": 0.003412146087423668, "0.2": 0.0012791169382197966, "0.25": 0.0006335737450887828, "0.3": 0.0003205486065873024, "0.35": 5.300656386506403e-05, "0.4": 3.559947146645484e-05}, "6": {"0": 0.5856547591822291, "0.05": 0.016920387892011026, "0.1": 0.0041582226864914935, "0.15": 0.0010835094466859923, "0.2": 0.0002959056794010746, "0.25": 0.00016771769798056504, "0.3": 9.237519238679909e-05, "0.35": 5.103103707278493e-05, "0.4": 1.2933704046595508e-05}, "7": {"0": 0.5856547591822291, "0.05": 0.008572923175293646, "0.1": 0.0015900011915870086, "0.15": 0.0002872148198626646, "0.2": 6.039788752506052e-05, "0.25": 3.9756729368441034e-05, "0.3": 2.3083546279047757e-06, "0.35": 0.0, "0.4": 0.0}, "8": {"0": 0.5856547591822291, "0.05": 0.014149642959711965, "0.1": 0.0021784538908557593, "0.15": 0.0005738606683079846, "0.2": 0.00013638096586164372, "0.25": 7.423338554254051e-05, "0.3": 4.379666868568543e-05, "0.35": 1.219209084956334e-05, "0.4": 3.4625319418571635e-06}, "9": {"0": 0.5856547591822291, "0.05": 0.1540694582126124, "0.1": 0.05967045650059722, "0.15": 0.027180611432880097, "0.2": 0.014306730848167802, "0.25": 0.008018596939082046, "0.3": 0.004268899748575547, "0.35": 0.0022283357086971775, "0.4": 0.0012567983281364173}, "10": {"0": 0.5856547591822291, "0.05": 0.032423785264414556, "0.1": 0.008670680919339127, "0.15": 0.0030712991703549866, "0.2": 0.0010435126681012843, "0.25": 0.00043061389167060426, "0.3": 0.00023915816176370543, "0.35": 6.813543630645769e-05, "0.4": 2.6323636774943188e-05}, "11": {"0": 0.5856547591822291, "0.05": 0.020990006223877183, "0.1": 0.006758671423601161, "0.15": 0.0029451873551170848, "0.2": 0.001491220409172041, "0.25": 0.0009110279224713055, "0.3": 0.0005897418271064766, "0.35": 0.0003381835426031096, "0.4": 0.00022538354863776186}, "12": {"0": 0.5856547591822291, "0.05": 0.0060768631668928885, "0.1": 0.0009051072100529167, "0.15": 0.00016558285279682692, "0.2": 2.4138521287799976e-05, "0.25": 0.0, "0.3": 0.0, "0.35": 0.0, "0.4": 0.0}, "13": {"0": 0.5856547591822291, "0.05": 0.09552349932061517, "0.1": 0.021941693117392105, "0.15": 0.005411840589899379, "0.2": 0.0015078618091257988, "0.25": 0.0003053016787940054, "0.3": 0.00015134701087818263, "0.35": 3.231861783234413e-05, "0.4": 2.8326522181732346e-05}, "14": {"0": 0.5856547591822291,