{"fscore": {"0": {"0": 0.010441274224259384, "0.05": 0.0971157775649008, "0.1": 0.16528757462936308, "0.15": 0.20776391997901342, "0.2": 0.21851785010686273, "0.25": 0.20991872010012627, "0.3": 0.1847039608568581, "0.35": 0.15336050243697644, "0.4": 0.12139119812649969}, "1": {"0": 0.010441274224259384, "0.05": 0.018304413776566213, "0.1": 0.013864075750657425, "0.15": 0.012016048206536647, "0.2": 0.010607111723368869, "0.25": 0.009740572126573477, "0.3": 0.008177393974612117, "0.35": 0.007012385753966559, "0.4": 0.006009901818913673}, "2": {"0": 0.010441274224259384, "0.05": 0.06421789215742531, "0.1": 0.06210391882758212, "0.15": 0.0445219048033447, "0.2": 0.027729424064207378, "0.25": 0.016470939410426825, "0.3": 0.00996861194014118, "0.35": 0.005529579205040063, "0.4": 0.0029155787578862883}, "3": {"0": 0.010441274224259384, "0.05": 0.003729305529412212, "0.1": 0.001354744269680986, "0.15": 0.0005975040901502616, "0.2": 0.00039727305996963247, "0.25": 0.00018674916275848607, "0.3": 9.04436692361941e-05, "0.35": 6.196748418095818e-05, "0.4": 1.2157685176742348e-05}, "4": {"0": 0.010441274224259384, "0.05": 0.011692443824958512, "0.1": 0.004329985094474191, "0.15": 0.0012487438879089272, "0.2": 0.00029870462527049934, "0.25": 3.88802162544442e-05, "0.3": 0.0, "0.35": 0.0, "0.4": 0.0}, "5": {"0": 0.010441274224259384, "0.05": 0.041826398335807556, "0.1": 0.03664526355304391, "0.15": 0.032552969696182335, "0.2": 0.028362342733124008, "0.25": 0.024885202626097728, "0.3": 0.021528415382600842, "0.35": 0.01822273832204266, "0.4": 0.015359507191413924}, "6": {"0": 0.010441274224259384, "0.05": 0.009679005439679658, "0.1": 0.006401444388290082, "0.15": 0.002979178120493086, "0.2": 0.001441309413565445, "0.25": 0.000600623546004934, "0.3": 0.00025487632317669533, "0.35": 0.00018118180673588105, "0.4": 2.333848609800356e-05}, "7": {"0": 0.010441274224259384, "0.05": 0.01718315185376038, "0.1": 0.013055936854227308, "0.15": 0.012558967984708232, "0.2": 0.011747507075464245, "0.25": 0.010571821362785172, "0.3": 0.008612303901970068, "0.35": 0.006897854977549831, "0.4": 0.0050347135085766}, "8": {"0": 0.010441274224259384, "0.05": 0.00525419214818979, "0.1": 0.0005822836951339656, "0.15": 0.00018177765442830695, "0.2": 9.690908474214915e-06, "0.25": 0.0, "0.3": 0.0, "0.35": 0.0, "0.4": 0.0}, "9": {"0": 0.010441274224259384, "0.05": 0.002776047733234077, "0.1": 0.001166388077652874, "0.15": 0.0004279514906421059, "0.2": 0.0001754245780442016, "0.25": 7.429696496898102e-05, "0.3": 0.0, "0.35": 0.0, "0.4": 0.0}, "10": {"0": 0.010441274224259384, "0.05": 0.015540026949652565, "0.1": 0.011692325069160774, "0.15": 0.00806299014484085, "0.2": 0.0054953712147748695, "0.25": 0.0037211382347502957, "0.3": 0.00216542114478077, "0.35": 0.001237842393493691, "0.4": 0.000902928119857242}, "11": {"0": 0.010441274224259384, "0.05": 0.04874502356281443, "0.1": 0.04106513000497064, "0.15": 0.031788798878058536, "0.2": 0.025317325941832086, "0.25": 0.020263987843559872, "0.3": 0.01582889230408867, "0.35": 0.011998012281096232, "0.4": 0.009307175392278192}}, "recall": {"0": {"0": 1.0, "0.05": 0.4533090420904917, "0.1": 0.356257126628146, "0.15": 0.2929998083963541, "0.2": 0.23829304377606625, "0.25": 0.19379030792979948, "0.3": 0.15172836012351285, "0.35": 0.11543706855040191, "0.4": 0.08538275629303481}, "1": {"0": 1.0, "0.05": 0.06279251283845268, "0.1": 0.026810459489689038, "0.15": 0.016240356342025933, "0.2": 0.011307242551388702, "0.25": 0.008714748607771081, "0.3": 0.006564549201639301, "0.35": 0.005101863765597353, "0.4": 0.004150256617600073}, "2": {"0": 1.0, "0.05": 0.15957500808986197, "0.1": 0.07102959053704688, "0.15": 0.0348620448847862, "0.2": 0.017866558768539615, "0.25": 0.009634168633593801, "0.3": 0.005558429875983692, "0.35": 0.002995915394395061, "0.4": 0.0015542800435002324}, "3": {"0": 1.0, "0.05": 0.009430055985392127, "0.1": 0.002490687362387907, "0.15": 0.0008711499685416642, "0.2": 0.0005178314533347278, "0.25": 0.00015747864420889834, "0.3": 7.350357426792807e-05, "0.35": 4.570582281977336e-05, "0.4": 9.036117361092286e-06}, "4": {"0": 1.0, "0.05": 0.04579197958953279, "0.1": 0.005317845168295594, "0.15": 0.0009736108986058337, "0.2": 0.0001840063828325196, "0.25": 2.1270675338140893e-05, "0.3": 0.0, "0.35": 0.0, "0.4": 0.0}, "5": {"0": 1.0, "0.05": 0.12208366282441956, "0.1": 0.07376345210107264, "0.15": 0.051909681684500046, "0.2": 0.03820157253182713, "0.25": 0.028912095263032393, "0.3": 0.02232558338635853, "0.35": 0.017233395749364153, "0.4": 0.013302525174635222}, "6": {"0": 1.0, "0.05": 0.014551979268813655, "0.1": 0.005937509967233265, "0.15": 0.002209540293437464, "0.2": 0.0009633466962219146, "0.25": 0.0003699990330895397, "0.3": 0.00015419067201723118, "0.35": 0.00010597932099251646, "0.4": 1.2799490664935085e-05}, "7": {"0": 1.0, "0.05": 0.05489731724711116, "0.1": 0.028613334610773065, "0.15": 0.02091769875333473, "0.2": 0.015648769195941575, "0.25": 0.011688521595092255, "0.3": 0.008071510156241739, "0.35": 0.005649471381399415, "0.4": 0.0036641525658024907}, "8": {"0": 1.0, "0.05": 0.005655153608954454, "0.1": 0.0003482236460972551, "0.15": 0.0001111006046866259, "0.2": 5.1436360363140705e-06, "0.25": 0.0, "0.3": 0.0, "0.35": 0.0, "0.4": 0.0}, "9": {"0": 1.0, "0.05": 0.016349873310546225, "0.1": 0.0023494850657795026, "0.15": 0.0005195972892799103, "0.2": 0.00016329448311836153, "0.25": 6.686726847208293e-05, "0.3": 0.0, "0.35": 0.0, "0.4": 0.0}, "10": {"0": 1.0, "0.05": 0.055883604945882306, "0.1": 0.018602586504647828, "0.15": 0.008633681491155506, "0.2": 0.00468020121058233, "0.25": 0.0027432676352554764, "0.3": 0.0014456529744585407, "0.35": 0.0007349418532888005, "0.4": 0.0005114221276700654}, "11": {"0": 1.0, "0.05": 0.10390392841372788, "0.1": 0.0419771916725973, "0.15": 0.025108743650707394, "0.2": 0.017462022631631248, "0.25": 0.012827143978044893, "0.3": 0.009497586298143023, "0.35": 0.00695080994740784, "0.4": 0.005275412002576185}}, "precision": {"0": {"0": 0.005257420766925437, "0.05": 0.056174161511579626, "0.1": 0.11874624106087579, "0.15": 0.1918890490355705, "0.2": 0.2620903621815445, "0.25": 0.3278265701232624, "0.3": 0.38006346855520645, "0.35": 0.418224480298124, "0.4": 0.42160489775835897}, "1": {"0": 0.005257420766925437, "0.05": 0.011001845447755822, "0.1": 0.009823304992163577, "0.15": 0.010370980853680788, "0.2": 0.011429083439214708, "0.25": 0.01325842378885332, "0.3": 0.013734095936405066, "0.35": 0.014416796421777392, "0.4": 0.014779320588006468}, "2": {"0": 0.005257420766925437, "0.05": 0.041213615805657654, "0.1": 0.059544848436122386, "0.15": 0.07317525724278957, "0.2": 0.08047476061883545, "0.25": 0.08053493818097156, "0.3": 0.07225539793242902, "0.35": 0.054717857275530316, "0.4": 0.037163076531180846}, "3": {"0": 0.005257420766925437, "0.05": 0.002370709630332945, "0.1": 0.0009821117427920392, "0.15": 0.0005027349600638984, "0.2": 0.0003762094211975897, "0.25": 0.0002705064466807237, "0.3": 0.00012860600024104606, "0.35": 0.00010510267752582933, "0.4": 1.8574241242245254e-05}, "4": {"0": 0.005257420766925437, "0.05": 0.007226274314746849, "0.1": 0.004797333301413943, "0.15": 0.0024636632142457145, "0.2": 0.0011858567525568529, "0.25": 0.00025075225677031093, "0.3": 0.0, "0.35": 0.0, "0.4": 0.0}, "5": {"0": 0.005257420766925437, "0.05": 0.02618597390008244, "0.1": 0.025859708988594653, "0.15": 0.025693247954156173, "0.2": 0.024964100793449826, "0.25": 0.02484761695884082, "0.3": 0.024344201318345658, "0.35": 0.02379769490391731, "0.4": 0.023550502962604785}, "6": {"0": 0.005257420766925437, "0.05": 0.007787611877704615, "0.1": 0.007815943126400209, "0.15": 0.005334019491378361, "0.2": 0.0036850911025731567, "0.25": 0.0019338257704685255, "0.3": 0.0008717345490020493, "0.35": 0.0007998375521999023, "0.4": 0.00013620644724482556}, "7": {"0": 0.005257420766925437, "0.05": 0.010382336612235065, "0.1": 0.008772555866104986, "0.15": 0.009559443566868159, "0.2": 0.01031427291790433,