{"fscore": {"0": {"0": 0.010441274224259384, "0.05": 0.013093127792673135, "0.1": 0.0047047478187417745, "0.15": 0.0015766094630472434, "0.2": 0.0004931773221937834, "0.25": 0.00010865931126713474, "0.3": 7.029635916295896e-05, "0.35": 2.6746907388833167e-05, "0.4": 2.6746907388833167e-05}, "1": {"0": 0.010441274224259384, "0.05": 0.0024771952841411513, "0.1": 0.0008756246713842292, "0.15": 0.00016683455275092257, "0.2": 0.0, "0.25": 0.0, "0.3": 0.0, "0.35": 0.0, "0.4": 0.0}, "2": {"0": 0.010441274224259384, "0.05": 0.0638949601815645, "0.1": 0.08299244135940155, "0.15": 0.09038718267104527, "0.2": 0.08907800792800993, "0.25": 0.08326202017488765, "0.3": 0.07493294295509502, "0.35": 0.06423055742273248, "0.4": 0.05418135764974271}, "3": {"0": 0.010441274224259384, "0.05": 0.0028258875578934745, "0.1": 0.0014641975193001595, "0.15": 0.0010333623175357999, "0.2": 0.0008097964494594938, "0.25": 0.0006726634352513971, "0.3": 0.0004694438175652414, "0.35": 0.000306174356921318, "0.4": 0.00017783743968603498}, "4": {"0": 0.010441274224259384, "0.05": 0.01148060930309166, "0.1": 0.007464661554895372, "0.15": 0.0033656500336286988, "0.2": 0.0008312528896561162, "0.25": 0.0002594954316270232, "0.3": 0.0001012079859083485, "0.35": 6.052028106495433e-05, "0.4": 4.296975072523603e-05}, "5": {"0": 0.010441274224259384, "0.05": 0.0017691450269256756, "0.1": 0.0005578777195972266, "0.15": 8.59971029099103e-05, "0.2": 3.933368733651936e-05, "0.25": 5.572272372673576e-05, "0.3": 0.0, "0.35": 0.0, "0.4": 0.0}, "6": {"0": 0.010441274224259384, "0.05": 0.01244068681385291, "0.1": 0.006969989222668689, "0.15": 0.004139486818193575, "0.2": 0.0023030168199729196, "0.25": 0.0012944368851025806, "0.3": 0.0006586545664012906, "0.35": 0.00043837799289682335, "0.4": 0.00014574055720257558}, "7": {"0": 0.010441274224259384, "0.05": 0.004162174172330938, "0.1": 0.0012849810825698489, "0.15": 0.0003176801372044071, "0.2": 0.00012933699774841267, "0.25": 3.861685878606581e-05, "0.3": 3.4943540298314295e-05, "0.35": 1.364638132083325e-05, "0.4": 1.364638132083325e-05}, "8": {"0": 0.010441274224259384, "0.05": 0.06803232175061802, "0.1": 0.08082543005871964, "0.15": 0.08460273485029028, "0.2": 0.08529930125249247, "0.25": 0.08437183870201494, "0.3": 0.08178721634337771, "0.35": 0.07899245369244254, "0.4": 0.07466916836227921}, "9": {"0": 0.010441274224259384, "0.05": 0.01423581808696167, "0.1": 0.008351743292877597, "0.15": 0.006067059815282546, "0.2": 0.003970853835149927, "0.25": 0.002566164980831257, "0.3": 0.0018901608883781353, "0.35": 0.001127216496924106, "0.4": 0.0006817087389670326}, "10": {"0": 0.010441274224259384, "0.05": 0.030312180096727502, "0.1": 0.0267063423978292, "0.15": 0.022517181425104192, "0.2": 0.017690556508363754, "0.25": 0.012696480533163532, "0.3": 0.00868798033121437, "0.35": 0.0061567375200128685, "0.4": 0.004270514134173633}, "11": {"0": 0.010441274224259384, "0.05": 0.005414122027106728, "0.1": 0.004381243029449295, "0.15": 0.0021542058948103974, "0.2": 0.0012894512243512423, "0.25": 0.0006503439770879125, "0.3": 0.000553494930874772, "0.35": 0.000580371770491133, "0.4": 0.0005942569449412004}, "12": {"0": 0.010441274224259384, "0.05": 0.010126652308591813, "0.1": 0.007131412532952189, "0.15": 0.004503120173087455, "0.2": 0.0024662669888836346, "0.25": 0.001134741834106239, "0.3": 0.0005345818580899696, "0.35": 0.0002856850477302556, "0.4": 0.00021703855978583766}, "13": {"0": 0.010441274224259384, "0.05": 0.009637368498653497, "0.1": 0.005033291536436998, "0.15": 0.003118145103084815, "0.2": 0.002152832946534821, "0.25": 0.0017583252428072, "0.3": 0.0014895795083796901, "0.35": 0.0011955370471239326, "0.4": 0.0009690183700262127}, "14": {"0": 0.010441274224259384, "0.05": 0.016890118195614943, "0.1": 0.014899460778287514, "0.15": 0.014020769655059813, "0.2": 0.013362370352470882, "0.25": 0.012624318316826163, "0.3": 0.011731115440046418, "0.35": 0.010653413878524818, "0.4": 0.009375050873208609}, "15": {"0": 0.010441274224259384, "0.05": 0.01275092815443975, "0.1": 0.006333166115077018, "0.15": 0.0034354034086707843, "0.2": 0.0019100865431384327, "0.25": 0.0012669557270974978, "0.3": 0.0006016509596099572, "0.35": 0.0005007061329508674, "0.4": 0.0003845276245730509}}, "recall": {"0": {"0": 1.0, "0.05": 0.05080816975388056, "0.1": 0.005757615204828751, "0.15": 0.0011785261872960123, "0.2": 0.00030282636537399827, "0.25": 6.229869733423874e-05, "0.3": 3.8417530022780556e-05, "0.35": 1.4536362711322373e-05, "0.4": 1.4536362711322373e-05}, "1": {"0": 1.0, "0.05": 0.007247005989425184, "0.1": 0.001045486954209683, "0.15": 0.00011883292976572816, "0.2": 0.0, "0.25": 0.0, "0.3": 0.0, "0.35": 0.0, "0.4": 0.0}, "2": {"0": 1.0, "0.05": 0.29551825892379757, "0.1": 0.18022188018548596, "0.15": 0.12550678242492255, "0.2": 0.09368014382834276, "0.25": 0.07289491894820306, "0.3": 0.05812970008706282, "0.35": 0.04544456068017005, "0.4": 0.03637173104221994}, "3": {"0": 1.0, "0.05": 0.018314616307193863, "0.1": 0.004864132046817877, "0.15": 0.002096730861411121, "0.2": 0.0011777573580770023, "0.25": 0.0008105176009964422, "0.3": 0.00046287437691318626, "0.35": 0.00023844623646285758, "0.4": 0.0001138984901815791}, "4": {"0": 1.0, "0.05": 0.040848952508644155, "0.1": 0.017915189248361326, "0.15": 0.006712175366585595, "0.2": 0.0016505655217236566, "0.25": 0.00046999502343502884, "0.3": 0.00016895373700839854, "0.35": 7.261868580875357e-05, "0.4": 4.427970059915652e-05}, "5": {"0": 1.0, "0.05": 0.009251604780224004, "0.1": 0.0012412312716005818, "0.15": 0.00010924973602754634, "0.2": 4.7762334622916366e-05, "0.25": 4.7762334622916366e-05, "0.3": 0.0, "0.35": 0.0, "0.4": 0.0}, "6": {"0": 1.0, "0.05": 0.04602190132680773, "0.1": 0.009508919421800533, "0.15": 0.003388804484492811, "0.2": 0.001552127025015886, "0.25": 0.0008245204011034302, "0.3": 0.00037837697611635895, "0.35": 0.0002371967667400565, "0.4": 7.769491785425676e-05}, "7": {"0": 1.0, "0.05": 0.017144988175371464, "0.1": 0.002190866863258726, "0.15": 0.00042814208077773304, "0.2": 9.65891190762361e-05, "0.25": 2.305697580546518e-05, "0.3": 2.0338794160258555e-05, "0.35": 6.96534046584197e-06, "0.4": 6.96534046584197e-06}, "8": {"0": 1.0, "0.05": 0.3506880289694951, "0.1": 0.2404340230348068, "0.15": 0.17851980668702183, "0.2": 0.14079357472821522, "0.25": 0.11524136374895959, "0.3": 0.0963670499800158, "0.35": 0.0828332180627593, "0.4": 0.07153478445161744}, "9": {"0": 1.0, "0.05": 0.06199411769737315, "0.1": 0.015282220241599516, "0.15": 0.007113580529722581, "0.2": 0.0036122545651784783, "0.25": 0.00198127636903096, "0.3": 0.0013724570358039988, "0.35": 0.0007808632918199928, "0.4": 0.00045509894770244384}, "10": {"0": 1.0, "0.05": 0.13325806780497929, "0.1": 0.052723953002293274, "0.15": 0.027392432916254747, "0.2": 0.016444578342236876, "0.25": 0.009885437561950103, "0.3": 0.006027112879988503, "0.35": 0.00390704434435632, "0.4": 0.002599291544859008}, "11": {"0": 1.0, "0.05": 0.022429864056294022, "0.1": 0.011296502913962413, "0.15": 0.0043925122253782615, "0.2": 0.002184511099947366, "0.25": 0.0009997933629814562, "0.3": 0.0006619456114438276, "0.35": 0.0006110521904400754, "0.4": 0.000574991259831094}, "12": {"0": 1.0, "0.05": 0.03444280901402006, "0.1": 0.012430652309104236, "0.15": 0.005867439031182505, "0.2": 0.002641779030879553, "0.25": 0.0011450589289224088, "0.3": 0.0004558184257131577, "0.35": 0.00022608719735136274, "0.4": 0.0001383839262884891}, "13": {"0": 1.0, "0.05": 0.049161624758796145, "0.1": 0.014415461779058445, "0.15": 0.0060127539207815855, "0.2": 0.003104437363849615, "0.25": 0.0021000682566968414, "0.3": 0.001552540636771758, "0.35": 0.0011064072431312098, "0.4": 0.0008124321208363949}, "14": {"0": 1.0, "0.05": 0.07657191124540282, "0.1": 0.03769410550324216, "0.15": 0.024265209828615786, "0.2": 0.017736822055818422, "0.25": 0.013600861737022135, "0.3": 0.011013724907598645, "0.35": 0.008871671314806954, "0.4": 0.0072014170052411945}, "15": {"0": 1.0, "0.05": 0.062491451774508204,