{"fscore": {"0": {"0": 0.010441274224259384, "0.05": 0.08386235152549333, "0.1": 0.08643979671141083, "0.15": 0.06899741790142104, "0.2": 0.05388773810612976, "0.25": 0.04171851312113334, "0.3": 0.03145188339554838, "0.35": 0.023584378504473782, "0.4": 0.01787853041052837}, "1": {"0": 0.010441274224259384, "0.05": 0.09924937457674773, "0.1": 0.11530452272728219, "0.15": 0.11551752451424124, "0.2": 0.10895378643279399, "0.25": 0.0995311650920564, "0.3": 0.08958815601518379, "0.35": 0.08026794753577556, "0.4": 0.0720271005367764}, "2": {"0": 0.010441274224259384, "0.05": 0.01107479757962054, "0.1": 0.006029127350020344, "0.15": 0.0036132539541051294, "0.2": 0.0024590413014664923, "0.25": 0.0019955151117696836, "0.3": 0.001325303145136265, "0.35": 0.0010643987438734668, "0.4": 0.0009438671125803453}, "3": {"0": 0.010441274224259384, "0.05": 0.0013648939896620002, "0.1": 0.0006350363638960435, "0.15": 0.0004983951979580421, "0.2": 0.000412803503489199, "0.25": 0.00026649459093156663, "0.3": 0.00017491900564493496, "0.35": 9.898808982453131e-05, "0.4": 3.7224918379540406e-05}, "4": {"0": 0.010441274224259384, "0.05": 0.005376876134309987, "0.1": 0.0022491619698122695, "0.15": 0.0006510489306281428, "0.2": 0.00018324274553363712, "0.25": 9.859292650194089e-05, "0.3": 7.164350193437455e-05, "0.35": 7.620201535280105e-05, "0.4": 0.0}, "5": {"0": 0.010441274224259384, "0.05": 0.13454721316100976, "0.1": 0.18257421623078138, "0.15": 0.1912216648105696, "0.2": 0.18267631965604864, "0.25": 0.17031053938746218, "0.3": 0.1544465778616238, "0.35": 0.13718533763751928, "0.4": 0.12053237549708397}, "6": {"0": 0.010441274224259384, "0.05": 0.06523159461355903, "0.1": 0.07273517009295535, "0.15": 0.06664363094150699, "0.2": 0.05589100936554821, "0.25": 0.0444325233553382, "0.3": 0.03389162102793214, "0.35": 0.02505971052959516, "0.4": 0.017460633582447996}, "7": {"0": 0.010441274224259384, "0.05": 0.037169121596022946, "0.1": 0.028441309548270108, "0.15": 0.02204046500756899, "0.2": 0.018598830143960608, "0.25": 0.015675563362089067, "0.3": 0.01345142523883958, "0.35": 0.010701483231798018, "0.4": 0.008796176005959014}, "8": {"0": 0.010441274224259384, "0.05": 0.012658588989985304, "0.1": 0.009373666461988905, "0.15": 0.006413697481485486, "0.2": 0.00368862760806042, "0.25": 0.0022126981320636603, "0.3": 0.0013486523360153725, "0.35": 0.0009164252443349663, "0.4": 0.000591004504915524}, "9": {"0": 0.010441274224259384, "0.05": 0.026710579880469692, "0.1": 0.025684373639557636, "0.15": 0.02405684589220478, "0.2": 0.022159591825262455, "0.25": 0.020190261767553126, "0.3": 0.017743629775303527, "0.35": 0.014793577859553408, "0.4": 0.013181610114366837}, "10": {"0": 0.010441274224259384, "0.05": 0.03846485540829571, "0.1": 0.03436941692218795, "0.15": 0.025853737088746456, "0.2": 0.018652655327402096, "0.25": 0.014053550502576818, "0.3": 0.010777172469872493, "0.35": 0.008335651546586945, "0.4": 0.006471498337724737}, "11": {"0": 0.010441274224259384, "0.05": 0.021776502429731507, "0.1": 0.01997170948816939, "0.15": 0.01787547129348267, "0.2": 0.015363674797389246, "0.25": 0.013349990451049792, "0.3": 0.011868836696403436, "0.35": 0.010581114541860066, "0.4": 0.009553737000976077}}, "recall": {"0": {"0": 1.0, "0.05": 0.26521303514278327, "0.1": 0.12983095279802134, "0.15": 0.0733449445826599, "0.2": 0.046765722005183426, "0.25": 0.03167636458307139, "0.3": 0.022087085910596636, "0.35": 0.015661217736241455, "0.4": 0.011530753731766746}, "1": {"0": 1.0, "0.05": 0.42752603425558744, "0.1": 0.31067931092345097, "0.15": 0.23685276823874943, "0.2": 0.18334437459383854, "0.25": 0.1446274802349545, "0.3": 0.11500820662179463, "0.35": 0.09280283439062183, "0.4": 0.07608677849097299}, "2": {"0": 1.0, "0.05": 0.03221683804027753, "0.1": 0.010893317488592113, "0.15": 0.004877473979898764, "0.2": 0.002791251223526814, "0.25": 0.0019120475673981684, "0.3": 0.0011647074795583937, "0.35": 0.0008450148217430191, "0.4": 0.0006936708205252895}, "3": {"0": 1.0, "0.05": 0.0042800599884493425, "0.1": 0.0014318989473772056, "0.15": 0.0009508748680139909, "0.2": 0.000669763284717266, "0.25": 0.000399916259883362, "0.3": 0.00028798466858935166, "0.35": 9.276837743819713e-05, "0.4": 2.5768435814383874e-05}, "4": {"0": 1.0, "0.05": 0.016435336257042542, "0.1": 0.0026006588521910305, "0.15": 0.00047190862939187233, "0.2": 0.00013776990901088435, "0.25": 6.588550056415737e-05, "0.3": 4.239772457469026e-05, "0.35": 4.239772457469026e-05, "0.4": 0.0}, "5": {"0": 1.0, "0.05": 0.5173939114606857, "0.1": 0.4102370200695528, "0.15": 0.31872805561210893, "0.2": 0.24631691985170326, "0.25": 0.19546945083830103, "0.3": 0.15659032694986477, "0.35": 0.12623129244082834, "0.4": 0.10263465565056552}, "6": {"0": 1.0, "0.05": 0.34146347738606586, "0.1": 0.1932655911160404, "0.15": 0.11979576673115956, "0.2": 0.07745567374262623, "0.25": 0.05088147757570279, "0.3": 0.03380246922119357, "0.35": 0.021800214269184208, "0.4": 0.013935923729486271}, "7": {"0": 1.0, "0.05": 0.12271964345572792, "0.1": 0.06499458340377272, "0.15": 0.038526754055763494, "0.2": 0.02610141381774011, "0.25": 0.018493026360346845, "0.3": 0.013726885189332887, "0.35": 0.009645424841675156, "0.4": 0.0072069453733913805}, "8": {"0": 1.0, "0.05": 0.03920453546595835, "0.1": 0.01261251842776829, "0.15": 0.006237753967353246, "0.2": 0.0029410418378318487, "0.25": 0.0016159295154317696, "0.3": 0.0009512231276164114, "0.35": 0.0005704968397623402, "0.4": 0.0003501257938873246}, "9": {"0": 1.0, "0.05": 0.15944817408720033, "0.1": 0.08107487239132498, "0.15": 0.048578961076316644, "0.2": 0.032351064892680886, "0.25": 0.02302597781382712, "0.3": 0.016497966614713453, "0.35": 0.012014135415108136, "0.4": 0.009835760354493748}, "10": {"0": 1.0, "0.05": 0.1251708514989691, "0.1": 0.05423195554150826, "0.15": 0.028227813659838605, "0.2": 0.016495877428636483, "0.25": 0.010904845180533789, "0.3": 0.007643703730491344, "0.35": 0.005588530851014079, "0.4": 0.0041821004397082535}, "11": {"0": 1.0, "0.05": 0.08243554971118525, "0.1": 0.04981374527496165, "0.15": 0.03476020739155909, "0.2": 0.025296546015606883, "0.25": 0.01917720044918224, "0.3": 0.01537369400085113, "0.35": 0.012484486786982859, "0.4": 0.010462755100064934}}, "precision": {"0": {"0": 0.005257420766925437, "0.05": 0.053083002915386486, "0.1": 0.07779381706490264, "0.15": 0.08828718001107243, "0.2": 0.09561640784185463, "0.25": 0.10163794586258093, "0.3": 0.09868798954954114, "0.35": 0.0910961390104736, "0.4": 0.0807870299285722}, "1": {"0": 0.005257420766925437, "0.05": 0.057534876634962547, "0.1": 0.07407817846874211, "0.15": 0.08171191750361168, "0.2": 0.08488001586119821, "0.25": 0.08527624949247647, "0.3": 0.08443972321577795, "0.35": 0.08368305015618398, "0.4": 0.0834002483844432}, "2": {"0": 0.005257420766925437, "0.05": 0.006843726824056501, "0.1": 0.004320217714126262, "0.15": 0.0030083987752563437, "0.2": 0.0023395505738146396, "0.25": 0.0022563552733030584, "0.3": 0.0017082296469390597, "0.35": 0.001626700875346563, "0.4": 0.00166943912956363}, "3": {"0": 0.005257420766925437, "0.05": 0.0008419224483562246, "0.1": 0.0004367147058841823, "0.15": 0.0003771917247328654, "0.2": 0.00034313170907013225, "0.25": 0.00024520097075602363, "0.3": 0.00017702355050317427, "0.35": 0.00014115377193118234, "0.4": 7.374263147913211e-05}, "4": {"0": 0.005257420766925437, "0.05": 0.0035346843526247416, "0.1": 0.0026450355967660663, "0.15": 0.002023025731651609, "0.2": 0.0007953755446232878, "0.25": 0.0002507522567703109, "0.3": 0.0002340354396522902, "0.35": 0.00041792042795051824, "0.4": 0.0}, "5": {"0": 0.005257420766925437, "0.05": 0.07934388110138196, "0.1": 0.12366541424456548, "0.15": 0.14821512671151701, "0.2": 0.16350973194639365, "0.25": 0.1770818872414706, "0.3": 0.18772863928902211, "0.35": 0.19504073693448226, "0.4": 0.20015419366141626}, "6": {"0": 0.005257420766925437, "0.05": 0.037187056193661895, "0.1": 0.048639949705769805, "0.15": 0.05340478753646558, "0.2": 0.0545253197848432,