{"fscore": {"0": {"0": 0.010441275636982043, "0.05": 0.0957721742084977, "0.1": 0.09680308735177379, "0.15": 0.07431238622660692, "0.2": 0.054088521286929175, "0.25": 0.03705545723090933, "0.3": 0.024898711829284603, "0.35": 0.016107892507955003, "0.4": 0.010828333452424331}, "1": {"0": 0.010442004903937896, "0.05": 0.07554499165559442, "0.1": 0.08096200144483821, "0.15": 0.07344283298310919, "0.2": 0.062008400578489026, "0.25": 0.0501248577079477, "0.3": 0.03983540902082804, "0.35": 0.030176503960729763, "0.4": 0.02305396616867052}, "2": {"0": 0.010503324060387063, "0.05": 0.009869492270726605, "0.1": 0.0048397387872869384, "0.15": 0.002809780168282728, "0.2": 0.0018204660049374937, "0.25": 0.0012032766073473027, "0.3": 0.0008249816171770245, "0.35": 0.0005224737219793923, "0.4": 0.00043814884320788087}, "3": {"0": 0.010400851485811064, "0.05": 0.00196264806110958, "0.1": 0.0008612599274232102, "0.15": 0.00036261081257231274, "0.2": 0.00012513895540879755, "0.25": 0.00011308802734151521, "0.3": 8.534792867304597e-05, "0.35": 4.1666541165036655e-05, "0.4": 4.66026376491585e-05}, "4": {"0": 0.010441274224259384, "0.05": 0.006719896753160894, "0.1": 0.0026414135165444305, "0.15": 0.0006542976689366153, "0.2": 0.00020476062649093366, "0.25": 0.00011362536939267127, "0.3": 7.578290426836063e-05, "0.35": 8.91563579627772e-06, "0.4": 0.0}, "5": {"0": 0.010441289520137082, "0.05": 0.13193957230763867, "0.1": 0.17981501200105002, "0.15": 0.18416609627378672, "0.2": 0.17058124989096998, "0.25": 0.15126166484195633, "0.3": 0.13215615817517196, "0.35": 0.11096515809054106, "0.4": 0.09327401939808928}, "6": {"0": 0.010441277327070116, "0.05": 0.0370342107987212, "0.1": 0.029174171548457056, "0.15": 0.018438366188809723, "0.2": 0.010785217704731467, "0.25": 0.0073068690261470755, "0.3": 0.004580481633626734, "0.35": 0.002962449519083595, "0.4": 0.0013674020887635848}, "7": {"0": 0.010441404161155845, "0.05": 0.042282296279481504, "0.1": 0.03182698379607394, "0.15": 0.023609317002434228, "0.2": 0.018096679389304267, "0.25": 0.014247818097738606, "0.3": 0.011586534213964885, "0.35": 0.009059942329670724, "0.4": 0.0066741224071283824}, "8": {"0": 0.01044127445904584, "0.05": 0.01283396034696035, "0.1": 0.00682207923370991, "0.15": 0.0036591696878567536, "0.2": 0.002267597227480028, "0.25": 0.0012610646354762707, "0.3": 0.0007534545994836534, "0.35": 0.0005324008805812324, "0.4": 0.0002650823239186795}, "9": {"0": 0.010441312054375368, "0.05": 0.021661430952547283, "0.1": 0.02278754122444613, "0.15": 0.020668826078471588, "0.2": 0.017246273339895205, "0.25": 0.01299247517140592, "0.3": 0.00901387002875438, "0.35": 0.006663057039699742, "0.4": 0.004512831381033263}, "10": {"0": 0.010441274795761778, "0.05": 0.026964045623263166, "0.1": 0.02024706125256263, "0.15": 0.01267903666401222, "0.2": 0.007164095640224854, "0.25": 0.004657868112944783, "0.3": 0.0024801941111175776, "0.35": 0.0015208174638379694, "0.4": 0.0009362676252193603}, "11": {"0": 0.010486052822853361, "0.05": 0.008149718539549655, "0.1": 0.006789208262666932, "0.15": 0.00582342346549196, "0.2": 0.004853140225211206, "0.25": 0.004241364677669834, "0.3": 0.0033303378455983835, "0.35": 0.002754091820199365, "0.4": 0.0022744252662480857}}, "recall": {"0": {"0": 1.0, "0.05": 0.2581542741077224, "0.1": 0.11929865194444657, "0.15": 0.06658796237364546, "0.2": 0.041846300055283496, "0.25": 0.025807320717995522, "0.3": 0.016160108057085946, "0.35": 0.010009568724672083, "0.4": 0.006529195976034138}, "1": {"0": 0.9999784299133961, "0.05": 0.34152070002975626, "0.1": 0.20235261624140377, "0.15": 0.13159002114274881, "0.2": 0.08926620370803467, "0.25": 0.06142440671154818, "0.3": 0.04245553493255538, "0.35": 0.028983678569774612, "0.4": 0.020206382302269385}, "2": {"0": 0.9999920396108961, "0.05": 0.028238508215683942, "0.1": 0.00779624259688645, "0.15": 0.0033294470509573062, "0.2": 0.0017849043878142296, "0.25": 0.0010244798575365405, "0.3": 0.0006075273506911027, "0.35": 0.00034805887821375833, "0.4": 0.00028047545926847056}, "3": {"0": 0.9947711621399112, "0.05": 0.0053000061412621854, "0.1": 0.0017140387989302889, "0.15": 0.0005488482564802448, "0.2": 0.00014928995403006937, "0.25": 0.00012421044401960947, "0.3": 8.418775564669779e-05, "0.35": 3.639236292949645e-05, "0.4": 3.639236292949645e-05}, "4": {"0": 1.0, "0.05": 0.02088581946659675, "0.1": 0.0030356577366939252, "0.15": 0.0005210883803829463, "0.2": 0.00013033962430096036, "0.25": 6.799771642244266e-05, "0.3": 4.172843237983865e-05, "0.35": 4.579949895348144e-06, "0.4": 0.0}, "5": {"0": 1.0, "0.05": 0.5207049574927363, "0.1": 0.3932729366520862, "0.15": 0.29281769199047386, "0.2": 0.21858064401707208, "0.25": 0.16589055369869762, "0.3": 0.12956424028435876, "0.35": 0.10003335141022399, "0.4": 0.07799616130300575}, "6": {"0": 1.0, "0.05": 0.1284773554908147, "0.1": 0.04585310898858794, "0.15": 0.020062914457255304, "0.2": 0.009798806887756414, "0.25": 0.006064282470519014, "0.3": 0.0033934154899481215, "0.35": 0.0021090652942402253, "0.4": 0.000883306802149257}, "7": {"0": 1.0, "0.05": 0.13235465949167916, "0.1": 0.06519673351979528, "0.15": 0.03644107880432124, "0.2": 0.022511416724962468, "0.25": 0.015009471033883684, "0.3": 0.010723280728530826, "0.35": 0.007487748156372585, "0.4": 0.005112815445305956}, "8": {"0": 1.0, "0.05": 0.03410258310515414, "0.1": 0.008490430304427213, "0.15": 0.003567598006721588, "0.2": 0.001939209120625052, "0.25": 0.0009591562453246463, "0.3": 0.0004866985630435211, "0.35": 0.0003256536680418538, "0.4": 0.000162282497197077}, "9": {"0": 1.0, "0.05": 0.1383550442758251, "0.1": 0.06155170908233154, "0.15": 0.03280757194184726, "0.2": 0.019364905683159944, "0.25": 0.011394401853805108, "0.3": 0.006831315168318514, "0.35": 0.004660600226064537, "0.4": 0.0029145327916980904}, "10": {"0": 1.0, "0.05": 0.09188195736751732, "0.1": 0.031406745684335775, "0.15": 0.012930232199839308, "0.2": 0.005856293157894954, "0.25": 0.0033942095228973504, "0.3": 0.0017132438760131248, "0.35": 0.000982229125664629, "0.4": 0.0006111075150478308}, "11": {"0": 0.9999724172517552, "0.05": 0.025515900068710542, "0.1": 0.012455818543956037, "0.15": 0.007804271258536285, "0.2": 0.005305529342869162, "0.25": 0.003962552692961129, "0.3": 0.002730354507325787, "0.35": 0.0020343205525641616, "0.4": 0.0015687820830606318}}, "precision": {"0": {"0": 0.005257421477713224, "0.05": 0.06517512697414257, "0.1": 0.10934329734268529, "0.15": 0.13509586682622624, "0.2": 0.14486337921546968, "0.25": 0.1352232915546694, "0.3": 0.1168384695569189, "0.35": 0.09018127319742689, "0.4": 0.06835506519558673}, "1": {"0": 0.005257789158995293, "0.05": 0.043661620205756896, "0.1": 0.05369798742374132, "0.15": 0.055930010981387446, "0.2": 0.05449743169270589, "0.25": 0.050863913216383165, "0.3": 0.04706168212583158, "0.35": 0.0416133795624476, "0.4": 0.037588152454253614}, "2": {"0": 0.005288875805663205, "0.05": 0.006097968184080023, "0.1": 0.003647888313348374, "0.15": 0.002625860030293872, "0.2": 0.002080168936435659, "0.25": 0.001693056024483214, "0.3": 0.0014917868945213428, "0.35": 0.0011612821756630614, "0.4": 0.001153777577797068}, "3": {"0": 0.00523710160691677, "0.05": 0.0012439238034410555, "0.1": 0.0006279085187375161, "0.15": 0.000292881999848744, "0.2": 0.0001230777245118015, "0.25": 0.00012446711578667204, "0.3": 9.187105475972077e-05, "0.35": 5.13445097196351e-05, "0.4": 6.858181381752094e-05}, "4": {"0": 0.005257420766925437, "0.05": 0.0047585669602507015, "0.1": 0.00402043178801855, "0.15": 0.0018888593111261115, "0.2": 0.0011283851554663993, "0.25": 0.000696534046584197, "0.3": 0.0005015045135406219, "0.35": 0.00016716817118020728, "0.4": 0.0}, "5": {"0": 0.00525742846249929, "0.05": 0.07771177327169872, "0.1": 0.12512064590522823, "0.15": 0.15290118649061535, "0.2": 0.17001010560932991, "0.25": 0.18141149485641755, "0.3": 0.19101508602576522, "0.35": 0.19121949255985035, "0.4": 0.19272705546122715}, "6": {"0": 0.005257422326392624,