{"fscore": {"0": {"0": 0.010441274224259384, "0.05": 0.003467932323458358, "0.1": 0.0017941579702947326, "0.15": 0.0010499522135645274, "0.2": 0.0006766855913838577, "0.25": 0.00044997263382998566, "0.3": 0.0003279189407353097, "0.35": 0.00024187349824536115, "0.4": 0.00010035459834438796}, "1": {"0": 0.010441274224259384, "0.05": 0.004752408511423169, "0.1": 0.001631902817563798, "0.15": 0.0006763518396152756, "0.2": 0.00028662702943290643, "0.25": 0.00012441496494407676, "0.3": 7.266674503458201e-05, "0.35": 5.625104717652011e-05, "0.4": 3.991896254770054e-05}, "2": {"0": 0.010441274224259384, "0.05": 0.008474820833371064, "0.1": 0.001790892215053593, "0.15": 0.00042589198031595636, "0.2": 7.956592793069435e-05, "0.25": 6.862693343187458e-05, "0.3": 0.0, "0.35": 0.0, "0.4": 0.0}, "3": {"0": 0.010441274224259384, "0.05": 0.029209279313123497, "0.1": 0.028339664256960554, "0.15": 0.022277572546627364, "0.2": 0.015555315009648267, "0.25": 0.009118808621054955, "0.3": 0.005133524944645499, "0.35": 0.0024893896865561364, "0.4": 0.0011230087773581418}, "4": {"0": 0.010441274224259384, "0.05": 0.00870304606706069, "0.1": 0.004780067915682734, "0.15": 0.0017879311868518447, "0.2": 0.0007196156114967065, "0.25": 0.0002352388273470184, "0.3": 4.7573244813621435e-05, "0.35": 4.370409704057707e-06, "0.4": 0.0}, "5": {"0": 0.010441274224259384, "0.05": 0.013338166880399543, "0.1": 0.009390651690343789, "0.15": 0.007243074385642335, "0.2": 0.005390478202378418, "0.25": 0.003657593393196229, "0.3": 0.0024707513660261133, "0.35": 0.0018775104010315762, "0.4": 0.001209757553383317}, "6": {"0": 0.010441274224259384, "0.05": 0.13385720079088206, "0.1": 0.20908099940179384, "0.15": 0.25125142167867937, "0.2": 0.2714310795011749, "0.25": 0.2749540181840463, "0.3": 0.26727185170448403, "0.35": 0.24984036655574718, "0.4": 0.22418700040419082}, "7": {"0": 0.010441274224259384, "0.05": 0.00809590168256461, "0.1": 0.006613431505532215, "0.15": 0.003502377157116627, "0.2": 0.0015025368584905292, "0.25": 0.0007080004942148112, "0.3": 0.0005419557431792619, "0.35": 0.00027895539474566053, "0.4": 0.0001162957212881667}, "8": {"0": 0.010441274224259384, "0.05": 2.892152813117491e-05, "0.1": 4.205488583149869e-06, "0.15": 0.0, "0.2": 0.0, "0.25": 0.0, "0.3": 0.0, "0.35": 0.0, "0.4": 0.0}, "9": {"0": 0.010441274224259384, "0.05": 0.03857345970358575, "0.1": 0.03427195094787818, "0.15": 0.025767621934222128, "0.2": 0.016865332817637243, "0.25": 0.010470462720674955, "0.3": 0.006097773535221993, "0.35": 0.0036027134134805163, "0.4": 0.002066928081065751}, "10": {"0": 0.010441274224259384, "0.05": 0.03365524626573958, "0.1": 0.02177557330685216, "0.15": 0.010379633561577062, "0.2": 0.004023846394425332, "0.25": 0.002029985025071623, "0.3": 0.000642784860883434, "0.35": 0.00032321704894697955, "0.4": 0.00019828015652983207}, "11": {"0": 0.010441274224259384, "0.05": 0.004639044905563534, "0.1": 0.0030493673647843155, "0.15": 0.0011478016208424147, "0.2": 0.0003930822803226405, "0.25": 0.00014766913054053898, "0.3": 0.0001381252820274302, "0.35": 8.47360298851915e-05, "0.4": 5.566683535681808e-05}, "12": {"0": 0.010441274224259384, "0.05": 0.09413490866600002, "0.1": 0.09141080154746123, "0.15": 0.0708975107039087, "0.2": 0.05225219454432269, "0.25": 0.036515445485303166, "0.3": 0.024585874222558486, "0.35": 0.015856372845740502, "0.4": 0.01046130387643763}, "13": {"0": 0.010441274224259384, "0.05": 0.004135411720096221, "0.1": 0.0018474707302576544, "0.15": 0.0005208391421727539, "0.2": 0.000182461180057248, "0.25": 3.71076599762658e-05, "0.3": 0.0, "0.35": 0.0, "0.4": 0.0}, "14": {"0": 0.010441274224259384, "0.05": 0.0265477733752278, "0.1": 0.01726892775648004, "0.15": 0.010226898428094993, "0.2": 0.005889452943573734, "0.25": 0.003760845495197347, "0.3": 0.002421918175003881, "0.35": 0.0014580700681625137, "0.4": 0.0005454777859910947}, "15": {"0": 0.010441274224259384, "0.05": 0.033980559521273976, "0.1": 0.02334112083708099, "0.15": 0.01744025924531192, "0.2": 0.013557920148999406, "0.25": 0.010748321809920715, "0.3": 0.008768688494067796, "0.35": 0.00663644595311246, "0.4": 0.00455807630375528}}, "recall": {"0": {"0": 1.0, "0.05": 0.015088681641887789, "0.1": 0.004226580752398688, "0.15": 0.0018474664788042192, "0.2": 0.0009344559761217187, "0.25": 0.0005116135772115992, "0.3": 0.00034136603704901057, "0.35": 0.00021781780196803777, "0.4": 0.0001055827543069154}, "1": {"0": 1.0, "0.05": 0.0213129491035158, "0.1": 0.004938760907655484, "0.15": 0.0015878646366008328, "0.2": 0.0005141404857439821, "0.25": 0.00018324426531193062, "0.3": 9.769924955646227e-05, "0.35": 6.80976412203555e-05, "0.4": 4.093835611481784e-05}, "2": {"0": 1.0, "0.05": 0.042465835022316496, "0.1": 0.0022233269436952533, "0.15": 0.0002984788046516298, "0.2": 4.908868662733091e-05, "0.25": 3.933368733651936e-05, "0.3": 0.0, "0.35": 0.0, "0.4": 0.0}, "3": {"0": 1.0, "0.05": 0.14436890742276565, "0.1": 0.05846986240009964, "0.15": 0.02799632078046289, "0.2": 0.013776203346812123, "0.25": 0.006771273002564238, "0.3": 0.003387779946910321, "0.35": 0.0014769839581136536, "0.4": 0.0006294836849181444}, "4": {"0": 1.0, "0.05": 0.017080999171816005, "0.1": 0.00584201863098185, "0.15": 0.0017877163483844064, "0.2": 0.0006800157571698142, "0.25": 0.0002499390887855381, "0.3": 3.940170548345629e-05, "0.35": 2.8333588335628355e-06, "0.4": 0.0}, "5": {"0": 1.0, "0.05": 0.05877902993021051, "0.1": 0.019798365596876623, "0.15": 0.009915881481156907, "0.2": 0.005560440882713539, "0.25": 0.0031818315942804464, "0.3": 0.0018374346231699228, "0.35": 0.001269271516075631, "0.4": 0.0007802558397158045}, "6": {"0": 1.0, "0.05": 0.5276643007930086, "0.1": 0.4329025663013466, "0.15": 0.37210748715299313, "0.2": 0.3280180713721672, "0.25": 0.28770651665774727, "0.3": 0.25225992211584347, "0.35": 0.216739300131784, "0.4": 0.18159000257241156}, "7": {"0": 1.0, "0.05": 0.01705609411877635, "0.1": 0.008927356953101779, "0.15": 0.0037204118021012577, "0.2": 0.0013735610040587003, "0.25": 0.0005870179968447377, "0.3": 0.0004102388074959908, "0.35": 0.00019485287359102818, "0.4": 7.749893026069723e-05}, "8": {"0": 1.0, "0.05": 9.526462378210488e-05, "0.1": 4.579949895348144e-06, "0.15": 0.0, "0.2": 0.0, "0.25": 0.0, "0.3": 0.0, "0.35": 0.0, "0.4": 0.0}, "9": {"0": 1.0, "0.05": 0.18260756239961906, "0.1": 0.07243673403921395, "0.15": 0.035627692935537685, "0.2": 0.017535695227153585, "0.25": 0.008850131004395256, "0.3": 0.004475465216562699, "0.35": 0.002386051037546969, "0.4": 0.001311575272075253}, "10": {"0": 1.0, "0.05": 0.1337613569448155, "0.1": 0.03600222646919034, "0.15": 0.010913955165111058, "0.2": 0.003278615908347432, "0.25": 0.0014388360719143679, "0.3": 0.00040993771436579767, "0.35": 0.00019344178717067435, "0.4": 0.0001177951438725417}, "11": {"0": 1.0, "0.05": 0.0137850648895914, "0.1": 0.006053000302368246, "0.15": 0.0018565202982674426, "0.2": 0.0005523243728782117, "0.25": 0.00020858308343761132, "0.3": 0.00017813613762670435, "0.35": 0.00010418399090646375, "0.4": 5.7811998216063796e-05}, "12": {"0": 1.0, "0.05": 0.2762012775947121, "0.1": 0.1370763468544319, "0.15": 0.07764873676243772, "0.2": 0.047780371656887005, "0.25": 0.029574738738765507, "0.3": 0.018587244129155384, "0.35": 0.01124285046714287, "0.4": 0.0070402283072005}, "13": {"0": 1.0, "0.05": 0.008284155731870359, "0.1": 0.002775084245347037, "0.15": 0.0006545396226356493, "0.2": 0.00021014842030946178, "0.25": 4.5038026701463616e-05, "0.3": 0.0, "0.35": 0.0, "0.4": 0.0}, "14": {"0": 1.0, "0.05": 0.10347056738853523, "0.1": 0.03661834322930348, "0.15": 0.01557820202286418, "0.2": 0.00728906343795179, "0.25": 0.003943111350271753, "0.3": 0.0024019960277511065, "0.35": 0.001373478730765155, "0.4": 0.0003801189946828668}, "15": {"0": 1.0, "0.05": 0.18834905150800943, "0.1": 0.05927422629269339, "0.15": 0.02761605557227213, "0.2": 0.015887538502403625, "0.25": 0.010464413099359807, "0.3": 0.007263049352577576, "0.35": 0.004883621238257785,