{"fscore": {"0": {"0": 0.010441274224259384, "0.05": 0.12598149685377663, "0.1": 0.19141440683311553, "0.15": 0.18346536687241216, "0.2": 0.15592014286821565, "0.25": 0.12630724906601118, "0.3": 0.0972303938529745, "0.35": 0.075628293683787, "0.4": 0.0575348120938422}, "1": {"0": 0.010441274224259384, "0.05": 0.0005783467783564013, "0.1": 0.00017922036863128298, "0.15": 3.940155995158211e-05, "0.2": 0.0, "0.25": 0.0, "0.3": 0.0, "0.35": 0.0, "0.4": 0.0}, "2": {"0": 0.010441274224259384, "0.05": 0.015136544033100677, "0.1": 0.014547514707392144, "0.15": 0.014320798951089939, "0.2": 0.013767792796321317, "0.25": 0.01275781702832601, "0.3": 0.012518777436637638, "0.35": 0.012099721790614058, "0.4": 0.011977836193971114}, "3": {"0": 0.010441274224259384, "0.05": 0.004406661945110932, "0.1": 0.0035408750678411617, "0.15": 0.0013523298631820328, "0.2": 0.00042897098926589406, "0.25": 4.9806351877889365e-05, "0.3": 3.3110504985479105e-05, "0.35": 2.7264404804044602e-05, "0.4": 2.8979785176399377e-05}, "4": {"0": 0.010441274224259384, "0.05": 0.127989346886913, "0.1": 0.14638228566964948, "0.15": 0.1163290330831848, "0.2": 0.09148824994723957, "0.25": 0.07132339868983202, "0.3": 0.056037573402156086, "0.35": 0.04476986469771132, "0.4": 0.036573454983415625}, "5": {"0": 0.010441274224259384, "0.05": 0.04311190108224286, "0.1": 0.018351082276255634, "0.15": 0.00868407021612451, "0.2": 0.004695364992879378, "0.25": 0.0026726609884014105, "0.3": 0.0017904358852648082, "0.35": 0.00121557676940328, "0.4": 0.000894936566268182}, "6": {"0": 0.010441274224259384, "0.05": 0.04302268689619521, "0.1": 0.038706078246152485, "0.15": 0.028444285480005417, "0.2": 0.02008267908026384, "0.25": 0.01498124595438579, "0.3": 0.011489320224117505, "0.35": 0.008194585710324644, "0.4": 0.005920728213503825}, "7": {"0": 0.010441274224259384, "0.05": 0.016214861255457003, "0.1": 0.005052191812170663, "0.15": 0.0015092558932632244, "0.2": 0.0005828726400299537, "0.25": 0.0001507584422116432, "0.3": 8.340700176195749e-05, "0.35": 3.491739261179802e-05, "0.4": 2.3655024499120783e-05}, "8": {"0": 0.010441274224259384, "0.05": 0.021914936793847695, "0.1": 0.022455243236793234, "0.15": 0.015873894215615383, "0.2": 0.009659889941848705, "0.25": 0.006502066328284659, "0.3": 0.004148032441694482, "0.35": 0.0030229093666049546, "0.4": 0.0023087224547298935}, "9": {"0": 0.010441274224259384, "0.05": 0.036863653993171326, "0.1": 0.04858204244228195, "0.15": 0.059806963165370104, "0.2": 0.06755234462736484, "0.25": 0.06887378134018493, "0.3": 0.06435755063229712, "0.35": 0.05849910522582951, "0.4": 0.05192014104475675}, "10": {"0": 0.010441274224259384, "0.05": 0.03625428481324273, "0.1": 0.030592789032830147, "0.15": 0.02384141959079846, "0.2": 0.01856816614597912, "0.25": 0.014398582670798899, "0.3": 0.011155974128809637, "0.35": 0.009247199923399754, "0.4": 0.007259442088734205}, "11": {"0": 0.010441274224259384, "0.05": 0.009815886427611466, "0.1": 0.006785826710357085, "0.15": 0.0033558563922655585, "0.2": 0.0016756018027991129, "0.25": 0.0009123594770201778, "0.3": 0.0005564183180161831, "0.35": 0.0003284063587171532, "0.4": 0.000252597224103301}}, "recall": {"0": {"0": 1.0, "0.05": 0.43789513919153633, "0.1": 0.322326924602376, "0.15": 0.23606332300145844, "0.2": 0.16883534203105896, "0.25": 0.11948442373096778, "0.3": 0.08344534205487335, "0.35": 0.05980997668582701, "0.4": 0.04223730745043237}, "1": {"0": 1.0, "0.05": 0.0031532927299383, "0.1": 0.000706078835659962, "0.15": 5.185333939132233e-05, "0.2": 0.0, "0.25": 0.0, "0.3": 0.0, "0.35": 0.0, "0.4": 0.0}, "2": {"0": 1.0, "0.05": 0.06986382580135006, "0.1": 0.04043951825757949, "0.15": 0.029258301011339277, "0.2": 0.0221959403555032, "0.25": 0.016830071050100048, "0.3": 0.013656200561093375, "0.35": 0.011330988425562486, "0.4": 0.009881662089831014}, "3": {"0": 1.0, "0.05": 0.011856244641596651, "0.1": 0.007295809166311037, "0.15": 0.0023314728344050037, "0.2": 0.0006756975616934946, "0.25": 9.359502296598925e-05, "0.3": 3.7872299239253486e-05, "0.35": 2.8836181878161196e-05, "0.4": 2.8836181878161196e-05}, "4": {"0": 1.0, "0.05": 0.3257154308837247, "0.1": 0.17792025258243996, "0.15": 0.11021510266185353, "0.2": 0.0769733852516967, "0.25": 0.055511659246423255, "0.3": 0.04118665482677058, "0.35": 0.031677678271129564, "0.4": 0.025181561167005463}, "5": {"0": 1.0, "0.05": 0.0945648218522568, "0.1": 0.01665633747008804, "0.15": 0.006313727193671878, "0.2": 0.00306140727264608, "0.25": 0.0017162124555780568, "0.3": 0.001089231668747843, "0.35": 0.0007315114552884863, "0.4": 0.0005455346239385668}, "6": {"0": 1.0, "0.05": 0.16419078490468383, "0.1": 0.05490725244573042, "0.15": 0.02619710120429318, "0.2": 0.015580156981623659, "0.25": 0.010689642154476342, "0.3": 0.007823192999909244, "0.35": 0.00520313166298969, "0.4": 0.0037379039574877517}, "7": {"0": 1.0, "0.05": 0.054488307263358, "0.1": 0.013167396664491541, "0.15": 0.0034705166619071874, "0.2": 0.0011937099480329018, "0.25": 0.000293929803919704, "0.3": 0.0001345779982387764, "0.35": 4.230690955003863e-05, "0.4": 2.6549460032976942e-05}, "8": {"0": 1.0, "0.05": 0.056654613343201786, "0.1": 0.022366711665331947, "0.15": 0.012326592126652356, "0.2": 0.0069163928184775075, "0.25": 0.004334144217721906, "0.3": 0.002725444690620642, "0.35": 0.0019331295989333582, "0.4": 0.0014739540674589373}, "9": {"0": 1.0, "0.05": 0.2611115104425884, "0.1": 0.15912797713497037, "0.15": 0.10843621724757475, "0.2": 0.07921587275280054, "0.25": 0.06250923913487579, "0.3": 0.0508282748203796, "0.35": 0.04252862512720966, "0.4": 0.035751869629553776}, "10": {"0": 1.0, "0.05": 0.10832901889547815, "0.1": 0.0396482932691177, "0.15": 0.023436221718038868, "0.2": 0.01589641044315343, "0.25": 0.011202831347576903, "0.3": 0.008216994153648969, "0.35": 0.006453823931841967, "0.4": 0.004924174921951946}, "11": {"0": 1.0, "0.05": 0.03869340908821795, "0.1": 0.008213070916252603, "0.15": 0.002481816474957921, "0.2": 0.0010631058855525544, "0.25": 0.0005682729864929639, "0.3": 0.00034964944929225574, "0.35": 0.00018897295720456448, "0.4": 0.00014637865807316184}}, "precision": {"0": {"0": 0.005257420766925437, "0.05": 0.08208503522632271, "0.1": 0.1667819304207794, "0.15": 0.21332275530042966, "0.2": 0.24052958698991472, "0.25": 0.24952237225124657, "0.3": 0.23848697029425983, "0.35": 0.21728998029688026, "0.4": 0.19171862629736247}, "1": {"0": 0.005257420766925437, "0.05": 0.0003259451544609005, "0.1": 0.0001129037959007037, "0.15": 3.235950955992109e-05, "0.2": 0.0, "0.25": 0.0, "0.3": 0.0, "0.35": 0.0, "0.4": 0.0}, "2": {"0": 0.005257420766925437, "0.05": 0.008599478008648367, "0.1": 0.009060703125738413, "0.15": 0.009773300598886937, "0.2": 0.010377069867494053, "0.25": 0.010814142904113908, "0.3": 0.01229633040779872, "0.35": 0.01405644835590777, "0.4": 0.01693294939215312}, "3": {"0": 0.005257420766925437, "0.05": 0.002748474794090529, "0.1": 0.002387025418021745, "0.15": 0.0009829587656169563, "0.2": 0.0003287886449147071, "0.25": 3.773479812758056e-05, "0.3": 3.070038092766953e-05, "0.35": 2.7316915569027068e-05, "0.4": 3.097689851918054e-05}, "4": {"0": 0.005257420766925437, "0.05": 0.09753596347565383, "0.1": 0.16987111544329736, "0.15": 0.19254182026529718, "0.2": 0.19314582212985437, "0.25": 0.18439636310771357, "0.3": 0.17265225204029924, "0.35": 0.15784468605431443, "0.4": 0.1441849357596596}, "5": {"0": 0.005257420766925437, "0.05": 0.04521115504969983, "0.1": 0.046180566521935765, "0.15": 0.03009979506380476, "0.2": 0.02043712837859985, "0.25": 0.012286860581745235, "0.3": 0.008765980481125916, "0.35": 0.007243954084475648, "0.4": 0.004680708793045804}, "6": {"0": 0.005257420766925437, "0.05": 0.02735778258516587, "0.1": 0.04027751168304289, "0.15": 0.047719205180939604, "0.2": 0.048524275408181, "0.25": 0.047116878079502815, "0.3": 0.04273032216863713, "0.35": 0.0364986493873154, "0.4": 0.0288099869594353}, "7": {"0": 0.005257420766925437, "0.05": 0.009677566811425333, "0.1": 0.0031949365514668945,