{"fscore": {"0": {"0": 0.010441274224259384, "0.05": 0.0883945771482755, "0.1": 0.10972133365397035, "0.15": 0.09969988559803344, "0.2": 0.08375153905858979, "0.25": 0.06716162563644798, "0.3": 0.05386155923204559, "0.35": 0.04258218878842178, "0.4": 0.033274417917930565}, "1": {"0": 0.010441274224259384, "0.05": 0.024733245460808805, "0.1": 0.020121586190274505, "0.15": 0.01614444232183846, "0.2": 0.012507309055771226, "0.25": 0.009494493017490278, "0.3": 0.006354643625843608, "0.35": 0.0036805210155749046, "0.4": 0.0021758751063491646}, "2": {"0": 0.010441274224259384, "0.05": 0.12015274825941145, "0.1": 0.12431130210480613, "0.15": 0.12062719390332488, "0.2": 0.11345181020867415, "0.25": 0.10575459900672635, "0.3": 0.09997008465325545, "0.35": 0.09544423307501901, "0.4": 0.09073488162059737}, "3": {"0": 0.010441274224259384, "0.05": 0.005680821058891746, "0.1": 0.005429279922051721, "0.15": 0.00397124601101107, "0.2": 0.002640582364037538, "0.25": 0.0005232458354754197, "0.3": 0.00034233357116961367, "0.35": 0.00030090311222315133, "0.4": 0.0002649578071181668}, "4": {"0": 0.010441274224259384, "0.05": 0.026254671621190568, "0.1": 0.019131769714931683, "0.15": 0.011356515594536258, "0.2": 0.006145810535420876, "0.25": 0.00308201772198564, "0.3": 0.0016740275302279974, "0.35": 0.0008839390799398134, "0.4": 0.0005156959018543774}, "5": {"0": 0.010441274224259384, "0.05": 0.07882810526174237, "0.1": 0.10162885858774996, "0.15": 0.09882650299763188, "0.2": 0.08784636865982717, "0.25": 0.07573492622469415, "0.3": 0.06436936588400174, "0.35": 0.05363829513941624, "0.4": 0.04527259333144673}, "6": {"0": 0.010441274224259384, "0.05": 0.01435687178242385, "0.1": 0.010033851796970887, "0.15": 0.006314982000272553, "0.2": 0.004207226475021879, "0.25": 0.0027026147793016886, "0.3": 0.0019125086519580386, "0.35": 0.0011619145632124274, "0.4": 0.000843768344736294}, "7": {"0": 0.010441274224259384, "0.05": 0.12082391714179443, "0.1": 0.13321876812547664, "0.15": 0.13723714157458897, "0.2": 0.13819080069362893, "0.25": 0.1370222061758322, "0.3": 0.1315940683069364, "0.35": 0.12625319887849254, "0.4": 0.12533922579984164}, "8": {"0": 0.010441274224259384, "0.05": 0.004500410777909654, "0.1": 0.0023434565839666045, "0.15": 0.0010399752399935902, "0.2": 0.00016300563609156053, "0.25": 3.1161818770479085e-05, "0.3": 3.313564121935654e-05, "0.35": 2.8256813451106003e-05, "0.4": 6.96534046584197e-06}, "9": {"0": 0.010441274224259384, "0.05": 0.0061083580544884115, "0.1": 0.004424013777506892, "0.15": 0.0041070395805153995, "0.2": 0.0036577767097823524, "0.25": 0.003107988878841574, "0.3": 0.0028151945696608944, "0.35": 0.0023101710650369253, "0.4": 0.002024078622003937}, "10": {"0": 0.010441274224259384, "0.05": 0.056757410042947314, "0.1": 0.06149087218828662, "0.15": 0.05937965493516154, "0.2": 0.0521683911948619, "0.25": 0.0429823408454276, "0.3": 0.03540433185074748, "0.35": 0.028424093662602654, "0.4": 0.022629959234991434}, "11": {"0": 0.010441274224259384, "0.05": 0.005105428244455567, "0.1": 0.0026129268918966514, "0.15": 0.0016358843355063803, "0.2": 0.0011078600420458657, "0.25": 0.0008433962671983276, "0.3": 0.0007263706495922465, "0.35": 0.0005980243629636454, "0.4": 0.0004751557435784035}}, "recall": {"0": {"0": 1.0, "0.05": 0.3365950449621093, "0.1": 0.19597822542804266, "0.15": 0.12356072038243998, "0.2": 0.08441373165343419, "0.25": 0.059351454703934416, "0.3": 0.04320857863964741, "0.35": 0.03183954201740456, "0.4": 0.02345284397718627}, "1": {"0": 1.0, "0.05": 0.16806613901712447, "0.1": 0.07446130669502049, "0.15": 0.04031120515541358, "0.2": 0.023637689811683453, "0.25": 0.013667841093434096, "0.3": 0.007599498599411753, "0.35": 0.0036863725046134715, "0.4": 0.0020412998884037736}, "2": {"0": 1.0, "0.05": 0.32288668602105103, "0.1": 0.23808347626700352, "0.15": 0.1884444365165647, "0.2": 0.1535843967405493, "0.25": 0.12761827347613286, "0.3": 0.11030815368440172, "0.35": 0.09787855364737821, "0.4": 0.08674007803330869}, "3": {"0": 1.0, "0.05": 0.012330854549948905, "0.1": 0.009219401128340481, "0.15": 0.005884363854403611, "0.2": 0.0035620690698275124, "0.25": 0.0008092980026622222, "0.3": 0.00046764495926019924, "0.35": 0.0003910262141359376, "0.4": 0.00034063721734251006}, "4": {"0": 1.0, "0.05": 0.1017125219139742, "0.1": 0.031935536664628464, "0.15": 0.012499411077353789, "0.2": 0.005342791331893679, "0.25": 0.0022412959947129955, "0.3": 0.0010827988617388737, "0.35": 0.0005508127187473203, "0.4": 0.00030689870934288397}, "5": {"0": 1.0, "0.05": 0.3657303447885958, "0.1": 0.22621719274810206, "0.15": 0.14989760023018456, "0.2": 0.10493160912705572, "0.25": 0.0770466688703839, "0.3": 0.058193682533754724, "0.35": 0.044191779587093576, "0.4": 0.034565872893984696}, "6": {"0": 1.0, "0.05": 0.05175961752919135, "0.1": 0.016481528554538955, "0.15": 0.006927573188855783, "0.2": 0.0037616463205951338, "0.25": 0.0021057601172043776, "0.3": 0.0013476951855054713, "0.35": 0.0007902067680484372, "0.4": 0.0005545206903589217}, "7": {"0": 1.0, "0.05": 0.4115128195964723, "0.1": 0.3445638938736364, "0.15": 0.2965953898294773, "0.2": 0.2598169336141335, "0.25": 0.23072617078108687, "0.3": 0.20309119712858534, "0.35": 0.17893170433543248, "0.4": 0.16785693040830763}, "8": {"0": 1.0, "0.05": 0.015168505076658827, "0.1": 0.0025032932118412075, "0.15": 0.0008188054536098218, "0.2": 0.00010176506377542743, "0.25": 1.8809429956677953e-05, "0.3": 1.8809429956677953e-05, "0.35": 1.590215741441348e-05, "0.4": 3.519329919583311e-06}, "9": {"0": 1.0, "0.05": 0.02485937940089465, "0.1": 0.010540416659130244, "0.15": 0.007060775774981351, "0.2": 0.0049235510024990825, "0.25": 0.003408576190392495, "0.3": 0.0026958705305882968, "0.35": 0.002043765684687506, "0.4": 0.0016145844102244409}, "10": {"0": 1.0, "0.05": 0.23869647344400283, "0.1": 0.1322431945050902, "0.15": 0.08584459991101401, "0.2": 0.0586390380610922, "0.25": 0.04090454893890711, "0.3": 0.029717506493188106, "0.35": 0.021743170493895285, "0.4": 0.01639021122531974}, "11": {"0": 1.0, "0.05": 0.016457455301854156, "0.1": 0.004590428265922328, "0.15": 0.002145407611124707, "0.2": 0.0012301586452416002, "0.25": 0.0008358058747142258, "0.3": 0.0006664389380148527, "0.35": 0.0005184095882180913, "0.4": 0.00038654490310760704}}, "precision": {"0": {"0": 0.005257420766925437, "0.05": 0.052556055780910986, "0.1": 0.08400019986441255, "0.15": 0.10039869108675324, "0.2": 0.10971284299096198, "0.25": 0.11232355934903136, "0.3": 0.1095780945872076, "0.35": 0.1030823442236522, "0.4": 0.09618217357050883}, "1": {"0": 0.005257420766925437, "0.05": 0.013590214997578506, "0.1": 0.012097563569399117, "0.15": 0.010808687334078939, "0.2": 0.009443180718966188, "0.25": 0.00832927680923593, "0.3": 0.006678077628370976, "0.35": 0.004831524632012042, "0.4": 0.0034339524763014316}, "2": {"0": 0.005257420766925437, "0.05": 0.07686086813083813, "0.1": 0.08955216634745664, "0.15": 0.09644834846334858, "0.2": 0.0997736983865788, "0.25": 0.10228241270905518, "0.3": 0.10607497262442102, "0.35": 0.11037972634613392, "0.4": 0.1142325064817794}, "3": {"0": 0.005257420766925437, "0.05": 0.0037768205709646538, "0.1": 0.003966960386836172, "0.15": 0.0031382319501649146, "0.2": 0.0022269657082715035, "0.25": 0.0004437652428039406, "0.3": 0.000310244669524857, "0.35": 0.00029374919117189146, "0.4": 0.00026411426178395153}, "4": {"0": 0.005257420766925437, "0.05": 0.01586438677347962, "0.1": 0.016143666974567546, "0.15": 0.013890908390258938, "0.2": 0.01100186723480416, "0.25": 0.007758660333490084, "0.3": 0.005926256402685689, "0.35": 0.0033192169099892275, "0.4": 0.0023403543965229015}, "5": {"0": 0.005257420766925437, "0.05": 0.04557443975901249, "0.1": 0.07180610772216682, "0.15": 0.08522995767330452, "0.2": 0.09174529390755798, "0.25": 0.09540479906513605, "0.3": 0.09792553096450696, "0.35": 0.09816761952329293, "0.4": 0.09811566858937337}, "6": {"0": 0.005257420766925437, "0.05": 0.008706920591753797, "0.1": 0.008240144326992082,