{"fscore": {"0": {"0": 0.010441274224259384, "0.05": 0.0018175427097888981, "0.1": 0.0008364566084303896, "0.15": 0.00042331196401165555, "0.2": 0.00019993506824534637, "0.25": 0.00013659516875045815, "0.3": 8.915635796277722e-05, "0.35": 0.0, "0.4": 0.0}, "1": {"0": 0.010441274224259384, "0.05": 0.0003341839726343377, "0.1": 0.0, "0.15": 0.0, "0.2": 0.0, "0.25": 0.0, "0.3": 0.0, "0.35": 0.0, "0.4": 0.0}, "2": {"0": 0.010441274224259384, "0.05": 0.23773463192977246, "0.1": 0.28539921566732546, "0.15": 0.2624249261873758, "0.2": 0.22659241961195234, "0.25": 0.18795994985429978, "0.3": 0.1527894602947688, "0.35": 0.11960079341979324, "0.4": 0.08827712712046878}, "3": {"0": 0.010441274224259384, "0.05": 0.0645530768233522, "0.1": 0.12177588448159174, "0.15": 0.1366853594386967, "0.2": 0.13033548499559156, "0.25": 0.1200542573766233, "0.3": 0.10623251894691602, "0.35": 0.08570044877633602, "0.4": 0.06620810752989384}, "4": {"0": 0.010441274224259384, "0.05": 0.007526433991773802, "0.1": 0.0005149982294269756, "0.15": 3.0438369183417888e-05, "0.2": 0.0, "0.25": 0.0, "0.3": 0.0, "0.35": 0.0, "0.4": 0.0}, "5": {"0": 0.010441274224259384, "0.05": 0.009272876834644006, "0.1": 0.0026111028554790397, "0.15": 0.0010075602299131903, "0.2": 0.00011058101576797253, "0.25": 0.0, "0.3": 0.0, "0.35": 0.0, "0.4": 0.0}, "6": {"0": 0.010441274224259384, "0.05": 0.003942685021619262, "0.1": 0.00031336099540713383, "0.15": 0.0, "0.2": 0.0, "0.25": 0.0, "0.3": 0.0, "0.35": 0.0, "0.4": 0.0}, "7": {"0": 0.010441274224259384, "0.05": 0.002827354697852983, "0.1": 0.00023283488191802316, "0.15": 8.782031604886133e-05, "0.2": 0.00012201847708367267, "0.25": 6.686726847208293e-05, "0.3": 8.358408559010364e-05, "0.35": 0.0, "0.4": 0.0}, "8": {"0": 0.010441274224259384, "0.05": 0.0036106865334145136, "0.1": 0.00022737421827977687, "0.15": 9.249898754893105e-05, "0.2": 3.1841556415277584e-05, "0.25": 0.0, "0.3": 0.0, "0.35": 0.0, "0.4": 0.0}, "9": {"0": 0.010441274224259384, "0.05": 0.0141589538020394, "0.1": 0.005590031077221132, "0.15": 0.0019040895855890647, "0.2": 0.0009812393971264444, "0.25": 0.0004357468750648289, "0.3": 0.00024279186766649157, "0.35": 0.00016239193771791564, "0.4": 0.00016239193771791564}, "10": {"0": 0.010441274224259384, "0.05": 0.005214562584025189, "0.1": 0.0027317886070588934, "0.15": 0.001299582710427308, "0.2": 0.0008714108553640966, "0.25": 0.0005153948150711753, "0.3": 0.0005017957592500442, "0.35": 0.0002771708048056679, "0.4": 0.00018142663283969554}, "11": {"0": 0.010441274224259384, "0.05": 0.004395458753799275, "0.1": 0.0015150742935155909, "0.15": 0.0007480175703553367, "0.2": 0.00035785026812583956, "0.25": 0.0002398415011829077, "0.3": 8.555408087337209e-05, "0.35": 0.0, "0.4": 0.0}, "12": {"0": 0.010441274224259384, "0.05": 0.00045551481358139894, "0.1": 0.0, "0.15": 0.0, "0.2": 0.0, "0.25": 0.0, "0.3": 0.0, "0.35": 0.0, "0.4": 0.0}, "13": {"0": 0.010441274224259384, "0.05": 0.0018722209051682721, "0.1": 0.0004532200000959221, "0.15": 5.572272372673577e-05, "0.2": 0.0, "0.25": 0.0, "0.3": 0.0, "0.35": 0.0, "0.4": 0.0}, "14": {"0": 0.010441274224259384, "0.05": 0.006962547474100212, "0.1": 0.001571429011069727, "0.15": 0.0005596007930598651, "0.2": 0.0002791774457072335, "0.25": 0.0, "0.3": 0.0, "0.35": 0.0, "0.4": 0.0}, "15": {"0": 0.010441274224259384, "0.05": 0.028519040294743687, "0.1": 0.01773344286433442, "0.15": 0.008240478968734454, "0.2": 0.003268670903115287, "0.25": 0.0013822770312483476, "0.3": 0.0004954828655987633, "0.35": 0.0001928714378758008, "0.4": 4.7762334622916366e-05}}, "recall": {"0": {"0": 1.0, "0.05": 0.0062237048220464865, "0.1": 0.002366592522614253, "0.15": 0.0010456775167574232, "0.2": 0.0003847521400179374, "0.25": 0.00019900972759548483, "0.3": 9.552466924583273e-05, "0.35": 0.0, "0.4": 0.0}, "1": {"0": 1.0, "0.05": 0.0003985538589350023, "0.1": 0.0, "0.15": 0.0, "0.2": 0.0, "0.25": 0.0, "0.3": 0.0, "0.35": 0.0, "0.4": 0.0}, "2": {"0": 1.0, "0.05": 0.47118913724242545, "0.1": 0.3468433234736635, "0.15": 0.25641889830509373, "0.2": 0.19401729544472507, "0.25": 0.1469108191765816, "0.3": 0.11195401862996233, "0.35": 0.08306198443914577, "0.4": 0.058807514699486765}, "3": {"0": 1.0, "0.05": 0.3660056387581788, "0.1": 0.25577743578806855, "0.15": 0.18261267431680084, "0.2": 0.13309376084141084, "0.25": 0.10027773566115167, "0.3": 0.0777558830412777, "0.35": 0.057772625494675066, "0.4": 0.04173880903642931}, "4": {"0": 1.0, "0.05": 0.023246528923883958, "0.1": 0.0010831254222271075, "0.15": 4.796999694736383e-05, "0.2": 0.0, "0.25": 0.0, "0.3": 0.0, "0.35": 0.0, "0.4": 0.0}, "5": {"0": 1.0, "0.05": 0.014136642999395231, "0.1": 0.0019445622127828744, "0.15": 0.0006050992215386262, "0.2": 6.0168451011712505e-05, "0.25": 0.0, "0.3": 0.0, "0.35": 0.0, "0.4": 0.0}, "6": {"0": 1.0, "0.05": 0.004471830646169427, "0.1": 0.0001793271552549386, "0.15": 0.0, "0.2": 0.0, "0.25": 0.0, "0.3": 0.0, "0.35": 0.0, "0.4": 0.0}, "7": {"0": 1.0, "0.05": 0.010237148581245465, "0.1": 0.0004779163623343221, "0.15": 0.00011608900776403283, "0.2": 0.00011608900776403283, "0.25": 5.572272372673576e-05, "0.3": 5.572272372673576e-05, "0.35": 0.0, "0.4": 0.0}, "8": {"0": 1.0, "0.05": 0.010866829096553132, "0.1": 0.0003924856832235088, "0.15": 0.0001002850423503274, "0.2": 4.179204279505182e-05, "0.25": 0.0, "0.3": 0.0, "0.35": 0.0, "0.4": 0.0}, "9": {"0": 1.0, "0.05": 0.04006405166770653, "0.1": 0.0056912384056185756, "0.15": 0.001363888602360852, "0.2": 0.0006624312684035971, "0.25": 0.0002857575575730039, "0.3": 0.0001464507482561645, "0.35": 9.287120621122628e-05, "0.4": 9.287120621122628e-05}, "10": {"0": 1.0, "0.05": 0.023442642563041412, "0.1": 0.005849764977242086, "0.15": 0.0022351752306515984, "0.2": 0.0013253052809221314, "0.25": 0.0007341830686865791, "0.3": 0.0006366683021647916, "0.35": 0.00031307848509453323, "0.4": 0.00019466769717521975}, "11": {"0": 1.0, "0.05": 0.027420458827191307, "0.1": 0.005379752651297985, "0.15": 0.001869050158058272, "0.2": 0.0005807666203474192, "0.25": 0.0003923104892680285, "0.3": 0.00013001968869571676, "0.35": 0.0, "0.4": 0.0}, "12": {"0": 1.0, "0.05": 0.0006205149150288916, "0.1": 0.0, "0.15": 0.0, "0.2": 0.0, "0.25": 0.0, "0.3": 0.0, "0.35": 0.0, "0.4": 0.0}, "13": {"0": 1.0, "0.05": 0.007243265158174947, "0.1": 0.00032155020541231805, "0.15": 3.039421294185587e-05, "0.2": 0.0, "0.25": 0.0, "0.3": 0.0, "0.35": 0.0, "0.4": 0.0}, "14": {"0": 1.0, "0.05": 0.025121869681139337, "0.1": 0.0017743158998805588, "0.15": 0.0003949379428960181, "0.2": 0.00019131468479512614, "0.25": 0.0, "0.3": 0.0, "0.35": 0.0, "0.4": 0.0}, "15": {"0": 1.0, "0.05": 0.14110062085626318, "0.1": 0.03768006451858848, "0.15": 0.01035019156377397, "0.2": 0.0028064661526622254, "0.25": 0.000946740307015371, "0.3": 0.00033628896767711006, "0.35": 0.00011905374242385274, "0.4": 2.786136186336788e-05}}, "precision": {"0": {"0": 0.005257420766925437, "0.05": 0.0013016634737330543, "0.1": 0.0005878403329163956, "0.15": 0.00027844798597625114, "0.2": 0.00014502112503783423, "0.25": 0.00010411966279569089, "0.3": 8.358408559010364e-05, "0.35": 0.0, "0.4": 0.0}, "1": {"0": 0.005257420766925437, "0.05": 0.00043180222929998564, "0.1": 0.0, "0.15": 0.0, "0.2": 0.0, "0.25": 0.0, "0.3": 0.0, "0.35": 0.0, "0.4": 0.0}, "2": {"0": 0.005257420766925437, "0.05": 0.189384632266822, "0.1": 0.30655716781127423, "0.15": 0.3809212356143083, "0.2": 0.44210231404991884, "0.25": 0.4849745213452854, "0.3": 0.4964732142350531, "0.35": 0.46032035685997613, "0.4": 0.37746068894514223}, "3": {"0": 0.005257420766925437, "0.05": 0.0370458484408785, "0.1": 0.09301545872061796, "0.15": 0.13735107029255927, "0.2": 0.17203215721435577, "0.25": 0.2110127515801028, "0.3": 0.24623453499664186, "0.35": 0.2676814265929141, "0.4": 0.2782991545027659}, "4": {"0": 0.005257420766925437, "0.05": 0.004708508974670152, "0.1": 0.0003658216567975847, "0.15": 2.2660574315539207e-05, "0.2": 0.0, "0.25": 0.0, "0.3": 0.0, "0.35": 0.0, "0.4": 0.0}, "5": {"0": 0.005257420766925437,