{"fscore": {"0": {"0": 0.011099634023900469, "0.05": 0.004495958001630398, "0.1": 0.0019047075976967919, "0.15": 0.0005474301721770276, "0.2": 0.00028786349449294834, "0.25": 1.3051081934692384e-05, "0.3": 0.0, "0.35": 0.0, "0.4": 0.0}, "1": {"0": 0.011099634023900469, "0.05": 0.00395335464962482, "0.1": 0.00397843605411648, "0.15": 0.002377697177169473, "0.2": 0.0018815844700217834, "0.25": 0.00031380468890471457, "0.3": 0.0, "0.35": 0.0, "0.4": 0.0}, "2": {"0": 0.011099634023900469, "0.05": 0.05033203029692856, "0.1": 0.07486233845692407, "0.15": 0.09340936730339257, "0.2": 0.10460480513124411, "0.25": 0.11077336582571354, "0.3": 0.1097742294192616, "0.35": 0.10592499493994416, "0.4": 0.09758279839029435}, "3": {"0": 0.011099634023900469, "0.05": 0.005128825926657467, "0.1": 0.004545412319210908, "0.15": 0.0019295437662503567, "0.2": 0.0002488283358329949, "0.25": 0.0, "0.3": 0.0, "0.35": 0.0, "0.4": 0.0}, "4": {"0": 0.011099634023900469, "0.05": 0.0042917112057956515, "0.1": 0.002861117795923727, "0.15": 0.0016175752630743525, "0.2": 0.0009831748886199323, "0.25": 2.501691891605523e-05, "0.3": 4.215256277043504e-06, "0.35": 0.0, "0.4": 0.0}, "5": {"0": 0.011099634023900469, "0.05": 0.011212748847551874, "0.1": 0.005668002541821584, "0.15": 0.0019301375731239528, "0.2": 0.0005292314761764851, "0.25": 0.00023211696925437496, "0.3": 0.00011642692353838323, "0.35": 3.753174774552447e-05, "0.4": 4.336241827388667e-05}, "6": {"0": 0.011099634023900469, "0.05": 0.01614497687239202, "0.1": 0.021587262933738537, "0.15": 0.026348297459015967, "0.2": 0.027729273376214014, "0.25": 0.02445388007344851, "0.3": 0.018100471298381767, "0.35": 0.009409479772668025, "0.4": 0.00235988061846963}, "7": {"0": 0.011099634023900469, "0.05": 0.012296704878934984, "0.1": 0.016017885793235116, "0.15": 0.019255816312650036, "0.2": 0.019156917520687784, "0.25": 0.017041292774024223, "0.3": 0.013300845261813658, "0.35": 0.008468625725561597, "0.4": 0.004610472935819419}, "8": {"0": 0.011099634023900469, "0.05": 0.004447508805336432, "0.1": 0.002934804207791608, "0.15": 0.00103569673220819, "0.2": 0.0003007980128573974, "0.25": 0.0, "0.3": 0.0, "0.35": 0.0, "0.4": 0.0}, "9": {"0": 0.011099634023900469, "0.05": 0.006547819074038033, "0.1": 0.0032603416448036505, "0.15": 0.002037393641714695, "0.2": 0.0012070356553007815, "0.25": 0.00042835206854733736, "0.3": 0.00031109292987589385, "0.35": 0.00022766761162632074, "0.4": 0.00013885085965844327}, "10": {"0": 0.011099634023900469, "0.05": 0.004705114445115351, "0.1": 0.004577834161441892, "0.15": 0.0026101566886049003, "0.2": 0.0015434585202127237, "0.25": 0.00039991464581799654, "0.3": 0.0, "0.35": 0.0, "0.4": 0.0}, "11": {"0": 0.011099634023900469, "0.05": 0.0020712577164785774, "0.1": 0.0001597032270909373, "0.15": 0.0001249756423652655, "0.2": 8.344233403615826e-05, "0.25": 9.441011231259642e-05, "0.3": 0.00010711112583778724, "0.35": 0.00011855793820917511, "0.4": 8.09625012650391e-05}, "12": {"0": 0.011099634023900469, "0.05": 0.005037343045044543, "0.1": 0.003600396118901757, "0.15": 0.0012094396027208499, "0.2": 0.0009164137434211421, "0.25": 0.00021128429436063735, "0.3": 0.0, "0.35": 0.0, "0.4": 0.0}, "13": {"0": 0.011099634023900469, "0.05": 0.002833521193837755, "0.1": 0.0010653686506195857, "0.15": 0.00044260812287064334, "0.2": 1.7401442579589847e-05, "0.25": 0.0, "0.3": 0.0, "0.35": 0.0, "0.4": 0.0}, "14": {"0": 0.011099634023900469, "0.05": 0.0029242694003996455, "0.1": 0.001242839926835864, "0.15": 0.0004397273447505592, "0.2": 0.0001674645227496232, "0.25": 0.00013936714514431852, "0.3": 0.0001025540443383525, "0.35": 5.089921954530031e-05, "0.4": 6.027539156680299e-05}, "15": {"0": 0.011099634023900469, "0.05": 0.01913248732910058, "0.1": 0.034439864034178196, "0.15": 0.04175467558224088, "0.2": 0.04185234565383425, "0.25": 0.03751597188792475, "0.3": 0.029623204794578646, "0.35": 0.01642944736470385, "0.4": 0.005867388349436416}}, "recall": {"0": {"0": 0.5856547591822291, "0.05": 0.034813267078268734, "0.1": 0.0068433079935517945, "0.15": 0.0010102157942306577, "0.2": 0.0003748473820054748, "0.25": 1.13109376767334e-05, "0.3": 0.0, "0.35": 0.0, "0.4": 0.0}, "1": {"0": 0.5856547591822291, "0.05": 0.023089592258060697, "0.1": 0.012062294504215046, "0.15": 0.004664267963614295, "0.2": 0.0026403495588831214, "0.25": 0.0003525379230643214, "0.3": 0.0, "0.35": 0.0, "0.4": 0.0}, "2": {"0": 0.5856547591822291, "0.05": 0.34475860271717773, "0.1": 0.24970388351817394, "0.15": 0.19927106806408892, "0.2": 0.1659717022921392, "0.25": 0.1416903252253081, "0.3": 0.1190053861624522, "0.35": 0.10182701295100166, "0.4": 0.08393782894730958}, "3": {"0": 0.5856547591822291, "0.05": 0.026252099844532806, "0.1": 0.016597479165430123, "0.15": 0.005350807379137669, "0.2": 0.000524166696300849, "0.25": 0.0, "0.3": 0.0, "0.35": 0.0, "0.4": 0.0}, "4": {"0": 0.5856547591822291, "0.05": 0.023054102716144134, "0.1": 0.00725357483635036, "0.15": 0.0024509688376999185, "0.2": 0.0010757964072784657, "0.25": 2.425212056368781e-05, "0.3": 3.201208776433981e-06, "0.35": 0.0, "0.4": 0.0}, "5": {"0": 0.5856547591822291, "0.05": 0.07958038202137442, "0.1": 0.02023463858308256, "0.15": 0.005074954517073163, "0.2": 0.0009661658813756547, "0.25": 0.00030864043763067, "0.3": 0.00012087823232416127, "0.35": 3.6926884768159045e-05, "0.4": 3.6926884768159045e-05}, "6": {"0": 0.5856547591822291, "0.05": 0.1489303937149501, "0.1": 0.09329977779532501, "0.15": 0.06587069368672716, "0.2": 0.04438596724163896, "0.25": 0.030291462085025124, "0.3": 0.018423001554651278, "0.35": 0.00813474791319785, "0.4": 0.0018523535890050472}, "7": {"0": 0.5856547591822291, "0.05": 0.09992994950947356, "0.1": 0.05078863798370749, "0.15": 0.03431674209690005, "0.2": 0.02525835085893318, "0.25": 0.018196804236361202, "0.3": 0.012379201618172657, "0.35": 0.007369362246306637, "0.4": 0.0038481241097514645}, "8": {"0": 0.5856547591822291, "0.05": 0.026098119589085235, "0.1": 0.008991426689548042, "0.15": 0.002027661282640235, "0.2": 0.0004027254264065033, "0.25": 0.0, "0.3": 0.0, "0.35": 0.0, "0.4": 0.0}, "9": {"0": 0.5856547591822291, "0.05": 0.04204897119987758, "0.1": 0.008938108523138918, "0.15": 0.0034601714517845873, "0.2": 0.0013840216133640493, "0.25": 0.00045697060561369164, "0.3": 0.0002686002659197851, "0.35": 0.00019125213916001995, "0.4": 9.876872364147559e-05}, "10": {"0": 0.5856547591822291, "0.05": 0.024397395785167718, "0.1": 0.011782643489688606, "0.15": 0.004290962851454093, "0.2": 0.001921243084561647, "0.25": 0.0004142939663117596, "0.3": 0.0, "0.35": 0.0, "0.4": 0.0}, "11": {"0": 0.5856547591822291, "0.05": 0.018112888318568166, "0.1": 0.000495146037896751, "0.15": 0.00027553078670769753, "0.2": 8.759520684812715e-05, "0.25": 8.759520684812715e-05, "0.3": 8.759520684812715e-05, "0.35": 8.759520684812715e-05, "0.4": 6.032500094257813e-05}, "12": {"0": 0.5856547591822291, "0.05": 0.0349932701104324, "0.1": 0.010863807206440916, "0.15": 0.002178481529478957, "0.2": 0.00104159476213549, "0.25": 0.00019998999550791354, "0.3": 0.0, "0.35": 0.0, "0.4": 0.0}, "13": {"0": 0.5856547591822291, "0.05": 0.019232943341023982, "0.1": 0.002527986066436329, "0.15": 0.0006861396887821985, "0.2": 1.6966406515100102e-05, "0.25": 0.0, "0.3": 0.0, "0.35": 0.0, "0.4": 0.0}, "14": {"0": 0.5856547591822291, "0.05": 0.018547353707248436, "0.1": 0.003956334858960191, "0.15": 0.0011274728144138504, "0.2": 0.0003625290179413016, "0.25": 0.00027859671904463215, "0.3": 0.00017166918592096737, "0.35": 7.012781359574709e-05, "0.4": 7.012781359574709e-05}, "15": {"0": 0.5856547591822291, "0.05": 0.1361300429975984, "0.1": 0.10404949437418255, "0.15": 0.08437228864831717, "0.2": 0.0666418403412793, "0.25": 0.048330159227484695, "0.3": 0.033359047956307376, "0.35": 0.016436922554802717, "0.4": 0.0052954537367252315}}, "precision": {"0": {"0": 0.005619593948991153, "0.05": 0.002436753363918086, "0.1": 0.0011453372486189548, "0.15": 0.0003998439480855519, "0.2": 0.0002754030101069289,