{"fscore": {"0": {"0": 0.010441274224259384, "0.05": 0.025890935740591783, "0.1": 0.02189927850810702, "0.15": 0.017746678634889983, "0.2": 0.013900574275293813, "0.25": 0.01148657860322527, "0.3": 0.00862735772331719, "0.35": 0.006208323790777992, "0.4": 0.004473231410219015}, "1": {"0": 0.010441274224259384, "0.05": 0.025272324455253105, "0.1": 0.018849832830903787, "0.15": 0.01186562200374195, "0.2": 0.006834988903160214, "0.25": 0.003178612036373503, "0.3": 0.002150932057537164, "0.35": 0.0010437747448058734, "0.4": 0.0006611111708506033}, "2": {"0": 0.010441274224259384, "0.05": 0.013763278240571192, "0.1": 0.008446858461763676, "0.15": 0.00489094593481371, "0.2": 0.0031097673942292775, "0.25": 0.0019211507394691352, "0.3": 0.0011050936646651672, "0.35": 0.0006160446670950783, "0.4": 0.0005026744390860067}, "3": {"0": 0.010441274224259384, "0.05": 0.014153349168976967, "0.1": 0.010908551400049303, "0.15": 0.006557221435848733, "0.2": 0.003878870979075373, "0.25": 0.0019714041473849024, "0.3": 0.0009101174016324724, "0.35": 0.0004057095012946734, "0.4": 0.00018508286500287715}, "4": {"0": 0.010441274224259384, "0.05": 0.03290501329890573, "0.1": 0.023897527950151494, "0.15": 0.014577011720515903, "0.2": 0.006543467461466556, "0.25": 0.0016937325992735903, "0.3": 0.0009416732341889101, "0.35": 0.000713339250197627, "0.4": 0.0006214739062944196}, "5": {"0": 0.010441274224259384, "0.05": 0.01565215153961876, "0.1": 0.013948625814836312, "0.15": 0.011287926416507551, "0.2": 0.008786597520218051, "0.25": 0.0070145131554665095, "0.3": 0.005230417975659435, "0.35": 0.004190165282485888, "0.4": 0.002986555572480831}, "6": {"0": 0.010441274224259384, "0.05": 0.012418081375181321, "0.1": 0.008147276603701764, "0.15": 0.0057483687185791365, "0.2": 0.0036665829567105747, "0.25": 0.0022275646993520602, "0.3": 0.0014716882855876669, "0.35": 0.001058061426661935, "0.4": 0.0006328438712519503}, "7": {"0": 0.010441274224259384, "0.05": 0.0028169082322507103, "0.1": 0.0010589236745297964, "0.15": 0.0004077191880320029, "0.2": 0.00025757774471479845, "0.25": 0.00012489025179269824, "0.3": 4.6966295712534426e-05, "0.35": 2.2289089490694304e-05, "0.4": 2.305767878347687e-05}, "8": {"0": 0.010441274224259384, "0.05": 0.008329189074500533, "0.1": 0.00492957149953713, "0.15": 0.0027174274130923773, "0.2": 0.0014299496058514374, "0.25": 0.0006688760853300135, "0.3": 0.0004980296077440735, "0.35": 0.0002468010827674907, "0.4": 6.910295222038965e-05}, "9": {"0": 0.010441274224259384, "0.05": 0.00714699744189906, "0.1": 0.0030539276737574497, "0.15": 0.0008950961835543019, "0.2": 0.0005215752761045185, "0.25": 0.0002282265070630166, "0.3": 5.572272372673576e-05, "0.35": 5.6607211404937916e-05, "0.4": 5.755973659684793e-05}, "10": {"0": 0.010441274224259384, "0.05": 0.06641817879224154, "0.1": 0.07382479314216789, "0.15": 0.07308790185447192, "0.2": 0.0685888917028588, "0.25": 0.06315064479028909, "0.3": 0.057608868214488386, "0.35": 0.05231025183620548, "0.4": 0.04753265489604858}, "11": {"0": 0.010441274224259384, "0.05": 0.00449432102105685, "0.1": 0.0019157735816733858, "0.15": 0.0013010270144858825, "0.2": 0.001178497686202623, "0.25": 0.0009560679996986122, "0.3": 0.0008505719514015611, "0.35": 0.0006213111851775577, "0.4": 0.0005872184383910038}, "12": {"0": 0.010441274224259384, "0.05": 0.020103271428330557, "0.1": 0.013833610240992847, "0.15": 0.009170177739460151, "0.2": 0.006323940783337506, "0.25": 0.004211524821848373, "0.3": 0.002605340683339281, "0.35": 0.0017976852168320586, "0.4": 0.0011189299876583464}, "13": {"0": 0.010441274224259384, "0.05": 0.003653598469603184, "0.1": 0.000998493235029428, "0.15": 0.00033345934130511333, "0.2": 0.000168096802937858, "0.25": 0.0001472725162638322, "0.3": 9.552466924583273e-05, "0.35": 0.0, "0.4": 0.0}, "14": {"0": 0.010441274224259384, "0.05": 0.02003072497540503, "0.1": 0.011584276823864582, "0.15": 0.0065590818888853495, "0.2": 0.0041965522495591035, "0.25": 0.0022473527522903617, "0.3": 0.0013152504579313838, "0.35": 0.0008171914426547892, "0.4": 0.0003352571829319903}, "15": {"0": 0.010441274224259384, "0.05": 0.030773983294169235, "0.1": 0.021398349457410832, "0.15": 0.014269171034730249, "0.2": 0.009436042936339484, "0.25": 0.006434705148896948, "0.3": 0.00409406755892645, "0.35": 0.0029442476330725693, "0.4": 0.0019809908593379946}}, "recall": {"0": {"0": 1.0, "0.05": 0.14265884402507914, "0.1": 0.06131263681173677, "0.15": 0.03351153611379761, "0.2": 0.01962341287621797, "0.25": 0.01280911045730784, "0.3": 0.008400385068960164, "0.35": 0.005356210805115636, "0.4": 0.0035893112994315884}, "1": {"0": 1.0, "0.05": 0.11298907159367684, "0.1": 0.033257946207640304, "0.15": 0.013359283162847594, "0.2": 0.006050262051553446, "0.25": 0.0023820478404406064, "0.3": 0.0014908870204241556, "0.35": 0.0007062199666104959, "0.4": 0.0004388751877411361}, "2": {"0": 1.0, "0.05": 0.05688712527189123, "0.1": 0.015339328053708549, "0.15": 0.005967831567868254, "0.2": 0.002956279463191802, "0.25": 0.001591839107626856, "0.3": 0.0008010413459174323, "0.35": 0.0004466063793169514, "0.4": 0.0003476561713629897}, "3": {"0": 1.0, "0.05": 0.0832282441786047, "0.1": 0.026955103522132737, "0.15": 0.009343032419685805, "0.2": 0.0038940531478440254, "0.25": 0.0016461476933831117, "0.3": 0.0006072816966294591, "0.35": 0.0002904095610704423, "0.4": 0.000105478974752628}, "4": {"0": 1.0, "0.05": 0.12524535090400044, "0.1": 0.06633079400782, "0.15": 0.03312189196613142, "0.2": 0.012664978504518778, "0.25": 0.002991426123821388, "0.3": 0.0015173072305372387, "0.35": 0.0010133274660851233, "0.4": 0.0008550166501820724}, "5": {"0": 1.0, "0.05": 0.09650104415272105, "0.1": 0.044159301052671365, "0.15": 0.023272506193342337, "0.2": 0.012931915793210836, "0.25": 0.00837212148086133, "0.3": 0.005226852518350942, "0.35": 0.0037248667767243605, "0.4": 0.002463916110672371}, "6": {"0": 1.0, "0.05": 0.06490659907086814, "0.1": 0.018794974620557667, "0.15": 0.00845533257880345, "0.2": 0.00405899933131898, "0.25": 0.0020279053921106738, "0.3": 0.001165183920406749, "0.35": 0.0007862754447154776, "0.4": 0.00043868218184583497}, "7": {"0": 1.0, "0.05": 0.012218638680282098, "0.1": 0.001871788988637021, "0.15": 0.00045758942070425534, "0.2": 0.00023423016755956755, "0.25": 8.607834084263371e-05, "0.3": 3.566254318511089e-05, "0.35": 1.3373453694416583e-05, "0.4": 1.3373453694416583e-05}, "8": {"0": 1.0, "0.05": 0.037345297610048435, "0.1": 0.011001260318292115, "0.15": 0.003823321280419229, "0.2": 0.0015400366295833185, "0.25": 0.0005527349315242018, "0.3": 0.000373867426487225, "0.35": 0.00015536692258046026, "0.4": 4.141898241392621e-05}, "9": {"0": 1.0, "0.05": 0.017424546691072372, "0.1": 0.0027589556692092913, "0.15": 0.0006164046031976516, "0.2": 0.0003071679425741612, "0.25": 0.00012653344649332613, "0.3": 3.009027081243731e-05, "0.35": 3.009027081243731e-05, "0.4": 3.009027081243731e-05}, "10": {"0": 1.0, "0.05": 0.33765582919069453, "0.1": 0.21049991432272316, "0.15": 0.14745000990605414, "0.2": 0.10831392024856754, "0.25": 0.08406798187846766, "0.3": 0.0664172678829236, "0.35": 0.05406402223241982, "0.4": 0.044885034273122765}, "11": {"0": 1.0, "0.05": 0.030485959537968413, "0.1": 0.006302312596062823, "0.15": 0.002646068137252392, "0.2": 0.0017896450167090047, "0.25": 0.0011817632461641877, "0.3": 0.0008555263871777599, "0.35": 0.0005557362241725367, "0.4": 0.0004124534046326783}, "12": {"0": 1.0, "0.05": 0.0728999912848506, "0.1": 0.0232397416877384, "0.15": 0.010413325827711638, "0.2": 0.006098118317441803, "0.25": 0.0035393380947471376, "0.3": 0.0020542833181863055, "0.35": 0.0012366694614537163, "0.4": 0.0007092468302196507}, "13": {"0": 1.0, "0.05": 0.019125681039873353, "0.1": 0.002231327691635213, "0.15": 0.00035373122099147163, "0.2": 0.00015366119009795702, "0.25": 0.00012771183568056947, "0.3": 7.894052527954233e-05, "0.35": 0.0, "0.4": 0.0}, "14": {"0": 1.0, "0.05": 0.062073597700169396, "0.1": 0.01613180887905117,