{"fscore": {"0": {"0": 0.011099634023900469, "0.05": 0.028435346995697303, "0.1": 0.01899630376252649, "0.15": 0.008863755923151384, "0.2": 0.004319414303185562, "0.25": 0.0022419870082576194, "0.3": 0.0012510789623610887, "0.35": 0.0005843801948867371, "0.4": 0.00043612934531495}, "1": {"0": 0.011099634023900469, "0.05": 0.0013410237820979133, "0.1": 0.0009440470748532473, "0.15": 0.0007327692451883986, "0.2": 0.00031095998265975037, "0.25": 0.0001318575500662723, "0.3": 4.9466938917831765e-05, "0.35": 1.3306985502039295e-05, "0.4": 1.4439494906468173e-05}, "2": {"0": 0.011099634023900469, "0.05": 0.046648911474456996, "0.1": 0.06995094004388025, "0.15": 0.08443027415304696, "0.2": 0.09114224915964837, "0.25": 0.09436443981523031, "0.3": 0.09683603361266287, "0.35": 0.0975978880988046, "0.4": 0.09788095641049875}, "3": {"0": 0.011099634023900469, "0.05": 0.002317587763804166, "0.1": 0.00046053589997715533, "0.15": 5.72175744989263e-05, "0.2": 1.3850127767428654e-05, "0.25": 0.0, "0.3": 0.0, "0.35": 0.0, "0.4": 0.0}, "4": {"0": 0.011099634023900469, "0.05": 0.006997863751265793, "0.1": 0.0021761530848713718, "0.15": 0.0007514474177411073, "0.2": 0.00030636049925477466, "0.25": 0.00018291600830697935, "0.3": 0.0001379685539384334, "0.35": 0.00012430589955839962, "0.4": 0.00010145980845759735}, "5": {"0": 0.011099634023900469, "0.05": 0.006286654373421445, "0.1": 0.00546840817813741, "0.15": 0.004237347920799294, "0.2": 0.002031485306821873, "0.25": 0.00029326602882279895, "0.3": 3.380776865508987e-05, "0.35": 3.594522805726329e-05, "0.4": 4.073550781663668e-05}, "6": {"0": 0.011099634023900469, "0.05": 0.021386846911764127, "0.1": 0.016518183070796534, "0.15": 0.012375138716882358, "0.2": 0.009584421838583504, "0.25": 0.007553923166983431, "0.3": 0.005551584895293965, "0.35": 0.004504106642610717, "0.4": 0.0034720955088203484}, "7": {"0": 0.011099634023900469, "0.05": 0.001885905428815546, "0.1": 0.0001957200578463151, "0.15": 3.596140511352739e-05, "0.2": 0.0, "0.25": 0.0, "0.3": 0.0, "0.35": 0.0, "0.4": 0.0}, "8": {"0": 0.011099634023900469, "0.05": 0.022892842584967724, "0.1": 0.014519672550308248, "0.15": 0.009107298582114407, "0.2": 0.005578764662608632, "0.25": 0.003203501457562071, "0.3": 0.0020703036010054393, "0.35": 0.0013112713670382567, "0.4": 0.0007545185520906518}, "9": {"0": 0.011099634023900469, "0.05": 0.00327303029528887, "0.1": 0.0009267604692073921, "0.15": 0.0004857264655806442, "0.2": 0.00026082835619298017, "0.25": 0.00010084324072555487, "0.3": 7.690329686430216e-05, "0.35": 7.131140532688058e-05, "0.4": 9.919084471911863e-06}, "10": {"0": 0.011099634023900469, "0.05": 0.003672009593875461, "0.1": 0.0015716854755462692, "0.15": 0.0009477783075528501, "0.2": 0.0007092917462385546, "0.25": 0.000713485628070457, "0.3": 0.00048517833030844814, "0.35": 0.00044069782905298684, "0.4": 0.00039088135206378154}, "11": {"0": 0.011099634023900469, "0.05": 0.09757739584566165, "0.1": 0.13057868100155343, "0.15": 0.15286944754936663, "0.2": 0.1684588995437975, "0.25": 0.17812665911917552, "0.3": 0.18283898967920925, "0.35": 0.18979898768346024, "0.4": 0.19533534341673212}, "12": {"0": 0.011099634023900469, "0.05": 0.011461008849757358, "0.1": 0.007415987242802239, "0.15": 0.004129125573799189, "0.2": 0.002023689245685924, "0.25": 0.0010352022339569368, "0.3": 0.0004949867085740928, "0.35": 0.00017009195341937598, "0.4": 5.7236792285213976e-05}, "13": {"0": 0.011099634023900469, "0.05": 0.005905909025589, "0.1": 0.006166338549337173, "0.15": 0.0036345041361065217, "0.2": 0.0021979473863701798, "0.25": 0.0009592959649713617, "0.3": 0.00040983223112341473, "0.35": 0.00025408889136174215, "0.4": 0.000161403349125791}, "14": {"0": 0.011099634023900469, "0.05": 0.004441026305191951, "0.1": 0.004670948422577126, "0.15": 0.003444595294358745, "0.2": 0.0012949294812608662, "0.25": 0.0004010916551928086, "0.3": 1.5997516353510052e-05, "0.35": 0.0, "0.4": 0.0}, "15": {"0": 0.011099634023900469, "0.05": 0.00767271033039247, "0.1": 0.00801640349923355, "0.15": 0.0061238625044266375, "0.2": 0.00335084632444223, "0.25": 0.0011104946107266176, "0.3": 0.0004416928260398014, "0.35": 0.0002078749468315448, "0.4": 5.510157690849395e-05}}, "recall": {"0": {"0": 0.5856547591822291, "0.05": 0.22687494004130712, "0.1": 0.0758941212359999, "0.15": 0.02329642610620573, "0.2": 0.008637770393659597, "0.25": 0.0036448592902801366, "0.3": 0.002087232432089864, "0.35": 0.0009750161213619387, "0.4": 0.000680648860783424}, "1": {"0": 0.5856547591822291, "0.05": 0.010194402313614398, "0.1": 0.0029476690104885067, "0.15": 0.0011335892373664075, "0.2": 0.00030576841446824845, "0.25": 0.00010793409428581593, "0.3": 3.5924787006685946e-05, "0.35": 7.712002961409138e-06, "0.4": 7.712002961409138e-06}, "2": {"0": 0.5856547591822291, "0.05": 0.3320952474993876, "0.1": 0.26423298460135203, "0.15": 0.21944153403623518, "0.2": 0.1861583864887425, "0.25": 0.16099929284466002, "0.3": 0.14290994804222326, "0.35": 0.1263627895870943, "0.4": 0.11272703176182372}, "3": {"0": 0.5856547591822291, "0.05": 0.025047026172029654, "0.1": 0.002345058896585876, "0.15": 0.0001412713860238493, "0.2": 1.6966406515100102e-05, "0.25": 0.0, "0.3": 0.0, "0.35": 0.0, "0.4": 0.0}, "4": {"0": 0.5856547591822291, "0.05": 0.054582324221144764, "0.1": 0.00873228775140242, "0.15": 0.00166484528950834, "0.2": 0.0004499595004281337, "0.25": 0.00023135439579960874, "0.3": 0.00014424276587607967, "0.35": 0.00010653964028696836, "0.4": 7.734301807975846e-05}, "5": {"0": 0.5856547591822291, "0.05": 0.022456691481016797, "0.1": 0.015144256424645248, "0.15": 0.01017761709216808, "0.2": 0.004336620365906689, "0.25": 0.0005844775116134723, "0.3": 9.004423493734658e-05, "0.35": 9.004423493734658e-05, "0.4": 9.004423493734658e-05}, "6": {"0": 0.5856547591822291, "0.05": 0.1570434354048262, "0.1": 0.07077038100969882, "0.15": 0.037535034586126746, "0.2": 0.023296279976461057, "0.25": 0.015336554187823573, "0.3": 0.009876635213921237, "0.35": 0.007141009419015411, "0.4": 0.005174622857995456}, "7": {"0": 0.5856547591822291, "0.05": 0.015226871348771532, "0.1": 0.0008092405208401567, "0.15": 8.740270022930355e-05, "0.2": 0.0, "0.25": 0.0, "0.3": 0.0, "0.35": 0.0, "0.4": 0.0}, "8": {"0": 0.5856547591822291, "0.05": 0.15344384399652544, "0.1": 0.05071133952446121, "0.15": 0.02197992784215608, "0.2": 0.01092190052919638, "0.25": 0.005336646739101433, "0.3": 0.002867350240047718, "0.35": 0.0015290871430890184, "0.4": 0.000772608833255251}, "9": {"0": 0.5856547591822291, "0.05": 0.015768313061721825, "0.1": 0.003294306313782512, "0.15": 0.0012526116417101683, "0.2": 0.000611990618200017, "0.25": 0.0002503299113294594, "0.3": 0.00020050727911616187, "0.35": 0.0001805317363512138, "0.4": 1.369540561939612e-05}, "10": {"0": 0.5856547591822291, "0.05": 0.02599221397890857, "0.1": 0.0052893138743090465, "0.15": 0.002325813822577146, "0.2": 0.0012596556844522394, "0.25": 0.0010664124075658245, "0.3": 0.0005982788847088242, "0.35": 0.0004560322082151905, "0.4": 0.0003952993545750839}, "11": {"0": 0.5856547591822291, "0.05": 0.5519557390328794, "0.1": 0.5021902515869751, "0.15": 0.45623277761546555, "0.2": 0.4139631391708725, "0.25": 0.3732227391528981, "0.3": 0.3354383061733388, "0.35": 0.3082520038471955, "0.4": 0.28752680457044727}, "12": {"0": 0.5856547591822291, "0.05": 0.07693812911169153, "0.1": 0.027275504058357724, "0.15": 0.010566931535753728, "0.2": 0.004119245283102268, "0.25": 0.0018369911814282856, "0.3": 0.0007846201626523511, "0.35": 0.00020046574042267135, "0.4": 5.642906013198318e-05}, "13": {"0": 0.5856547591822291, "0.05": 0.029223888502005024, "0.1": 0.01689408492055012, "0.15": 0.006818554199788181, "0.2": 0.0031742413653778954, "0.25": 0.0011468160560488664, "0.3": 0.0004459695592597962, "0.35": 0.00024580580742108294, "0.4": 0.00015194665186444586}, "14": {"0": 0.5856547591822291, "0.05": 0.02396825370036391, "0.1": 0.013616884647090658, "0.15": 0.006620890805548309, "0.2": 0.0018263887292518557,