{"fscore": {"0": {"0": 0.010441274224259384, "0.05": 0.1357441860730179, "0.1": 0.1613392733137672, "0.15": 0.13176834446728508, "0.2": 0.09829742227557209, "0.25": 0.07223763968671756, "0.3": 0.05344729712561342, "0.35": 0.042255601245973023, "0.4": 0.035008877012004586}, "1": {"0": 0.010441274224259384, "0.05": 0.005037010680763526, "0.1": 0.003058388746361407, "0.15": 0.0017304043582019885, "0.2": 0.0007776330985386647, "0.25": 0.00031753206961293904, "0.3": 0.00014020564203941866, "0.35": 0.00010180865406397018, "0.4": 4.875354560774457e-05}, "2": {"0": 0.010441274224259384, "0.05": 0.017175997490528797, "0.1": 0.013118937698039408, "0.15": 0.009123866119037038, "0.2": 0.0057188162295496205, "0.25": 0.003988721934835306, "0.3": 0.0028801079179283525, "0.35": 0.0017064719927109605, "0.4": 0.0007825375756081989}, "3": {"0": 0.010441274224259384, "0.05": 0.0037817925275290105, "0.1": 0.002065784250073079, "0.15": 0.0006995735262672843, "0.2": 0.0003104519276412022, "0.25": 0.00027919638961747316, "0.3": 0.00027687526251908345, "0.35": 0.00026231515495579, "0.4": 0.0002485341961132055}, "4": {"0": 0.010441274224259384, "0.05": 0.001234244582064564, "0.1": 0.0005747500327475747, "0.15": 0.00020000247325514385, "0.2": 6.669747050309025e-05, "0.25": 0.0, "0.3": 0.0, "0.35": 0.0, "0.4": 0.0}, "5": {"0": 0.010441274224259384, "0.05": 0.11076314636691309, "0.1": 0.17831350630599827, "0.15": 0.21546122859927946, "0.2": 0.23303133612672516, "0.25": 0.24056002017583938, "0.3": 0.2427838309935454, "0.35": 0.23911604083850937, "0.4": 0.2300864381598917}, "6": {"0": 0.010441274224259384, "0.05": 0.03167898644072432, "0.1": 0.026160845885789815, "0.15": 0.019714162761872156, "0.2": 0.014547758211124813, "0.25": 0.009889272240756305, "0.3": 0.007567496032559043, "0.35": 0.005287408154552289, "0.4": 0.004222005313926146}, "7": {"0": 0.010441274224259384, "0.05": 0.01570131504944698, "0.1": 0.009378216700402233, "0.15": 0.004263686305755841, "0.2": 0.0017157584486564047, "0.25": 0.0008639532883502629, "0.3": 0.0006232087658061062, "0.35": 0.0003873288278159957, "0.4": 0.0003076824428723078}, "8": {"0": 0.010441274224259384, "0.05": 0.016099923160167087, "0.1": 0.011844334293114591, "0.15": 0.0069514230074581625, "0.2": 0.004436959721404544, "0.25": 0.0026038503575370243, "0.3": 0.001731983110387162, "0.35": 0.0010630922921873204, "0.4": 0.0008687192916128588}, "9": {"0": 0.010441274224259384, "0.05": 0.0024313710293130696, "0.1": 0.0013135310396331877, "0.15": 0.0009191339208941823, "0.2": 0.0006993745782005667, "0.25": 0.00036677509168637796, "0.3": 0.0001905624587895262, "0.35": 8.341578527431094e-05, "0.4": 4.060354314464956e-05}, "10": {"0": 0.010441274224259384, "0.05": 0.012334030499254602, "0.1": 0.005628920424390955, "0.15": 0.002401963816104482, "0.2": 0.0013155475623183425, "0.25": 0.0007850510007656437, "0.3": 0.0003915849833189098, "0.35": 0.00031473240314383, "0.4": 0.00020961328027688117}, "11": {"0": 0.010441274224259384, "0.05": 0.02082773348948123, "0.1": 0.01974214695728989, "0.15": 0.01559284729191803, "0.2": 0.011295784935821146, "0.25": 0.008141738846924582, "0.3": 0.0057493266611056484, "0.35": 0.003896983084417857, "0.4": 0.002714673838115733}}, "recall": {"0": {"0": 1.0, "0.05": 0.3800835167008308, "0.1": 0.24177530268217212, "0.15": 0.15114349343946085, "0.2": 0.09550404314580437, "0.25": 0.06276724463505803, "0.3": 0.04339784093470228, "0.35": 0.03266080884936757, "0.4": 0.025940639902509288}, "1": {"0": 1.0, "0.05": 0.023336809376017214, "0.1": 0.006987507929780421, "0.15": 0.0026409788470619913, "0.2": 0.0008830892137168384, "0.25": 0.0002902814630079595, "0.3": 0.00010435821444063042, "0.35": 6.753983120368113e-05, "0.4": 3.0504285989187296e-05}, "2": {"0": 1.0, "0.05": 0.09887975048557555, "0.1": 0.044096420169351086, "0.15": 0.021057489655726708, "0.2": 0.009637763258301811, "0.25": 0.005058750833721636, "0.3": 0.002912911910492836, "0.35": 0.001389867771172126, "0.4": 0.0005257465013083435}, "3": {"0": 1.0, "0.05": 0.011993956800285492, "0.1": 0.0045155095123622525, "0.15": 0.0012606733462717104, "0.2": 0.0005576366117097337, "0.25": 0.0004488142520879549, "0.3": 0.0004023109889305686, "0.35": 0.00036408092690105317, "0.4": 0.00031591946462755877}, "4": {"0": 1.0, "0.05": 0.003221402254237821, "0.1": 0.0005438927344362487, "0.15": 0.00013776613714357983, "0.2": 3.6776997659645606e-05, "0.25": 0.0, "0.3": 0.0, "0.35": 0.0, "0.4": 0.0}, "5": {"0": 1.0, "0.05": 0.5529865951740862, "0.1": 0.4803721913827258, "0.15": 0.4025740789207593, "0.2": 0.3377318660032709, "0.25": 0.29078006710624577, "0.3": 0.25666114244733984, "0.35": 0.2284066047647845, "0.4": 0.20269899425015508}, "6": {"0": 1.0, "0.05": 0.11006591552791332, "0.1": 0.04613232056185537, "0.15": 0.024593428040252767, "0.2": 0.014519649149520484, "0.25": 0.008738730662848011, "0.3": 0.006163367748062593, "0.35": 0.0040479201877138705, "0.4": 0.0029920097135061724}, "7": {"0": 1.0, "0.05": 0.043705696981049785, "0.1": 0.017249900821016798, "0.15": 0.006152192028697625, "0.2": 0.0021401648624196023, "0.25": 0.0009896243548420452, "0.3": 0.000663672483307869, "0.35": 0.0003827903846551918, "0.4": 0.00030263684316455175}, "8": {"0": 1.0, "0.05": 0.053517484970974104, "0.1": 0.017222989848201233, "0.15": 0.007452561746971851, "0.2": 0.003964879813418432, "0.25": 0.0020797777054908212, "0.3": 0.0012874595713752157, "0.35": 0.0007485423631878232, "0.4": 0.0005764962701892175}, "9": {"0": 1.0, "0.05": 0.01244952578723901, "0.1": 0.003015151151065106, "0.15": 0.0013261168454537391, "0.2": 0.0006738017227620179, "0.25": 0.0002905919177097936, "0.3": 0.00013003631687972058, "0.35": 5.3809737525449254e-05, "0.4": 2.5063244802424426e-05}, "10": {"0": 1.0, "0.05": 0.042590533211619534, "0.1": 0.00668673896365735, "0.15": 0.0019107406507417048, "0.2": 0.0009197822297271743, "0.25": 0.0005399636202194976, "0.3": 0.0002540327916079953, "0.35": 0.00019819975705940234, "0.4": 0.0001396864195787281}, "11": {"0": 1.0, "0.05": 0.07931757133286928, "0.1": 0.03344018003177254, "0.15": 0.017623697162100018, "0.2": 0.010082347272308684, "0.25": 0.006312364019855555, "0.3": 0.00404253559114365, "0.35": 0.002639670883981928, "0.4": 0.0017497431954295877}}, "precision": {"0": {"0": 0.005257420766925437, "0.05": 0.08808955968521841, "0.1": 0.13690487227933532, "0.15": 0.142525738028822, "0.2": 0.13116069295714122, "0.25": 0.1190604203621276, "0.3": 0.10560748580491915, "0.35": 0.09923106069514863, "0.4": 0.095376305824808}, "1": {"0": 0.005257420766925437, "0.05": 0.00286314454293819, "0.1": 0.0020176518982257083, "0.15": 0.0013620978065305859, "0.2": 0.0007486969678824953, "0.25": 0.0004103571381574658, "0.3": 0.00023181501992936297, "0.35": 0.00023438658108652745, "0.4": 0.00014654352668394796}, "2": {"0": 0.005257420766925437, "0.05": 0.009491627711006834, "0.1": 0.007843149303087221, "0.15": 0.005991583522572399, "0.2": 0.004234291738429423, "0.25": 0.0035183070203226503, "0.3": 0.003193950089749943, "0.35": 0.0027033068974605477, "0.4": 0.0020111707408663306}, "3": {"0": 0.005257420766925437, "0.05": 0.002293468410604324, "0.1": 0.0013869653871219, "0.15": 0.0005161291529389013, "0.2": 0.0002343789065479511, "0.25": 0.00022925319983041817, "0.3": 0.000249982378933958, "0.35": 0.0002457151219077802, "0.4": 0.0002379595955220484}, "4": {"0": 0.005257420766925437, "0.05": 0.0009274467849876137, "0.1": 0.0014074523715676278, "0.15": 0.0008302685835283629, "0.2": 0.0004457817898138861, "0.25": 0.0, "0.3": 0.0, "0.35": 0.0, "0.4": 0.0}, "5": {"0": 0.005257420766925437, "0.05": 0.06281633937320258, "0.1": 0.11407130538017987, "0.15": 0.1568292731711554, "0.2": 0.19489236987021455, "0.25": 0.23195436584395301, "0.3": 0.2679517821730388, "0.35": 0.3002058436318112, "0.4": 0.32875308470193587}, "6": {"0": 0.005257420766925437, "0.05": 0.019684621372072792, "0.1": 0.021845978231858264, "0.15": 0.021923040815703822, "0.2": 0.02190565145146119, "0.25": 0.019783228398288454, "0.3": 0.018897739065387973,