{"fscore": {"0": {"0": 0.010441274224259384, "0.05": 0.0010936065389877488, "0.1": 0.0003121244544228895, "0.15": 6.521314575713734e-05, "0.2": 4.25906168611993e-06, "0.25": 4.457817898138861e-06, "0.3": 4.643560310561313e-06, "0.35": 4.8454542371074575e-06, "0.4": 0.0}, "1": {"0": 0.010441274224259384, "0.05": 0.010464193375696805, "0.1": 0.006094573321033701, "0.15": 0.00322278431184273, "0.2": 0.001089849311618946, "0.25": 5.2786122503522936e-05, "0.3": 0.0, "0.35": 0.0, "0.4": 0.0}, "2": {"0": 0.010441274224259384, "0.05": 0.013559367332000003, "0.1": 0.012269092000977649, "0.15": 0.011154630170765801, "0.2": 0.009826932054678961, "0.25": 0.008310459783174457, "0.3": 0.006500516454448808, "0.35": 0.004932516701752229, "0.4": 0.0037066837821120298}, "3": {"0": 0.010441274224259384, "0.05": 0.00745279615791924, "0.1": 0.002968456895605404, "0.15": 0.0016024151452432025, "0.2": 0.0005190322210554334, "0.25": 8.756428014201335e-05, "0.3": 3.3433634236041456e-05, "0.35": 3.5193299195833114e-05, "0.4": 3.5193299195833114e-05}, "4": {"0": 0.010441274224259384, "0.05": 0.00852027978118518, "0.1": 0.005123804483395169, "0.15": 0.0030706956870836044, "0.2": 0.0019550209594400765, "0.25": 0.0012203685226997525, "0.3": 0.000760298607515519, "0.35": 0.000512344283428417, "0.4": 0.0003988302232574173}, "5": {"0": 0.010441274224259384, "0.05": 0.003285868735623009, "0.1": 0.0011083023500159832, "0.15": 0.00041842733633655705, "0.2": 0.0002772242212916433, "0.25": 0.00025985486714791826, "0.3": 0.0002490799935097255, "0.35": 0.0002327332757150072, "0.4": 0.00011105540996025457}, "6": {"0": 0.010441274224259384, "0.05": 0.05628020962846028, "0.1": 0.029712143359835144, "0.15": 0.015774461305623797, "0.2": 0.008834814302147793, "0.25": 0.005251353774713453, "0.3": 0.002638826891997378, "0.35": 0.0014493316874570148, "0.4": 0.0006262280820271735}, "7": {"0": 0.010441274224259384, "0.05": 0.01814571896844007, "0.1": 0.008658003118034814, "0.15": 0.0047419993696161365, "0.2": 0.002453351005215933, "0.25": 0.001386104049206688, "0.3": 0.0008121933956379268, "0.35": 0.0005533883935153465, "0.4": 0.0002070292202719213}, "8": {"0": 0.010441274224259384, "0.05": 0.0023823510964636166, "0.1": 0.0009454406665018899, "0.15": 0.0007110390962205796, "0.2": 0.0005270858549422941, "0.25": 0.0004418371736140519, "0.3": 0.00025010546131861, "0.35": 0.00018429931358058323, "0.4": 0.00013103560071531524}, "9": {"0": 0.010441274224259384, "0.05": 0.011749037765552115, "0.1": 0.007873618477609945, "0.15": 0.0049085301346766495, "0.2": 0.0026571939369328073, "0.25": 0.00046973778963618654, "0.3": 0.00021251658980468978, "0.35": 0.00017259893881188743, "0.4": 0.00012351369150608}, "10": {"0": 0.010441274224259384, "0.05": 0.02738193331490499, "0.1": 0.01515065007758874, "0.15": 0.008657949201782322, "0.2": 0.005161756152439112, "0.25": 0.003525455756214138, "0.3": 0.002240023393254568, "0.35": 0.0015842424128866418, "0.4": 0.0010052285422866047}, "11": {"0": 0.010441274224259384, "0.05": 0.038208675484193884, "0.1": 0.04185665227917077, "0.15": 0.03870460780169492, "0.2": 0.0335139509545977, "0.25": 0.02797676554882172, "0.3": 0.02244802707043784, "0.35": 0.01815316809579221, "0.4": 0.014187225973283481}}, "recall": {"0": {"0": 1.0, "0.05": 0.001599263000409897, "0.1": 0.0003194857768310569, "0.15": 6.0658276901514096e-05, "0.2": 3.2459839064117916e-06, "0.25": 3.2459839064117916e-06, "0.3": 3.2459839064117916e-06, "0.35": 3.2459839064117916e-06, "0.4": 0.0}, "1": {"0": 1.0, "0.05": 0.018570071050661306, "0.1": 0.007456815195789194, "0.15": 0.0032266935180897886, "0.2": 0.0009283028720478747, "0.25": 4.736048147500254e-05, "0.3": 0.0, "0.35": 0.0, "0.4": 0.0}, "2": {"0": 1.0, "0.05": 0.036568959624387, "0.1": 0.02122855634017264, "0.15": 0.015013990916761095, "0.2": 0.011206250181416053, "0.25": 0.008310947955667268, "0.3": 0.005836036440618788, "0.35": 0.004037638553596086, "0.4": 0.002721994681911694}, "3": {"0": 1.0, "0.05": 0.007282305266971532, "0.1": 0.0020228228489791457, "0.15": 0.0009783517199020496, "0.2": 0.0003041369684175927, "0.25": 4.8968454184101125e-05, "0.3": 1.8574241242245254e-05, "0.35": 1.8574241242245254e-05, "0.4": 1.8574241242245254e-05}, "4": {"0": 1.0, "0.05": 0.01121901604361498, "0.1": 0.00436927976869704, "0.15": 0.0021663630179342107, "0.2": 0.0012786850538200742, "0.25": 0.0007226567715467048, "0.3": 0.00042707315890097645, "0.35": 0.0002863002495509962, "0.4": 0.00022330048092191184}, "5": {"0": 1.0, "0.05": 0.006354579285193331, "0.1": 0.001635234669010364, "0.15": 0.0006269898390836871, "0.2": 0.00031399354010626124, "0.25": 0.0002748129824835848, "0.3": 0.00023889646497944733, "0.35": 0.0002031168859166167, "0.4": 7.341335451864027e-05}, "6": {"0": 1.0, "0.05": 0.07794593836690196, "0.1": 0.026635303666115114, "0.15": 0.011563784861456863, "0.2": 0.005814191142463125, "0.25": 0.0032680735190874794, "0.3": 0.0015250562353257464, "0.35": 0.000830481724498939, "0.4": 0.0003396160490018453}, "7": {"0": 1.0, "0.05": 0.030738324479283628, "0.1": 0.009558389706736514, "0.15": 0.004111879879257941, "0.2": 0.0018041481545216249, "0.25": 0.0009343900701390379, "0.3": 0.0005045656140800467, "0.35": 0.00032988215159854924, "0.4": 0.00011542051179064142}, "8": {"0": 1.0, "0.05": 0.0033463765379709407, "0.1": 0.0009058815261402961, "0.15": 0.0005612612981811902, "0.2": 0.0003754125317964742, "0.25": 0.00029348004047960224, "0.3": 0.00015846383880861834, "0.35": 0.00011172276166421787, "0.4": 7.585012482944127e-05}, "9": {"0": 1.0, "0.05": 0.023761753104596748, "0.1": 0.011739472892559537, "0.15": 0.006119043349887492, "0.2": 0.0029855003548063686, "0.25": 0.0004600413751235867, "0.3": 0.00019658670091898174, "0.35": 0.00015100665365162956, "0.4": 0.0001081974806476485}, "10": {"0": 1.0, "0.05": 0.0379571117747953, "0.1": 0.013950526603566386, "0.15": 0.006655370811614313, "0.2": 0.0035594571061717166, "0.25": 0.002334053836148379, "0.3": 0.0014603811654969657, "0.35": 0.0009994475505909432, "0.4": 0.0006356643001143158}, "11": {"0": 1.0, "0.05": 0.13364471953198626, "0.1": 0.07748720527664868, "0.15": 0.04882782809437271, "0.2": 0.03302324302827088, "0.25": 0.023036981343054017, "0.3": 0.01649703989284777, "0.35": 0.012204058419586659, "0.4": 0.008959117594436754}}, "precision": {"0": {"0": 0.005257420766925437, "0.05": 0.0008562533555285359, "0.1": 0.0003261482626561533, "0.15": 7.197908085694703e-05, "0.2": 6.191413747415085e-06, "0.25": 7.113539199157757e-06, "0.3": 8.154544935619868e-06, "0.35": 9.552466924583273e-06, "0.4": 0.0}, "1": {"0": 0.005257420766925437, "0.05": 0.007576628792566525, "0.1": 0.005388282192357275, "0.15": 0.003405928292188091, "0.2": 0.0014478957067060006, "0.25": 6.581632429324759e-05, "0.3": 0.0, "0.35": 0.0, "0.4": 0.0}, "2": {"0": 0.005257420766925437, "0.05": 0.00855220578638235, "0.1": 0.009020774838894269, "0.15": 0.009449921895798805, "0.2": 0.00953132791508774, "0.25": 0.009364134991170605, "0.3": 0.008465673159126766, "0.35": 0.0077711467427846745, "0.4": 0.007156939265391059}, "3": {"0": 0.005257420766925437, "0.05": 0.008789388879773409, "0.1": 0.006908535682805663, "0.15": 0.005746781868741503, "0.2": 0.002267130223056826, "0.25": 0.0004457817898138861, "0.3": 0.00016716817118020728, "0.35": 0.00033433634236041456, "0.4": 0.00033433634236041456}, "4": {"0": 0.005257420766925437, "0.05": 0.007347138212996025, "0.1": 0.0072032730778328865, "0.15": 0.006576811936625426, "0.2": 0.005883246784037639, "0.25": 0.005826345926250904, "0.3": 0.005297651009787418, "0.35": 0.00422776265303848, "0.4": 0.0046114534078425745}, "5": {"0": 0.005257420766925437, "0.05": 0.002291226054500552, "0.1": 0.0009288868677304774, "0.15": 0.00039884778432937627, "0.2": 0.000305458870581483, "0.25": 0.0003484540273274804, "0.3": 0.0003959879248100891, "0.35": 0.00043881644934804415, "0.4": 0.0003035802935502033}, "6": {"0": 0.005257420766925437, "0.05": 0.050405784531406046, "0.1": 0.04470263248973675, "0.15": 0.03876998382963551,