{"fscore": {"0": {"0": 0.011099634023900469, "0.05": 0.0030677401985321406, "0.1": 0.000884194783294511, "0.15": 0.00035939738528803256, "0.2": 0.00021685848660200755, "0.25": 9.424239856404984e-05, "0.3": 3.3259751245491536e-05, "0.35": 2.9077709786686623e-05, "0.4": 1.7378371075331072e-05}, "1": {"0": 0.011099634023900469, "0.05": 0.03405995257311822, "0.1": 0.01882438523900562, "0.15": 0.010812365411117858, "0.2": 0.008010705793126212, "0.25": 0.006410750921608161, "0.3": 0.005380051069488189, "0.35": 0.004329206277293368, "0.4": 0.0031345847785709223}, "2": {"0": 0.011099634023900469, "0.05": 0.005103718200069361, "0.1": 0.001917039510811616, "0.15": 0.0008943551755352675, "0.2": 0.0004578303043814083, "0.25": 0.0002719717121617042, "0.3": 0.00018091843020449412, "0.35": 9.717602870044812e-05, "0.4": 7.762666382704205e-05}, "3": {"0": 0.011099634023900469, "0.05": 0.011160858861081428, "0.1": 0.006880430436267512, "0.15": 0.004523549991351525, "0.2": 0.0033426193956857635, "0.25": 0.002607589464459455, "0.3": 0.0021731923551525025, "0.35": 0.0015137136862471874, "0.4": 0.0010218319875911644}, "4": {"0": 0.011099634023900469, "0.05": 0.0077895531644980335, "0.1": 0.002465173674497919, "0.15": 0.0009777995629966776, "0.2": 0.00036811386290453894, "0.25": 0.0001502993998676468, "0.3": 4.8086221467272154e-05, "0.35": 2.0306175027705835e-05, "0.4": 1.6504118382399386e-05}, "5": {"0": 0.011099634023900469, "0.05": 0.003352861866837103, "0.1": 0.0012376486953167823, "0.15": 0.0005493919678523047, "0.2": 0.0002736208643410314, "0.25": 0.0001632451926761745, "0.3": 6.591414923295455e-05, "0.35": 5.56275623445905e-06, "0.4": 6.342581874803776e-06}, "6": {"0": 0.011099634023900469, "0.05": 0.00467574911143466, "0.1": 0.001371434561815006, "0.15": 0.0004473128663261159, "0.2": 0.0002219632131948276, "0.25": 5.61289846919549e-05, "0.3": 3.807253773023303e-05, "0.35": 2.53938516291733e-05, "0.4": 5.180582142015298e-06}, "7": {"0": 0.011099634023900469, "0.05": 0.004038139501898963, "0.1": 0.0021071618931445806, "0.15": 0.0010277782583573575, "0.2": 0.0005024874806153431, "0.25": 0.0002802976093976176, "0.3": 0.00012660532308834805, "0.35": 7.245582634821861e-05, "0.4": 5.1849877979755384e-05}, "8": {"0": 0.011099634023900469, "0.05": 0.006321654040394449, "0.1": 0.0017680394071725447, "0.15": 0.0006154325854812823, "0.2": 0.00028800624393001133, "0.25": 0.00013172850624864558, "0.3": 7.491037244227274e-05, "0.35": 2.6252668188159292e-05, "0.4": 2.0081953483347232e-05}, "9": {"0": 0.011099634023900469, "0.05": 0.007612115132367523, "0.1": 0.0022208377068037256, "0.15": 0.000973678135806554, "0.2": 0.0004629360364879443, "0.25": 0.00026839853885151813, "0.3": 0.0001230925435208691, "0.35": 6.211851039018688e-05, "0.4": 6.100204756777209e-05}, "10": {"0": 0.011099634023900469, "0.05": 0.0013434780104097511, "0.1": 0.00036856349178673344, "0.15": 0.00010197981864428349, "0.2": 5.9915803672449565e-05, "0.25": 2.1544643193777907e-05, "0.3": 2.8878989812936343e-05, "0.35": 3.310518344409776e-05, "0.4": 1.8342061097405514e-05}, "11": {"0": 0.011099634023900469, "0.05": 0.04519055250932077, "0.1": 0.032970115861940805, "0.15": 0.017650513894082086, "0.2": 0.005049154825922337, "0.25": 0.0002511412365173354, "0.3": 1.9978967523656865e-05, "0.35": 0.0, "0.4": 0.0}, "12": {"0": 0.011099634023900469, "0.05": 0.0098588882934484, "0.1": 0.0022365555623455532, "0.15": 0.0007234216058281118, "0.2": 0.00031518992844538883, "0.25": 0.00016050105030084876, "0.3": 8.125362502714507e-05, "0.35": 2.686119485690701e-05, "0.4": 8.318636878014543e-06}, "13": {"0": 0.011099634023900469, "0.05": 0.008272939668692412, "0.1": 0.0019366721392573478, "0.15": 0.00036804869224646013, "0.2": 0.00011106686743313655, "0.25": 4.2754851713765166e-05, "0.3": 3.173200674291372e-05, "0.35": 4.779269440873268e-06, "0.4": 5.260901244992279e-06}, "14": {"0": 0.011099634023900469, "0.05": 0.024017891881383115, "0.1": 0.015108438032817766, "0.15": 0.006437780528786193, "0.2": 0.0017615937252168992, "0.25": 0.00013944229116216112, "0.3": 2.317495175327115e-05, "0.35": 2.2200270275972475e-05, "0.4": 2.0988342804431884e-05}, "15": {"0": 0.011099634023900469, "0.05": 0.001978319474201594, "0.1": 0.0008028949136139457, "0.15": 0.00029208707887633803, "0.2": 0.00015310318881525835, "0.25": 7.507330620063512e-05, "0.3": 3.550405377762193e-05, "0.35": 1.1502648484813628e-05, "0.4": 1.3051081934692386e-05}}, "recall": {"0": {"0": 0.5856547591822291, "0.05": 0.013543782797522474, "0.1": 0.0021701301420487132, "0.15": 0.0007106875914700665, "0.2": 0.0003996427757920609, "0.25": 0.00015415170091665796, "0.3": 4.28646569502998e-05, "0.35": 3.556618275913028e-05, "0.4": 1.9840844598837595e-05}, "1": {"0": 0.5856547591822291, "0.05": 0.215185854056589, "0.1": 0.07238337052011011, "0.15": 0.029697283708715088, "0.2": 0.016819079173164938, "0.25": 0.010673419646129561, "0.3": 0.00731032658150181, "0.35": 0.0048790223066194505, "0.4": 0.0029067374649387407}, "2": {"0": 0.5856547591822291, "0.05": 0.017125107009872, "0.1": 0.005218526662236976, "0.15": 0.002000242964826345, "0.2": 0.0009844002002593157, "0.25": 0.0005273377083441265, "0.3": 0.00035674270148873554, "0.35": 0.00016214182449223366, "0.4": 0.00011919852770723984}, "3": {"0": 0.5856547591822291, "0.05": 0.06683765576613475, "0.1": 0.026582254881897662, "0.15": 0.013200410116207402, "0.2": 0.008096247499477325, "0.25": 0.005318938611723525, "0.3": 0.0036142058762592888, "0.35": 0.0022660014016769215, "0.4": 0.0013587591526079755}, "4": {"0": 0.5856547591822291, "0.05": 0.02880375335383273, "0.1": 0.006505773052130096, "0.15": 0.0022721342497305985, "0.2": 0.000797694053397097, "0.25": 0.0002657324364682126, "0.3": 7.837712233688266e-05, "0.35": 2.8091132094368246e-05, "0.4": 2.120104328077369e-05}, "5": {"0": 0.5856547591822291, "0.05": 0.017993040410888016, "0.1": 0.004078494147919603, "0.15": 0.0015990745288854621, "0.2": 0.0006153433598292381, "0.25": 0.00037886444587965375, "0.3": 0.000134467047069136, "0.35": 4.64833055208222e-06, "0.4": 4.64833055208222e-06}, "6": {"0": 0.5856547591822291, "0.05": 0.023070921960272352, "0.1": 0.0040383984660980945, "0.15": 0.0011271122283563937, "0.2": 0.00046787300121496384, "0.25": 0.00010170691349351619, "0.3": 6.772135389615636e-05, "0.35": 4.0251933824089525e-05, "0.4": 6.925063883714327e-06}, "7": {"0": 0.5856547591822291, "0.05": 0.016546882360708733, "0.1": 0.005855330059933043, "0.15": 0.0023737180103860058, "0.2": 0.0010279294862074245, "0.25": 0.0005427874287145444, "0.3": 0.00023499811976513093, "0.35": 0.00012132020498199917, "0.4": 8.475720813747236e-05}, "8": {"0": 0.5856547591822291, "0.05": 0.02474645740552922, "0.1": 0.00529001261278337, "0.15": 0.0014954703512411339, "0.2": 0.0006147490547388959, "0.25": 0.000257725281957546, "0.3": 0.00015417266908455038, "0.35": 5.1094888957686314e-05, "0.4": 3.9588281868566906e-05}, "9": {"0": 0.5856547591822291, "0.05": 0.04519387754276718, "0.1": 0.008048588045855157, "0.15": 0.0026788319829259134, "0.2": 0.0010496755070057652, "0.25": 0.00048269116838070965, "0.3": 0.00017481869644762917, "0.35": 7.778100984311954e-05, "0.4": 6.885132220359317e-05}, "10": {"0": 0.5856547591822291, "0.05": 0.009725662270645747, "0.1": 0.0018458414833961896, "0.15": 0.0002504795005870787, "0.2": 0.00011876412961605647, "0.25": 4.241601628775026e-05, "0.3": 4.241601628775026e-05, "0.35": 4.241601628775026e-05, "0.4": 2.120800814387513e-05}, "11": {"0": 0.5856547591822291, "0.05": 0.13318015605657474, "0.1": 0.08549298862173615, "0.15": 0.043220301966491056, "0.2": 0.011597077838540318, "0.25": 0.00066366332621214, "0.3": 3.7263881024079685e-05, "0.35": 0.0, "0.4": 0.0}, "12": {"0": 0.5856547591822291, "0.05": 0.02929652532217879, "0.1": 0.005509116686245456, "0.15": 0.001623531923591134, "0.2": 0.0006801699559189002, "0.25": 0.0003450136340117598, "0.3": 0.00017546584137978095, "0.35": 5.780802329281118e-05, "0.4": 1.6281052669563337e-05}, "13": {"0": 0.5856547591822291,