{"fscore": {"0": {"0": 0.010441274224259384, "0.05": 0.09309109053867862, "0.1": 0.12381939091909432, "0.15": 0.134650226226137, "0.2": 0.13427901585913912, "0.25": 0.12939556861575446, "0.3": 0.1213096042032475, "0.35": 0.11037773648771453, "0.4": 0.09760807181252192}, "1": {"0": 0.010441274224259384, "0.05": 0.0025278789529867168, "0.1": 0.0018264973082227937, "0.15": 0.0011399825365243392, "0.2": 0.0004920374378022685, "0.25": 0.00024801719798213704, "0.3": 0.0002062946897450408, "0.35": 6.078842588371174e-06, "0.4": 6.078842588371174e-06}, "2": {"0": 0.010441274224259384, "0.05": 0.07457825608399946, "0.1": 0.06691866265334974, "0.15": 0.04698762895392913, "0.2": 0.03029200100450217, "0.25": 0.018995818027717944, "0.3": 0.011579370433156003, "0.35": 0.007133147501570077, "0.4": 0.004145130579117414}, "3": {"0": 0.010441274224259384, "0.05": 0.00945482076523502, "0.1": 0.006128924195253063, "0.15": 0.0043536585657852145, "0.2": 0.0029179334803143254, "0.25": 0.001886141661368797, "0.3": 0.0011800640443406017, "0.35": 0.000719502651191221, "0.4": 0.000625262916262424}, "4": {"0": 0.010441274224259384, "0.05": 0.002812161863961386, "0.1": 0.0009227690529345051, "0.15": 0.0002789872965127263, "0.2": 0.00019161692416751715, "0.25": 0.00013373453694416585, "0.3": 0.00013373453694416585, "0.35": 0.0, "0.4": 0.0}, "5": {"0": 0.010441274224259384, "0.05": 0.00954954869550522, "0.1": 0.007475421776874552, "0.15": 0.005939577612374111, "0.2": 0.0047148943171083585, "0.25": 0.0040188088818492165, "0.3": 0.0028773210537543907, "0.35": 0.0024764154286755235, "0.4": 0.0018602553848568286}, "6": {"0": 0.010441274224259384, "0.05": 0.04226996864206544, "0.1": 0.04745632368082935, "0.15": 0.04571093735890987, "0.2": 0.04306096216242076, "0.25": 0.03802088264641281, "0.3": 0.03313591262871172, "0.35": 0.027794202226362898, "0.4": 0.022825027406154202}, "7": {"0": 0.010441274224259384, "0.05": 0.0029829953267709796, "0.1": 0.001098571755377185, "0.15": 8.126256315267794e-05, "0.2": 0.0, "0.25": 0.0, "0.3": 0.0, "0.35": 0.0, "0.4": 0.0}, "8": {"0": 0.010441274224259384, "0.05": 0.005644101802213198, "0.1": 0.004546115420514287, "0.15": 0.002758665023359052, "0.2": 0.0013554531009920166, "0.25": 0.0004921020759266089, "0.3": 0.00010325618356999704, "0.35": 4.3203202681637986e-05, "0.4": 3.408919569165011e-05}, "9": {"0": 0.010441274224259384, "0.05": 0.04938602290085862, "0.1": 0.0470471999818401, "0.15": 0.04263496475963659, "0.2": 0.03818194666491072, "0.25": 0.03399785112421416, "0.3": 0.03087512842338118, "0.35": 0.02802798655274945, "0.4": 0.024509762838897525}, "10": {"0": 0.010441274224259384, "0.05": 0.004827565487400523, "0.1": 0.001812788893390895, "0.15": 0.0004972578925162692, "0.2": 0.0002464182671471204, "0.25": 0.0, "0.3": 0.0, "0.35": 0.0, "0.4": 0.0}, "11": {"0": 0.010441274224259384, "0.05": 0.0054984995600571, "0.1": 0.0028432996113080485, "0.15": 0.0016529446383459325, "0.2": 0.0010920232910774511, "0.25": 0.000787419877214083, "0.3": 0.00040761003340750103, "0.35": 0.00029868285447163183, "0.4": 3.629449438139877e-05}, "12": {"0": 0.010441274224259384, "0.05": 0.006462496359574406, "0.1": 0.002026601792560725, "0.15": 0.0007943100247467578, "0.2": 0.00021418359165884508, "0.25": 8.979326575995962e-05, "0.3": 1.7145453454380232e-05, "0.35": 1.7145453454380232e-05, "0.4": 0.0}, "13": {"0": 0.010441274224259384, "0.05": 0.03573232459273216, "0.1": 0.03954228603128689, "0.15": 0.038150395640527204, "0.2": 0.033123764347283036, "0.25": 0.02902389500888605, "0.3": 0.02344896144634454, "0.35": 0.019464201631339495, "0.4": 0.015213178118282558}, "14": {"0": 0.010441274224259384, "0.05": 0.014888748117397358, "0.1": 0.011256584680569358, "0.15": 0.007276604204511584, "0.2": 0.004465200049811444, "0.25": 0.002664670016109681, "0.3": 0.002108363823279246, "0.35": 0.0013684567166153529, "0.4": 0.0009843934638898012}, "15": {"0": 0.010441274224259384, "0.05": 0.013937357471731734, "0.1": 0.007545405279947882, "0.15": 0.004434956115392173, "0.2": 0.0029876949487637815, "0.25": 0.0022681805143009276, "0.3": 0.0016449015931755428, "0.35": 0.0011915624146560909, "0.4": 0.0007495533669786853}}, "recall": {"0": {"0": 1.0, "0.05": 0.4712427900882491, "0.1": 0.3413299231274514, "0.15": 0.2566534523112694, "0.2": 0.19705300059505912, "0.25": 0.156277837708113, "0.3": 0.12679216423884926, "0.35": 0.10191349847425206, "0.4": 0.08183220902645655}, "1": {"0": 1.0, "0.05": 0.006206404160809558, "0.1": 0.0018976928644296909, "0.15": 0.000897894842480454, "0.2": 0.000344583507947423, "0.25": 0.00017300895940565564, "0.3": 0.0001321667357650368, "0.35": 3.1246387136487343e-06, "0.4": 3.1246387136487343e-06}, "2": {"0": 1.0, "0.05": 0.21239369466239383, "0.1": 0.08770847496282953, "0.15": 0.04278809714230673, "0.2": 0.02240812266390368, "0.25": 0.012689389541029633, "0.3": 0.0072885444627097925, "0.35": 0.004348289776787826, "0.4": 0.002453656490083621}, "3": {"0": 1.0, "0.05": 0.047382545575889494, "0.1": 0.016529194646068612, "0.15": 0.00802798021712975, "0.2": 0.004304064182885209, "0.25": 0.0024719680656008504, "0.3": 0.001273410377672682, "0.35": 0.0007352720291094889, "0.4": 0.0006160154096738515}, "4": {"0": 1.0, "0.05": 0.005881028333250444, "0.1": 0.0010494134274727878, "0.15": 0.0002822830975274479, "0.2": 0.0001631879766282976, "0.25": 8.358408559010364e-05, "0.3": 8.358408559010364e-05, "0.35": 0.0, "0.4": 0.0}, "5": {"0": 1.0, "0.05": 0.0336672883368542, "0.1": 0.01176256752004559, "0.15": 0.006546031689484935, "0.2": 0.004179468809800038, "0.25": 0.0029706016346593366, "0.3": 0.00201272406500983, "0.35": 0.0016296095556599366, "0.4": 0.0011315111945221074}, "6": {"0": 1.0, "0.05": 0.16585595966327518, "0.1": 0.09927843681214321, "0.15": 0.06528166787137876, "0.2": 0.047219461124383265, "0.25": 0.03458345642695083, "0.3": 0.026097130377103078, "0.35": 0.01975776995195291, "0.4": 0.015032346578605839}, "7": {"0": 1.0, "0.05": 0.008034765434442892, "0.1": 0.001593387206016565, "0.15": 7.236317440418428e-05, "0.2": 0.0, "0.25": 0.0, "0.3": 0.0, "0.35": 0.0, "0.4": 0.0}, "8": {"0": 1.0, "0.05": 0.014627411302493136, "0.1": 0.007890114346542425, "0.15": 0.003867243978213935, "0.2": 0.0016808720357135165, "0.25": 0.0005520744326987401, "0.3": 0.00010253172239130114, "0.35": 3.888479314758151e-05, "0.4": 2.9848675786489227e-05}, "9": {"0": 1.0, "0.05": 0.19052705344934567, "0.1": 0.11123944796099453, "0.15": 0.07512912467178338, "0.2": 0.05489581857973002, "0.25": 0.041528529075713944, "0.3": 0.0332742374957686, "0.35": 0.027085936036799384, "0.4": 0.02182867608517367}, "10": {"0": 1.0, "0.05": 0.015534553739326796, "0.1": 0.0020193938410292523, "0.15": 0.0003978991552748539, "0.2": 0.00014839527495141396, "0.25": 0.0, "0.3": 0.0, "0.35": 0.0, "0.4": 0.0}, "11": {"0": 1.0, "0.05": 0.03509557143756022, "0.1": 0.009075312787046808, "0.15": 0.003333735123374912, "0.2": 0.0015435121288864095, "0.25": 0.0008718882112912483, "0.3": 0.000381521785943467, "0.35": 0.00027450965905427034, "0.4": 2.0360225977076527e-05}, "12": {"0": 1.0, "0.05": 0.021822727127263, "0.1": 0.003166155575109376, "0.15": 0.0007689723511348559, "0.2": 0.00015730578909872953, "0.25": 6.196815140938087e-05, "0.3": 8.798324798958279e-06, "0.35": 8.798324798958279e-06, "0.4": 0.0}, "13": {"0": 1.0, "0.05": 0.1077976628018583, "0.1": 0.06397446342814367, "0.15": 0.043609887950755724, "0.2": 0.03028705019199154, "0.25": 0.022657416546386557, "0.3": 0.016403360342320004, "0.35": 0.012624129503868795, "0.4": 0.009354353677853698}, "14": {"0": 1.0, "0.05": 0.04682968336560068, "0.1": 0.019730641563784075, "0.15": 0.00925193251207938, "0.2": 0.004606241965017099, "0.25": 0.0024073109047105068, "0.3": 0.0017327136783525225, "0.35": 0.001035576182231595, "0.4": 0.0006773814481094749}, "15": {"0": 1.0, "0.05": 0.0748158229892612, "0.1": 0.020056769941538787, "0.15": 0.007159657176370728, "0.2": 0.0034094290017554736, "0.25": 0.002102368228665019, "0.3": 0.0012969421260171099, "0.35": 0.0008376545271828337,