{"fscore": {"0": {"0": 0.010441274224259384, "0.05": 0.011012881319679516, "0.1": 5.1436360363140695e-05, "0.15": 0.0, "0.2": 0.0, "0.25": 0.0, "0.3": 0.0, "0.35": 0.0, "0.4": 0.0}, "1": {"0": 0.010441274224259384, "0.05": 0.028931946735161133, "0.1": 0.015525260830699357, "0.15": 0.0034605578199828437, "0.2": 0.0008122083347760379, "0.25": 0.0002927227070244358, "0.3": 8.358408559010364e-05, "0.35": 0.0, "0.4": 0.0}, "2": {"0": 0.010441274224259384, "0.05": 0.005890637657419796, "0.1": 0.0, "0.15": 0.0, "0.2": 0.0, "0.25": 0.0, "0.3": 0.0, "0.35": 0.0, "0.4": 0.0}, "3": {"0": 0.010441274224259384, "0.05": 0.006499084338736592, "0.1": 0.001992009887945382, "0.15": 0.00023122611074092295, "0.2": 0.0, "0.25": 0.0, "0.3": 0.0, "0.35": 0.0, "0.4": 0.0}, "4": {"0": 0.010441274224259384, "0.05": 0.005654594354964071, "0.1": 1.6976457049363943e-05, "0.15": 1.813309478239753e-05, "0.2": 1.0785043301948859e-05, "0.25": 0.0, "0.3": 0.0, "0.35": 0.0, "0.4": 0.0}, "5": {"0": 0.010441274224259384, "0.05": 2.1570086603897714e-05, "0.1": 0.0, "0.15": 0.0, "0.2": 0.0, "0.25": 0.0, "0.3": 0.0, "0.35": 0.0, "0.4": 0.0}, "6": {"0": 0.010441274224259384, "0.05": 0.013613415200461401, "0.1": 0.0002686361173587559, "0.15": 0.0, "0.2": 0.0, "0.25": 0.0, "0.3": 0.0, "0.35": 0.0, "0.4": 0.0}, "7": {"0": 0.010441274224259384, "0.05": 0.005906735921703396, "0.1": 0.000715367520399269, "0.15": 0.0001849459610117137, "0.2": 0.00013112931869200677, "0.25": 6.686726847208293e-05, "0.3": 0.0, "0.35": 0.0, "0.4": 0.0}, "8": {"0": 0.010441274224259384, "0.05": 0.0012459919011760003, "0.1": 2.9327749329860926e-05, "0.15": 1.966684366825968e-05, "0.2": 1.966684366825968e-05, "0.25": 0.0, "0.3": 0.0, "0.35": 0.0, "0.4": 0.0}, "9": {"0": 0.010441274224259384, "0.05": 0.005613993687022967, "0.1": 0.0006900551434152237, "0.15": 0.0, "0.2": 0.0, "0.25": 0.0, "0.3": 0.0, "0.35": 0.0, "0.4": 0.0}, "10": {"0": 0.010441274224259384, "0.05": 0.0008712159606017651, "0.1": 0.0, "0.15": 0.0, "0.2": 0.0, "0.25": 0.0, "0.3": 0.0, "0.35": 0.0, "0.4": 0.0}, "11": {"0": 0.010441274224259384, "0.05": 0.002093902701425894, "0.1": 0.0004863055112754583, "0.15": 3.8041474851906145e-05, "0.2": 0.0, "0.25": 0.0, "0.3": 0.0, "0.35": 0.0, "0.4": 0.0}, "12": {"0": 0.010441274224259384, "0.05": 0.005078015821409162, "0.1": 0.0004090554491758103, "0.15": 0.0, "0.2": 0.0, "0.25": 0.0, "0.3": 0.0, "0.35": 0.0, "0.4": 0.0}, "13": {"0": 0.010441274224259384, "0.05": 0.0013779931903601444, "0.1": 0.0, "0.15": 0.0, "0.2": 0.0, "0.25": 0.0, "0.3": 0.0, "0.35": 0.0, "0.4": 0.0}, "14": {"0": 0.010441274224259384, "0.05": 0.0012617446654043434, "0.1": 0.0, "0.15": 0.0, "0.2": 0.0, "0.25": 0.0, "0.3": 0.0, "0.35": 0.0, "0.4": 0.0}, "15": {"0": 0.010441274224259384, "0.05": 0.02827555846430723, "0.1": 0.011077768625098959, "0.15": 0.0011739873109753896, "0.2": 0.0002682189964625507, "0.25": 0.0, "0.3": 0.0, "0.35": 0.0, "0.4": 0.0}}, "recall": {"0": {"0": 1.0, "0.05": 0.040734843236351605, "0.1": 5.572272372673576e-05, "0.15": 0.0, "0.2": 0.0, "0.25": 0.0, "0.3": 0.0, "0.35": 0.0, "0.4": 0.0}, "1": {"0": 1.0, "0.05": 0.06742638746886516, "0.1": 0.020163799848043475, "0.15": 0.0031888265714745145, "0.2": 0.0005190414919602483, "0.25": 0.00017645529180132993, "0.3": 5.572272372673576e-05, "0.35": 0.0, "0.4": 0.0}, "2": {"0": 1.0, "0.05": 0.016366553039070593, "0.1": 0.0, "0.15": 0.0, "0.2": 0.0, "0.25": 0.0, "0.3": 0.0, "0.35": 0.0, "0.4": 0.0}, "3": {"0": 1.0, "0.05": 0.05511952562923204, "0.1": 0.0057801557079912155, "0.15": 0.0002759808693915362, "0.2": 0.0, "0.25": 0.0, "0.3": 0.0, "0.35": 0.0, "0.4": 0.0}, "4": {"0": 1.0, "0.05": 0.01825962016950104, "0.1": 2.333468751028065e-05, "0.15": 2.333468751028065e-05, "0.2": 1.4536362711322373e-05, "0.25": 0.0, "0.3": 0.0, "0.35": 0.0, "0.4": 0.0}, "5": {"0": 1.0, "0.05": 0.00011144544745347152, "0.1": 0.0, "0.15": 0.0, "0.2": 0.0, "0.25": 0.0, "0.3": 0.0, "0.35": 0.0, "0.4": 0.0}, "6": {"0": 1.0, "0.05": 0.026336105072642245, "0.1": 0.00015820438337990996, "0.15": 0.0, "0.2": 0.0, "0.25": 0.0, "0.3": 0.0, "0.35": 0.0, "0.4": 0.0}, "7": {"0": 1.0, "0.05": 0.02150896404288157, "0.1": 0.001501339847120403, "0.15": 0.00018571693520710045, "0.2": 9.454447208006392e-05, "0.25": 4.179204279505182e-05, "0.3": 0.0, "0.35": 0.0, "0.4": 0.0}, "8": {"0": 1.0, "0.05": 0.0029951541286869425, "0.1": 7.522567703109328e-05, "0.15": 4.179204279505182e-05, "0.2": 4.179204279505182e-05, "0.25": 0.0, "0.3": 0.0, "0.35": 0.0, "0.4": 0.0}, "9": {"0": 1.0, "0.05": 0.017259474718212497, "0.1": 0.0004617266904127486, "0.15": 0.0, "0.2": 0.0, "0.25": 0.0, "0.3": 0.0, "0.35": 0.0, "0.4": 0.0}, "10": {"0": 1.0, "0.05": 0.0009082803967457931, "0.1": 0.0, "0.15": 0.0, "0.2": 0.0, "0.25": 0.0, "0.3": 0.0, "0.35": 0.0, "0.4": 0.0}, "11": {"0": 1.0, "0.05": 0.015423590712379493, "0.1": 0.002781365866306513, "0.15": 0.00020896021397525912, "0.2": 0.0, "0.25": 0.0, "0.3": 0.0, "0.35": 0.0, "0.4": 0.0}, "12": {"0": 1.0, "0.05": 0.01244954901839035, "0.1": 0.0003462769260161436, "0.15": 0.0, "0.2": 0.0, "0.25": 0.0, "0.3": 0.0, "0.35": 0.0, "0.4": 0.0}, "13": {"0": 1.0, "0.05": 0.003405903178751134, "0.1": 0.0, "0.15": 0.0, "0.2": 0.0, "0.25": 0.0, "0.3": 0.0, "0.35": 0.0, "0.4": 0.0}, "14": {"0": 1.0, "0.05": 0.004258597538597384, "0.1": 0.0, "0.15": 0.0, "0.2": 0.0, "0.25": 0.0, "0.3": 0.0, "0.35": 0.0, "0.4": 0.0}, "15": {"0": 1.0, "0.05": 0.1423227363970962, "0.1": 0.027394261854949472, "0.15": 0.0012913190849398856, "0.2": 0.0002478575698234675, "0.25": 0.0, "0.3": 0.0, "0.35": 0.0, "0.4": 0.0}}, "precision": {"0": {"0": 0.005257420766925437, "0.05": 0.01125706416315755, "0.1": 4.7762334622916366e-05, "0.15": 0.0, "0.2": 0.0, "0.25": 0.0, "0.3": 0.0, "0.35": 0.0, "0.4": 0.0}, "1": {"0": 0.005257420766925437, "0.05": 0.02653376276557446, "0.1": 0.017637611660503687, "0.15": 0.00534473791745607, "0.2": 0.0023960771202496374, "0.25": 0.0012816226457149226, "0.3": 0.00016716817118020728, "0.35": 0.0, "0.4": 0.0}, "2": {"0": 0.005257420766925437, "0.05": 0.007553404762232694, "0.1": 0.0, "0.15": 0.0, "0.2": 0.0, "0.25": 0.0, "0.3": 0.0, "0.35": 0.0, "0.4": 0.0}, "3": {"0": 0.005257420766925437, "0.05": 0.003697162887847656, "0.1": 0.0013436500753704003, "0.15": 0.0002471413203609793, "0.2": 0.0, "0.25": 0.0, "0.3": 0.0, "0.35": 0.0, "0.4": 0.0}, "4": {"0": 0.005257420766925437, "0.05": 0.003428311707478285, "0.1": 1.3348960189481752e-05, "0.15": 1.488095960191492e-05, "0.2": 8.572726727190118e-06, "0.25": 0.0, "0.3": 0.0, "0.35": 0.0, "0.4": 0.0}, "5": {"0": 0.005257420766925437, "0.05": 1.1940583655729091e-05, "0.1": 0.0, "0.15": 0.0, "0.2": 0.0, "0.25": 0.0, "0.3": 0.0, "0.35": 0.0, "0.4": 0.0}, "6": {"0": 0.005257420766925437, "0.05": 0.01540083650221977, "0.1": 0.001170177198261451, "0.15": 0.0, "0.2": 0.0, "0.25": 0.0, "0.3": 0.0, "0.35": 0.0, "0.4": 0.0}, "7": {"0": 0.005257420766925437, "0.05": 0.0037765285426250134, "0.1": 0.0009163343105133679, "0.15": 0.0006574387452315353, "0.2": 0.00030647498049704667, "0.25": 0.00016716817118020728, "0.3": 0.0, "0.35": 0.0, "0.4": 0.0}, "8": {"0": 0.005257420766925437, "0.05": 0.0008227986519504698, "0.1": 1.825808394450491e-05, "0.15": 1.2859090090785177e-05, "0.2": 1.2859090090785177e-05, "0.25": 0.0, "0.3": 0.0, "0.35": 0.0, "0.4": 0.0}, "9": {"0": 0.005257420766925437, "0.05": 0.004301193692413239, "0.1": 0.0018088453394371148, "0.15": 0.0, "0.2": 0.0, "0.25": 0.0, "0.3": 0.0, "0.35": 0.0, "0.4": 0.0}, "10": {"0": 0.005257420766925437, "0.05": 0.0013865192478618965, "0.1": 0.0, "0.15": 0.0, "0.2": 0.0, "0.25": 0.0, "0.3": 0.0, "0.35": 0.0, "0.4": 0.0}, "11": {"0": 0.005257420766925437, "0.05": 0.0011572680162715311, "0.1": 0.00028026478089392977, "0.15": 2.1929588047296007e-05, "0.2": 0.0, "0.25": 0.0, "0.3": 0.0, "0.35": 0.0, "0.4": 0.0}, "12": {"0": 0.005257420766925437, "0.05": 0.004201920658440473, "0.1": 0.0006352390504847877, "0.15": 0.0, "0.2": 0.0, "0.25": 0.0, "0.3": 0.0, "0.35": 0.0, "0.4": 0.0}, "13": {"0": 0.005257420766925437,