{"fscore": {"0": {"0": 0.010441274224259384, "0.05": 0.1430942022645738, "0.1": 0.20510983569038935, "0.15": 0.20894542907442853, "0.2": 0.1846175555071063, "0.25": 0.14755510964897803, "0.3": 0.11417704950802703, "0.35": 0.08516555516449482, "0.4": 0.06250570207216785}, "1": {"0": 0.010441274224259384, "0.05": 0.05575290119071669, "0.1": 0.04279570266931766, "0.15": 0.022462093855990004, "0.2": 0.01110608243314754, "0.25": 0.004949492694452511, "0.3": 0.0024210281195316714, "0.35": 0.001528158689868365, "0.4": 0.0008013018166666455}, "2": {"0": 0.010441274224259384, "0.05": 0.05000580989579961, "0.1": 0.027647303417342704, "0.15": 0.014298209122235872, "0.2": 0.006265174806619603, "0.25": 0.0031091713321399306, "0.3": 0.0018294984818739703, "0.35": 0.0006928778346663825, "0.4": 0.000269675324051937}, "3": {"0": 0.010441274224259384, "0.05": 0.001696858510180918, "0.1": 0.0003715240964386644, "0.15": 9.201030946134242e-05, "0.2": 8.948413869058156e-05, "0.25": 0.0, "0.3": 0.0, "0.35": 0.0, "0.4": 0.0}, "4": {"0": 0.010441274224259384, "0.05": 0.01359116936419101, "0.1": 0.001282982207419459, "0.15": 0.00014490068999054422, "0.2": 2.169540452823681e-05, "0.25": 1.238282749483017e-05, "0.3": 1.4536362711322373e-05, "0.35": 1.807223472218457e-05, "0.4": 2.1570086603897714e-05}, "5": {"0": 0.010441274224259384, "0.05": 0.09799392460627313, "0.1": 0.13217270758219177, "0.15": 0.15530951218499287, "0.2": 0.16743741736463585, "0.25": 0.17055199389869602, "0.3": 0.1642025583847766, "0.35": 0.15187126943840282, "0.4": 0.13802339846473008}, "6": {"0": 0.010441274224259384, "0.05": 0.026208671945575055, "0.1": 0.026181303584946147, "0.15": 0.01937296843131431, "0.2": 0.012351930740570274, "0.25": 0.007505056613996801, "0.3": 0.004556971264903929, "0.35": 0.0026115979925311235, "0.4": 0.0015651690070419392}, "7": {"0": 0.010441274224259384, "0.05": 0.004999805468298289, "0.1": 0.0008962156363738149, "0.15": 0.00016487306851240647, "0.2": 2.3881167311458183e-05, "0.25": 0.0, "0.3": 0.0, "0.35": 0.0, "0.4": 0.0}, "8": {"0": 0.010441274224259384, "0.05": 0.003706761881769981, "0.1": 0.0003476204696314708, "0.15": 0.00012660632489017, "0.2": 5.0644662849398496e-05, "0.25": 3.6816066334245044e-05, "0.3": 3.7976168201707205e-05, "0.35": 3.933368733651936e-05, "0.4": 5.572272372673576e-05}, "9": {"0": 0.010441274224259384, "0.05": 0.0165646766609964, "0.1": 0.007729110938633696, "0.15": 0.002881680668287075, "0.2": 0.0013411025818993619, "0.25": 0.0003196317347103038, "0.3": 0.00021891070035503336, "0.35": 8.358408559010364e-05, "0.4": 8.358408559010364e-05}, "10": {"0": 0.010441274224259384, "0.05": 0.00015993438736523343, "0.1": 7.489364510858236e-06, "0.15": 0.0, "0.2": 0.0, "0.25": 0.0, "0.3": 0.0, "0.35": 0.0, "0.4": 0.0}, "11": {"0": 0.010441274224259384, "0.05": 0.0003514049953150978, "0.1": 1.555052755164719e-05, "0.15": 0.0, "0.2": 0.0, "0.25": 0.0, "0.3": 0.0, "0.35": 0.0, "0.4": 0.0}, "12": {"0": 0.010441274224259384, "0.05": 0.02912473847507595, "0.1": 0.028516399205833785, "0.15": 0.02060160025300148, "0.2": 0.014814198718543515, "0.25": 0.01060649179802418, "0.3": 0.007727088648257726, "0.35": 0.0057883507577904236, "0.4": 0.004624039537974521}, "13": {"0": 0.010441274224259384, "0.05": 0.015789003614274516, "0.1": 0.00863912812017355, "0.15": 0.004224206611791554, "0.2": 0.0023583680000789156, "0.25": 0.0011585655507582763, "0.3": 0.0007773904033883566, "0.35": 0.00025049382613429304, "0.4": 0.00014646553285893032}, "14": {"0": 0.010441274224259384, "0.05": 0.012820444785109483, "0.1": 0.0065080333527775015, "0.15": 0.0035840360475759454, "0.2": 0.002104871360204796, "0.25": 0.000899626708965338, "0.3": 0.000380501613539226, "0.35": 0.0002600142129704003, "0.4": 8.083521940707727e-05}, "15": {"0": 0.010441274224259384, "0.05": 0.021293121556914704, "0.1": 0.015389582851536547, "0.15": 0.01089226849670332, "0.2": 0.0067450707268423395, "0.25": 0.0032953274449908083, "0.3": 0.001526902143843154, "0.35": 0.0006165505062195132, "0.4": 0.00016280726236681057}}, "recall": {"0": {"0": 1.0, "0.05": 0.4122335197438082, "0.1": 0.25626146521900656, "0.15": 0.1834018303899431, "0.2": 0.1356362886311035, "0.25": 0.09932257277203897, "0.3": 0.07278377018707669, "0.35": 0.05281539864015843, "0.4": 0.03781361153464908}, "1": {"0": 1.0, "0.05": 0.1382674905579526, "0.1": 0.043237858919285214, "0.15": 0.017233556581560155, "0.2": 0.007579048453430947, "0.25": 0.0032484816306808757, "0.3": 0.001653148195939536, "0.35": 0.0009556452494797996, "0.4": 0.0004699835271240313}, "2": {"0": 1.0, "0.05": 0.10571364662086619, "0.1": 0.02372740932819998, "0.15": 0.010134948938022251, "0.2": 0.003956264536467217, "0.25": 0.0018723149780229891, "0.3": 0.0010970836627859834, "0.35": 0.00039140477352171254, "0.4": 0.00014909198636852184}, "3": {"0": 1.0, "0.05": 0.012649695315001082, "0.1": 0.0009149719256936335, "0.15": 0.00011048101569666265, "0.2": 5.047192860633182e-05, "0.25": 0.0, "0.3": 0.0, "0.35": 0.0, "0.4": 0.0}, "4": {"0": 1.0, "0.05": 0.041816840251183054, "0.1": 0.0026413511427631703, "0.15": 0.00026337874448137345, "0.2": 2.6401993403495464e-05, "0.25": 1.4536362711322373e-05, "0.3": 1.4536362711322373e-05, "0.35": 1.4536362711322373e-05, "0.4": 1.4536362711322373e-05}, "5": {"0": 1.0, "0.05": 0.5330587059872235, "0.1": 0.4207422099605895, "0.15": 0.3343544098805816, "0.2": 0.26758936968633634, "0.25": 0.21863075687998076, "0.3": 0.18078869565577696, "0.35": 0.14936078977894615, "0.4": 0.12285337286811385}, "6": {"0": 1.0, "0.05": 0.09463919907748615, "0.1": 0.03097211255583651, "0.15": 0.01416443056330732, "0.2": 0.007711855389769968, "0.25": 0.004362442261125635, "0.3": 0.002550854752904518, "0.35": 0.0014357416275721274, "0.4": 0.0008671131302213101}, "7": {"0": 1.0, "0.05": 0.011466510892753252, "0.1": 0.0008006605200034081, "0.15": 9.641035089930798e-05, "0.2": 1.238282749483017e-05, "0.25": 0.0, "0.3": 0.0, "0.35": 0.0, "0.4": 0.0}, "8": {"0": 1.0, "0.05": 0.010255387086979206, "0.1": 0.001153887678909733, "0.15": 0.00033579154125681844, "0.2": 9.128788739465428e-05, "0.25": 4.9495844599602475e-05, "0.3": 4.5038026701463616e-05, "0.35": 4.179204279505182e-05, "0.4": 4.179204279505182e-05}, "9": {"0": 1.0, "0.05": 0.04214702746731286, "0.1": 0.007933188070202272, "0.15": 0.002219399791273355, "0.2": 0.0009165448009088497, "0.25": 0.00020614761102208094, "0.3": 0.00014588278292434237, "0.35": 4.7762334622916366e-05, "0.4": 4.7762334622916366e-05}, "10": {"0": 1.0, "0.05": 0.0007025750694708753, "0.1": 7.487222437612618e-06, "0.15": 0.0, "0.2": 0.0, "0.25": 0.0, "0.3": 0.0, "0.35": 0.0, "0.4": 0.0}, "11": {"0": 1.0, "0.05": 0.003633853701229966, "0.1": 0.00016716817118020728, "0.15": 0.0, "0.2": 0.0, "0.25": 0.0, "0.3": 0.0, "0.35": 0.0, "0.4": 0.0}, "12": {"0": 1.0, "0.05": 0.08323669342164579, "0.1": 0.032409566518747435, "0.15": 0.016805212455369724, "0.2": 0.010367859015637367, "0.25": 0.006814365344640897, "0.3": 0.004690670599392702, "0.35": 0.003398819034365449, "0.4": 0.002668159103002118}, "13": {"0": 1.0, "0.05": 0.04268340753248195, "0.1": 0.009425601642891855, "0.15": 0.003213651238894459, "0.2": 0.0015325524311460854, "0.25": 0.0006779480221713271, "0.3": 0.00043869502964505373, "0.35": 0.00013667010797598523, "0.4": 7.82709317948265e-05}, "14": {"0": 1.0, "0.05": 0.032880092874073355, "0.1": 0.008318007502726316, "0.15": 0.0031837463060687436, "0.2": 0.0015608762525783637, "0.25": 0.0005870923210813614, "0.3": 0.0002190216049825569, "0.35": 0.00015219471529578322, "0.4": 4.8569179491357794e-05}, "15": {"0": 1.0, "0.05": 0.10850221164855005, "0.1": 0.03930915754988609, "0.15": 0.016424702705389798, "0.2": 0.006471121351080797, "0.25": 0.002335211466033943, "0.3": 0.0009582796205019855, "0.35": 0.0003625349926610688, "0.4": 9.878119206103159e-05}}, "precision": {"0": {"0": 0.005257420766925437, "0.05": 0.0972113092788102, "0.1": 0.22215677242065318, "0.15": 0.35787355185806824, "0.2": 0.4691993197628483, "0.25": 0.49347700155440216,