{"fscore": {"0": {"0": 0.010441274224259384, "0.05": 0.15383189598285943, "0.1": 0.19461177913437705, "0.15": 0.20517241108093426, "0.2": 0.2015891353615695, "0.25": 0.19020459493586936, "0.3": 0.1757672818643021, "0.35": 0.1570079922613515, "0.4": 0.13441709265905677}, "1": {"0": 0.010441274224259384, "0.05": 0.0011719886357822013, "0.1": 0.0005831536276769021, "0.15": 0.0003192324596908271, "0.2": 0.00020246668502206573, "0.25": 0.0001055690297450409, "0.3": 4.837567607845655e-05, "0.35": 0.0, "0.4": 0.0}, "2": {"0": 0.010441274224259384, "0.05": 0.00847487078442454, "0.1": 0.004657911914355498, "0.15": 0.002932162965437603, "0.2": 0.0016552921861810134, "0.25": 0.0008920081001311004, "0.3": 0.0004857899830562305, "0.35": 0.00019819660898186197, "0.4": 9.181390324820615e-05}, "3": {"0": 0.010441274224259384, "0.05": 0.003791989111177653, "0.1": 0.0006414957871448397, "0.15": 0.00016098070536689992, "0.2": 7.679231723964508e-05, "0.25": 7.654794475282588e-05, "0.3": 4.076027758546754e-05, "0.35": 4.710566464835369e-05, "0.4": 1.0344660236364334e-05}, "4": {"0": 0.010441274224259384, "0.05": 0.023585572641306105, "0.1": 0.018690797957529464, "0.15": 0.010355142347600611, "0.2": 0.004791742620963341, "0.25": 0.002249072153341807, "0.3": 0.0007701984320533886, "0.35": 0.00027715650381520334, "0.4": 6.0788425883711734e-05}, "5": {"0": 0.010441274224259384, "0.05": 0.029380687001965312, "0.1": 0.020874690387694808, "0.15": 0.011615350021181907, "0.2": 0.005324051320209822, "0.25": 0.0021030178323732333, "0.3": 0.0010592891137722565, "0.35": 0.0004132768676399569, "0.4": 9.552466924583273e-05}, "6": {"0": 0.010441274224259384, "0.05": 0.007002394482326895, "0.1": 0.0030480952584820624, "0.15": 0.0014898705931999084, "0.2": 0.0007349810994485034, "0.25": 0.00027041293289225665, "0.3": 0.00010755796774458693, "0.35": 6.0963559179034394e-05, "0.4": 3.940466541893112e-05}, "7": {"0": 0.010441274224259384, "0.05": 0.03517753999861553, "0.1": 0.0363635473738863, "0.15": 0.033782956382174587, "0.2": 0.02930730333831984, "0.25": 0.02566569968581158, "0.3": 0.021810992712935916, "0.35": 0.01848295695460378, "0.4": 0.014875296325289562}, "8": {"0": 0.010441274224259384, "0.05": 0.012782044014539178, "0.1": 0.005772442538921558, "0.15": 0.0030211245812342548, "0.2": 0.0007443519839488407, "0.25": 0.0004152247507312703, "0.3": 0.00016239193771791567, "0.35": 0.00020803150191314686, "0.4": 0.0}, "9": {"0": 0.010441274224259384, "0.05": 0.06869517254086055, "0.1": 0.12517526843638815, "0.15": 0.15958346707546459, "0.2": 0.17528412937873777, "0.25": 0.17315710913435056, "0.3": 0.1568728817298948, "0.35": 0.13513655409943442, "0.4": 0.10875366400976762}, "10": {"0": 0.010441274224259384, "0.05": 0.04755145707772889, "0.1": 0.04597011997540748, "0.15": 0.033617608831576336, "0.2": 0.023591286167722856, "0.25": 0.014680718055761249, "0.3": 0.009725299870114994, "0.35": 0.006008866841122334, "0.4": 0.003976148972419064}, "11": {"0": 0.010441274224259384, "0.05": 0.003677827833641047, "0.1": 0.0008118115984951323, "0.15": 0.0002118791648162788, "0.2": 0.0, "0.25": 0.0, "0.3": 0.0, "0.35": 0.0, "0.4": 0.0}}, "recall": {"0": {"0": 1.0, "0.05": 0.5126725353355669, "0.1": 0.4198342054441306, "0.15": 0.3352691636052031, "0.2": 0.26945289105248155, "0.25": 0.21788159340722102, "0.3": 0.1781300312714381, "0.35": 0.1443463351969211, "0.4": 0.11331673283010087}, "1": {"0": 1.0, "0.05": 0.007456115041579632, "0.1": 0.002477505765356994, "0.15": 0.0010572500255581166, "0.2": 0.00041744322256680974, "0.25": 0.00015742386029718618, "0.3": 4.765733127288382e-05, "0.35": 0.0, "0.4": 0.0}, "2": {"0": 1.0, "0.05": 0.023876633411352793, "0.1": 0.006061173511954311, "0.15": 0.002470501587142171, "0.2": 0.001108676156007395, "0.25": 0.0005486300056458933, "0.3": 0.0002738032777388208, "0.35": 0.00010629408866864848, "0.4": 4.749341317414711e-05}, "3": {"0": 1.0, "0.05": 0.007744315371136125, "0.1": 0.0011284613136354716, "0.15": 0.00023718823278008565, "0.2": 0.00011066972723787831, "0.25": 9.196559619673622e-05, "0.3": 5.01735534016844e-05, "0.35": 5.01735534016844e-05, "0.4": 7.703801804550652e-06}, "4": {"0": 1.0, "0.05": 0.08141056161627255, "0.1": 0.03701163002305706, "0.15": 0.014810838678887514, "0.2": 0.004937840033702374, "0.25": 0.0018749094109747231, "0.3": 0.0005671201040680952, "0.35": 0.00018890978727008554, "0.4": 5.572272372673576e-05}, "5": {"0": 1.0, "0.05": 0.10536083855926288, "0.1": 0.02854847469159591, "0.15": 0.010298679419107115, "0.2": 0.003999542406144367, "0.25": 0.001316874052847519, "0.3": 0.0006355402256340365, "0.35": 0.0002494411338590936, "0.4": 5.572272372673576e-05}, "6": {"0": 1.0, "0.05": 0.015166540213889312, "0.1": 0.003752142678602731, "0.15": 0.0014885903353365957, "0.2": 0.0006279759292850404, "0.25": 0.00017801920516781816, "0.3": 6.164959946714313e-05, "0.35": 3.3661996865389174e-05, "0.4": 2.139134829559928e-05}, "7": {"0": 1.0, "0.05": 0.09076398481774979, "0.1": 0.06822109419634141, "0.15": 0.05264504377090139, "0.2": 0.039838738103296134, "0.25": 0.03086138191515076, "0.3": 0.023403798970543063, "0.35": 0.01746196471140831, "0.4": 0.01260605328448667}, "8": {"0": 1.0, "0.05": 0.021932211784428817, "0.1": 0.006009297079557874, "0.15": 0.0025909925317362504, "0.2": 0.0005729432076677738, "0.25": 0.0003119844076925848, "0.3": 0.00013134642021302002, "0.35": 0.00013134642021302002, "0.4": 0.0}, "9": {"0": 1.0, "0.05": 0.40691732937051445, "0.1": 0.30922608144611424, "0.15": 0.24142073833414043, "0.2": 0.1935568729210598, "0.25": 0.15426551429238888, "0.3": 0.12094311689335448, "0.35": 0.09358089054474959, "0.4": 0.07044499201526443}, "10": {"0": 1.0, "0.05": 0.13256521649167505, "0.1": 0.06818811272272177, "0.15": 0.03581892426862527, "0.2": 0.02061546651119114, "0.25": 0.011330963959031853, "0.3": 0.00688886140865741, "0.35": 0.0040332622053203095, "0.4": 0.002571493562241522}, "11": {"0": 1.0, "0.05": 0.004088302250155152, "0.1": 0.00070331316961771, "0.15": 0.00015378628961312495, "0.2": 0.0, "0.25": 0.0, "0.3": 0.0, "0.35": 0.0, "0.4": 0.0}}, "precision": {"0": {"0": 0.005257420766925437, "0.05": 0.0928932621191976, "0.1": 0.13242485841661483, "0.15": 0.1576206158130289, "0.2": 0.1755302144839836, "0.25": 0.1892436219280611, "0.3": 0.20101279206220235, "0.35": 0.20733583416561113, "0.4": 0.20513569620444283}, "1": {"0": 0.005257420766925437, "0.05": 0.000651638415849124, "0.1": 0.0003478686723393273, "0.15": 0.0002045325894756218, "0.2": 0.00014414586483901706, "0.25": 8.44411458947004e-05, "0.3": 5.147446137081711e-05, "0.35": 0.0, "0.4": 0.0}, "2": {"0": 0.005257420766925437, "0.05": 0.005353102347401369, "0.1": 0.004227194818076656, "0.15": 0.004840727016526348, "0.2": 0.004492537943814674, "0.25": 0.00311785018637775, "0.3": 0.0029886249340665212, "0.35": 0.0023128910541147254, "0.4": 0.0015713808090939486}, "3": {"0": 0.005257420766925437, "0.05": 0.0025980827516011626, "0.1": 0.00047686518260990466, "0.15": 0.0001274552010508881, "0.2": 6.20696039167677e-05, "0.25": 7.034558832236694e-05, "0.3": 3.732735614822553e-05, "0.35": 4.833638233838835e-05, "0.4": 1.5895824009821174e-05}, "4": {"0": 0.005257420766925437, "0.05": 0.015600726965760228, "0.1": 0.015349601275684233, "0.15": 0.010490631650142001, "0.2": 0.006509218111824541, "0.25": 0.004873757130372177, "0.3": 0.0023094536133653485, "0.35": 0.0013851077040645749, "0.4": 6.686726847208293e-05}, "5": {"0": 0.005257420766925437, "0.05": 0.018562252504952345, "0.1": 0.022851867266521532, "0.15": 0.023710476131994028, "0.2": 0.016944122410521612, "0.25": 0.00928101765614303, "0.3": 0.004708570154909172, "0.35": 0.0017831271592555443, "0.4": 0.00033433634236041456}, "6": {"0": 0.005257420766925437, "0.05": 0.004975602970860774, "0.1": 0.0030032682506671952, "0.15": 0.0019299889577339888, "0.2": 0.001312204733574451, "0.25": 0.0007503870939766863, "0.3": 0.0004354574063701446, "0.35": 0.0003433701778736884, "0.4": 0.00025075225677031093}, "7": {"0": 0.005257420766925437,