{"fscore": {"0": {"0": 0.01047891797777074, "0.05": 0.020911539261309817, "0.1": 0.018559800815924347, "0.15": 0.010694990128594423, "0.2": 0.006372912362002572, "0.25": 0.0030774839481310275, "0.3": 0.0014150941181161117, "0.35": 0.0006950133176475652, "0.4": 0.0002173958702708686}, "1": {"0": 0.010478917992095155, "0.05": 0.0008295309497310078, "0.1": 0.0002540344251787483, "0.15": 0.00012781685374586144, "0.2": 1.8066216790495528e-05, "0.25": 2.0869476558479937e-05, "0.3": 2.3203618495227494e-05, "0.35": 2.5691987008580158e-05, "0.4": 1.3850127767428656e-05}, "2": {"0": 0.01047891797777074, "0.05": 0.0005612789921856144, "0.1": 0.00013894737787124557, "0.15": 4.878688016996934e-05, "0.2": 2.161689369405189e-05, "0.25": 1.8232882162301908e-05, "0.3": 1.2567708529703778e-05, "0.35": 0.0, "0.4": 0.0}, "3": {"0": 0.010478918053682366, "0.05": 0.05356071386528828, "0.1": 0.07163003496226113, "0.15": 0.07810610078921801, "0.2": 0.08061845382965818, "0.25": 0.07889883566088145, "0.3": 0.07505632729868425, "0.35": 0.06873956759715526, "0.4": 0.0613666079026557}, "4": {"0": 0.010478991551394813, "0.05": 0.002505313743784384, "0.1": 0.0009036472063712153, "0.15": 0.0003650305465666946, "0.2": 0.0001594133382242266, "0.25": 0.00010115654279467966, "0.3": 8.966474022040595e-05, "0.35": 9.185141685399872e-05, "0.4": 3.2316964790666866e-05}, "5": {"0": 0.01047891797777074, "0.05": 0.0044500229094189036, "0.1": 0.0017155554308098731, "0.15": 0.0011476878738448167, "0.2": 0.0006428295381689401, "0.25": 0.00042635656447138985, "0.3": 0.00032402936203411263, "0.35": 0.0003551758726512714, "0.4": 0.00025710631411344}, "6": {"0": 0.010474034764818953, "0.05": 0.0038899979859655896, "0.1": 0.002568550263240982, "0.15": 0.0020935478834095147, "0.2": 0.0019094724913046248, "0.25": 0.0017271618239465916, "0.3": 0.0014512370512366572, "0.35": 0.0012929379137335971, "0.4": 0.0010993529370567857}, "7": {"0": 0.010478861359103519, "0.05": 0.09186783926785906, "0.1": 0.153496053456069, "0.15": 0.19935033598142574, "0.2": 0.2295670831740249, "0.25": 0.246469659159264, "0.3": 0.25432020152045315, "0.35": 0.2608012099829011, "0.4": 0.26105252364415144}, "8": {"0": 0.010479865042092106, "0.05": 0.00143069620488011, "0.1": 0.0006804154404393806, "0.15": 0.00035111842706175855, "0.2": 0.0002191181747492188, "0.25": 0.00013508687596586866, "0.3": 6.989299595312656e-05, "0.35": 4.580956885342323e-05, "0.4": 3.302313966507157e-05}, "9": {"0": 0.010478918248991184, "0.05": 0.07179373567173618, "0.1": 0.1276015434564504, "0.15": 0.15440731395699855, "0.2": 0.15828952213890057, "0.25": 0.1498362531263602, "0.3": 0.13287236776353853, "0.35": 0.11391273614475192, "0.4": 0.09569730231470797}, "10": {"0": 0.01047891797777074, "0.05": 0.03182229764618081, "0.1": 0.017783257026093856, "0.15": 0.008620483841689747, "0.2": 0.004769425656400415, "0.25": 0.002857625873140474, "0.3": 0.0013764435353798821, "0.35": 0.0006467862262336571, "0.4": 0.00024656999636014866}, "11": {"0": 0.01047891797777074, "0.05": 0.002018132846501109, "0.1": 0.00030285959328552265, "0.15": 0.00022223405026016238, "0.2": 6.028356893643625e-05, "0.25": 1.0129197919462748e-05, "0.3": 1.3051081934692386e-05, "0.35": 1.8342061097405518e-05, "0.4": 1.9390178874400117e-05}, "12": {"0": 0.010479552382148104, "0.05": 0.0035728679739297324, "0.1": 0.002271377059708152, "0.15": 0.0013663534328263206, "0.2": 0.0008905241629040046, "0.25": 0.0003959755428026071, "0.3": 0.00014662215210762154, "0.35": 8.775120958981501e-05, "0.4": 1.6240366596661133e-05}, "13": {"0": 0.010478943871083361, "0.05": 0.011558579210710804, "0.1": 0.008466223570071412, "0.15": 0.005992695490233626, "0.2": 0.0041495238643003305, "0.25": 0.00266647040535851, "0.3": 0.0016016208473193317, "0.35": 0.0008181678126900319, "0.4": 0.0003811541418538753}, "14": {"0": 0.01047891797777074, "0.05": 0.03022704102697811, "0.1": 0.04131839812754596, "0.15": 0.04005313298203326, "0.2": 0.03204442896369194, "0.25": 0.022277987030092414, "0.3": 0.012528110367690679, "0.35": 0.006282234935727543, "0.4": 0.002802922944980041}, "15": {"0": 0.01053340832030279, "0.05": 0.028955103455799793, "0.1": 0.023656801169345782, "0.15": 0.018790679937357155, "0.2": 0.014816320506675064, "0.25": 0.011412316863022902, "0.3": 0.008776326400440527, "0.35": 0.006692365949824386, "0.4": 0.005033264480479959}}, "recall": {"0": {"0": 1.0, "0.05": 0.09778413616811148, "0.1": 0.030652964701095204, "0.15": 0.010800424664017746, "0.2": 0.004965988281036529, "0.25": 0.0021372561263448536, "0.3": 0.000914987892219252, "0.35": 0.0004127928952004917, "0.4": 0.00013663967556357194}, "1": {"0": 1.0, "0.05": 0.004870291545997385, "0.1": 0.0006267300363586689, "0.15": 0.00022207079765613864, "0.2": 1.5552539305508427e-05, "0.25": 1.5552539305508427e-05, "0.3": 1.5552539305508427e-05, "0.35": 1.5552539305508427e-05, "0.4": 8.483203257550051e-06}, "2": {"0": 1.0, "0.05": 0.0036059078293260156, "0.1": 0.0005986595894801099, "0.15": 0.00011086249422664779, "0.2": 1.31844681468572e-05, "0.25": 9.824783688421537e-06, "0.3": 6.653492751019647e-06, "0.35": 0.0, "0.4": 0.0}, "3": {"0": 1.0, "0.05": 0.35227873649589364, "0.1": 0.23315144582200334, "0.15": 0.16841341307268004, "0.2": 0.13074791541900313, "0.25": 0.10482332093819663, "0.3": 0.08499053108300664, "0.35": 0.06860826410969663, "0.4": 0.055778386394099114}, "4": {"0": 1.0, "0.05": 0.017616469661863827, "0.1": 0.0033440849174875406, "0.15": 0.0009379297433474592, "0.2": 0.00033284633969145924, "0.25": 0.00019150677310326083, "0.3": 0.0001504904244978897, "0.35": 0.00013162430451198691, "0.4": 4.241601628775026e-05}, "5": {"0": 1.0, "0.05": 0.019568938310308343, "0.1": 0.0035798891675011034, "0.15": 0.001692246507009865, "0.2": 0.0007564159587626807, "0.25": 0.00037310557330917014, "0.3": 0.00023066233619338473, "0.35": 0.00022096724675618466, "0.4": 0.00015310162069578424}, "6": {"0": 0.997368672919315, "0.05": 0.028055841669353737, "0.1": 0.011038366428404063, "0.15": 0.0061129137764036005, "0.2": 0.004070287683748517, "0.25": 0.0027379030771669047, "0.3": 0.0018579475642006777, "0.35": 0.0014020659793062293, "0.4": 0.001024224207037448}, "7": {"0": 0.999986877353691, "0.05": 0.5762103664118963, "0.1": 0.5244905480948799, "0.15": 0.47502342280632376, "0.2": 0.4273813028929949, "0.25": 0.38342890590193585, "0.3": 0.34339101855819737, "0.35": 0.31581653826285405, "0.4": 0.288419912780798}, "8": {"0": 0.9999461039742867, "0.05": 0.006532172413468429, "0.1": 0.0020857784940839954, "0.15": 0.0008676717944006282, "0.2": 0.0004610106983665731, "0.25": 0.0002461436066514336, "0.3": 0.00011702354250704471, "0.35": 6.498407119983616e-05, "0.4": 4.180773811711772e-05}, "9": {"0": 1.0, "0.05": 0.3563066980160854, "0.1": 0.26294619718180373, "0.15": 0.2028621615855745, "0.2": 0.15849766105176197, "0.25": 0.12697837514809615, "0.3": 0.1007568677621827, "0.35": 0.07963204390677751, "0.4": 0.06357960360383826}, "10": {"0": 1.0, "0.05": 0.137665351967173, "0.1": 0.029221858245973755, "0.15": 0.009146648396370135, "0.2": 0.004312303953362447, "0.25": 0.0020115310202346135, "0.3": 0.0008609754301377998, "0.35": 0.00040117825003750874, "0.4": 0.00014506630407147382}, "11": {"0": 1.0, "0.05": 0.020058181021335234, "0.1": 0.0013077556346475351, "0.15": 0.00033038842166768876, "0.2": 4.7985796204323517e-05, "0.25": 1.0282670615212183e-05, "0.3": 1.0282670615212183e-05, "0.35": 1.0282670615212183e-05, "0.4": 1.0282670615212183e-05}, "12": {"0": 0.9998766880075524, "0.05": 0.029270366527417407, "0.1": 0.011070490277936839, "0.15": 0.0046388990622929045, "0.2": 0.001957800970666463, "0.25": 0.0007571542995040481, "0.3": 0.00019892802392565428, "0.35": 9.792596030748599e-05, "0.4": 1.0932184816934109e-05}, "13": {"0": 0.9997617765287494, "0.05": 0.049231250155063085, "0.1": 0.02598434289009706, "0.15": 0.01552441959808889, "0.2": 0.009500238199899287, "0.25": 0.0056850948695832265, "0.3": 0.003192530882791352, "0.35": 0.0015840542605664622, "0.4": 0.000647638445455854},