{"fscore": {"0": {"0": 0.010441274224259384, "0.05": 0.009455568381571166, "0.1": 0.006502531895831972, "0.15": 0.005020735436666425, "0.2": 0.004105069608314221, "0.25": 0.0034152943133914444, "0.3": 0.002691035751915591, "0.35": 0.0022916229842745816, "0.4": 0.001827597730647547}, "1": {"0": 0.010441274224259384, "0.05": 0.006056163061264885, "0.1": 0.003204662038276907, "0.15": 0.0020807165716233934, "0.2": 0.0015945944494555196, "0.25": 0.0010669389800546487, "0.3": 0.0008569548768729127, "0.35": 0.0004519559612353537, "0.4": 0.00013193857430910088}, "2": {"0": 0.010441274224259384, "0.05": 0.008213412745845645, "0.1": 0.004392581702830358, "0.15": 0.0022278576563776044, "0.2": 0.0011250123813382113, "0.25": 0.0005449015285929195, "0.3": 0.0003000166841813981, "0.35": 7.237304694894857e-05, "0.4": 7.960389103819394e-06}, "3": {"0": 0.010441274224259384, "0.05": 0.010918352344269987, "0.1": 0.0067293137002732714, "0.15": 0.004794245664382732, "0.2": 0.003345739953403878, "0.25": 0.0019637211479453663, "0.3": 0.0010669872898560566, "0.35": 0.00047658765007225004, "0.4": 0.00016403203116408183}, "4": {"0": 0.010441274224259384, "0.05": 0.026724453455442436, "0.1": 0.020150598670301337, "0.15": 0.015724757752958243, "0.2": 0.012052627557495843, "0.25": 0.009797655600235907, "0.3": 0.007523900098616359, "0.35": 0.005981320248208214, "0.4": 0.004776843401121879}, "5": {"0": 0.010441274224259384, "0.05": 0.002198256182641139, "0.1": 0.0007027722443743395, "0.15": 0.0003727238115502242, "0.2": 0.0002257639116546351, "0.25": 0.00016363716181328397, "0.3": 0.00012458440689378102, "0.35": 9.501231988913897e-05, "0.4": 2.6087417475063558e-05}, "6": {"0": 0.010441274224259384, "0.05": 0.007811376253046807, "0.1": 0.007835119927329392, "0.15": 0.006856174609776338, "0.2": 0.00512250916400713, "0.25": 0.0015249504012711033, "0.3": 6.083179303220535e-05, "0.35": 3.688746678488075e-05, "0.4": 3.2344317832360915e-05}, "7": {"0": 0.010441274224259384, "0.05": 0.0022141512940476297, "0.1": 0.0008829993855380857, "0.15": 0.00033334608643854154, "0.2": 0.00020245198732778903, "0.25": 6.497237653161065e-05, "0.3": 2.8686086860610433e-05, "0.35": 1.8072234722184573e-05, "0.4": 1.8574241242245254e-05}, "8": {"0": 0.010441274224259384, "0.05": 0.007857720266418783, "0.1": 0.007840472376802068, "0.15": 0.007103128479827433, "0.2": 0.005408467757986779, "0.25": 0.001507793905503021, "0.3": 8.566170050433758e-05, "0.35": 8.233728838973739e-05, "0.4": 6.975931586954849e-05}, "9": {"0": 0.010441274224259384, "0.05": 0.10776271543715638, "0.1": 0.15713855413853778, "0.15": 0.1713972340997193, "0.2": 0.1668390390737748, "0.25": 0.15324939077831898, "0.3": 0.1384603441408926, "0.35": 0.12249398616445448, "0.4": 0.10589183752523482}, "10": {"0": 0.010441274224259384, "0.05": 0.028480489214765675, "0.1": 0.01795966265658173, "0.15": 0.010613616335119577, "0.2": 0.006282229500752457, "0.25": 0.003512241480960091, "0.3": 0.001302243043479496, "0.35": 0.0005665717415288758, "0.4": 0.00022756100460433453}, "11": {"0": 0.010441274224259384, "0.05": 0.02244035614385192, "0.1": 0.015763373733092542, "0.15": 0.010879215882303658, "0.2": 0.007238400491431493, "0.25": 0.0053486421189640945, "0.3": 0.003924735639942674, "0.35": 0.0030453433637143293, "0.4": 0.0021327182366377823}}, "recall": {"0": {"0": 1.0, "0.05": 0.03372707839706395, "0.1": 0.013861762357392294, "0.15": 0.007909215695088062, "0.2": 0.005230059637347758, "0.25": 0.0037878443621127337, "0.3": 0.002589840666931465, "0.35": 0.0019972648802694436, "0.4": 0.0014534452740421304}, "1": {"0": 1.0, "0.05": 0.011507212165684231, "0.1": 0.004005707968599124, "0.15": 0.0020662160336496734, "0.2": 0.0013860647842108414, "0.25": 0.000880360201206139, "0.3": 0.0006736418752354122, "0.35": 0.00034748632722026796, "0.4": 9.266512241676342e-05}, "2": {"0": 1.0, "0.05": 0.029409870041928455, "0.1": 0.006537278023234328, "0.15": 0.0021174054706373287, "0.2": 0.0008382605761065781, "0.25": 0.0003469171838088891, "0.3": 0.00017579245196942657, "0.35": 3.848280848885604e-05, "0.4": 4.077272467809934e-06}, "3": {"0": 1.0, "0.05": 0.031243453788301248, "0.1": 0.007372584239602551, "0.15": 0.0036261138898003933, "0.2": 0.0020767998080013783, "0.25": 0.0011425513006774774, "0.3": 0.0006021164212808274, "0.35": 0.0002568954630101169, "0.4": 8.623967463435845e-05}, "4": {"0": 1.0, "0.05": 0.08580354620840927, "0.1": 0.03483174067799974, "0.15": 0.01959782034772774, "0.2": 0.012234028523821362, "0.25": 0.00877334699625696, "0.3": 0.006022151479519428, "0.35": 0.004403843503536041, "0.4": 0.0032835094689801906}, "5": {"0": 1.0, "0.05": 0.009636046676992048, "0.1": 0.001681243133326857, "0.15": 0.0006074242132672362, "0.2": 0.00025499429420334575, "0.25": 0.00016169026605225022, "0.3": 0.00011450630358985858, "0.35": 7.722442690390009e-05, "0.4": 1.9179923021883684e-05}, "6": {"0": 1.0, "0.05": 0.018105474333816127, "0.1": 0.016045788755106493, "0.15": 0.012909284243724707, "0.2": 0.008925099005954333, "0.25": 0.002455464628084981, "0.3": 8.259687746433033e-05, "0.35": 4.669233302138294e-05, "0.4": 3.972699255554097e-05}, "7": {"0": 1.0, "0.05": 0.0031273160046494555, "0.1": 0.0010734873279464171, "0.15": 0.00034355436329958647, "0.2": 0.00019206396182323105, "0.25": 5.562570176069042e-05, "0.3": 2.616937632510667e-05, "0.35": 1.7596649597916557e-05, "0.4": 1.7596649597916557e-05}, "8": {"0": 1.0, "0.05": 0.016874086166201792, "0.1": 0.015916184590754744, "0.15": 0.013793143349242316, "0.2": 0.009862639436628892, "0.25": 0.002618996892044535, "0.3": 0.00014446976440263444, "0.35": 0.00013185568558835687, "0.4": 0.0001130281592382628}, "9": {"0": 1.0, "0.05": 0.3853306806857415, "0.1": 0.28919582362276475, "0.15": 0.22342796862190856, "0.2": 0.17503649032660978, "0.25": 0.13820625815266768, "0.3": 0.11133750988630196, "0.35": 0.0901902649010159, "0.4": 0.0730940469222797}, "10": {"0": 1.0, "0.05": 0.0791864008942808, "0.1": 0.026783479710830674, "0.15": 0.010916931815748977, "0.2": 0.0050451161954410415, "0.25": 0.0024701919503591517, "0.3": 0.0008134500891775757, "0.35": 0.00033161592297084087, "0.4": 0.00012995750102016014}, "11": {"0": 1.0, "0.05": 0.06950535771656201, "0.1": 0.03263214119563472, "0.15": 0.017825007751704727, "0.2": 0.010055485594025904, "0.25": 0.006443161713543059, "0.3": 0.004178421131788594, "0.35": 0.0029999021634101513, "0.4": 0.0019788032621347713}}, "precision": {"0": {"0": 0.005257420766925437, "0.05": 0.005599668746475497, "0.1": 0.004391531341400789, "0.15": 0.0038501479113792337, "0.2": 0.0035973997094790543, "0.25": 0.003399757539767155, "0.3": 0.003122384676190333, "0.35": 0.0031280454111749095, "0.4": 0.002910891879425645}, "1": {"0": 0.005257420766925437, "0.05": 0.004316773288232771, "0.1": 0.0029353415217200536, "0.15": 0.0024485030976235315, "0.2": 0.0021917514845461892, "0.25": 0.0015949626633189721, "0.3": 0.0013874420184992772, "0.35": 0.0009388381927050567, "0.4": 0.00029268068385420446}, "2": {"0": 0.005257420766925437, "0.05": 0.004881323341174527, "0.1": 0.0035450852237111684, "0.15": 0.0026693846663319765, "0.2": 0.0019769292924210536, "0.25": 0.0014680151256547113, "0.3": 0.0011925989609038756, "0.35": 0.0008232369064866558, "0.4": 0.00016716817118020728}, "3": {"0": 0.005257420766925437, "0.05": 0.006951218610225566, "0.1": 0.007310885773444189, "0.15": 0.009934204844428139, "0.2": 0.01200252067854876, "0.25": 0.010569141286292737, "0.3": 0.006865039563133844, "0.35": 0.004318511088822022, "0.4": 0.0021731862253426947}, "4": {"0": 0.005257420766925437, "0.05": 0.016362731641050513, "0.1": 0.015133812092076268, "0.15": 0.014427328055533959, "0.2": 0.013504219764841091, "0.25": 0.01320492829950053, "0.3": 0.012484503792766794, "0.35": 0.012254318511860556, "0.4": 0.011637863222119562}, "5": {"0": 0.005257420766925437, "0.05": 0.001260313887677483, "0.1": 0.0004571988102959604, "0.15": 0.000281505452291018, "0.2": 0.00020933004232278143, "0.25": 0.00017431157896294371, "0.3": 0.00013998656256952884,