{"fscore": {"0": {"0": 0.010441274224259384, "0.05": 0.0004089243039749512, "0.1": 5.0029839397943715e-05, "0.15": 1.1731099731944372e-05, "0.2": 0.0, "0.25": 0.0, "0.3": 0.0, "0.35": 0.0, "0.4": 0.0}, "1": {"0": 0.010441274224259384, "0.05": 0.008461880254699818, "0.1": 0.0038263458177357572, "0.15": 0.0013822931511634758, "0.2": 0.0007030723932196399, "0.25": 0.0002904632468455329, "0.3": 0.00021745063516612586, "0.35": 0.00013827383686507337, "0.4": 7.929772222650859e-05}, "2": {"0": 0.010441274224259384, "0.05": 0.0001767858768009139, "0.1": 6.853065381312598e-05, "0.15": 1.776151888796437e-05, "0.2": 8.680336972245288e-06, "0.25": 3.5757897578653963e-06, "0.3": 0.0, "0.35": 0.0, "0.4": 0.0}, "3": {"0": 0.010441274224259384, "0.05": 0.00234798766462336, "0.1": 0.0006868167973553568, "0.15": 0.0002765075745201522, "0.2": 0.0001294664358236444, "0.25": 8.60121327333345e-05, "0.3": 2.0407271428628183e-05, "0.35": 0.0, "0.4": 0.0}, "4": {"0": 0.010441274224259384, "0.05": 0.0009644710462515704, "0.1": 0.0002999340508131985, "0.15": 0.00017022949791013994, "0.2": 0.00012436441471623416, "0.25": 8.040146718312539e-05, "0.3": 7.872351622527121e-05, "0.35": 2.8056196561713114e-05, "0.4": 1.3373453694416583e-05}, "5": {"0": 0.010441274224259384, "0.05": 0.02305011219681145, "0.1": 0.017994156025490073, "0.15": 0.012415461723074889, "0.2": 0.006294730960671469, "0.25": 0.004521454120581905, "0.3": 0.0026707981272159507, "0.35": 0.0013713570923478671, "0.4": 0.0008994677457538122}, "6": {"0": 0.010441274224259384, "0.05": 0.005543646768521638, "0.1": 0.007414855866216376, "0.15": 0.008555668548197509, "0.2": 0.008972839190750771, "0.25": 0.009042968665778793, "0.3": 0.008831079247731024, "0.35": 0.008778353027116131, "0.4": 0.007919002327584631}, "7": {"0": 0.010441274224259384, "0.05": 0.00847916039620315, "0.1": 0.007012915633230133, "0.15": 0.004481839033634108, "0.2": 0.0027063435563737135, "0.25": 0.0016933473346487848, "0.3": 0.0009230725064570262, "0.35": 0.00044041360122536573, "0.4": 0.00016982906168552808}, "8": {"0": 0.010441274224259384, "0.05": 0.018367119830772792, "0.1": 0.012279745869539465, "0.15": 0.007796516658565999, "0.2": 0.0051126608523424325, "0.25": 0.003499588855425996, "0.3": 0.0024411956267239, "0.35": 0.0017920097580564225, "0.4": 0.0011024498385676187}, "9": {"0": 0.010441274224259384, "0.05": 0.0032150549339423225, "0.1": 0.000647246799877765, "0.15": 0.00019218571287822522, "0.2": 0.00017997023648123284, "0.25": 9.189361456689758e-05, "0.3": 0.0, "0.35": 0.0, "0.4": 0.0}, "10": {"0": 0.010441274224259384, "0.05": 0.10768906048233161, "0.1": 0.13499386773990316, "0.15": 0.13810101855653947, "0.2": 0.1308950675716953, "0.25": 0.1202083387391994, "0.3": 0.10389029193016722, "0.35": 0.08730815355461417, "0.4": 0.07313884903336729}, "11": {"0": 0.010441274224259384, "0.05": 0.0669422702410351, "0.1": 0.06732162426448164, "0.15": 0.06313179340852117, "0.2": 0.058589967807483094, "0.25": 0.05429066747237244, "0.3": 0.04937313287856107, "0.35": 0.04463667583646079, "0.4": 0.040350184731111925}, "12": {"0": 0.010441274224259384, "0.05": 0.010758811558109784, "0.1": 0.005773252943187717, "0.15": 0.0032316930364470757, "0.2": 0.0020219661018519176, "0.25": 0.0012661598120388444, "0.3": 0.0006601878393845115, "0.35": 0.00044972132761328994, "0.4": 0.00024671671790819113}, "13": {"0": 0.010441274224259384, "0.05": 0.02694898616255513, "0.1": 0.020665972401410597, "0.15": 0.014244887853080914, "0.2": 0.009181403855276824, "0.25": 0.00616939328142985, "0.3": 0.0041625351071032275, "0.35": 0.003051741619599406, "0.4": 0.002301649711371216}, "14": {"0": 0.010441274224259384, "0.05": 0.05237033399977706, "0.1": 0.04854492027334176, "0.15": 0.0387225020290038, "0.2": 0.028118606853186887, "0.25": 0.020065502215240318, "0.3": 0.014740578225065599, "0.35": 0.009969730920372762, "0.4": 0.006674010606128953}, "15": {"0": 0.010441274224259384, "0.05": 0.025835771608952115, "0.1": 0.012542669103377571, "0.15": 0.0055982386411831935, "0.2": 0.0019096375454886144, "0.25": 0.0007413925731007282, "0.3": 0.000310955766327588, "0.35": 9.951420033247023e-05, "0.4": 1.7145453454380232e-05}}, "recall": {"0": {"0": 1.0, "0.05": 0.0010861621651626191, "0.1": 2.929544419031256e-05, "0.15": 6.429545045392589e-06, "0.2": 0.0, "0.25": 0.0, "0.3": 0.0, "0.35": 0.0, "0.4": 0.0}, "1": {"0": 1.0, "0.05": 0.03124784485388975, "0.1": 0.004501573816115754, "0.15": 0.001084711818328656, "0.2": 0.00044206308396937456, "0.25": 0.00018626942602148158, "0.3": 0.00014295459624199467, "0.35": 8.457432722982996e-05, "0.4": 5.168484519581288e-05}, "2": {"0": 1.0, "0.05": 0.0009463584802678296, "0.1": 0.00023212516095493378, "0.15": 3.455930260440176e-05, "0.2": 1.1701771982614512e-05, "0.25": 3.343363423604146e-06, "0.3": 0.0, "0.35": 0.0, "0.4": 0.0}, "3": {"0": 1.0, "0.05": 0.008998169702684272, "0.1": 0.001248515354806121, "0.15": 0.00029056188866677753, "0.2": 0.00012374901499464096, "0.25": 7.840193374819495e-05, "0.3": 1.1990430494519614e-05, "0.35": 0.0, "0.4": 0.0}, "4": {"0": 1.0, "0.05": 0.003267291489298962, "0.1": 0.0004810022570416656, "0.15": 0.00019538388149839637, "0.2": 0.00012219964071326055, "0.25": 7.167940469373487e-05, "0.3": 6.376119320214764e-05, "0.35": 1.6396878034422245e-05, "0.4": 7.598553235463968e-06}, "5": {"0": 1.0, "0.05": 0.1174901314505419, "0.1": 0.04053813054084823, "0.15": 0.01760422724469003, "0.2": 0.006635839083018179, "0.25": 0.003763305959859945, "0.3": 0.001988701016417929, "0.35": 0.0009037476753499884, "0.4": 0.0005786457086409575}, "6": {"0": 1.0, "0.05": 0.02850896772082165, "0.1": 0.0226535510069365, "0.15": 0.019463004640934103, "0.2": 0.016531359585963284, "0.25": 0.014139938373766831, "0.3": 0.011889396907067352, "0.35": 0.010349555022688669, "0.4": 0.00828141722953823}, "7": {"0": 1.0, "0.05": 0.0251687991543278, "0.1": 0.0110684700489309, "0.15": 0.005020932480553437, "0.2": 0.0024803272243707447, "0.25": 0.0013395227206691883, "0.3": 0.0006421847825928003, "0.35": 0.000286335855144566, "0.4": 0.00010759712309284551}, "8": {"0": 1.0, "0.05": 0.0763549273714102, "0.1": 0.027393290282614093, "0.15": 0.012058698419864743, "0.2": 0.006504435811184791, "0.25": 0.003906022091812823, "0.3": 0.002497111524431669, "0.35": 0.0016250754347958735, "0.4": 0.0009805339378359643}, "9": {"0": 1.0, "0.05": 0.015622023671878515, "0.1": 0.0013399449120540285, "0.15": 0.00028156237962126217, "0.2": 0.0001881448721970287, "0.25": 5.679845198400865e-05, "0.3": 0.0, "0.35": 0.0, "0.4": 0.0}, "10": {"0": 1.0, "0.05": 0.5465313462945964, "0.1": 0.4123794262112514, "0.15": 0.2962952147462028, "0.2": 0.21261276842096805, "0.25": 0.15536579419320967, "0.3": 0.11137036005630943, "0.35": 0.08046613296887496, "0.4": 0.05951018961107395}, "11": {"0": 1.0, "0.05": 0.3804582734224292, "0.1": 0.26940785750818314, "0.15": 0.2026301243356403, "0.2": 0.15915936358051863, "0.25": 0.1270421251529002, "0.3": 0.10039907213524026, "0.35": 0.08028921098739161, "0.4": 0.06417173342510023}, "12": {"0": 1.0, "0.05": 0.05009173701683255, "0.1": 0.01314956081503953, "0.15": 0.005219229541940454, "0.2": 0.0026190898264960975, "0.25": 0.0014297291486910714, "0.3": 0.0006774128000355853, "0.35": 0.00042284126450569775, "0.4": 0.00022230956971003288}, "13": {"0": 1.0, "0.05": 0.07946847081813442, "0.1": 0.040141539305318136, "0.15": 0.021636800323277056, "0.2": 0.011631043154623454, "0.25": 0.006924671649414815, "0.3": 0.004316306455731774, "0.35": 0.0029448165120333557, "0.4": 0.0020802029250985565}, "14": {"0": 1.0, "0.05": 0.2589281978132603, "0.1": 0.11796004072076961, "0.15": 0.06407311740614362, "0.2": 0.03607888145360903, "0.25": 0.021595147856724353, "0.3": 0.014087096287617416, "0.35": 0.00869019865098878, "0.4": 0.005139935770305497}, "15": {"0": 1.0, "0.05": 0.10001724997588486, "0.1": 0.024030670025131137, "0.15": 0.006752419875824878, "0.2": 0.001704492304658963, "0.25": 0.0005235308529758986, "0.3": 0.00018977129673089244, "0.35": 5.472226656678628e-05,