{"fscore": {"0": {"0": 0.010441274224259384, "0.05": 0.040103788558429894, "0.1": 0.027247557605933427, "0.15": 0.013734960842815377, "0.2": 0.007617713826664072, "0.25": 0.004491086438396316, "0.3": 0.0021688422714719337, "0.35": 0.0008431789953633065, "0.4": 0.00035594669398040303}, "1": {"0": 0.010441274224259384, "0.05": 0.012072082112461115, "0.1": 0.008917531650983525, "0.15": 0.004893675670098552, "0.2": 0.0028939129932787962, "0.25": 0.0011055451650130957, "0.3": 0.00032478766720708233, "0.35": 0.00011815599675068493, "0.4": 6.774836359480704e-05}, "2": {"0": 0.010441274224259384, "0.05": 0.00208175237774044, "0.1": 0.00013957215562030004, "0.15": 0.0, "0.2": 0.0, "0.25": 0.0, "0.3": 0.0, "0.35": 0.0, "0.4": 0.0}, "3": {"0": 0.010441274224259384, "0.05": 0.009423965371485462, "0.1": 0.005406123015615827, "0.15": 0.0032880582461175265, "0.2": 0.0021514611786457418, "0.25": 0.00125382318809215, "0.3": 0.0007865647901551778, "0.35": 0.00043617980850731733, "0.4": 0.00023084008166189698}, "4": {"0": 0.010441274224259384, "0.05": 0.018031808757192923, "0.1": 0.003994811741107955, "0.15": 0.0008951939939734574, "0.2": 0.00028533578847446037, "0.25": 7.162895228011724e-05, "0.3": 3.641175627723506e-05, "0.35": 3.9885739088610864e-05, "0.4": 0.0}, "5": {"0": 0.010441274224259384, "0.05": 0.0464101713032999, "0.1": 0.05334894544741203, "0.15": 0.046673130603297946, "0.2": 0.03632751017522118, "0.25": 0.02427049629623825, "0.3": 0.017177213901389012, "0.35": 0.011681997697337588, "0.4": 0.007939374673628654}, "6": {"0": 0.010441274224259384, "0.05": 0.021805056773282313, "0.1": 0.028621886497705144, "0.15": 0.03135605278198174, "0.2": 0.031085240428367977, "0.25": 0.02929083847890804, "0.3": 0.025247709681688216, "0.35": 0.02181980440858234, "0.4": 0.01847996307819501}, "7": {"0": 0.010441274224259384, "0.05": 0.004573819854487709, "0.1": 0.00047193081368875447, "0.15": 3.864640516531674e-05, "0.2": 0.0, "0.25": 0.0, "0.3": 0.0, "0.35": 0.0, "0.4": 0.0}, "8": {"0": 0.010441274224259384, "0.05": 0.005078939351495594, "0.1": 0.0016804078789547285, "0.15": 0.0002013382520821462, "0.2": 3.405393432826533e-05, "0.25": 3.8710317452302564e-05, "0.3": 3.4764622645913576e-05, "0.35": 4.810594854106685e-06, "0.4": 0.0}, "9": {"0": 0.010441274224259384, "0.05": 0.004840343496677224, "0.1": 0.0007780056200854658, "0.15": 0.00020126517117490035, "0.2": 0.00010536660486510036, "0.25": 0.0, "0.3": 0.0, "0.35": 0.0, "0.4": 0.0}, "10": {"0": 0.010441274224259384, "0.05": 0.02454110768234943, "0.1": 0.02141740587049799, "0.15": 0.013102145950400696, "0.2": 0.0076309331295820295, "0.25": 0.004351192443679449, "0.3": 0.0026659546843682542, "0.35": 0.0016158721189581439, "0.4": 0.0010841039231297446}, "11": {"0": 0.010441274224259384, "0.05": 0.00016166645626292719, "0.1": 3.8334651675665236e-05, "0.15": 5.1436360363140705e-06, "0.2": 0.0, "0.25": 0.0, "0.3": 0.0, "0.35": 0.0, "0.4": 0.0}, "12": {"0": 0.010441274224259384, "0.05": 0.03086027147601299, "0.1": 0.023372511375742484, "0.15": 0.015758503157002623, "0.2": 0.010787437982822902, "0.25": 0.006874145854281716, "0.3": 0.004723853561684035, "0.35": 0.0033115431567245297, "0.4": 0.0023279479563939197}, "13": {"0": 0.010441274224259384, "0.05": 0.09881234258058105, "0.1": 0.13579567559181974, "0.15": 0.1596297078197542, "0.2": 0.17358659941470594, "0.25": 0.17561244208948468, "0.3": 0.16937369140734618, "0.35": 0.1566861096573585, "0.4": 0.140656025572542}, "14": {"0": 0.010441274224259384, "0.05": 0.00012906229129364344, "0.1": 4.205488583149869e-06, "0.15": 0.0, "0.2": 0.0, "0.25": 0.0, "0.3": 0.0, "0.35": 0.0, "0.4": 0.0}, "15": {"0": 0.010441274224259384, "0.05": 0.026139140329573093, "0.1": 0.018789089998392197, "0.15": 0.009976683817403412, "0.2": 0.0036064674748046955, "0.25": 0.0008158305683233408, "0.3": 5.143636036314071e-05, "0.35": 0.0, "0.4": 0.0}}, "recall": {"0": {"0": 1.0, "0.05": 0.17094031337275772, "0.1": 0.046066826182129046, "0.15": 0.013922054699420237, "0.2": 0.0058313492923649166, "0.25": 0.0029045838015806604, "0.3": 0.001318284639814038, "0.35": 0.0005189217917913243, "0.4": 0.00023257689601914128}, "1": {"0": 1.0, "0.05": 0.044479799665858875, "0.1": 0.012376658919983932, "0.15": 0.004337190631392359, "0.2": 0.0020191792793625004, "0.25": 0.0006929638892400412, "0.3": 0.00019133277658854386, "0.35": 6.695169684136586e-05, "0.4": 3.6557483899509976e-05}, "2": {"0": 1.0, "0.05": 0.009131231801031477, "0.1": 0.00010448010698762956, "0.15": 0.0, "0.2": 0.0, "0.25": 0.0, "0.3": 0.0, "0.35": 0.0, "0.4": 0.0}, "3": {"0": 1.0, "0.05": 0.06899413901066717, "0.1": 0.01706365135307706, "0.15": 0.0058977872305665665, "0.2": 0.002650542566496281, "0.25": 0.001171258287199374, "0.3": 0.0006447373696191457, "0.35": 0.0003477544374428575, "0.4": 0.00014970124047355743}, "4": {"0": 1.0, "0.05": 0.06029794722152761, "0.1": 0.00947004418657468, "0.15": 0.0018248377633095822, "0.2": 0.0005599114785143281, "0.25": 9.507780641758646e-05, "0.3": 3.520031820245374e-05, "0.35": 3.213301230923893e-05, "0.4": 0.0}, "5": {"0": 1.0, "0.05": 0.23303933387314887, "0.1": 0.10518755453236484, "0.15": 0.057814773910975066, "0.2": 0.03427010531419184, "0.25": 0.019206486680524833, "0.3": 0.01255970897261869, "0.35": 0.00810211708993249, "0.4": 0.005210988440292412}, "6": {"0": 1.0, "0.05": 0.10290320937151698, "0.1": 0.06113148721759831, "0.15": 0.0437674768982214, "0.2": 0.034192854047013804, "0.25": 0.02763262475512287, "0.3": 0.02135002238737815, "0.35": 0.017168782110292585, "0.4": 0.013423036705608904}, "7": {"0": 1.0, "0.05": 0.014589931194520305, "0.1": 0.0007981643892711283, "0.15": 4.3835209331698795e-05, "0.2": 0.0, "0.25": 0.0, "0.3": 0.0, "0.35": 0.0, "0.4": 0.0}, "8": {"0": 1.0, "0.05": 0.011808278125555398, "0.1": 0.002775490876962963, "0.15": 0.00030746647698867127, "0.2": 5.40741440625559e-05, "0.25": 5.40741440625559e-05, "0.3": 4.5038026701463616e-05, "0.35": 3.2459839064117916e-06, "0.4": 0.0}, "9": {"0": 1.0, "0.05": 0.020288912873199512, "0.1": 0.001276359098273152, "0.15": 0.00016959258352167733, "0.2": 7.218625573690769e-05, "0.25": 0.0, "0.3": 0.0, "0.35": 0.0, "0.4": 0.0}, "10": {"0": 1.0, "0.05": 0.07155406588590757, "0.1": 0.02428979954315155, "0.15": 0.010428600350218406, "0.2": 0.005118367367508319, "0.25": 0.0027755532023125778, "0.3": 0.001653747065048357, "0.35": 0.0009805945428648902, "0.4": 0.0006522491227126409}, "11": {"0": 1.0, "0.05": 0.0007578742273817022, "0.1": 6.445260705578605e-05, "0.15": 5.764419695869217e-06, "0.2": 0.0, "0.25": 0.0, "0.3": 0.0, "0.35": 0.0, "0.4": 0.0}, "12": {"0": 1.0, "0.05": 0.08625028198567805, "0.1": 0.029623001262153992, "0.15": 0.014588724411070078, "0.2": 0.008588050866581976, "0.25": 0.0049597428581168845, "0.3": 0.003213199710610305, "0.35": 0.0021585149822020964, "0.4": 0.0014765664227257493}, "13": {"0": 1.0, "0.05": 0.5666131719626054, "0.1": 0.46363245913548434, "0.15": 0.38099672781749105, "0.2": 0.3156476806061671, "0.25": 0.2584238242831413, "0.3": 0.2106437070594199, "0.35": 0.16936426114636, "0.4": 0.13534422126683085}, "14": {"0": 1.0, "0.05": 0.0004448446142408888, "0.1": 2.8333588335628355e-06, "0.15": 0.0, "0.2": 0.0, "0.25": 0.0, "0.3": 0.0, "0.35": 0.0, "0.4": 0.0}, "15": {"0": 1.0, "0.05": 0.13408546266357893, "0.1": 0.04708451142997979, "0.15": 0.013935445570104536, "0.2": 0.003348170093931889, "0.25": 0.0005951064963628973, "0.3": 2.786136186336788e-05, "0.35": 0.0, "0.4": 0.0}}, "precision": {"0": {"0": 0.005257420766925437, "0.05": 0.0250783570450461, "0.1": 0.02780087466356775, "0.15": 0.026440318873913245, "0.2": 0.02598053682227258, "0.25": 0.02190831754522829, "0.3": 0.013900033433634237, "0.35": 0.005669787139195364, "0.4": 0.0020060180541624875}, "1": {"0": 0.005257420766925437, "0.05": 0.00793129508554639, "0.1": 0.010491599533048571, "0.15": 0.011978803729054487, "0.2": 0.012039292480616453, "0.25": 0.005627995096400312, "0.3": 0.0014042126379137413, "0.35": 0.0009194249414911401, "0.4": 0.0007801181321743007},