{"fscore": {"0": {"0": 0.010441274224259384, "0.05": 0.10063956457903246, "0.1": 0.16399609939738938, "0.15": 0.20850598754097766, "0.2": 0.2301257757218368, "0.25": 0.23658535942328393, "0.3": 0.22946930886041347, "0.35": 0.21075738171378192, "0.4": 0.1880755346196881}, "1": {"0": 0.010441274224259384, "0.05": 0.0336496554318069, "0.1": 0.029901601289862304, "0.15": 0.018444356321590107, "0.2": 0.01110166138546446, "0.25": 0.006466898511572772, "0.3": 0.003745156060180527, "0.35": 0.0025537699361441067, "0.4": 0.0014508260081854197}, "2": {"0": 0.010441274224259384, "0.05": 0.008308882084718066, "0.1": 0.0027014723340549507, "0.15": 0.000980098335414058, "0.2": 0.00041567965850450344, "0.25": 0.00011834816248055967, "0.3": 0.0, "0.35": 0.0, "0.4": 0.0}, "3": {"0": 0.010441274224259384, "0.05": 0.00027646927892324355, "0.1": 0.0, "0.15": 0.0, "0.2": 0.0, "0.25": 0.0, "0.3": 0.0, "0.35": 0.0, "0.4": 0.0}, "4": {"0": 0.010441274224259384, "0.05": 0.002333060310554144, "0.1": 0.0003587253764060429, "0.15": 0.000102094493876689, "0.2": 2.722834138429238e-05, "0.25": 0.0, "0.3": 0.0, "0.35": 0.0, "0.4": 0.0}, "5": {"0": 0.010441274224259384, "0.05": 0.008038534392096989, "0.1": 0.003829300636880474, "0.15": 0.0015996052057272022, "0.2": 0.000742860499126094, "0.25": 0.0003301548395608267, "0.3": 0.0002033290710035508, "0.35": 4.996874682017065e-05, "0.4": 0.0}, "6": {"0": 0.010441274224259384, "0.05": 0.01725216385476638, "0.1": 0.011683428662179144, "0.15": 0.007812481110593951, "0.2": 0.004646338389252044, "0.25": 0.002651119443128275, "0.3": 0.0015761177864623513, "0.35": 0.0009194058394428178, "0.4": 0.0005470343485820275}, "7": {"0": 0.010441274224259384, "0.05": 0.001708869055251705, "0.1": 5.039560173953124e-05, "0.15": 1.4536362711322375e-05, "0.2": 0.0, "0.25": 0.0, "0.3": 0.0, "0.35": 0.0, "0.4": 0.0}, "8": {"0": 0.010441274224259384, "0.05": 0.0031672085570188784, "0.1": 0.0002740945553773084, "0.15": 6.290407427019151e-05, "0.2": 7.2681813556611875e-06, "0.25": 0.0, "0.3": 0.0, "0.35": 0.0, "0.4": 0.0}, "9": {"0": 0.010441274224259384, "0.05": 0.05986465274636526, "0.1": 0.0515715645322098, "0.15": 0.03179532264482641, "0.2": 0.017459907777795994, "0.25": 0.010104538293345802, "0.3": 0.0059487416353809965, "0.35": 0.0029710001678117455, "0.4": 0.0017282259067581448}, "10": {"0": 0.010441274224259384, "0.05": 0.024060012687296555, "0.1": 0.018058691195169462, "0.15": 0.010627021073972613, "0.2": 0.006922120249393036, "0.25": 0.004621773819817439, "0.3": 0.003390380749841526, "0.35": 0.0021455883957304015, "0.4": 0.0014710150098432506}, "11": {"0": 0.010441274224259384, "0.05": 0.010793865196345667, "0.1": 0.006635431743788518, "0.15": 0.0055500883341159605, "0.2": 0.005299666530070539, "0.25": 0.0035268176338478104, "0.3": 0.001730282134440688, "0.35": 0.0012050316553195658, "0.4": 0.0004963721319510261}, "12": {"0": 0.010441274224259384, "0.05": 0.02369709444086058, "0.1": 0.013372816198188102, "0.15": 0.004230221576340908, "0.2": 0.0022014619327907583, "0.25": 0.0012783987638524722, "0.3": 0.0009967216884883136, "0.35": 0.0006354439846940886, "0.4": 0.00046391158733666705}, "13": {"0": 0.010441274224259384, "0.05": 0.005835812978970279, "0.1": 0.0013599315761601244, "0.15": 0.00039187170048023877, "0.2": 4.462129134017138e-05, "0.25": 3.184155641527758e-05, "0.3": 0.0, "0.35": 0.0, "0.4": 0.0}, "14": {"0": 0.010441274224259384, "0.05": 0.0006796847214960849, "0.1": 8.541591566528446e-05, "0.15": 0.0, "0.2": 0.0, "0.25": 0.0, "0.3": 0.0, "0.35": 0.0, "0.4": 0.0}, "15": {"0": 0.010441274224259384, "0.05": 0.015777026341547214, "0.1": 0.010313452510026834, "0.15": 0.00725872853700904, "0.2": 0.0037072339414322415, "0.25": 0.001760040646952932, "0.3": 0.0007717473196546525, "0.35": 0.00046513088279051133, "0.4": 7.941880875259014e-05}}, "recall": {"0": {"0": 1.0, "0.05": 0.5402290330451988, "0.1": 0.4479908865326968, "0.15": 0.3782427932355987, "0.2": 0.31892412197052866, "0.25": 0.26876149150137096, "0.3": 0.22407097147774252, "0.35": 0.18359145926332443, "0.4": 0.14890287280566353}, "1": {"0": 1.0, "0.05": 0.08909776379517784, "0.1": 0.029717716789052107, "0.15": 0.013936707464134319, "0.2": 0.007490140824278129, "0.25": 0.004083892661041303, "0.3": 0.0022649016096147525, "0.35": 0.0015183791330948004, "0.4": 0.0008495925383833332}, "2": {"0": 1.0, "0.05": 0.033479390566998786, "0.1": 0.003952674012830472, "0.15": 0.0009639443753658306, "0.2": 0.0003231381846656426, "0.25": 7.785260543535368e-05, "0.3": 0.0, "0.35": 0.0, "0.4": 0.0}, "3": {"0": 1.0, "0.05": 0.003302279953865144, "0.1": 0.0, "0.15": 0.0, "0.2": 0.0, "0.25": 0.0, "0.3": 0.0, "0.35": 0.0, "0.4": 0.0}, "4": {"0": 1.0, "0.05": 0.0080366885649874, "0.1": 0.0005652599455928028, "0.15": 0.00012470112554657483, "0.2": 2.4306749790105228e-05, "0.25": 0.0, "0.3": 0.0, "0.35": 0.0, "0.4": 0.0}, "5": {"0": 1.0, "0.05": 0.015037144974337394, "0.1": 0.0027018783651110907, "0.15": 0.0009592362570017182, "0.2": 0.0004141497662209857, "0.25": 0.00017923211496520699, "0.3": 0.00011039236382114591, "0.35": 2.5982149772876792e-05, "0.4": 0.0}, "6": {"0": 1.0, "0.05": 0.06915613369911608, "0.1": 0.0176299099306376, "0.15": 0.007818654854522772, "0.2": 0.003724078927566714, "0.25": 0.001914529965419322, "0.3": 0.0010424118020041907, "0.35": 0.0005476218879130798, "0.4": 0.00031407225744578527}, "7": {"0": 1.0, "0.05": 0.004047923794065838, "0.1": 5.36055200047176e-05, "0.15": 7.598553235463968e-06, "0.2": 0.0, "0.25": 0.0, "0.3": 0.0, "0.35": 0.0, "0.4": 0.0}, "8": {"0": 1.0, "0.05": 0.007607419581879772, "0.1": 0.0005646748902956179, "0.15": 8.314171594538243e-05, "0.2": 5.572272372673576e-06, "0.25": 0.0, "0.3": 0.0, "0.35": 0.0, "0.4": 0.0}, "9": {"0": 1.0, "0.05": 0.184687155984102, "0.1": 0.06809598543893935, "0.15": 0.028352272554474704, "0.2": 0.012360893273572926, "0.25": 0.006450001431734006, "0.3": 0.0036844605629232975, "0.35": 0.0016965238734103585, "0.4": 0.0009608123117643265}, "10": {"0": 1.0, "0.05": 0.04843923185134746, "0.1": 0.015604404709149143, "0.15": 0.007522302476512657, "0.2": 0.004523079735308504, "0.25": 0.0028579571122181705, "0.3": 0.0020192404005112863, "0.35": 0.0012680913570611507, "0.4": 0.000870813663086956}, "11": {"0": 1.0, "0.05": 0.07434374806251368, "0.1": 0.02131896881975168, "0.15": 0.010088120341732164, "0.2": 0.005507282961317229, "0.25": 0.00266919614369187, "0.3": 0.001075605708899759, "0.35": 0.0007218272316684069, "0.4": 0.0002630416927791605}, "12": {"0": 1.0, "0.05": 0.04404903792910747, "0.1": 0.009597616463806179, "0.15": 0.002677174927118181, "0.2": 0.0012925211424722857, "0.25": 0.0007406706439794674, "0.3": 0.0005650809366894245, "0.35": 0.0003619678682273253, "0.4": 0.0002643913763598365}, "13": {"0": 1.0, "0.05": 0.013222487292780399, "0.1": 0.0013294186277549094, "0.15": 0.0002456633060802548, "0.2": 2.3984998473681915e-05, "0.25": 1.671681711802073e-05, "0.3": 0.0, "0.35": 0.0, "0.4": 0.0}, "14": {"0": 1.0, "0.05": 0.002982454594868058, "0.1": 0.0001316429837286525, "0.15": 0.0, "0.2": 0.0, "0.25": 0.0, "0.3": 0.0, "0.35": 0.0, "0.4": 0.0}, "15": {"0": 1.0, "0.05": 0.07393060054362269, "0.1": 0.0238087466017576, "0.15": 0.009870358004854446, "0.2": 0.003170679621765674, "0.25": 0.0011218751574948898, "0.3": 0.0004442585395454815, "0.35": 0.00026886260681459665, "0.4": 4.173351052222962e-05}}, "precision": {"0": {"0": 0.005257420766925437, "0.05": 0.056680352476172036, "0.1": 0.1080614867635922, "0.15": 0.16647701415375568, "0.2": 0.22326989283165033, "0.25": 0.2790749110832819, "0.3": 0.3287260632431171, "0.35": 0.36836600062453206, "0.4": 0.4024889894096064}, "1": {"0": 0.005257420766925437, "0.05": 0.030458562129825617, "0.1": 0.06436450336607541, "0.15": 0.05849523004815875, "0.2": 0.04569923675033624, "0.25": 0.029701562600258698, "0.3": 0.02017973111252951, "0.35": 0.01462104567671268, "0.4": 0.009136138574453518}, "2": {"0": 0.005257420766925437, "0.05": 0.005419089864200032, "0.1": 0.004218514824838528, "0.15": 0.003006126500137946,