{"fscore": {"0": {"0": 0.011099634023900469, "0.05": 0.0003092437319809394, "0.1": 7.917601308064917e-05, "0.15": 2.4617923178772693e-05, "0.2": 0.0, "0.25": 0.0, "0.3": 0.0, "0.35": 0.0, "0.4": 0.0}, "1": {"0": 0.011099634023900469, "0.05": 0.0041089449172822205, "0.1": 0.0008902341933744944, "0.15": 0.00019202537623469194, "0.2": 4.5446535700144954e-05, "0.25": 2.1631846404276375e-05, "0.3": 1.0772321596888955e-05, "0.35": 1.13109376767334e-05, "0.4": 1.1700970010413863e-05}, "2": {"0": 0.011099634023900469, "0.05": 0.011816912155644291, "0.1": 0.002550227176437655, "0.15": 0.0005611282186457292, "0.2": 7.529668398282755e-05, "0.25": 6.925063883714327e-06, "0.3": 0.0, "0.35": 0.0, "0.4": 0.0}, "3": {"0": 0.011099634023900469, "0.05": 0.00147256724564082, "0.1": 7.368229976696095e-05, "0.15": 1.3422991281162809e-05, "0.2": 8.378472353135852e-06, "0.25": 0.0, "0.3": 0.0, "0.35": 0.0, "0.4": 0.0}, "4": {"0": 0.011099634023900469, "0.05": 0.0027820322498695316, "0.1": 0.0006399016182613745, "0.15": 0.0001924765793030628, "0.2": 8.834189111820742e-05, "0.25": 3.2845992261405205e-05, "0.3": 1.5986046742494108e-05, "0.35": 9.980239126529471e-06, "0.4": 0.0}, "5": {"0": 0.011099634023900469, "0.05": 0.027394832225440854, "0.1": 0.011032381024962679, "0.15": 0.003643830587411287, "0.2": 0.0008964569235118741, "0.25": 0.0002452838674199476, "0.3": 0.00011471995458468853, "0.35": 5.314951344771222e-05, "0.4": 1.8195472344664346e-05}, "6": {"0": 0.011099634023900469, "0.05": 0.0029751378151889204, "0.1": 0.0012101152956754309, "0.15": 0.00047740700396796203, "0.2": 0.00016778664138480064, "0.25": 2.1929388424370995e-05, "0.3": 1.6697356632211623e-05, "0.35": 1.0461587355252719e-05, "0.4": 1.0929151892432273e-05}, "7": {"0": 0.011099634023900469, "0.05": 0.0030119016652669205, "0.1": 0.0008827242607642385, "0.15": 0.00025060258794831763, "0.2": 0.00010633936793680057, "0.25": 6.393406790937332e-05, "0.3": 4.130996294998091e-05, "0.35": 4.814211191031232e-05, "0.4": 2.953143451023732e-05}, "8": {"0": 0.011099634023900469, "0.05": 0.03180539464208476, "0.1": 0.013745335762167927, "0.15": 0.00549733940245111, "0.2": 0.0015484918558657797, "0.25": 7.0506538812254e-05, "0.3": 1.5081250235644533e-05, "0.35": 1.5424005922818276e-05, "0.4": 5.386160798444477e-06}, "9": {"0": 0.011099634023900469, "0.05": 0.028315245197151336, "0.1": 0.013047189484356873, "0.15": 0.004205879133986744, "0.2": 0.001093632665889108, "0.25": 7.189477540220314e-05, "0.3": 5.6475794688960833e-05, "0.35": 5.545874664090364e-05, "0.4": 4.350360644897462e-05}, "10": {"0": 0.011099634023900469, "0.05": 0.04822041717000253, "0.1": 0.03580704922602081, "0.15": 0.022572040636841526, "0.2": 0.008296697406185907, "0.25": 8.140911743726117e-05, "0.3": 3.330947777361788e-05, "0.35": 3.387232673246366e-05, "0.4": 3.598413810024608e-05}, "11": {"0": 0.011099634023900469, "0.05": 0.03825378598674652, "0.1": 0.030339468543456243, "0.15": 0.025385809527659016, "0.2": 0.022065993954840723, "0.25": 0.01969495895008108, "0.3": 0.017468349205383933, "0.35": 0.015658100365364396, "0.4": 0.014170313901550748}, "12": {"0": 0.011099634023900469, "0.05": 0.003263134188476241, "0.1": 0.00041909437849091115, "0.15": 6.89759031957111e-05, "0.2": 1.8211185375474617e-05, "0.25": 6.798039891432056e-06, "0.3": 3.113102112862404e-06, "0.35": 3.3267463755098237e-06, "0.4": 0.0}, "13": {"0": 0.011099634023900469, "0.05": 0.0005581008894397566, "0.1": 4.045859262745109e-05, "0.15": 4.435661834013098e-06, "0.2": 0.0, "0.25": 0.0, "0.3": 0.0, "0.35": 0.0, "0.4": 0.0}, "14": {"0": 0.011099634023900469, "0.05": 0.014493727216011993, "0.1": 0.006902931111277344, "0.15": 0.003048002628394035, "0.2": 0.0012530136815656749, "0.25": 0.00046612066899354306, "0.3": 0.0002492436556688282, "0.35": 0.00015681252376108996, "0.4": 0.00013771711400980454}, "15": {"0": 0.011099634023900469, "0.05": 0.010554914068933411, "0.1": 0.0014789932012053704, "0.15": 0.0002326838372400507, "0.2": 2.7016744772487074e-05, "0.25": 9.695089437200058e-06, "0.3": 0.0, "0.35": 0.0, "0.4": 0.0}}, "recall": {"0": {"0": 0.5856547591822291, "0.05": 0.0015294567164002024, "0.1": 0.0003056107637037396, "0.15": 9.61429702522339e-05, "0.2": 0.0, "0.25": 0.0, "0.3": 0.0, "0.35": 0.0, "0.4": 0.0}, "1": {"0": 0.5856547591822291, "0.05": 0.01758564626203003, "0.1": 0.0028616900078873597, "0.15": 0.0005515153093127244, "0.2": 0.00010194913658938185, "0.25": 3.4713875222711204e-05, "0.3": 1.4753396969652262e-05, "0.35": 1.4753396969652262e-05, "0.4": 1.4753396969652262e-05}, "2": {"0": 0.5856547591822291, "0.05": 0.06094282688552427, "0.1": 0.009775270869326868, "0.15": 0.0018184656431085562, "0.2": 0.00017537345346009694, "0.25": 1.3573125212080081e-05, "0.3": 0.0, "0.35": 0.0, "0.4": 0.0}, "3": {"0": 0.5856547591822291, "0.05": 0.008200085581464778, "0.1": 0.00016683927769339118, "0.15": 2.2839393385711673e-05, "0.2": 1.4138672095916751e-05, "0.25": 0.0, "0.3": 0.0, "0.35": 0.0, "0.4": 0.0}, "4": {"0": 0.5856547591822291, "0.05": 0.008131229072829775, "0.1": 0.0016104811384453149, "0.15": 0.00045406630102883796, "0.2": 0.00019682061135931314, "0.25": 5.785040395884029e-05, "0.3": 2.9998573838292933e-05, "0.35": 2.26218753534668e-05, "0.4": 0.0}, "5": {"0": 0.5856547591822291, "0.05": 0.08603476489782906, "0.1": 0.029318652745304073, "0.15": 0.00880525307177129, "0.2": 0.0022300708880345767, "0.25": 0.0006196483461451559, "0.3": 0.0002822945343946735, "0.35": 0.00011589048750718343, "0.4": 3.109448388926193e-05}, "6": {"0": 0.5856547591822291, "0.05": 0.008387055443245514, "0.1": 0.003127815854594067, "0.15": 0.001149341128107464, "0.2": 0.00041787995571071994, "0.25": 4.381254461252993e-05, "0.3": 3.124483608282615e-05, "0.35": 1.6808507732258525e-05, "0.4": 1.6808507732258525e-05}, "7": {"0": 0.5856547591822291, "0.05": 0.019698088286418548, "0.1": 0.003699097595513737, "0.15": 0.0007324929032626283, "0.2": 0.00022961591968027631, "0.25": 0.00012751039281138935, "0.3": 6.398727790795454e-05, "0.35": 6.398727790795454e-05, "0.4": 3.532993604594282e-05}, "8": {"0": 0.5856547591822291, "0.05": 0.10259261160483313, "0.1": 0.038264302763290445, "0.15": 0.014669561688864106, "0.2": 0.0035969607974114495, "0.25": 0.0001276477563486058, "0.3": 2.7513091646108273e-05, "0.35": 2.7513091646108273e-05, "0.4": 9.171030548702759e-06}, "9": {"0": 0.5856547591822291, "0.05": 0.09746302152249496, "0.1": 0.0384241028882954, "0.15": 0.010914739836173831, "0.2": 0.0027468796484319846, "0.25": 0.00013344016131715906, "0.3": 9.498245480188876e-05, "0.35": 9.074085317311373e-05, "0.4": 6.619091613411555e-05}, "10": {"0": 0.5856547591822291, "0.05": 0.16859105311714004, "0.1": 0.10202922935189038, "0.15": 0.05956933845046524, "0.2": 0.020582713390494257, "0.25": 0.00014847442266214622, "0.3": 5.5608957808689295e-05, "0.35": 5.5608957808689295e-05, "0.4": 5.5608957808689295e-05}, "11": {"0": 0.5856547591822291, "0.05": 0.1802297571217295, "0.1": 0.10921510720420488, "0.15": 0.07375469604928875, "0.2": 0.0537520851613757, "0.25": 0.04167592093874544, "0.3": 0.033214590517732664, "0.35": 0.02720820530383076, "0.4": 0.022950694626117096}, "12": {"0": 0.5856547591822291, "0.05": 0.01608600362971891, "0.1": 0.0016922552724158032, "0.15": 0.00016857578885248886, "0.2": 2.4869025665340304e-05, "0.25": 7.41181889248484e-06, "0.3": 3.002903807982319e-06, "0.35": 3.002903807982319e-06, "0.4": 0.0}, "13": {"0": 0.5856547591822291, "0.05": 0.002486185425399578, "0.1": 0.0001292762575422908, "0.15": 9.171030548702759e-06, "0.2": 0.0, "0.25": 0.0, "0.3": 0.0, "0.35": 0.0, "0.4": 0.0}, "14": {"0": 0.5856547591822291, "0.05": 0.08682363714499344, "0.1": 0.027639677672448716, "0.15": 0.010202824911951201, "0.2": 0.0035905271116522916, "0.25": 0.0011030039344195987, "0.3": 0.0004943691166425794, "0.35": 0.00028737811818784354, "0.4": 0.00022971451434567326}, "15": {"0": 0.5856547591822291, "0.05": 0.042922816236147125, "0.1": 0.004161222573181779, "0.15": 0.0005680580025853782, "0.2": 5.7104820925744965e-05,