{"fscore": {"0": {"0": 0.010441274224259384, "0.05": 0.020008544651579516, "0.1": 0.018842418666677976, "0.15": 0.012244152788078094, "0.2": 0.005670982609544512, "0.25": 0.0026681714716407035, "0.3": 0.0006974271303063305, "0.35": 0.00029043359033328946, "0.4": 0.0}, "1": {"0": 0.010441274224259384, "0.05": 0.006046884463973046, "0.1": 0.002011375834743894, "0.15": 0.0007620607371540364, "0.2": 0.0002548336671293778, "0.25": 0.00010659622829465691, "0.3": 5.9151814417611804e-05, "0.35": 0.0, "0.4": 0.0}, "2": {"0": 0.010441274224259384, "0.05": 0.038892326489682286, "0.1": 0.05160409024096175, "0.15": 0.060888334097213635, "0.2": 0.06554850660939747, "0.25": 0.06657282444301055, "0.3": 0.06252449132072507, "0.35": 0.057529169784079716, "0.4": 0.050360864456284564}, "3": {"0": 0.010441274224259384, "0.05": 0.0015811794709152628, "0.1": 0.0006932851331599615, "0.15": 0.00036984334243327706, "0.2": 0.00016150223199342745, "0.25": 9.89484808845764e-05, "0.3": 3.52333743812528e-05, "0.35": 0.0, "0.4": 0.0}, "4": {"0": 0.010441274224259384, "0.05": 0.02544238839026533, "0.1": 0.01412494988086272, "0.15": 0.00754816995331217, "0.2": 0.004050213935206302, "0.25": 0.0020715354335089685, "0.3": 0.001289351167925742, "0.35": 0.0007237813096143969, "0.4": 0.00041646348019224724}, "5": {"0": 0.010441274224259384, "0.05": 0.006245983055691227, "0.1": 0.004078735008772274, "0.15": 0.0022691278347404297, "0.2": 0.0015109235319950816, "0.25": 0.0011626342526097786, "0.3": 0.0006201756682388047, "0.35": 0.0005368895165612883, "0.4": 0.0003488798824831674}, "6": {"0": 0.010441274224259384, "0.05": 0.012092538652821717, "0.1": 0.0073439992829417815, "0.15": 0.004311726289729709, "0.2": 0.0025699314217907518, "0.25": 0.0016350582049900946, "0.3": 0.0010864327666555264, "0.35": 0.0006831518090597314, "0.4": 0.00044588772832784216}, "7": {"0": 0.010441274224259384, "0.05": 0.005823847548445107, "0.1": 0.0026126431456360124, "0.15": 0.0014073002920466666, "0.2": 0.000984433057881842, "0.25": 0.0006729274676192617, "0.3": 0.0005190965528794841, "0.35": 0.00042794887367821863, "0.4": 0.000339210027115206}, "8": {"0": 0.010441274224259384, "0.05": 0.09333651530837184, "0.1": 0.11020749836420986, "0.15": 0.11443746879590948, "0.2": 0.11463172688794858, "0.25": 0.1137485775433458, "0.3": 0.11110418330468536, "0.35": 0.10845286510878022, "0.4": 0.10400106671032405}, "9": {"0": 0.010441274224259384, "0.05": 0.025998358420021073, "0.1": 0.01637337411449042, "0.15": 0.009488951195029455, "0.2": 0.005292256027032771, "0.25": 0.002627751038844947, "0.3": 0.0013820032748221905, "0.35": 0.0006618217805363846, "0.4": 0.0003761015937099142}, "10": {"0": 0.010441274224259384, "0.05": 0.06750922855311975, "0.1": 0.07559462384056108, "0.15": 0.06866086662955334, "0.2": 0.056472297657585775, "0.25": 0.044390609840905114, "0.3": 0.031399767209542746, "0.35": 0.02294179131179734, "0.4": 0.01666189057679884}, "11": {"0": 0.010441274224259384, "0.05": 0.005327115583804184, "0.1": 0.00292592971406734, "0.15": 0.0020898774638670303, "0.2": 0.0016623500385888584, "0.25": 0.0013742044343798565, "0.3": 0.001271266977669118, "0.35": 0.0011334536734535373, "0.4": 0.0007671121728665665}, "12": {"0": 0.010441274224259384, "0.05": 0.012152733698026136, "0.1": 0.006287218918443117, "0.15": 0.0036549078306259424, "0.2": 0.0024423722489212395, "0.25": 0.0015730595758755661, "0.3": 0.00116046070223542, "0.35": 0.0008178569445912637, "0.4": 0.0007074774526598989}, "13": {"0": 0.010441274224259384, "0.05": 0.006186341705325899, "0.1": 0.0040652240593401275, "0.15": 0.0028214379443755313, "0.2": 0.0020020576029894555, "0.25": 0.001580119609430117, "0.3": 0.0012586846423968928, "0.35": 0.0011056108398851561, "0.4": 0.0009096844008912053}, "14": {"0": 0.010441274224259384, "0.05": 0.01994885414182821, "0.1": 0.01633788071136016, "0.15": 0.013744932644283035, "0.2": 0.01222662407136094, "0.25": 0.009631159947910584, "0.3": 0.008267747383471243, "0.35": 0.00671658504321452, "0.4": 0.0051491812736019936}, "15": {"0": 0.010441274224259384, "0.05": 0.0069514250711310305, "0.1": 0.003827562785277805, "0.15": 0.0018563693127847244, "0.2": 0.0012026470576525696, "0.25": 0.0007434200741737431, "0.3": 0.0005002459904650871, "0.35": 0.0003843663569240675, "0.4": 0.0003768425920616272}}, "recall": {"0": {"0": 1.0, "0.05": 0.07649346429126853, "0.1": 0.025397570956742208, "0.15": 0.010441680921490363, "0.2": 0.0039476114139722525, "0.25": 0.0018306798888936874, "0.3": 0.00044790456024157123, "0.35": 0.00016637213226982535, "0.4": 0.0}, "1": {"0": 1.0, "0.05": 0.02480040934205441, "0.1": 0.002747759737635768, "0.15": 0.0005984030540507842, "0.2": 0.00015272377609388643, "0.25": 6.234190787851772e-05, "0.3": 3.1947694936661836e-05, "0.35": 0.0, "0.4": 0.0}, "2": {"0": 1.0, "0.05": 0.22341326944397635, "0.1": 0.13654936057519484, "0.15": 0.09945680321551645, "0.2": 0.0777042745029966, "0.25": 0.0626850030670037, "0.3": 0.050549586138762086, "0.35": 0.04197037059583444, "0.4": 0.03442782278172948}, "3": {"0": 1.0, "0.05": 0.010215656031018757, "0.1": 0.002268106538052397, "0.15": 0.0006955506632562215, "0.2": 0.000234008363301889, "0.25": 0.00010904839261410582, "0.3": 2.5260660314122274e-05, "0.35": 0.0, "0.4": 0.0}, "4": {"0": 1.0, "0.05": 0.12633422864593613, "0.1": 0.03986073839324879, "0.15": 0.015567821250233857, "0.2": 0.006643517136161609, "0.25": 0.002794148969984286, "0.3": 0.001525682540284432, "0.35": 0.0007886696651717359, "0.4": 0.00039391061014394906}, "5": {"0": 1.0, "0.05": 0.018712465621902527, "0.1": 0.006308820488574221, "0.15": 0.002691158907519369, "0.2": 0.0015975873413098317, "0.25": 0.0010747894226379214, "0.3": 0.0005015474154002488, "0.35": 0.00039247341337409847, "0.4": 0.00024291884030975907}, "6": {"0": 1.0, "0.05": 0.05813084497369328, "0.1": 0.013253142349578593, "0.15": 0.004750313012736787, "0.2": 0.00223789071375803, "0.25": 0.001253283608589053, "0.3": 0.0006877139081778535, "0.35": 0.00041462881052100145, "0.4": 0.0002600525275595631}, "7": {"0": 1.0, "0.05": 0.02000637084441228, "0.1": 0.004624275661028902, "0.15": 0.0018978069923976722, "0.2": 0.001134162129735918, "0.25": 0.000530294545757651, "0.3": 0.0003602626204599283, "0.35": 0.00028470699137679036, "0.4": 0.000200346085420664}, "8": {"0": 1.0, "0.05": 0.44898436656588914, "0.1": 0.343444552554939, "0.15": 0.270578927597388, "0.2": 0.22080201483097772, "0.25": 0.18515215873754007, "0.3": 0.15778894712014413, "0.35": 0.13701477121114586, "0.4": 0.11921152739162554}, "9": {"0": 1.0, "0.05": 0.09419320814160592, "0.1": 0.02729754532875544, "0.15": 0.010267192869234523, "0.2": 0.004636829290565098, "0.25": 0.0020438057111218265, "0.3": 0.0009655564996367623, "0.35": 0.0004583697309361939, "0.4": 0.000238287472855235}, "10": {"0": 1.0, "0.05": 0.28392790659752165, "0.1": 0.14718282288178808, "0.15": 0.08687523912771242, "0.2": 0.05563610162321918, "0.25": 0.03665448547032334, "0.3": 0.02271746348572757, "0.35": 0.015374842300424693, "0.4": 0.010440275071741553}, "11": {"0": 1.0, "0.05": 0.03279201979657358, "0.1": 0.011630857717680826, "0.15": 0.005576053563188047, "0.2": 0.003200328858078083, "0.25": 0.0018970955079805746, "0.3": 0.001187483908455951, "0.35": 0.000906091727397742, "0.4": 0.0005367509330267726}, "12": {"0": 1.0, "0.05": 0.04675350440679599, "0.1": 0.010898877793746561, "0.15": 0.004505492084619763, "0.2": 0.002335375563580229, "0.25": 0.0013960589508484524, "0.3": 0.0009623750579355315, "0.35": 0.0006578421066483099, "0.4": 0.0005267604479905017}, "13": {"0": 1.0, "0.05": 0.02830943772412021, "0.1": 0.01078430619158284, "0.15": 0.00520229345028493, "0.2": 0.002904416590785236, "0.25": 0.0018941588372858307, "0.3": 0.0013101330103507567, "0.35": 0.0010440795596364098, "0.4": 0.0007258389955821929}, "14": {"0": 1.0, "0.05": 0.07671473708054116, "0.1": 0.036020892740607685, "0.15": 0.021823721271108324, "0.2": 0.015432887083670884, "0.25": 0.010121860750914393, "0.3": 0.007449272898893438, "0.35": 0.0053618523149593835,