{"fscore": {"0": {"0": 0.011099634023900469, "0.05": 0.00329702467502554, "0.1": 0.0009634309226914673, "0.15": 0.00016585903520881766, "0.2": 2.6474631395891792e-05, "0.25": 1.0107738995826658e-05, "0.3": 0.0, "0.35": 0.0, "0.4": 0.0}, "1": {"0": 0.011099634023900469, "0.05": 0.025568444751378358, "0.1": 0.009624445393540324, "0.15": 0.003316504994662117, "0.2": 0.0011541093860563854, "0.25": 0.0004931546329582242, "0.3": 0.00020953241514584862, "0.35": 7.104662710348872e-05, "0.4": 4.103552047426393e-05}, "2": {"0": 0.011099634023900469, "0.05": 9.425781397277834e-06, "0.1": 0.0, "0.15": 0.0, "0.2": 0.0, "0.25": 0.0, "0.3": 0.0, "0.35": 0.0, "0.4": 0.0}, "3": {"0": 0.011099634023900469, "0.05": 0.0014186955045761322, "0.1": 0.0003064278136844836, "0.15": 0.00011921382684244877, "0.2": 2.245178606509487e-05, "0.25": 1.322953353542543e-05, "0.3": 6.005807615964638e-06, "0.35": 0.0, "0.4": 0.0}, "4": {"0": 0.011099634023900469, "0.05": 0.00042566587128865113, "0.1": 4.560927823773899e-05, "0.15": 1.8588234664380937e-05, "0.2": 7.376698484826131e-06, "0.25": 0.0, "0.3": 0.0, "0.35": 0.0, "0.4": 0.0}, "5": {"0": 0.011099634023900469, "0.05": 0.0012056940180559313, "0.1": 0.0002563825162939667, "0.15": 8.330844330508326e-05, "0.2": 1.9424191148523153e-05, "0.25": 0.0, "0.3": 0.0, "0.35": 0.0, "0.4": 0.0}, "6": {"0": 0.011099634023900469, "0.05": 0.0023315077285046026, "0.1": 0.00058919584173829, "0.15": 0.00014751696634704428, "0.2": 5.117043120741583e-05, "0.25": 0.0, "0.3": 0.0, "0.35": 0.0, "0.4": 0.0}, "7": {"0": 0.011099634023900469, "0.05": 0.0, "0.1": 0.0, "0.15": 0.0, "0.2": 0.0, "0.25": 0.0, "0.3": 0.0, "0.35": 0.0, "0.4": 0.0}, "8": {"0": 0.011099634023900469, "0.05": 0.006756188476058684, "0.1": 0.0023371591642909156, "0.15": 0.0009626966022968959, "0.2": 0.0004884124506565838, "0.25": 0.00023315747897903642, "0.3": 0.00015156075679303272, "0.35": 8.227622047604576e-05, "0.4": 5.1736464662586356e-05}, "9": {"0": 0.011099634023900469, "0.05": 0.0018849521491050413, "0.1": 0.0003108027478518295, "0.15": 8.40454788666362e-05, "0.2": 1.818338076384695e-05, "0.25": 1.2777963947951572e-05, "0.3": 6.368294231425673e-06, "0.35": 6.41261652176576e-06, "0.4": 4.962833779168741e-06}, "10": {"0": 0.011099634023900469, "0.05": 0.00906400147551658, "0.1": 0.0018261726276001733, "0.15": 0.00047848812714552426, "0.2": 0.00010882071850212651, "0.25": 4.3054430501035466e-05, "0.3": 8.529280612188899e-06, "0.35": 3.770312558911134e-06, "0.4": 4.015717518366889e-06}, "11": {"0": 0.011099634023900469, "0.05": 0.0010244733557501263, "0.1": 0.0, "0.15": 0.0, "0.2": 0.0, "0.25": 0.0, "0.3": 0.0, "0.35": 0.0, "0.4": 0.0}, "12": {"0": 0.011099634023900469, "0.05": 0.0, "0.1": 0.0, "0.15": 0.0, "0.2": 0.0, "0.25": 0.0, "0.3": 0.0, "0.35": 0.0, "0.4": 0.0}, "13": {"0": 0.011099634023900469, "0.05": 0.0, "0.1": 0.0, "0.15": 0.0, "0.2": 0.0, "0.25": 0.0, "0.3": 0.0, "0.35": 0.0, "0.4": 0.0}, "14": {"0": 0.011099634023900469, "0.05": 0.0007806730839957979, "0.1": 0.0002318364338107854, "0.15": 7.563046722080198e-05, "0.2": 3.56465914660689e-05, "0.25": 2.120800814387513e-05, "0.3": 0.0, "0.35": 0.0, "0.4": 0.0}, "15": {"0": 0.011099634023900469, "0.05": 0.0, "0.1": 0.0, "0.15": 0.0, "0.2": 0.0, "0.25": 0.0, "0.3": 0.0, "0.35": 0.0, "0.4": 0.0}}, "recall": {"0": {"0": 0.5856547591822291, "0.05": 0.012903140245441634, "0.1": 0.0028167057066041234, "0.15": 0.00043222117867533006, "0.2": 5.920100894422999e-05, "0.25": 2.1097287645734344e-05, "0.3": 0.0, "0.35": 0.0, "0.4": 0.0}, "1": {"0": 0.5856547591822291, "0.05": 0.1189606311728034, "0.1": 0.028052112098300417, "0.15": 0.007786427339542152, "0.2": 0.0021120781098382386, "0.25": 0.0008088652697749607, "0.3": 0.00029897588238037503, "0.35": 7.607749855041349e-05, "0.4": 3.658761296675248e-05}, "2": {"0": 0.5856547591822291, "0.05": 1.5424005922818276e-05, "0.1": 0.0, "0.15": 0.0, "0.2": 0.0, "0.25": 0.0, "0.3": 0.0, "0.35": 0.0, "0.4": 0.0}, "3": {"0": 0.5856547591822291, "0.05": 0.005720091271679419, "0.1": 0.000900764297645863, "0.15": 0.00031620922803354107, "0.2": 4.221306884139738e-05, "0.25": 2.4353693562344643e-05, "0.3": 8.929687639526368e-06, "0.35": 0.0, "0.4": 0.0}, "4": {"0": 0.5856547591822291, "0.05": 0.0011991454059550753, "0.1": 9.832975018803226e-05, "0.15": 3.454479778133138e-05, "0.2": 1.3573125212080081e-05, "0.25": 0.0, "0.3": 0.0, "0.35": 0.0, "0.4": 0.0}, "5": {"0": 0.5856547591822291, "0.05": 0.0031303127661294174, "0.1": 0.0006490371436677398, "0.15": 0.00019766945744685758, "0.2": 4.07370458317496e-05, "0.25": 0.0, "0.3": 0.0, "0.35": 0.0, "0.4": 0.0}, "6": {"0": 0.5856547591822291, "0.05": 0.005059072790915782, "0.1": 0.0011685377671284566, "0.15": 0.0002723346789706964, "0.2": 9.203438052122535e-05, "0.25": 0.0, "0.3": 0.0, "0.35": 0.0, "0.4": 0.0}, "7": {"0": 0.5856547591822291, "0.05": 0.0, "0.1": 0.0, "0.15": 0.0, "0.2": 0.0, "0.25": 0.0, "0.3": 0.0, "0.35": 0.0, "0.4": 0.0}, "8": {"0": 0.5856547591822291, "0.05": 0.02888227275086834, "0.1": 0.007472895680154743, "0.15": 0.002699985881839742, "0.2": 0.00132577602634915, "0.25": 0.0006031841415571431, "0.3": 0.0003907578565640358, "0.35": 0.00018123534782917624, "0.4": 0.0001246222954740091}, "9": {"0": 0.5856547591822291, "0.05": 0.00450173079296952, "0.1": 0.0006724707159030723, "0.15": 0.00016374972188698786, "0.2": 3.0384268007566056e-05, "0.25": 1.9157292752611164e-05, "0.3": 8.726888872621375e-06, "0.35": 8.726888872621375e-06, "0.4": 6.494466962739783e-06}, "10": {"0": 0.5856547591822291, "0.05": 0.03216885529338897, "0.1": 0.005467918263677974, "0.15": 0.0011447093177443584, "0.2": 0.00022715144964645232, "0.25": 7.034273688446532e-05, "0.3": 9.841984731703089e-06, "0.35": 4.2416016287750256e-06, "0.4": 4.2416016287750256e-06}, "11": {"0": 0.5856547591822291, "0.05": 0.0038457837809231015, "0.1": 0.0, "0.15": 0.0, "0.2": 0.0, "0.25": 0.0, "0.3": 0.0, "0.35": 0.0, "0.4": 0.0}, "12": {"0": 0.5856547591822291, "0.05": 0.0, "0.1": 0.0, "0.15": 0.0, "0.2": 0.0, "0.25": 0.0, "0.3": 0.0, "0.35": 0.0, "0.4": 0.0}, "13": {"0": 0.5856547591822291, "0.05": 0.0, "0.1": 0.0, "0.15": 0.0, "0.2": 0.0, "0.25": 0.0, "0.3": 0.0, "0.35": 0.0, "0.4": 0.0}, "14": {"0": 0.5856547591822291, "0.05": 0.002964754735003061, "0.1": 0.0005196283128578061, "0.15": 0.0001649740426398128, "0.2": 8.240826021620049e-05, "0.25": 4.8475447186000285e-05, "0.3": 0.0, "0.35": 0.0, "0.4": 0.0}, "15": {"0": 0.5856547591822291, "0.05": 0.0, "0.1": 0.0, "0.15": 0.0, "0.2": 0.0, "0.25": 0.0, "0.3": 0.0, "0.35": 0.0, "0.4": 0.0}}, "precision": {"0": {"0": 0.005619593948991153, "0.05": 0.0019078691575104007, "0.1": 0.0005884190570897056, "0.15": 0.00010502488541390241, "0.2": 1.7604227917024984e-05, "0.25": 6.75471692375907e-06, "0.3": 0.0, "0.35": 0.0, "0.4": 0.0}, "1": {"0": 0.005619593948991153, "0.05": 0.014651912178957381, "0.1": 0.00602237142311079, "0.15": 0.0022136427100538886, "0.2": 0.0008349244860420368, "0.25": 0.0003754137321805005, "0.3": 0.0001743254744840977, "0.35": 6.92953602978583e-05, "0.4": 4.722265117082554e-05}, "2": {"0": 0.005619593948991153, "0.05": 6.7865626060400406e-06, "0.1": 0.0, "0.15": 0.0, "0.2": 0.0, "0.25": 0.0, "0.3": 0.0, "0.35": 0.0, "0.4": 0.0}, "3": {"0": 0.005619593948991153, "0.05": 0.0008402308951472858, "0.1": 0.0001939653804451993, "0.15": 7.781362990624862e-05, "0.2": 1.5363955719513862e-05, "0.25": 9.13343095821788e-06, "0.3": 4.524375070693361e-06, "0.35": 0.0, "0.4": 0.0}, "4": {"0": 0.005619593948991153, "0.05": 0.00026907205518443816, "0.1": 3.019906448917778e-05, "0.15": 1.2758727204052555e-05, "0.2": 5.064598959731374e-06, "0.25": 0.0, "0.3": 0.0, "0.35": 0.0, "0.4": 0.0}, "5": {"0": 0.005619593948991153, "0.05": 0.0007643776404701043, "0.1": 0.00016705705696298446, "0.15": 5.38136457297755e-05, "0.2": 1.2893778857742708e-05, "0.25": 0.0, "0.3": 0.0, "0.35": 0.0, "0.4": 0.0}, "6": {"0": 0.005619593948991153, "0.05": 0.0015485819084342155, "0.1": 0.0004010491709621265, "0.15": 0.00010275436519016741,