{"fscore": {"0": {"0": 0.010441286144322647, "0.05": 0.08814415084620436, "0.1": 0.10236400972708332, "0.15": 0.08940493784885362, "0.2": 0.07193999121226116, "0.25": 0.05488906710199276, "0.3": 0.041040533608465365, "0.35": 0.030021223156132884, "0.4": 0.02138249147798676}, "1": {"0": 0.010441274788785704, "0.05": 0.02375711636277642, "0.1": 0.021639084089552903, "0.15": 0.01773383246348119, "0.2": 0.0144954894955825, "0.25": 0.011827346830044163, "0.3": 0.00952627792868928, "0.35": 0.007291775724304191, "0.4": 0.006269412639809012}, "2": {"0": 0.010443140784938017, "0.05": 0.07268487970243763, "0.1": 0.07457299143266193, "0.15": 0.06716178306638117, "0.2": 0.05672387920576225, "0.25": 0.046051272311590216, "0.3": 0.036280081629695746, "0.35": 0.027958108786569007, "0.4": 0.020360105567451745}, "3": {"0": 0.010441686624995141, "0.05": 0.0044119801392775776, "0.1": 0.002626621144458375, "0.15": 0.0012398396107677872, "0.2": 0.0006006743789549413, "0.25": 0.00034693848763307924, "0.3": 0.00028899810849481654, "0.35": 0.00023174798548817783, "0.4": 0.00019040786516429838}, "4": {"0": 0.010441274224259384, "0.05": 0.01501787832964748, "0.1": 0.006830048079320911, "0.15": 0.0027347867144129137, "0.2": 0.0011242977234576803, "0.25": 0.00033859676739498516, "0.3": 7.964986987782688e-05, "0.35": 2.476565498966034e-05, "0.4": 0.0}, "5": {"0": 0.010441285751181877, "0.05": 0.1394059087835137, "0.1": 0.15287773147495334, "0.15": 0.13125678373224045, "0.2": 0.1070061679893146, "0.25": 0.08678640869732746, "0.3": 0.06922079489241308, "0.35": 0.05620336716962979, "0.4": 0.04354113553756922}, "6": {"0": 0.010441290019173155, "0.05": 0.024684959065208217, "0.1": 0.013789368491200568, "0.15": 0.006927018828660255, "0.2": 0.003786202585358364, "0.25": 0.0015583009833656366, "0.3": 0.0007819763831489636, "0.35": 0.0005356961175307486, "0.4": 0.0003273662479275677}, "7": {"0": 0.010441460805697706, "0.05": 0.04735336912093009, "0.1": 0.037910159611407646, "0.15": 0.030524952840782753, "0.2": 0.023729151314393855, "0.25": 0.01872790611776172, "0.3": 0.014876641914145103, "0.35": 0.010924469681866607, "0.4": 0.007748435713079591}, "8": {"0": 0.010441274224259384, "0.05": 0.010254518576398426, "0.1": 0.0026328325869510354, "0.15": 0.0007043740873019558, "0.2": 0.00026135670636377056, "0.25": 0.00015213188065077063, "0.3": 0.0, "0.35": 0.0, "0.4": 0.0}, "9": {"0": 0.010431819259416279, "0.05": 0.0024218536102938336, "0.1": 0.0011645645244277708, "0.15": 0.0004854788679428864, "0.2": 0.00022657665127906473, "0.25": 0.00011458921058983833, "0.3": 5.394323348184933e-05, "0.35": 1.802271020825981e-05, "0.4": 1.857678413485992e-05}, "10": {"0": 0.010441274731066251, "0.05": 0.01650678423240483, "0.1": 0.008972851430627664, "0.15": 0.0046233792769285655, "0.2": 0.0029885718839943024, "0.25": 0.0014713402700273018, "0.3": 0.0008824191050525486, "0.35": 0.0006302909388971241, "0.4": 0.0002581221130781671}, "11": {"0": 0.010441274224259384, "0.05": 0.03306070227273254, "0.1": 0.0349452817875859, "0.15": 0.03135321570973603, "0.2": 0.024898288451243818, "0.25": 0.01994184337707696, "0.3": 0.01539301633842412, "0.35": 0.011670365580010073, "0.4": 0.008612915124666845}}, "recall": {"0": {"0": 1.0, "0.05": 0.3151807672372732, "0.1": 0.17331364470865906, "0.15": 0.10588679316960202, "0.2": 0.06873626394202594, "0.25": 0.045467596736188866, "0.3": 0.031159754280559355, "0.35": 0.02128207331247717, "0.4": 0.014391597600012181}, "1": {"0": 1.0, "0.05": 0.11655927279135707, "0.1": 0.052687702226104076, "0.15": 0.029310754238111456, "0.2": 0.01823591083635697, "0.25": 0.01230160432169853, "0.3": 0.008561201433929558, "0.35": 0.005869138951166814, "0.4": 0.00467671323591111}, "2": {"0": 0.9993156372977499, "0.05": 0.21841781077398484, "0.1": 0.13359783536653955, "0.15": 0.08751202799452847, "0.2": 0.05961531487573053, "0.25": 0.0412788787149518, "0.3": 0.02908243044359484, "0.35": 0.02052233991107243, "0.4": 0.014134746917845414}, "3": {"0": 0.9999323853964619, "0.05": 0.01088897536129542, "0.1": 0.004683806509167826, "0.15": 0.0019934266254852356, "0.2": 0.0009314509461555657, "0.25": 0.00045260547166854604, "0.3": 0.0003516589265835511, "0.35": 0.00028595928010910623, "0.4": 0.0002406354900216133}, "4": {"0": 1.0, "0.05": 0.05718706647881545, "0.1": 0.009137227682244582, "0.15": 0.002296865940537454, "0.2": 0.0007522757781314451, "0.25": 0.00019950940609884433, "0.3": 4.171550059213048e-05, "0.35": 1.2859090090785177e-05, "0.4": 0.0}, "5": {"0": 1.0, "0.05": 0.41923677736679443, "0.1": 0.26042216749399894, "0.15": 0.16985872931033516, "0.2": 0.1174087061592786, "0.25": 0.08401704968986626, "0.3": 0.061071117510944746, "0.35": 0.045976131210606216, "0.4": 0.03366899150797485}, "6": {"0": 1.0, "0.05": 0.05829194553439414, "0.1": 0.01944838345287688, "0.15": 0.007758359479666063, "0.2": 0.0038169083092929033, "0.25": 0.0014834784485064229, "0.3": 0.0006763109433142235, "0.35": 0.00046410139567493945, "0.4": 0.0002394315782720786}, "7": {"0": 0.9999916415914409, "0.05": 0.1219322909635277, "0.1": 0.06858560330747843, "0.15": 0.04411694643316025, "0.2": 0.02961356444786708, "0.25": 0.021071550573530103, "0.3": 0.015157268746522073, "0.35": 0.010457542134508264, "0.4": 0.007003296209222908}, "8": {"0": 1.0, "0.05": 0.025548300742486478, "0.1": 0.0024108542238026054, "0.15": 0.0004402636004836528, "0.2": 0.0001452724541685393, "0.25": 8.204328482235373e-05, "0.3": 0.0, "0.35": 0.0, "0.4": 0.0}, "9": {"0": 0.9986400738995271, "0.05": 0.011729611550357627, "0.1": 0.002719174023147262, "0.15": 0.0007352200248490236, "0.2": 0.00022447120932200595, "0.25": 9.60408294993052e-05, "0.3": 3.114220201173822e-05, "0.35": 1.0246180614212305e-05, "0.4": 1.0246180614212305e-05}, "10": {"0": 1.0, "0.05": 0.0472770314019696, "0.1": 0.01345381116657754, "0.15": 0.005026050371173265, "0.2": 0.002621487387809227, "0.25": 0.0011688303550005767, "0.3": 0.0006188661031872618, "0.35": 0.00042807440739669854, "0.4": 0.0001654738346480253}, "11": {"0": 1.0, "0.05": 0.11098921753808312, "0.1": 0.05557440507290478, "0.15": 0.03396110605690268, "0.2": 0.021577857557304965, "0.25": 0.015060799274942851, "0.3": 0.010598759335558627, "0.35": 0.0075472118064686304, "0.4": 0.005382021311845564}}, "precision": {"0": {"0": 0.005257426757957544, "0.05": 0.05518095746472213, "0.1": 0.0902358896135674, "0.15": 0.1117195587481738, "0.2": 0.12635056533036906, "0.25": 0.13009224322436397, "0.3": 0.12688140009429166, "0.35": 0.11423342125300913, "0.4": 0.09703826486675024}, "1": {"0": 0.005257421050653387, "0.05": 0.0134654176630828, "0.1": 0.014155002895987591, "0.15": 0.013572303289510906, "0.2": 0.013158645066860538, "0.25": 0.012927580869032338, "0.3": 0.012738303709495774, "0.35": 0.012030876817674167, "0.4": 0.012726595909905046}, "2": {"0": 0.005258402309396532, "0.05": 0.044448642186573385, "0.1": 0.05374400996658177, "0.15": 0.058022662467067186, "0.2": 0.059607241953598664, "0.25": 0.06037853262504165, "0.3": 0.05834110645651619, "0.35": 0.055223271417542, "0.4": 0.047319223278902756}, "3": {"0": 0.005257629210960967, "0.05": 0.002837110177606914, "0.1": 0.0019082317721472284, "0.15": 0.0009769656274160221, "0.2": 0.000513990122668037, "0.25": 0.000334331968292418, "0.3": 0.00029462177223287694, "0.35": 0.00023114325970732534, "0.4": 0.0001974494037376232}, "4": {"0": 0.005257420766925437, "0.05": 0.009634376820635766, "0.1": 0.007708345729981544, "0.15": 0.00601952579207874, "0.2": 0.004609595983718351, "0.25": 0.0026945917116428654, "0.3": 0.0010030090270812437, "0.35": 0.00033433634236041456, "0.4": 0.0}, "5": {"0": 0.00525742656374677, "0.05": 0.08731759197537434, "0.1": 0.12010471892760251, "0.15": 0.12684875953821792, "0.2": 0.12383154389103432, "0.25": 0.11962698323452838, "0.3": 0.11219864244565406, "0.35": 0.10815266086920655, "0.4": 0.09467097200639762}, "6": {"0": 0.005257428709618151, "0.05": 0.017306695976168213, "0.1": 0.012928159781073978, "0.15": 0.008511457260994972, "0.2": 0.005498149302139754,