{"fscore": {"0": {"0": 0.010441274224259384, "0.05": 0.004868013050535891, "0.1": 0.000926533842924333, "0.15": 0.0003299308563964784, "0.2": 0.0002133199976831828, "0.25": 0.00020693879508174056, "0.3": 0.00014558387503309225, "0.35": 0.00011651114961044751, "0.4": 6.078842588371174e-05}, "1": {"0": 0.010441274224259384, "0.05": 0.00015195383244065216, "0.1": 0.0, "0.15": 0.0, "0.2": 0.0, "0.25": 0.0, "0.3": 0.0, "0.35": 0.0, "0.4": 0.0}, "2": {"0": 0.010441274224259384, "0.05": 0.13887438432580085, "0.1": 0.21297997344182995, "0.15": 0.23755340728672159, "0.2": 0.22983076486996354, "0.25": 0.2046884240943353, "0.3": 0.1784150943144332, "0.35": 0.1499039169014852, "0.4": 0.12687800058755108}, "3": {"0": 0.010441274224259384, "0.05": 0.04229519363379909, "0.1": 0.06110997847910008, "0.15": 0.06541618475871376, "0.2": 0.04830786448326184, "0.25": 0.03106639264368962, "0.3": 0.0213200027149838, "0.35": 0.013855074860137463, "0.4": 0.008146812741085923}, "4": {"0": 0.010441274224259384, "0.05": 0.010726543390302145, "0.1": 0.0014453941908879042, "0.15": 0.0002766848232305851, "0.2": 4.963022377703269e-05, "0.25": 1.393068093168394e-05, "0.3": 0.0, "0.35": 0.0, "0.4": 0.0}, "5": {"0": 0.010441274224259384, "0.05": 0.0073747899223410105, "0.1": 0.0028493226478755475, "0.15": 0.0013701271918556543, "0.2": 0.0005924270855286813, "0.25": 0.00037041773648653105, "0.3": 0.0001830889493878461, "0.35": 3.184155641527758e-05, "0.4": 3.184155641527758e-05}, "6": {"0": 0.010441274224259384, "0.05": 0.006269309444044699, "0.1": 0.0009744546699561617, "0.15": 0.00016789590689558846, "0.2": 7.801181321743006e-05, "0.25": 6.0788425883711734e-05, "0.3": 6.0788425883711734e-05, "0.35": 6.686726847208291e-05, "0.4": 6.686726847208291e-05}, "7": {"0": 0.010441274224259384, "0.05": 0.002899011329801624, "0.1": 0.00026502705584041295, "0.15": 2.786136186336788e-05, "0.2": 0.0, "0.25": 0.0, "0.3": 0.0, "0.35": 0.0, "0.4": 0.0}, "8": {"0": 0.010441274224259384, "0.05": 0.005100725215522746, "0.1": 0.001379225867572732, "0.15": 0.00033018715209254176, "0.2": 0.00010029958358044552, "0.25": 4.995433675247043e-05, "0.3": 8.05629740627505e-06, "0.35": 0.0, "0.4": 0.0}, "9": {"0": 0.010441274224259384, "0.05": 0.014615513820137288, "0.1": 0.0086986688218106, "0.15": 0.003695602819845284, "0.2": 0.001976110114298866, "0.25": 0.0009530914814545729, "0.3": 0.0005784198091131318, "0.35": 0.0004963890425708476, "0.4": 0.00014256722414810125}, "10": {"0": 0.010441274224259384, "0.05": 0.09844951076619324, "0.1": 0.11127732044695121, "0.15": 0.08621338247530158, "0.2": 0.06530193100207304, "0.25": 0.04619750369529336, "0.3": 0.03170212233413537, "0.35": 0.022561588812169568, "0.4": 0.015728286532212463}, "11": {"0": 0.010441274224259384, "0.05": 0.003270408839273729, "0.1": 0.0012836388310680299, "0.15": 0.0007686330914822531, "0.2": 0.00035268038441506984, "0.25": 0.000154778662661773, "0.3": 4.123693027215739e-05, "0.35": 0.0, "0.4": 0.0}, "12": {"0": 0.010441274224259384, "0.05": 0.0031120174899912398, "0.1": 0.0003613861658584061, "0.15": 7.429696496898102e-05, "0.2": 0.0, "0.25": 0.0, "0.3": 0.0, "0.35": 0.0, "0.4": 0.0}, "13": {"0": 0.010441274224259384, "0.05": 0.003189426132828776, "0.1": 0.0015525709829850162, "0.15": 0.0010557833961876365, "0.2": 0.00040612637687348704, "0.25": 0.0001973023304951579, "0.3": 9.704905404662904e-05, "0.35": 8.464211198997837e-06, "0.4": 8.464211198997837e-06}, "14": {"0": 0.010441274224259384, "0.05": 0.011186685915763933, "0.1": 0.004830795946073851, "0.15": 0.0027633002359896183, "0.2": 0.0012272428071848803, "0.25": 0.00036651271548934403, "0.3": 0.00017488974861091212, "0.35": 0.00014142336762370777, "0.4": 8.756428014201335e-05}, "15": {"0": 0.010441274224259384, "0.05": 0.030539431314656876, "0.1": 0.022836301057996052, "0.15": 0.017081603487753002, "0.2": 0.01152891227199233, "0.25": 0.0068377551295782145, "0.3": 0.004367417732473601, "0.35": 0.00246865276778113, "0.4": 0.0017246634169592898}}, "recall": {"0": {"0": 1.0, "0.05": 0.020080454031746915, "0.1": 0.0013395580631821778, "0.15": 0.0003479516540388019, "0.2": 0.0002071751570247057, "0.25": 0.00016538311422965385, "0.3": 8.57792231914599e-05, "0.35": 7.058211672053197e-05, "0.4": 3.343363423604146e-05}, "1": {"0": 1.0, "0.05": 0.0006075224229687619, "0.1": 0.0, "0.15": 0.0, "0.2": 0.0, "0.25": 0.0, "0.3": 0.0, "0.35": 0.0, "0.4": 0.0}, "2": {"0": 1.0, "0.05": 0.5122360877694687, "0.1": 0.4023198617643917, "0.15": 0.31804181201240433, "0.2": 0.24554212563723068, "0.25": 0.18732621577199546, "0.3": 0.14706459070593542, "0.35": 0.1149826248249528, "0.4": 0.0926708282134663}, "3": {"0": 1.0, "0.05": 0.247137815566678, "0.1": 0.12837089161479798, "0.15": 0.07731875680564336, "0.2": 0.041546789484147424, "0.25": 0.022573004942026118, "0.3": 0.014356064816096897, "0.35": 0.00868280102737703, "0.4": 0.004862391981970265}, "4": {"0": 1.0, "0.05": 0.031034059520520525, "0.1": 0.002933607877665995, "0.15": 0.0004388366708834347, "0.2": 5.5024861909283285e-05, "0.25": 1.4536362711322373e-05, "0.3": 0.0, "0.35": 0.0, "0.4": 0.0}, "5": {"0": 1.0, "0.05": 0.010026775542074179, "0.1": 0.0021050785816127014, "0.15": 0.0009286202111287312, "0.2": 0.0003959690045291659, "0.25": 0.00024040973412536192, "0.3": 0.00012832615493539443, "0.35": 1.966684366825968e-05, "0.4": 1.966684366825968e-05}, "6": {"0": 1.0, "0.05": 0.011964222683675054, "0.1": 0.0005749216270832237, "0.15": 9.710364049242752e-05, "0.2": 4.8677321876228946e-05, "0.25": 3.714848248449051e-05, "0.3": 3.714848248449051e-05, "0.35": 3.714848248449051e-05, "0.4": 3.714848248449051e-05}, "7": {"0": 1.0, "0.05": 0.008458661304825043, "0.1": 0.00039159318150816297, "0.15": 1.966684366825968e-05, "0.2": 0.0, "0.25": 0.0, "0.3": 0.0, "0.35": 0.0, "0.4": 0.0}, "8": {"0": 1.0, "0.05": 0.011885497436244964, "0.1": 0.0024244832713167753, "0.15": 0.00047984274625034707, "0.2": 0.00015130677437830655, "0.25": 5.853196196069476e-05, "0.3": 4.457817898138861e-06, "0.35": 0.0, "0.4": 0.0}, "9": {"0": 1.0, "0.05": 0.03383046332821222, "0.1": 0.007631425239465013, "0.15": 0.0025788830168631998, "0.2": 0.0012953747045895698, "0.25": 0.000564664614210068, "0.3": 0.00034969500537256434, "0.35": 0.0002932257571174321, "0.4": 8.572494781120659e-05}, "10": {"0": 1.0, "0.05": 0.38899587456638557, "0.1": 0.20508398103587078, "0.15": 0.1041071562465102, "0.2": 0.060727478989269015, "0.25": 0.03679525640914133, "0.3": 0.022023645925532437, "0.35": 0.01472544290278028, "0.4": 0.009922477510563237}, "11": {"0": 1.0, "0.05": 0.023273067801512365, "0.1": 0.004895796904087337, "0.15": 0.002157168308335034, "0.2": 0.0005965337334326482, "0.25": 0.00019827419447242527, "0.3": 2.730413462610052e-05, "0.35": 0.0, "0.4": 0.0}, "12": {"0": 1.0, "0.05": 0.006462824420029404, "0.1": 0.0002204699883261885, "0.15": 4.179204279505182e-05, "0.2": 0.0, "0.25": 0.0, "0.3": 0.0, "0.35": 0.0, "0.4": 0.0}, "13": {"0": 1.0, "0.05": 0.007962475356438674, "0.1": 0.0013898041928736803, "0.15": 0.000756722863591053, "0.2": 0.0002798027318112015, "0.25": 0.0001270463986010005, "0.3": 5.470461692067686e-05, "0.35": 4.643560310561314e-06, "0.4": 4.643560310561314e-06}, "14": {"0": 1.0, "0.05": 0.03574811453600038, "0.1": 0.007062599370484721, "0.15": 0.0027917040807385134, "0.2": 0.001159378945510721, "0.25": 0.00021910157503695333, "0.3": 0.00010555059913662035, "0.35": 7.983241895505e-05, "0.4": 4.799086253977243e-05}, "15": {"0": 1.0, "0.05": 0.14163323607345962, "0.1": 0.04775936612525216, "0.15": 0.020366693654789395, "0.2": 0.009432987174732548, "0.25": 0.004624220627935524, "0.3": 0.0026921503529445273, "0.35": 0.0014833137984026311, "0.4": 0.0010096652712003197}}, "precision": {"0": {"0": 0.005257420766925437, "0.05": 0.003278730123729229, "0.1": 0.0012628797605850276, "0.15": 0.0008846736826729439, "0.2": 0.0005468703813738919, "0.25": 0.0006433441739359492, "0.3": 0.0006686726847208291, "0.35": 0.00033433634236041456, "0.4": 0.00033433634236041456}, "1": {"0": 0.005257420766925437,