{"fscore": {"0": {"0": 0.010441274224259384, "0.05": 0.10195713289546941, "0.1": 0.16654712384378184, "0.15": 0.20416249606816542, "0.2": 0.22000563366647438, "0.25": 0.22110405053919224, "0.3": 0.21111510631666297, "0.35": 0.19232389218046858, "0.4": 0.16851657251677576}, "1": {"0": 0.010441274224259384, "0.05": 0.01023452071191088, "0.1": 0.0030803504078678484, "0.15": 0.0004413200607937626, "0.2": 0.00020999218150034122, "0.25": 8.241967979448137e-05, "0.3": 7.715454054471106e-05, "0.35": 7.715454054471106e-05, "0.4": 0.0}, "2": {"0": 0.010441274224259384, "0.05": 0.018949062523144645, "0.1": 0.017825387916488116, "0.15": 0.014880376421762879, "0.2": 0.010552582532659078, "0.25": 0.007209866903992584, "0.3": 0.004208393181785467, "0.35": 0.0025590414330055977, "0.4": 0.0014838121532919888}, "3": {"0": 0.010441274224259384, "0.05": 0.0039181325337190485, "0.1": 0.0014819436817705527, "0.15": 0.0006115622012979124, "0.2": 0.00018899782113351364, "0.25": 7.538956739499544e-05, "0.3": 2.3881167311458183e-05, "0.35": 2.786136186336788e-05, "0.4": 3.343363423604146e-05}, "4": {"0": 0.010441274224259384, "0.05": 0.004472666533205143, "0.1": 0.0006447361219881623, "0.15": 6.085555952104744e-05, "0.2": 2.366131766992577e-05, "0.25": 9.690908474214915e-06, "0.3": 0.0, "0.35": 0.0, "0.4": 0.0}, "5": {"0": 0.010441274224259384, "0.05": 0.0011314337209130747, "0.1": 0.0007399147298023356, "0.15": 0.0006143765275869043, "0.2": 0.0005223947784278144, "0.25": 0.0004574943396013979, "0.3": 0.00034507820363039056, "0.35": 0.0002469742824554422, "0.4": 0.0001962700117543429}, "6": {"0": 0.010441274224259384, "0.05": 0.012422878577920037, "0.1": 0.0064706917428003765, "0.15": 0.002622097503507172, "0.2": 0.0010754718163072205, "0.25": 0.0004893611042898202, "0.3": 0.0003165294080143893, "0.35": 0.0001652129878915499, "0.4": 0.0}, "7": {"0": 0.010441274224259384, "0.05": 0.026133129393674, "0.1": 0.015527868849490244, "0.15": 0.008040640405379858, "0.2": 0.004181915949974523, "0.25": 0.00236364926567562, "0.3": 0.0014491087352757248, "0.35": 0.0008706014386312195, "0.4": 0.0005126331324406167}, "8": {"0": 0.010441274224259384, "0.05": 0.00270135756745827, "0.1": 0.00040710214784899575, "0.15": 0.0001217345183721888, "0.2": 6.616305946307979e-05, "0.25": 6.684762459738361e-05, "0.3": 3.2879267285522106e-05, "0.35": 3.588205694524652e-05, "0.4": 3.948600155781075e-05}, "9": {"0": 0.010441274224259384, "0.05": 0.00019696909750459998, "0.1": 0.0, "0.15": 0.0, "0.2": 0.0, "0.25": 0.0, "0.3": 0.0, "0.35": 0.0, "0.4": 0.0}, "10": {"0": 0.010441274224259384, "0.05": 0.0, "0.1": 0.0, "0.15": 0.0, "0.2": 0.0, "0.25": 0.0, "0.3": 0.0, "0.35": 0.0, "0.4": 0.0}, "11": {"0": 0.010441274224259384, "0.05": 0.0007886846401594855, "0.1": 0.0001830702995329815, "0.15": 2.499261680431726e-05, "0.2": 0.0, "0.25": 0.0, "0.3": 0.0, "0.35": 0.0, "0.4": 0.0}, "12": {"0": 0.010441274224259384, "0.05": 0.0001754083286179946, "0.1": 0.00010733414061044009, "0.15": 3.15053992214506e-05, "0.2": 2.6746907388833167e-05, "0.25": 0.0, "0.3": 0.0, "0.35": 0.0, "0.4": 0.0}, "13": {"0": 0.010441274224259384, "0.05": 0.10526764203417836, "0.1": 0.11220043605097531, "0.15": 0.10822701945745607, "0.2": 0.1022141158194856, "0.25": 0.09658231342715262, "0.3": 0.08758546922449785, "0.35": 0.07917614433524034, "0.4": 0.07083015515765977}, "14": {"0": 0.010441274224259384, "0.05": 0.17721220817677663, "0.1": 0.21160949377136185, "0.15": 0.192373552383967, "0.2": 0.15849952184951063, "0.25": 0.12633210753214957, "0.3": 0.09787835541590173, "0.35": 0.07392433665552589, "0.4": 0.05552473845521517}, "15": {"0": 0.010441274224259384, "0.05": 0.01864770045178873, "0.1": 0.016925105476707798, "0.15": 0.015380369813873761, "0.2": 0.012407126817558583, "0.25": 0.00925181097366132, "0.3": 0.0062510568652680695, "0.35": 0.003618539014770115, "0.4": 0.0016717091153322177}}, "recall": {"0": {"0": 1.0, "0.05": 0.5223337068416942, "0.1": 0.42815666646277567, "0.15": 0.35377611664909, "0.2": 0.29166765876045114, "0.25": 0.2402582032785428, "0.3": 0.1957232437964934, "0.35": 0.1571476251398003, "0.4": 0.12376701962077558}, "1": {"0": 1.0, "0.05": 0.025155806548434793, "0.1": 0.0030841395634380875, "0.15": 0.0003130955522444314, "0.2": 0.00012692466028849336, "0.25": 4.706535569616616e-05, "0.3": 4.432489387353981e-05, "0.35": 4.432489387353981e-05, "0.4": 0.0}, "2": {"0": 1.0, "0.05": 0.0797148582456163, "0.1": 0.028535775108967307, "0.15": 0.014638842046676329, "0.2": 0.008542154762824623, "0.25": 0.005076454822265682, "0.3": 0.002881003602631586, "0.35": 0.0017093432054697591, "0.4": 0.001008564874943422}, "3": {"0": 1.0, "0.05": 0.03160263856058389, "0.1": 0.006511283684919099, "0.15": 0.0017964518488018525, "0.2": 0.00040849091118826147, "0.25": 0.00010325092925836334, "0.3": 1.966684366825968e-05, "0.35": 1.966684366825968e-05, "0.4": 1.966684366825968e-05}, "4": {"0": 1.0, "0.05": 0.008656163017028144, "0.1": 0.0008752838379211938, "0.15": 7.254682150617769e-05, "0.2": 2.333468751028065e-05, "0.25": 8.798324798958279e-06, "0.3": 0.0, "0.35": 0.0, "0.4": 0.0}, "5": {"0": 1.0, "0.05": 0.0012277237997747753, "0.1": 0.0005140976183964787, "0.15": 0.00037868238911779677, "0.2": 0.00030718164478431824, "0.25": 0.000257283459134396, "0.3": 0.00019231604897799562, "0.35": 0.00013197080643022284, "0.4": 0.00010417273226440477}, "6": {"0": 1.0, "0.05": 0.04345600680206089, "0.1": 0.008380751058640609, "0.15": 0.002059922875280227, "0.2": 0.0006898455839727105, "0.25": 0.00029362237817313186, "0.3": 0.00017980489558266368, "0.35": 9.076049697915294e-05, "0.4": 0.0}, "7": {"0": 1.0, "0.05": 0.09385162825483606, "0.1": 0.026535331960078692, "0.15": 0.009162005484050955, "0.2": 0.003491175045244886, "0.25": 0.001652462794405458, "0.3": 0.0009140613685790877, "0.35": 0.0005208647624780564, "0.4": 0.0002991286173989524}, "8": {"0": 1.0, "0.05": 0.005861704606815197, "0.1": 0.0006523457589949606, "0.15": 0.00019271259526717918, "0.2": 0.00010789453054075188, "0.25": 9.196559619673622e-05, "0.3": 5.01735534016844e-05, "0.35": 5.01735534016844e-05, "0.4": 5.01735534016844e-05}, "9": {"0": 1.0, "0.05": 0.00046638909335550073, "0.1": 0.0, "0.15": 0.0, "0.2": 0.0, "0.25": 0.0, "0.3": 0.0, "0.35": 0.0, "0.4": 0.0}, "10": {"0": 1.0, "0.05": 0.0, "0.1": 0.0, "0.15": 0.0, "0.2": 0.0, "0.25": 0.0, "0.3": 0.0, "0.35": 0.0, "0.4": 0.0}, "11": {"0": 1.0, "0.05": 0.002896457264715468, "0.1": 0.00047867833559082326, "0.15": 3.5349625787606396e-05, "0.2": 0.0, "0.25": 0.0, "0.3": 0.0, "0.35": 0.0, "0.4": 0.0}, "12": {"0": 1.0, "0.05": 0.0002127227434711222, "0.1": 7.704946831677124e-05, "0.15": 1.830435086612545e-05, "0.2": 1.4227078398315513e-05, "0.25": 0.0, "0.3": 0.0, "0.35": 0.0, "0.4": 0.0}, "13": {"0": 1.0, "0.05": 0.4223921300024642, "0.1": 0.29215785773298925, "0.15": 0.2142403821172334, "0.2": 0.16473761876534213, "0.25": 0.1330678797214219, "0.3": 0.10577255576248495, "0.35": 0.08583588155449383, "0.4": 0.0699257953065814}, "14": {"0": 1.0, "0.05": 0.3386486245058391, "0.1": 0.22164537296439374, "0.15": 0.15873745201744835, "0.2": 0.11487807692250879, "0.25": 0.08476715376712982, "0.3": 0.06263290255971328, "0.35": 0.045580023212389, "0.4": 0.033526901394989615}, "15": {"0": 1.0, "0.05": 0.0718427163803786, "0.1": 0.030853964399813173, "0.15": 0.017267985129733817, "0.2": 0.010363120670852493, "0.25": 0.006520311382680298, "0.3": 0.004042133949056109, "0.35": 0.0022248470290390145, "0.4": 0.0009800513195804743}}, "precision": {"0": {"0": 0.005257420766925437, "0.05": 0.05794383275665815, "0.1": 0.10923604455993584, "0.15": 0.15710313006099735, "0.2": 0.20129710149693206, "0.25": 0.24369886587520861, "0.3": 0.2846924982253166, "0.35": 0.32253669119126005, "0.4": 0.3629864960849824}, "1": {"0": 0.005257420766925437, "0.05": 0.008348383085645294, "0.1": 0.005503681110105647, "0.15": 0.001446004680708793, "0.2": 0.0007833022878158285, "0.25": 0.00040120361083249747, "0.3": 0.00033433634236041456, "0.35": 0.00033433634236041456, "0.4": 0.0},