{"fscore": {"0": {"0": 0.010441274224259384, "0.05": 0.002542786650707341, "0.1": 0.0006657058090968188, "0.15": 0.00013647179354828618, "0.2": 4.7762334622916366e-05, "0.25": 6.686726847208293e-05, "0.3": 0.0, "0.35": 0.0, "0.4": 0.0}, "1": {"0": 0.010441274224259384, "0.05": 0.003460132105080919, "0.1": 0.0012519017452533145, "0.15": 0.0007361844138301148, "0.2": 0.0003938382216861053, "0.25": 0.0001821252902081595, "0.3": 8.391186631790797e-05, "0.35": 8.709602195943572e-05, "0.4": 0.0}, "2": {"0": 0.010441274224259384, "0.05": 0.012591371761450185, "0.1": 0.011489908727777345, "0.15": 0.01017373834588372, "0.2": 0.008316633084469156, "0.25": 0.00726557120421959, "0.3": 0.006052352407797168, "0.35": 0.004690813661160923, "0.4": 0.0036358545799255204}, "3": {"0": 0.010441274224259384, "0.05": 0.003841971639750668, "0.1": 0.0019883008338193327, "0.15": 0.0014028552588230075, "0.2": 0.0002897768397702771, "0.25": 0.0001834747831981494, "0.3": 4.910986130506761e-05, "0.35": 2.759346415314319e-05, "0.4": 1.7596649597916557e-05}, "4": {"0": 0.010441274224259384, "0.05": 0.019720602163425142, "0.1": 0.016741290930694302, "0.15": 0.013014065384347545, "0.2": 0.010178565472816961, "0.25": 0.008511667431535202, "0.3": 0.006971590056190813, "0.35": 0.00583965700319119, "0.4": 0.005131522475483672}, "5": {"0": 0.010441274224259384, "0.05": 0.003738132603291141, "0.1": 0.0014549248006244643, "0.15": 0.0007582813158790448, "0.2": 0.00022610047717149412, "0.25": 0.00011594321816948208, "0.3": 7.118228769113595e-05, "0.35": 1.1144544745347152e-05, "0.4": 1.1940583655729093e-05}, "6": {"0": 0.010441274224259384, "0.05": 0.0032942848505386675, "0.1": 0.0006223011121100279, "0.15": 0.0001473759394214528, "0.2": 9.111628208047901e-05, "0.25": 1.7145453454380235e-05, "0.3": 1.9104933849166546e-05, "0.35": 2.0262808627903915e-05, "0.4": 2.0262808627903915e-05}, "7": {"0": 0.010441274224259384, "0.05": 0.02049557451395337, "0.1": 0.014812526552403957, "0.15": 0.01117626527991446, "0.2": 0.008280113014475864, "0.25": 0.006051000952582208, "0.3": 0.00482001168513398, "0.35": 0.0032979734556151034, "0.4": 0.002366314168384653}, "8": {"0": 0.010441274224259384, "0.05": 0.05860572782482899, "0.1": 0.06103142706117567, "0.15": 0.05666804780808187, "0.2": 0.05023546676735426, "0.25": 0.042169651536945255, "0.3": 0.0346080245577357, "0.35": 0.027014841027527846, "0.4": 0.02097773984592903}, "9": {"0": 0.010441274224259384, "0.05": 0.01294854149058309, "0.1": 0.006805348567416805, "0.15": 0.003697899514976611, "0.2": 0.0019541982276343314, "0.25": 0.0009412275088464315, "0.3": 0.0005096884820995208, "0.35": 0.00029679169213827744, "0.4": 0.00016972637847781192}, "10": {"0": 0.010441274224259384, "0.05": 0.10970284902603396, "0.1": 0.1524497034569533, "0.15": 0.16420677657702598, "0.2": 0.15666401417734943, "0.25": 0.14183316846550187, "0.3": 0.12423896149332614, "0.35": 0.10575019262197011, "0.4": 0.08841867403479355}, "11": {"0": 0.010441274224259384, "0.05": 0.003203048412803624, "0.1": 0.0017539235727843342, "0.15": 0.0011557858877904894, "0.2": 0.0009795522373966402, "0.25": 0.0008213757882127825, "0.3": 0.0006992214194068279, "0.35": 0.0005974868950677173, "0.4": 0.00040051372913890617}, "12": {"0": 0.010441274224259384, "0.05": 0.005820325122214502, "0.1": 0.0029398459161678846, "0.15": 0.001502683080686898, "0.2": 0.0011883700869347305, "0.25": 0.0008907850883184535, "0.3": 0.0006080260725581959, "0.35": 0.0005779346964161555, "0.4": 0.00035742190963901886}, "13": {"0": 0.010441274224259384, "0.05": 0.025939976898768462, "0.1": 0.014831031671621576, "0.15": 0.007400637419178701, "0.2": 0.004349357946574632, "0.25": 0.0024594916255243635, "0.3": 0.0014214114564360077, "0.35": 0.001139129433964491, "0.4": 0.00048773772297284015}, "14": {"0": 0.010441274224259384, "0.05": 0.0335440415284684, "0.1": 0.03026911214408874, "0.15": 0.026269423019445497, "0.2": 0.02184528409210298, "0.25": 0.017557571924415774, "0.3": 0.01434684897616632, "0.35": 0.011436616868697645, "0.4": 0.00849814012511799}, "15": {"0": 0.010441274224259384, "0.05": 0.04057266642897461, "0.1": 0.048116922212088256, "0.15": 0.05117107651625055, "0.2": 0.049184628010100734, "0.25": 0.04510924600019504, "0.3": 0.03992313759168792, "0.35": 0.03470588430093312, "0.4": 0.029955995427758363}}, "recall": {"0": {"0": 1.0, "0.05": 0.012439820892312523, "0.1": 0.0009168665385563467, "0.15": 0.000157615704255624, "0.2": 4.7762334622916366e-05, "0.25": 4.7762334622916366e-05, "0.3": 0.0, "0.35": 0.0, "0.4": 0.0}, "1": {"0": 1.0, "0.05": 0.0137852891330522, "0.1": 0.0024094666024269294, "0.15": 0.0008899632371328495, "0.2": 0.0003521744632707116, "0.25": 0.00015198477954392757, "0.3": 6.286666266606086e-05, "0.35": 6.286666266606086e-05, "0.4": 0.0}, "2": {"0": 1.0, "0.05": 0.0646584134094715, "0.1": 0.03155137040992922, "0.15": 0.019270631551832836, "0.2": 0.012354877596742848, "0.25": 0.008844861211136902, "0.3": 0.0063359281999295705, "0.35": 0.004280400576146449, "0.4": 0.0030266260709592234}, "3": {"0": 1.0, "0.05": 0.02038740472014815, "0.1": 0.00446672558260788, "0.15": 0.0017808580748406924, "0.2": 0.00039794321034017637, "0.25": 0.00023682010929678766, "0.3": 2.9149865523392884e-05, "0.35": 1.5219184591708944e-05, "0.4": 9.552466924583273e-06}, "4": {"0": 1.0, "0.05": 0.08278825362672211, "0.1": 0.04291478884523059, "0.15": 0.024205183863199354, "0.2": 0.01497090925682833, "0.25": 0.010497935135625028, "0.3": 0.007458802768556134, "0.35": 0.005471636518395315, "0.4": 0.00426788089161884}, "5": {"0": 1.0, "0.05": 0.01606149119449361, "0.1": 0.003272401221808924, "0.15": 0.0011046637375371495, "0.2": 0.00022095770453530264, "0.25": 0.00010107291016879859, "0.3": 5.760574273939841e-05, "0.35": 8.358408559010366e-06, "0.4": 8.358408559010366e-06}, "6": {"0": 1.0, "0.05": 0.009828391360911586, "0.1": 0.0008521062819882388, "0.15": 0.0001454909525251632, "0.2": 6.808792714777996e-05, "0.25": 1.0448010698762955e-05, "0.3": 1.0448010698762955e-05, "0.35": 1.0448010698762955e-05, "0.4": 1.0448010698762955e-05}, "7": {"0": 1.0, "0.05": 0.09536613486255109, "0.1": 0.03334536582174218, "0.15": 0.016520094754462204, "0.2": 0.009582784308974489, "0.25": 0.005914422733019423, "0.3": 0.004057059086079846, "0.35": 0.0024898489635083406, "0.4": 0.0016771458669436149}, "8": {"0": 1.0, "0.05": 0.2365147268679322, "0.1": 0.1415252222960006, "0.15": 0.09416232327517819, "0.2": 0.06653812734591942, "0.25": 0.04729895111353049, "0.3": 0.03450820861450655, "0.35": 0.02468392202828253, "0.4": 0.017882244815173667}, "9": {"0": 1.0, "0.05": 0.04991580439643888, "0.1": 0.011819773496366802, "0.15": 0.004134733976672283, "0.2": 0.0016043496487518536, "0.25": 0.000659368247704233, "0.3": 0.00033177720259995705, "0.35": 0.00017784691526389663, "0.4": 9.874108633462505e-05}, "10": {"0": 1.0, "0.05": 0.47783616899294584, "0.1": 0.34024745860662875, "0.15": 0.2536591668514113, "0.2": 0.1926590674163679, "0.25": 0.15034505585407726, "0.3": 0.11816545300026629, "0.35": 0.09258450006126903, "0.4": 0.07271739003734928}, "11": {"0": 1.0, "0.05": 0.013914063993813328, "0.1": 0.004752208853515425, "0.15": 0.002326635626848617, "0.2": 0.001491443140602603, "0.25": 0.0010594739611925635, "0.3": 0.0008189201853288342, "0.35": 0.0005688815570153723, "0.4": 0.00036651548410784906}, "12": {"0": 1.0, "0.05": 0.018683902854322133, "0.1": 0.005557610584031434, "0.15": 0.002034006829854472, "0.2": 0.0012960024308695012, "0.25": 0.000792408645910758, "0.3": 0.0005181322039475924, "0.35": 0.0004552032186249151, "0.4": 0.00024722443882609616}, "13": {"0": 1.0, "0.05": 0.08569766555904475, "0.1": 0.022284177887795634, "0.15": 0.007383372042660117, "0.2": 0.0035750898923120064, "0.25": 0.0017862877913631958, "0.3": 0.0009127738684411951, "0.35": 0.0006892928466081726, "0.4": 0.00030546184006565146}, "14": {"0": 1.0, "0.05": 0.18081052541357986, "0.1": 0.08387754036125501, "0.15": 0.04673592789663595, "0.2": 0.028604145249888482, "0.25": 0.01839647182966999,