{"fscore": {"0": {"0": 0.010441274224259384, "0.05": 0.02936298834468389, "0.1": 0.023660947305925984, "0.15": 0.015637535551991127, "0.2": 0.009706224909600136, "0.25": 0.005740145081439076, "0.3": 0.003375861840230552, "0.35": 0.002073542766113696, "0.4": 0.0014670302130105808}, "1": {"0": 0.010441274224259384, "0.05": 0.02490632057850184, "0.1": 0.013950965168884699, "0.15": 0.005682467714895927, "0.2": 0.0020208841046831555, "0.25": 0.0008378591063035766, "0.3": 0.00039698870322001854, "0.35": 8.682050641261608e-05, "0.4": 4.457817898138861e-05}, "2": {"0": 0.010441274224259384, "0.05": 0.02551946982551653, "0.1": 0.028417552182260362, "0.15": 0.021071892427976732, "0.2": 0.012060819095586386, "0.25": 0.006290287487334696, "0.3": 0.002991324017464823, "0.35": 0.001369282898658752, "0.4": 0.00041257963435218574}, "3": {"0": 0.010441274224259384, "0.05": 0.0016327119900717561, "0.1": 0.0005147440977008118, "0.15": 0.00020124206510584383, "0.2": 0.00012205930634236812, "0.25": 4.8477213400350596e-05, "0.3": 5.654076089065267e-05, "0.35": 3.4613882279987264e-05, "0.4": 3.6419146329267474e-05}, "4": {"0": 0.010441274224259384, "0.05": 0.01207098438708012, "0.1": 0.010640068060397733, "0.15": 0.009335437370645986, "0.2": 0.007346514858738455, "0.25": 0.0052892181151622045, "0.3": 0.0035777502671988167, "0.35": 0.0019059979274087223, "0.4": 0.001308690353823772}, "5": {"0": 0.010441274224259384, "0.05": 0.04195359082831118, "0.1": 0.03620377010837135, "0.15": 0.023337187371330927, "0.2": 0.015840204296297032, "0.25": 0.01043844783375827, "0.3": 0.006839169765230386, "0.35": 0.004291698187673327, "0.4": 0.0031378158772388262}, "6": {"0": 0.010441274224259384, "0.05": 0.03553096074679948, "0.1": 0.015973085018066973, "0.15": 0.005781631031595583, "0.2": 0.0019458959525960324, "0.25": 0.0006080392515425489, "0.3": 0.0003418470447653087, "0.35": 0.0001995663981621855, "0.4": 0.00013877797227847377}, "7": {"0": 0.010441274224259384, "0.05": 0.033240153402791836, "0.1": 0.026127785618165752, "0.15": 0.022376556207881905, "0.2": 0.019610816455653875, "0.25": 0.017351955082954826, "0.3": 0.01654778305391225, "0.35": 0.014791435532975574, "0.4": 0.014667848893869642}, "8": {"0": 0.010441274224259384, "0.05": 0.005838170244429585, "0.1": 0.0022052862310568376, "0.15": 0.0008772126215439879, "0.2": 0.00036676015711103256, "0.25": 0.00018765850595826137, "0.3": 4.714496014482932e-05, "0.35": 0.0, "0.4": 0.0}, "9": {"0": 0.010441274224259384, "0.05": 0.011139281906328328, "0.1": 0.004899530353941717, "0.15": 0.002171343459816294, "0.2": 0.001190868467679091, "0.25": 0.0007603185314680158, "0.3": 0.0003081270163767656, "0.35": 0.0001309573306815032, "0.4": 8.358408559010364e-05}, "10": {"0": 0.010441274224259384, "0.05": 0.08883068245844516, "0.1": 0.12436865610669001, "0.15": 0.14213934797920297, "0.2": 0.14305469377148478, "0.25": 0.13818743248390353, "0.3": 0.12708119437119672, "0.35": 0.11318686742798692, "0.4": 0.09782253136717592}, "11": {"0": 0.010441274224259384, "0.05": 0.002722537818330528, "0.1": 0.0010303424895820364, "0.15": 0.000605250772927931, "0.2": 0.0004001181361548088, "0.25": 0.00033295147703740085, "0.3": 0.0002574506616289867, "0.35": 0.0001736265706786413, "0.4": 0.00020442304421106498}, "12": {"0": 0.010441274224259384, "0.05": 0.021180670920428454, "0.1": 0.01354699666076506, "0.15": 0.008041581408036192, "0.2": 0.004365596258302894, "0.25": 0.0024940738525613773, "0.3": 0.0009248332468946934, "0.35": 0.0006878987403758437, "0.4": 0.0003643878047686222}, "13": {"0": 0.010441274224259384, "0.05": 0.0005643212722540042, "0.1": 3.933368733651936e-05, "0.15": 0.0, "0.2": 0.0, "0.25": 0.0, "0.3": 0.0, "0.35": 0.0, "0.4": 0.0}, "14": {"0": 0.010441274224259384, "0.05": 0.13349495813184278, "0.1": 0.22351377887338367, "0.15": 0.28708729634868513, "0.2": 0.3272466675123502, "0.25": 0.3441386363040372, "0.3": 0.34670194904604895, "0.35": 0.3449888890595865, "0.4": 0.33249239830861194}, "15": {"0": 0.010441274224259384, "0.05": 0.01452375230523923, "0.1": 0.004902299895408608, "0.15": 0.0010831871088562116, "0.2": 0.00022408200925871412, "0.25": 4.9336874254712234e-05, "0.3": 8.358408559010366e-06, "0.35": 0.0, "0.4": 0.0}}, "recall": {"0": {"0": 1.0, "0.05": 0.12817025122487616, "0.1": 0.03852637271912218, "0.15": 0.015608897450882252, "0.2": 0.007915192726375472, "0.25": 0.004132530006597427, "0.3": 0.0022306883829658277, "0.35": 0.001336879614054422, "0.4": 0.0009369235282062295}, "1": {"0": 1.0, "0.05": 0.13308352522659198, "0.1": 0.027626399141192914, "0.15": 0.00615388344507639, "0.2": 0.001598331675835979, "0.25": 0.0006368625063745676, "0.3": 0.0002580527374793377, "0.35": 5.257708609700068e-05, "0.4": 2.786136186336788e-05}, "2": {"0": 1.0, "0.05": 0.13990335594958545, "0.1": 0.05994288319118008, "0.15": 0.026101967968203625, "0.2": 0.010980600049745725, "0.25": 0.005021290345708587, "0.3": 0.0022998460794410066, "0.35": 0.0011393127826285453, "0.4": 0.00025010087365776}, "3": {"0": 1.0, "0.05": 0.012611219912346901, "0.1": 0.0016086991814322532, "0.15": 0.00034934938639377846, "0.2": 0.00013960089521563245, "0.25": 4.166390117412064e-05, "0.3": 4.166390117412064e-05, "0.35": 2.3449161375273677e-05, "0.4": 2.3449161375273677e-05}, "4": {"0": 1.0, "0.05": 0.05061804906143295, "0.1": 0.029399985109233764, "0.15": 0.020287611188223163, "0.2": 0.01325484191745681, "0.25": 0.008047451758041049, "0.3": 0.0046920369112805295, "0.35": 0.002190914820752392, "0.4": 0.0013603399958872476}, "5": {"0": 1.0, "0.05": 0.15460671506202556, "0.1": 0.0545363812346828, "0.15": 0.023732068650130996, "0.2": 0.012970625302844053, "0.25": 0.007493835498970988, "0.3": 0.004501843352925602, "0.35": 0.002743282600043059, "0.4": 0.001945892991512905}, "6": {"0": 1.0, "0.05": 0.1127597115158199, "0.1": 0.017526545165061278, "0.15": 0.00423864471496523, "0.2": 0.0011899280665807813, "0.25": 0.00034812112270266054, "0.3": 0.00020359994003835743, "0.35": 0.00011242878963688451, "0.4": 7.899515540084304e-05}, "7": {"0": 1.0, "0.05": 0.12450787320196827, "0.1": 0.07336846266529737, "0.15": 0.05333499590509941, "0.2": 0.04139080215773271, "0.25": 0.033009093789014364, "0.3": 0.02914921017041946, "0.35": 0.024256224158611266, "0.4": 0.022941873550148626}, "8": {"0": 1.0, "0.05": 0.0320964424110571, "0.1": 0.005152902973935347, "0.15": 0.001388878913681985, "0.2": 0.00044446075538474595, "0.25": 0.00016670569894643739, "0.3": 3.2122511324824145e-05, "0.35": 0.0, "0.4": 0.0}, "9": {"0": 1.0, "0.05": 0.03348942619863136, "0.1": 0.006520231617647059, "0.15": 0.0021877055235353642, "0.2": 0.0011173595996083494, "0.25": 0.0006505946285215892, "0.3": 0.00022241554190341733, "0.35": 0.00011409891048807798, "0.4": 8.358408559010364e-05}, "10": {"0": 1.0, "0.05": 0.4843966690693505, "0.1": 0.3734743050334, "0.15": 0.29126016114310205, "0.2": 0.22283848799492575, "0.25": 0.17512637261374797, "0.3": 0.13704913309064465, "0.35": 0.10722565552569091, "0.4": 0.08321247027287813}, "11": {"0": 1.0, "0.05": 0.019451785074802056, "0.1": 0.0037500818059095467, "0.15": 0.00133418524206138, "0.2": 0.0006588492025788392, "0.25": 0.0004591750110462347, "0.3": 0.0003085219896063106, "0.35": 0.00018563002628778347, "0.4": 0.00018250538757413472}, "12": {"0": 1.0, "0.05": 0.10068288161092433, "0.1": 0.028221679240171327, "0.15": 0.010745072447432537, "0.2": 0.004478164284954248, "0.25": 0.0021990153514704755, "0.3": 0.0006578154116840981, "0.35": 0.0004582690567837463, "0.4": 0.0002252457355737966}, "13": {"0": 1.0, "0.05": 0.0010272359685148012, "0.1": 2.786136186336788e-05, "0.15": 0.0, "0.2": 0.0, "0.25": 0.0, "0.3": 0.0, "0.35": 0.0, "0.4": 0.0}, "14": {"0": 1.0, "0.05": 0.5919725313803449, "0.1": 0.5345986426651741, "0.15": 0.4852137391015727, "0.2": 0.4390498684802463, "0.25": 0.3922617199546333, "0.3": 0.35007953693515537, "0.35": 0.31728752054023823, "0.4": 0.28349502505373436}, "15": {"0": 1.0, "0.05": 0.06565966158709625, "0.1": 0.010591135514349502, "0.15": 0.001308408276043493,