{"fscore": {"0": {"0": 0.010441274224259384, "0.05": 0.016541391416151872, "0.1": 0.017366001619475834, "0.15": 0.01742241449389217, "0.2": 0.015761595427914964, "0.25": 0.012623608480523584, "0.3": 0.010097372046218548, "0.35": 0.007251143626287799, "0.4": 0.005871852516779588}, "1": {"0": 0.010441274224259384, "0.05": 0.018712009959046275, "0.1": 0.01393910861450595, "0.15": 0.010710228929029592, "0.2": 0.00814110938539003, "0.25": 0.006395596209772694, "0.3": 0.005036436926426863, "0.35": 0.004035114983037649, "0.4": 0.003084682643935438}, "2": {"0": 0.010441274224259384, "0.05": 0.010927224876054405, "0.1": 0.010512917006473482, "0.15": 0.01079705192616716, "0.2": 0.01104636992992428, "0.25": 0.011063092309022679, "0.3": 0.01103546934702004, "0.35": 0.011041619859266855, "0.4": 0.010625001699953982}, "3": {"0": 0.010441274224259384, "0.05": 0.004271814941471896, "0.1": 0.0023776229583541094, "0.15": 0.0009389665509929974, "0.2": 0.0003068951392644037, "0.25": 0.00013711123535438868, "0.3": 0.00014231805418539548, "0.35": 0.00010972377157355381, "0.4": 8.517452829879273e-05}, "4": {"0": 0.010441274224259384, "0.05": 0.019870582368544637, "0.1": 0.00866469537944291, "0.15": 0.0026084616993088416, "0.2": 0.0007863762109488768, "0.25": 0.00019513125381486474, "0.3": 8.409891510279632e-05, "0.35": 7.815654756477224e-05, "0.4": 4.776233462291637e-05}, "5": {"0": 0.010441274224259384, "0.05": 0.00857492614579067, "0.1": 0.0066723648175121865, "0.15": 0.00414576780942505, "0.2": 0.0026843958738148, "0.25": 0.0014447182088510077, "0.3": 0.0006065127212388983, "0.35": 0.0002102608434499912, "0.4": 6.529497524412092e-05}, "6": {"0": 0.010441274224259384, "0.05": 0.056503505160827396, "0.1": 0.06284095260277046, "0.15": 0.05741259601994611, "0.2": 0.048035538014541995, "0.25": 0.039088405110753996, "0.3": 0.02976815934479581, "0.35": 0.022653898425411274, "0.4": 0.016816705486870864}, "7": {"0": 0.010441274224259384, "0.05": 0.019223523748243994, "0.1": 0.017281877429953366, "0.15": 0.014924334010259782, "0.2": 0.013428424449524703, "0.25": 0.012417838173489827, "0.3": 0.011715133547778965, "0.35": 0.010573804460687288, "0.4": 0.00988685844071211}, "8": {"0": 0.010441274224259384, "0.05": 0.026362845193245794, "0.1": 0.024377064647778602, "0.15": 0.022223547652424524, "0.2": 0.01986750603070573, "0.25": 0.016978761757694732, "0.3": 0.014368197755690412, "0.35": 0.012647776211833146, "0.4": 0.010165273377703427}, "9": {"0": 0.010441274224259384, "0.05": 0.002902613281468407, "0.1": 0.0017365604183449187, "0.15": 0.0011239103848503266, "0.2": 0.0008665416094147967, "0.25": 0.0006118799764311816, "0.3": 0.00044779728259458504, "0.35": 0.00033801328384039744, "0.4": 0.0003158298838499936}, "10": {"0": 0.010441274224259384, "0.05": 0.052381547145200776, "0.1": 0.063693392888371, "0.15": 0.06459563572620583, "0.2": 0.05834294806140384, "0.25": 0.050355280205079435, "0.3": 0.04080620545429608, "0.35": 0.03268719321408221, "0.4": 0.024893760914396865}, "11": {"0": 0.010441274224259384, "0.05": 0.02058381399489771, "0.1": 0.01636457959915002, "0.15": 0.014313602301860382, "0.2": 0.012850541472644623, "0.25": 0.01117035412282232, "0.3": 0.00975935501061032, "0.35": 0.0073422506941342135, "0.4": 0.00563354323226134}}, "recall": {"0": {"0": 1.0, "0.05": 0.1138257501085353, "0.1": 0.04862175876092334, "0.15": 0.0279158657252437, "0.2": 0.018443685957653614, "0.25": 0.012142961440291263, "0.3": 0.008489678145237831, "0.35": 0.00551727622040665, "0.4": 0.004207274848812384}, "1": {"0": 1.0, "0.05": 0.08793047162619687, "0.1": 0.039910047622984855, "0.15": 0.022404629557953536, "0.2": 0.013760067339704597, "0.25": 0.009111754101751754, "0.3": 0.006337145283417109, "0.35": 0.004566885967010661, "0.4": 0.0031583903863605226}, "2": {"0": 1.0, "0.05": 0.04866250151119003, "0.1": 0.02825532957975899, "0.15": 0.020868270817488283, "0.2": 0.01695875780654438, "0.25": 0.01428863547929219, "0.3": 0.012411605130242804, "0.35": 0.011023201797006107, "0.4": 0.009612455151247349}, "3": {"0": 1.0, "0.05": 0.01140147298703753, "0.1": 0.004524113010249094, "0.15": 0.0014901352681407263, "0.2": 0.0004150728760267273, "0.25": 0.00016821958848882158, "0.3": 0.0001617467468437967, "0.35": 0.00011121136514122194, "0.4": 8.335000327785406e-05}, "4": {"0": 1.0, "0.05": 0.08542625532275384, "0.1": 0.012588956653656128, "0.15": 0.0021703248889685576, "0.2": 0.0005488631504201678, "0.25": 0.00012061680551724183, "0.3": 4.6945884458422075e-05, "0.35": 4.163895838920914e-05, "0.4": 2.5718180181570354e-05}, "5": {"0": 1.0, "0.05": 0.04395414739065087, "0.1": 0.01292876878812713, "0.15": 0.00462348124676275, "0.2": 0.0023219230085122305, "0.25": 0.0010003309504636783, "0.3": 0.00041694524589361867, "0.35": 0.00013121033254705685, "0.4": 3.6129960904283876e-05}, "6": {"0": 1.0, "0.05": 0.30999163616605846, "0.1": 0.17240873230102324, "0.15": 0.10757815217637262, "0.2": 0.06967538956158892, "0.25": 0.04686003731516334, "0.3": 0.031399582497264, "0.35": 0.021536672186791953, "0.4": 0.01452534051976473}, "7": {"0": 1.0, "0.05": 0.0829844615884109, "0.1": 0.048447053178473545, "0.15": 0.03179599167566519, "0.2": 0.023999511039913452, "0.25": 0.019584105825563542, "0.3": 0.016822560473031635, "0.35": 0.014101042548418123, "0.4": 0.012475106270931994}, "8": {"0": 1.0, "0.05": 0.16290454845668711, "0.1": 0.07921914070971922, "0.15": 0.04621620090770137, "0.2": 0.030344413752871384, "0.25": 0.020555003629751593, "0.3": 0.014584412490684673, "0.35": 0.01130289239697597, "0.4": 0.008389036622693335}, "9": {"0": 1.0, "0.05": 0.01753863687060721, "0.1": 0.005235106305591558, "0.15": 0.002215707546008506, "0.2": 0.0012068277608115684, "0.25": 0.0006925609615363479, "0.3": 0.0004207882163568541, "0.35": 0.00026225191759062644, "0.4": 0.00021864399131166776}, "10": {"0": 1.0, "0.05": 0.3517808804956031, "0.1": 0.19531916717410866, "0.15": 0.11940222432267739, "0.2": 0.07655792626765291, "0.25": 0.05246213278161063, "0.3": 0.036422944373298585, "0.35": 0.026734306415057942, "0.4": 0.018752950760898043}, "11": {"0": 1.0, "0.05": 0.10230185663520848, "0.1": 0.04536295244342827, "0.15": 0.026844479555703293, "0.2": 0.018310312092344426, "0.25": 0.012705521280724361, "0.3": 0.009303078554103533, "0.35": 0.006193779912290304, "0.4": 0.004202306274957685}}, "precision": {"0": {"0": 0.005257420766925437, "0.05": 0.009203916495738889, "0.1": 0.012009860524940345, "0.15": 0.015362393809626576, "0.2": 0.017670611080269214, "0.25": 0.018849700846711677, "0.3": 0.020042500323874533, "0.35": 0.018187072517896835, "0.4": 0.01816346527723232}, "1": {"0": 0.005257420766925437, "0.05": 0.010647020015425997, "0.1": 0.008703561825496624, "0.15": 0.007372383765507378, "0.2": 0.006150154948712313, "0.25": 0.005359125314893144, "0.3": 0.004681743818401036, "0.35": 0.004083241184443071, "0.4": 0.0034312580959181397}, "2": {"0": 0.005257420766925437, "0.05": 0.00624122417779366, "0.1": 0.006642234144864105, "0.15": 0.007652617706632162, "0.2": 0.008829220937415904, "0.25": 0.009910934547817427, "0.3": 0.01123695327821639, "0.35": 0.012911310366902832, "0.4": 0.01431206827776858}, "3": {"0": 0.005257420766925437, "0.05": 0.0026736791856675182, "0.1": 0.0016700305486821558, "0.15": 0.0007296149847635118, "0.2": 0.0002598823985307226, "0.25": 0.00011995374497572237, "0.3": 0.0001330830122542877, "0.35": 0.00011342365312879004, "0.4": 9.289143699872138e-05}, "4": {"0": 0.005257420766925437, "0.05": 0.012454270075347587, "0.1": 0.009950456438977117, "0.15": 0.00669341879385052, "0.2": 0.0030120785637335282, "0.25": 0.0011622168091576317, "0.3": 0.0006686726847208291, "0.35": 0.0006686726847208291, "0.4": 0.00033433634236041456}, "5": {"0": 0.005257420766925437, "0.05": 0.00508222000465398, "0.1": 0.005565524726103504, "0.15": 0.005544045847993232, "0.2": 0.005253942082831269, "0.25": 0.00500376791750914, "0.3": 0.002025653680618576, "0.35": 0.0008448746914143104, "0.4": 0.0006686726847208291}, "6": {"0": 0.005257420766925437,