{"fscore": {"0": {"0": 0.010171336154823012, "0.05": 0.01643977931429338, "0.1": 0.012836254034897547, "0.15": 0.010160955519521845, "0.2": 0.007431877079273105, "0.25": 0.002610176234249714, "0.3": 0.0010125660486537391, "0.35": 0.0005659972877543294, "0.4": 0.0002539552931859545}, "1": {"0": 0.010478918436992899, "0.05": 0.01658539617131308, "0.1": 0.013319335666528043, "0.15": 0.008517042835031671, "0.2": 0.004526805418720236, "0.25": 0.002853358485722366, "0.3": 0.0016273791435528252, "0.35": 0.0010191543176900648, "0.4": 0.0007846346051384991}, "2": {"0": 0.010478918024437936, "0.05": 0.011502730942285648, "0.1": 0.009123023092909537, "0.15": 0.0075220773116510984, "0.2": 0.005620677134166155, "0.25": 0.00464813854456401, "0.3": 0.0035367298920198726, "0.35": 0.0028396795215875677, "0.4": 0.0022900117343776305}, "3": {"0": 0.01047891941347474, "0.05": 0.007531264643705143, "0.1": 0.0024638765050244205, "0.15": 0.0006658701845547582, "0.2": 0.00012344201839902298, "0.25": 2.3535180880159565e-05, "0.3": 0.0, "0.35": 0.0, "0.4": 0.0}, "4": {"0": 0.010480136865042688, "0.05": 0.0087684382438739, "0.1": 0.0053962770170560915, "0.15": 0.003400545074763957, "0.2": 0.002095004449134993, "0.25": 0.0011942329189499649, "0.3": 0.0009587302512848188, "0.35": 0.0007172989502148728, "0.4": 0.0005401989112613875}, "5": {"0": 0.010478919216039804, "0.05": 0.004345871725689039, "0.1": 0.0015591078758992337, "0.15": 0.0002966611275873334, "0.2": 2.3401940020827727e-05, "0.25": 2.9506793939304523e-05, "0.3": 0.0, "0.35": 0.0, "0.4": 0.0}, "6": {"0": 0.01047891797777074, "0.05": 0.012900102528971268, "0.1": 0.011698924332996054, "0.15": 0.009418555408953115, "0.2": 0.0072089264527311295, "0.25": 0.005482720998033825, "0.3": 0.003936220736445547, "0.35": 0.002525630786857417, "0.4": 0.0017718626891593174}, "7": {"0": 0.01047891797777074, "0.05": 0.007783270048327112, "0.1": 0.0036131291410870185, "0.15": 0.0015451074300463442, "0.2": 0.0008916431704821831, "0.25": 0.0002932666027421339, "0.3": 0.00018758767962174489, "0.35": 0.0001432718772386231, "0.4": 7.540625117822267e-05}, "8": {"0": 0.010478935866893782, "0.05": 0.014816223881087533, "0.1": 0.015365633203859216, "0.15": 0.012819809865599711, "0.2": 0.009767645373203987, "0.25": 0.007298009573230171, "0.3": 0.004998451356831442, "0.35": 0.0038238749991254687, "0.4": 0.0026543049220096216}, "9": {"0": 0.010479437664374302, "0.05": 0.005927324616600941, "0.1": 0.0034165640334159414, "0.15": 0.0015526201967734396, "0.2": 0.0007970808451333226, "0.25": 0.000374439436965597, "0.3": 0.00025485252839103104, "0.35": 0.00022314122076592385, "0.4": 0.00021369934640357968}, "10": {"0": 0.01047891797777074, "0.05": 0.035522418334359956, "0.1": 0.04737862779541381, "0.15": 0.04596811626344921, "0.2": 0.03951133990643159, "0.25": 0.030772062677781115, "0.3": 0.02354793760216202, "0.35": 0.01778861020134211, "0.4": 0.012571313113782144}, "11": {"0": 0.01047891797777074, "0.05": 0.02032349687926654, "0.1": 0.022994602266576177, "0.15": 0.015090518603708549, "0.2": 0.007527673782798398, "0.25": 0.0035768333660505494, "0.3": 0.0021800266630285807, "0.35": 0.0014429744124947622, "0.4": 0.0005693171963955813}, "12": {"0": 0.01047891797777074, "0.05": 0.0004404269866317892, "0.1": 2.7498660441468302e-05, "0.15": 3.231696479066686e-05, "0.2": 0.0, "0.25": 0.0, "0.3": 0.0, "0.35": 0.0, "0.4": 0.0}, "13": {"0": 0.010479043632235199, "0.05": 0.013093413510474232, "0.1": 0.011091160343496671, "0.15": 0.0075807919097085575, "0.2": 0.004757153797009605, "0.25": 0.002541856102849858, "0.3": 0.0013949597960601454, "0.35": 0.0005572519918352535, "0.4": 0.00036480488302262473}, "14": {"0": 0.01047891797777074, "0.05": 0.0019066903945981805, "0.1": 0.0009204252316191236, "0.15": 0.0005612881446297926, "0.2": 0.00047040897922403705, "0.25": 0.0003782600980644843, "0.3": 0.000252690491692758, "0.35": 0.0002669045270909581, "0.4": 8.910288960636964e-05}, "15": {"0": 0.010476682861979813, "0.05": 0.004373861473928053, "0.1": 0.004086436145119652, "0.15": 0.0035184219189107603, "0.2": 0.003137417042585937, "0.25": 0.0027817894349569166, "0.3": 0.0025125536714051032, "0.35": 0.002343412711939295, "0.4": 0.002044253134938071}}, "recall": {"0": {"0": 0.9349166700362992, "0.05": 0.04404443468844208, "0.1": 0.030079813009245792, "0.15": 0.022165478429967977, "0.2": 0.015081396354554933, "0.25": 0.005268402368988622, "0.3": 0.0021670080650091246, "0.35": 0.0010651043849729432, "0.4": 0.00043972700653196627}, "1": {"0": 1.0, "0.05": 0.0926007751497149, "0.1": 0.0320488717125186, "0.15": 0.01274250884134542, "0.2": 0.0051944358023466985, "0.25": 0.002662817424578418, "0.3": 0.001454161224729034, "0.35": 0.0008006428437370421, "0.4": 0.0006012302044417229}, "2": {"0": 1.0, "0.05": 0.06360888077587395, "0.1": 0.02318582122743245, "0.15": 0.012857245978061885, "0.2": 0.007209820225793509, "0.25": 0.004887068332623665, "0.3": 0.0032086072099039857, "0.35": 0.0022638328292457484, "0.4": 0.001612530717306512}, "3": {"0": 1.0, "0.05": 0.042476989494491635, "0.1": 0.0076834215271358005, "0.15": 0.001322358750186594, "0.2": 0.00017828192578350595, "0.25": 3.3642788987207044e-05, "0.3": 0.0, "0.35": 0.0, "0.4": 0.0}, "4": {"0": 1.0, "0.05": 0.057997550983302976, "0.1": 0.01758252082164954, "0.15": 0.007352536998449296, "0.2": 0.0035208371578916912, "0.25": 0.0016523247834049903, "0.3": 0.0011498142033209682, "0.35": 0.0007037965173581596, "0.4": 0.0004937200144266849}, "5": {"0": 1.0, "0.05": 0.03670254002417842, "0.1": 0.0055852366821232385, "0.15": 0.0008368756047643828, "0.2": 2.8277344191833503e-05, "0.25": 2.8277344191833503e-05, "0.3": 0.0, "0.35": 0.0, "0.4": 0.0}, "6": {"0": 1.0, "0.05": 0.062270523822930204, "0.1": 0.03007974036567623, "0.15": 0.017764315866229025, "0.2": 0.011268773722204438, "0.25": 0.007434281964266119, "0.3": 0.0048503497338208005, "0.35": 0.002773815909971989, "0.4": 0.0016933131605709074}, "7": {"0": 1.0, "0.05": 0.04202543898772865, "0.1": 0.005944835393584736, "0.15": 0.0016268269734277547, "0.2": 0.0007774460765810782, "0.25": 0.00023526441114353887, "0.3": 0.0001247321448060826, "0.35": 9.695089437200057e-05, "0.4": 4.8475447186000285e-05}, "8": {"0": 1.0, "0.05": 0.05968007834857439, "0.1": 0.031793830920532236, "0.15": 0.01881290406849119, "0.2": 0.011429632484149813, "0.25": 0.007127653896539179, "0.3": 0.004397945680295369, "0.35": 0.003113756328958933, "0.4": 0.0019831006241472137}, "9": {"0": 1.0, "0.05": 0.04892153780358046, "0.1": 0.014193166572840754, "0.15": 0.0036386302358350203, "0.2": 0.0012313061215832389, "0.25": 0.00041259982162126347, "0.3": 0.0002496556606456785, "0.35": 0.00021039158259283637, "0.4": 0.00017070744532022932}, "10": {"0": 1.0, "0.05": 0.14384164968647262, "0.1": 0.07739851742843926, "0.15": 0.04838786613476698, "0.2": 0.03286233235473156, "0.25": 0.022222178112358396, "0.3": 0.015620939373205798, "0.35": 0.011351855779035216, "0.4": 0.007873140587076794}, "11": {"0": 1.0, "0.05": 0.11831072913121177, "0.1": 0.049558290436874465, "0.15": 0.01950345450942605, "0.2": 0.0067410022424401785, "0.25": 0.0027338061083874814, "0.3": 0.0014506669291195933, "0.35": 0.0009359800927496889, "0.4": 0.0003623539677153522}, "12": {"0": 1.0, "0.05": 0.00295113808107691, "0.1": 4.73101720132599e-05, "0.15": 2.120800814387513e-05, "0.2": 0.0, "0.25": 0.0, "0.3": 0.0, "0.35": 0.0, "0.4": 0.0}, "13": {"0": 1.0, "0.05": 0.05863578125937112, "0.1": 0.023104098529762775, "0.15": 0.010532128076478431, "0.2": 0.005180807751481699, "0.25": 0.0023462492607630478, "0.3": 0.0011704007646244387, "0.35": 0.00041660517060698553, "0.4": 0.0002587610938832496}, "14": {"0": 1.0, "0.05": 0.013218586569758562, "0.1": 0.004437564896711358, "0.15": 0.0022162545234985114, "0.2": 0.0015278106230870504, "0.25": 0.000909208642050099, "0.3": 0.0004822473480223917, "0.35": 0.0003320479883369706, "0.4": 9.199197093063314e-05}, "15": {"0": 0.9997789808337227, "0.05": 0.021153596851693362, "0.1": 0.011055307482680632,