{"fscore": {"0": {"0": 0.010478918001463316, "0.05": 0.028191334572110368, "0.1": 0.04124940668756111, "0.15": 0.04631488632498967, "0.2": 0.04406955674991515, "0.25": 0.03569520200281575, "0.3": 0.0261310056136246, "0.35": 0.018306746667630956, "0.4": 0.012429297769323094}, "1": {"0": 0.01047891797777074, "0.05": 0.02828012254805979, "0.1": 0.01923868006890455, "0.15": 0.011508502966971045, "0.2": 0.00641825477253675, "0.25": 0.003266224408485594, "0.3": 0.001992902274735323, "0.35": 0.0007614207548089439, "0.4": 0.0004942415063816484}, "2": {"0": 0.010480039581129311, "0.05": 0.00016640379166197564, "0.1": 6.487975773199388e-05, "0.15": 4.8189869307625046e-05, "0.2": 4.71006069379122e-05, "0.25": 4.193846150844579e-05, "0.3": 6.525540967346193e-06, "0.35": 0.0, "0.4": 0.0}, "3": {"0": 0.01047891797777074, "0.05": 0.07644537336089759, "0.1": 0.09603519158152579, "0.15": 0.09798414628872675, "0.2": 0.09172600915912654, "0.25": 0.08155939729490046, "0.3": 0.069620325202396, "0.35": 0.058231607025975275, "0.4": 0.04853384790567554}, "4": {"0": 0.01047891797777074, "0.05": 0.011689137517498217, "0.1": 0.00639294576467275, "0.15": 0.0025692377029602415, "0.2": 0.0008275443962815635, "0.25": 0.00023308610855268477, "0.3": 0.0, "0.35": 0.0, "0.4": 0.0}, "5": {"0": 0.01047891797777074, "0.05": 0.001598787031167784, "0.1": 0.00015629081269671286, "0.15": 1.0282670615212185e-05, "0.2": 0.0, "0.25": 0.0, "0.3": 0.0, "0.35": 0.0, "0.4": 0.0}, "6": {"0": 0.010106363376934623, "0.05": 0.007042891408798517, "0.1": 0.007241866547865647, "0.15": 0.0067231192002823025, "0.2": 0.005202942885126379, "0.25": 0.0016389873596255708, "0.3": 0.00015288809877745215, "0.35": 5.249468318343231e-05, "0.4": 5.281747111417713e-05}, "7": {"0": 0.010479000803221531, "0.05": 0.002378686305009668, "0.1": 0.0015258164254645353, "0.15": 0.0007988351138618468, "0.2": 0.0005760238656819572, "0.25": 0.0002859616829803379, "0.3": 0.00017290099013368606, "0.35": 0.00010161698019739097, "0.4": 0.0}, "8": {"0": 0.010478939819554391, "0.05": 0.11190948114097624, "0.1": 0.17718735900989374, "0.15": 0.19584704279935064, "0.2": 0.1917508549269854, "0.25": 0.17719944707014856, "0.3": 0.15954688993001936, "0.35": 0.14169850195152112, "0.4": 0.12568535392798888}, "9": {"0": 0.01047894667384641, "0.05": 0.007811795909276992, "0.1": 0.004943810729548569, "0.15": 0.002941112954634435, "0.2": 0.0016309019287976372, "0.25": 0.000976038849511964, "0.3": 0.0005055343957028769, "0.35": 0.0002895214179108626, "0.4": 0.00020489730856752543}, "10": {"0": 0.01047891797777074, "0.05": 0.0031068301021964094, "0.1": 0.0018176369385057387, "0.15": 0.0010796799073321164, "0.2": 0.00040333971530400603, "0.25": 0.00021110821739126083, "0.3": 0.0001017411487948191, "0.35": 8.884379372192812e-05, "0.4": 4.500562570321291e-05}, "11": {"0": 0.01047891797777074, "0.05": 0.0061447710394744014, "0.1": 0.0011114026358603475, "0.15": 0.00014271613310105278, "0.2": 0.0, "0.25": 0.0, "0.3": 0.0, "0.35": 0.0, "0.4": 0.0}, "12": {"0": 0.01047891797777074, "0.05": 0.009049475140332816, "0.1": 0.004092062667410654, "0.15": 0.002057749398977728, "0.2": 0.0014631583786416504, "0.25": 0.0010416733644212344, "0.3": 0.0004733111844032222, "0.35": 0.0001624859700869202, "0.4": 0.0001077865825665183}, "13": {"0": 0.01047891797777074, "0.05": 0.011152522049118289, "0.1": 0.0042149852764588784, "0.15": 0.001065029876400194, "0.2": 0.0004175082946977627, "0.25": 8.671718885495606e-05, "0.3": 1.885156279455567e-05, "0.35": 0.0, "0.4": 0.0}, "14": {"0": 0.01047891797777074, "0.05": 0.012103406311614901, "0.1": 0.006627308955027325, "0.15": 0.002426793067134695, "0.2": 0.0009273739635068922, "0.25": 0.00037611429882340063, "0.3": 0.00025172380908024337, "0.35": 0.00017704076363582715, "0.4": 0.00012926785916266744}, "15": {"0": 0.01047891797777074, "0.05": 0.011333841124161532, "0.1": 0.007770708399341312, "0.15": 0.0053970624933283706, "0.2": 0.0040246108126466415, "0.25": 0.0025799589188382926, "0.3": 0.0017073142059020649, "0.35": 0.0010436131224471786, "0.4": 0.0006393830753601406}}, "recall": {"0": {"0": 1.0, "0.05": 0.19815378791951538, "0.1": 0.12559331982642882, "0.15": 0.08543502397060702, "0.2": 0.057592881702347304, "0.25": 0.03581274165780661, "0.3": 0.02142905231391892, "0.35": 0.013197069514023843, "0.4": 0.008388014324618857}, "1": {"0": 1.0, "0.05": 0.14000879842994696, "0.1": 0.04091939942859143, "0.15": 0.01603633082439896, "0.2": 0.007220365750899812, "0.25": 0.003218326066458893, "0.3": 0.0019202742666672647, "0.35": 0.000710541028077212, "0.4": 0.0004829179932424908}, "2": {"0": 0.992521974173498, "0.05": 0.0008862252341580369, "0.1": 0.0002117588737772895, "0.15": 0.00010611630111428934, "0.2": 9.229489090463497e-05, "0.25": 6.829774025052316e-05, "0.3": 8.929687639526368e-06, "0.35": 0.0, "0.4": 0.0}, "3": {"0": 1.0, "0.05": 0.4838792626883804, "0.1": 0.3356791486696247, "0.15": 0.23693140716779332, "0.2": 0.16894820155479356, "0.25": 0.12185411828829867, "0.3": 0.08706636758397146, "0.35": 0.06284247297654788, "0.4": 0.04696372423129086}, "4": {"0": 1.0, "0.05": 0.07451601752272113, "0.1": 0.020028318650226043, "0.15": 0.004818226002082653, "0.2": 0.0010852997481348345, "0.25": 0.0002805982615958863, "0.3": 0.0, "0.35": 0.0, "0.4": 0.0}, "5": {"0": 1.0, "0.05": 0.012917119501390672, "0.1": 0.0003269062969605895, "0.15": 9.695089437200058e-06, "0.2": 0.0, "0.25": 0.0, "0.3": 0.0, "0.35": 0.0, "0.4": 0.0}, "6": {"0": 0.9151853731659151, "0.05": 0.02401861016641734, "0.1": 0.01800383754315438, "0.15": 0.014073999898716374, "0.2": 0.009534091272329827, "0.25": 0.0026933616623346424, "0.3": 0.000268678348957451, "0.35": 9.822193600994035e-05, "0.4": 9.315733705020898e-05}, "7": {"0": 1.0, "0.05": 0.016405430628074293, "0.1": 0.0037102858448471326, "0.15": 0.0012985810455720804, "0.2": 0.0006261564459457339, "0.25": 0.00023117492368065904, "0.3": 0.0001282256015878726, "0.35": 7.069336047958375e-05, "0.4": 0.0}, "8": {"0": 0.9999949354010403, "0.05": 0.5112423457039611, "0.1": 0.38337792821950073, "0.15": 0.2906939165632525, "0.2": 0.2266705518166451, "0.25": 0.1778312608689533, "0.3": 0.14316975324583545, "0.35": 0.11720223432549082, "0.4": 0.09760263928563775}, "9": {"0": 1.0, "0.05": 0.04291407385249256, "0.1": 0.011145004652752503, "0.15": 0.004101503525562772, "0.2": 0.0018683282044077412, "0.25": 0.000868981973491707, "0.3": 0.0004351138112831135, "0.35": 0.0002465031486734688, "0.4": 0.00016596708819106184}, "10": {"0": 1.0, "0.05": 0.016868269830577615, "0.1": 0.003622830937722154, "0.15": 0.0013535714093190227, "0.2": 0.00034223801357585195, "0.25": 0.0001528187211317566, "0.3": 7.894091920220186e-05, "0.35": 6.008935640764619e-05, "0.4": 3.181201221581269e-05}, "11": {"0": 1.0, "0.05": 0.025582510903521302, "0.1": 0.0018076341077762118, "0.15": 0.00015048900170514377, "0.2": 0.0, "0.25": 0.0, "0.3": 0.0, "0.35": 0.0, "0.4": 0.0}, "12": {"0": 1.0, "0.05": 0.03790578065811974, "0.1": 0.007260354908094071, "0.15": 0.0027058343153281957, "0.2": 0.0016200318998304054, "0.25": 0.0010068547175680642, "0.3": 0.0004476365480707319, "0.35": 0.0001748054004586071, "0.4": 0.00011568004442113707}, "13": {"0": 1.0, "0.05": 0.053332610952610916, "0.1": 0.006583329287074819, "0.15": 0.0011260851190538945, "0.2": 0.00028554668773742324, "0.25": 4.7398215026311395e-05, "0.3": 9.695089437200058e-06, "0.35": 0.0, "0.4": 0.0}, "14": {"0": 1.0, "0.05": 0.08305128474959872, "0.1": 0.01482864282670845, "0.15": 0.0026262304985951762, "0.2": 0.0007708710391747941, "0.25": 0.0002624018728631595, "0.3": 0.00016557216710912394, "0.35": 0.00011976286951835366, "0.4": 7.984191301223577e-05}, "15": {"0": 1.0, "0.05": 0.06398324654491255, "0.1": 0.014343735725450002, "0.15": 0.00590107266372474, "0.2": 0.0034017723311346505, "0.25": 0.0018901737976840015, "0.3": 0.0011120333925461925, "0.35": 0.0006490952075101351, "0.4": 0.00039513504397483887}}, "precision": {"0": {"0": 0.0052765067699109686, "0.05": 0.015730285429681003,