{"fscore": {"0": {"0": 0.010441274224259384, "0.05": 0.10406181505678212, "0.1": 0.14553375285764403, "0.15": 0.15910036580952905, "0.2": 0.16043376263240136, "0.25": 0.15428305214413152, "0.3": 0.14688417234511286, "0.35": 0.13665593422795544, "0.4": 0.12548289114037542}, "1": {"0": 0.010441274224259384, "0.05": 0.01021036868825512, "0.1": 0.003932880785716486, "0.15": 0.000738983806896643, "0.2": 0.000239174693535393, "0.25": 8.532614175630181e-05, "0.3": 6.129499609940935e-05, "0.35": 0.0, "0.4": 0.0}, "2": {"0": 0.010441274224259384, "0.05": 0.0724838365060324, "0.1": 0.09953025231991051, "0.15": 0.10353999962591395, "0.2": 0.09463481783122663, "0.25": 0.07745634537000579, "0.3": 0.058274434669472776, "0.35": 0.04159383657965769, "0.4": 0.02761904749702379}, "3": {"0": 0.010441274224259384, "0.05": 0.0038518102758227503, "0.1": 0.0021236894962113795, "0.15": 0.001416929152368189, "0.2": 0.0009764641252286312, "0.25": 0.000740081970309583, "0.3": 0.00042827510161651575, "0.35": 0.0002985606849776937, "0.4": 0.000146886467696538}, "4": {"0": 0.010441274224259384, "0.05": 0.026442870036003836, "0.1": 0.014044855880936903, "0.15": 0.004987003874691324, "0.2": 0.001642215054546101, "0.25": 0.0006645967669119048, "0.3": 0.00027302106172864794, "0.35": 0.00014243456847129934, "0.4": 8.38461046671886e-05}, "5": {"0": 0.010441274224259384, "0.05": 0.0174169152788053, "0.1": 0.01110802661310248, "0.15": 0.007230613521231755, "0.2": 0.0050815066567588985, "0.25": 0.003909231183906636, "0.3": 0.00268326729959188, "0.35": 0.001765198538153518, "0.4": 0.001466711760404667}, "6": {"0": 0.010441274224259384, "0.05": 0.04596001894812579, "0.1": 0.0480220645348476, "0.15": 0.04255895522469299, "0.2": 0.032981309068216495, "0.25": 0.024908484754900644, "0.3": 0.018327072899303916, "0.35": 0.012622507015608724, "0.4": 0.008996108715511522}, "7": {"0": 0.010441274224259384, "0.05": 0.00829234712378808, "0.1": 0.004131971965249422, "0.15": 0.001938912663300099, "0.2": 0.0009913062990844716, "0.25": 0.0007052618444905725, "0.3": 0.0005161806569108842, "0.35": 0.00036017161549048085, "0.4": 0.0002554319425436892}, "8": {"0": 0.010441274224259384, "0.05": 0.005492507941020393, "0.1": 0.004484942055548047, "0.15": 0.002328327998144205, "0.2": 0.0008008421422389325, "0.25": 0.00014111197340503455, "0.3": 0.00010972321362274928, "0.35": 7.47386687302355e-05, "0.4": 7.754758677756487e-05}, "9": {"0": 0.010441274224259384, "0.05": 0.11894416683955654, "0.1": 0.12659059309551493, "0.15": 0.11245409015154685, "0.2": 0.09415542783157843, "0.25": 0.07771551967888338, "0.3": 0.06518258608419025, "0.35": 0.053805226824539816, "0.4": 0.04412977976441462}, "10": {"0": 0.010441274224259384, "0.05": 0.034053805884656126, "0.1": 0.04806202784334917, "0.15": 0.05141527515223027, "0.2": 0.04490042986624836, "0.25": 0.03199428986205539, "0.3": 0.0216933955835559, "0.35": 0.013412704555814368, "0.4": 0.006468721238236152}, "11": {"0": 0.010441274224259384, "0.05": 0.003978908073435543, "0.1": 0.0019225425122104932, "0.15": 0.0013120960760678582, "0.2": 0.0009670748861700833, "0.25": 0.0004288637636048289, "0.3": 3.343363423604146e-05, "0.35": 0.0, "0.4": 0.0}, "12": {"0": 0.010441274224259384, "0.05": 0.007108072266178739, "0.1": 0.0018924940917477186, "0.15": 0.0006920350447665055, "0.2": 0.0001632217607730353, "0.25": 3.145238183686863e-05, "0.3": 0.0, "0.35": 0.0, "0.4": 0.0}, "13": {"0": 0.010441274224259384, "0.05": 0.02609006655464204, "0.1": 0.026668934692593477, "0.15": 0.025308474659808018, "0.2": 0.021729488214029584, "0.25": 0.017544050505395745, "0.3": 0.013564587423168545, "0.35": 0.010187588255450245, "0.4": 0.006779288611891053}, "14": {"0": 0.010441274224259384, "0.05": 0.03166286342946829, "0.1": 0.025912208199556738, "0.15": 0.020174748551845242, "0.2": 0.015527577249615253, "0.25": 0.011618503502057885, "0.3": 0.009425292636402292, "0.35": 0.0069597081728413, "0.4": 0.0051027717191264544}, "15": {"0": 0.010441274224259384, "0.05": 0.02163397419642488, "0.1": 0.013241876249398142, "0.15": 0.008576311793492214, "0.2": 0.005672306375136756, "0.25": 0.0038185706752520616, "0.3": 0.002354594799742316, "0.35": 0.0014615312475562893, "0.4": 0.0009770566099533238}}, "recall": {"0": {"0": 1.0, "0.05": 0.49929523353092115, "0.1": 0.37899542598991764, "0.15": 0.29386855177193777, "0.2": 0.23624504896923748, "0.25": 0.19313185320020343, "0.3": 0.16180354744418915, "0.35": 0.1356938346583207, "0.4": 0.11386318245750408}, "1": {"0": 1.0, "0.05": 0.04498044861371726, "0.1": 0.0070208733521561475, "0.15": 0.0007144720290083827, "0.2": 0.00016614439611763575, "0.25": 5.4177581816278844e-05, "0.3": 3.6093127868453844e-05, "0.35": 0.0, "0.4": 0.0}, "2": {"0": 1.0, "0.05": 0.29627066812373126, "0.1": 0.18508087850863905, "0.15": 0.1274532207433799, "0.2": 0.0898869186515145, "0.25": 0.062104338786014845, "0.3": 0.04208231560847451, "0.35": 0.028308044491091047, "0.4": 0.018221781684550357}, "3": {"0": 1.0, "0.05": 0.019216951459827086, "0.1": 0.006182715828377657, "0.15": 0.0030106106342707656, "0.2": 0.0016765787219686155, "0.25": 0.0011732063542979866, "0.3": 0.0004835414485069204, "0.35": 0.0003209930841267412, "0.4": 0.00017621780964175435}, "4": {"0": 1.0, "0.05": 0.0726486203219854, "0.1": 0.016560291744266615, "0.15": 0.004079136901123519, "0.2": 0.001200262296651805, "0.25": 0.0004296680448316122, "0.3": 0.00016364228166301052, "0.35": 7.845405705653114e-05, "0.4": 4.5816461730871626e-05}, "5": {"0": 1.0, "0.05": 0.06992053553334998, "0.1": 0.02098331911271007, "0.15": 0.009760797841024455, "0.2": 0.005798665807940477, "0.25": 0.0038873363124903777, "0.3": 0.0025084087891234274, "0.35": 0.001661305901759195, "0.4": 0.0013084645205238788}, "6": {"0": 1.0, "0.05": 0.17257628977603065, "0.1": 0.08399562627417499, "0.15": 0.04988969374765962, "0.2": 0.030315393169186883, "0.25": 0.019545519599786648, "0.3": 0.012996276716199344, "0.35": 0.008297774707405102, "0.4": 0.0056433096025337096}, "7": {"0": 1.0, "0.05": 0.03635001967726916, "0.1": 0.008972087684937527, "0.15": 0.0028811256010191364, "0.2": 0.0009761532685672455, "0.25": 0.000549592588656406, "0.3": 0.00035142666645194106, "0.35": 0.00022484222170769273, "0.4": 0.0001535541888110488}, "8": {"0": 1.0, "0.05": 0.013598818529059026, "0.1": 0.008473491983325128, "0.15": 0.003787310486635809, "0.2": 0.0011953938019371132, "0.25": 0.0001973323705995165, "0.3": 0.0001465131786682891, "0.35": 0.00010681569359118691, "0.4": 0.00010318160291335631}, "9": {"0": 1.0, "0.05": 0.48293247199957406, "0.1": 0.32932379193899003, "0.15": 0.22031442402002513, "0.2": 0.14937318826750212, "0.25": 0.10391485331367337, "0.3": 0.07567908019021788, "0.35": 0.05580835093095749, "0.4": 0.041592343613486}, "10": {"0": 1.0, "0.05": 0.13733089598828338, "0.1": 0.07179737729639327, "0.15": 0.04828215537108279, "0.2": 0.03357529001115362, "0.25": 0.02121727212981452, "0.3": 0.013562232477535376, "0.35": 0.008151920597914388, "0.4": 0.003762404136704383}, "11": {"0": 1.0, "0.05": 0.030231641535470283, "0.1": 0.007051529982947213, "0.15": 0.0026453674500276484, "0.2": 0.0012374256075769817, "0.25": 0.0004169405707177772, "0.3": 1.966684366825968e-05, "0.35": 0.0, "0.4": 0.0}, "12": {"0": 1.0, "0.05": 0.01673970131430038, "0.1": 0.0017005327132427431, "0.15": 0.00043714557436823435, "0.2": 0.00010040430570060697, "0.25": 1.6820220110503332e-05, "0.3": 0.0, "0.35": 0.0, "0.4": 0.0}, "13": {"0": 1.0, "0.05": 0.1286230855532785, "0.1": 0.06589858657713644, "0.15": 0.04045755752170353, "0.2": 0.025759343211924537, "0.25": 0.016888200375682554, "0.3": 0.011250065284377976, "0.35": 0.00750004925662129, "0.4": 0.0046338876302130525}, "14": {"0": 1.0, "0.05": 0.13981803186914982, "0.1": 0.0607594731047541, "0.15": 0.03321095967639439, "0.2": 0.02027305794002397, "0.25": 0.012988673812886735, "0.3": 0.009284449925413867, "0.35": 0.006130375276763635, "0.4": 0.004287706907952549}, "15": {"0": 1.0, "0.05": 0.11921795686347324, "0.1": 0.03562019588667564,