{"fscore": {"0": {"0": 0.010481312577932389, "0.05": 0.006161195711836703, "0.1": 0.007232798907660551, "0.15": 0.00531942983335393, "0.2": 0.0032250762002337258, "0.25": 0.001355720386600045, "0.3": 0.00011832210853838548, "0.35": 2.9980712454829075e-05, "0.4": 1.2118861796500075e-05}, "1": {"0": 0.010479075835324926, "0.05": 0.0022576938513496746, "0.1": 0.0003249994849851888, "0.15": 9.986493054334461e-05, "0.2": 5.32707225256652e-05, "0.25": 0.0, "0.3": 0.0, "0.35": 0.0, "0.4": 0.0}, "2": {"0": 0.010478878485152155, "0.05": 0.00416173204590182, "0.1": 0.004329312208027267, "0.15": 0.0027546289879030847, "0.2": 0.0019697336248031155, "0.25": 0.000899655057451673, "0.3": 3.770312558911134e-05, "0.35": 3.9920956506117886e-05, "0.4": 0.0}, "3": {"0": 0.010979639154374724, "0.05": 0.0076811659513896, "0.1": 0.007187606165324363, "0.15": 0.00655788646427746, "0.2": 0.004594894932044375, "0.25": 0.0004058549824147576, "0.3": 3.861439562920568e-05, "0.35": 4.2833166221202704e-05, "0.4": 4.3468809263194276e-05}, "4": {"0": 0.010478917986750125, "0.05": 0.0666065286129071, "0.1": 0.09248512762738204, "0.15": 0.09921706598947228, "0.2": 0.09898742825431077, "0.25": 0.09329949566204519, "0.3": 0.08491627057336452, "0.35": 0.07472940417976145, "0.4": 0.06064971142181574}, "5": {"0": 0.01047891797777074, "0.05": 0.009292323782725202, "0.1": 0.005270927247444556, "0.15": 0.002716983969796036, "0.2": 0.0011414273296702449, "0.25": 0.0006944579844713624, "0.3": 0.00040642056201249004, "0.35": 0.00014142937155372533, "0.4": 6.956226671191042e-05}, "6": {"0": 0.010478918299387727, "0.05": 0.0029873862557745416, "0.1": 0.0005536736225343976, "0.15": 0.00035052381359102207, "0.2": 0.00020525954908561008, "0.25": 0.00012123994224288378, "0.3": 0.00012008938124702596, "0.35": 0.00010415488443992007, "0.4": 0.00010637271535692661}, "7": {"0": 0.01047891797777074, "0.05": 0.00019097566522821978, "0.1": 8.397260254446627e-05, "0.15": 0.0, "0.2": 0.0, "0.25": 0.0, "0.3": 0.0, "0.35": 0.0, "0.4": 0.0}, "8": {"0": 0.01047892083110331, "0.05": 0.022958145715582055, "0.1": 0.018662384717188, "0.15": 0.011267635799088795, "0.2": 0.006432309563890009, "0.25": 0.0039661554787119024, "0.3": 0.0022587450488147265, "0.35": 0.0015130831331616405, "0.4": 0.000995769283316052}, "9": {"0": 0.01047891797777074, "0.05": 0.0009439741419124842, "0.1": 0.0001908348298901756, "0.15": 1.655259172204888e-05, "0.2": 0.0, "0.25": 0.0, "0.3": 0.0, "0.35": 0.0, "0.4": 0.0}, "10": {"0": 0.010479122277749432, "0.05": 0.009014796083130515, "0.1": 0.009333730073354175, "0.15": 0.008512893701477542, "0.2": 0.005922291471851586, "0.25": 0.0032296957964712365, "0.3": 0.0009994205273038722, "0.35": 0.0003709267511865162, "0.4": 0.00010787515548971684}, "11": {"0": 0.010491907273503152, "0.05": 0.014312044140432223, "0.1": 0.012594484363986466, "0.15": 0.009894985132973181, "0.2": 0.007692541056446122, "0.25": 0.0059142948174266295, "0.3": 0.004864355698247411, "0.35": 0.003581241611351074, "0.4": 0.0031553279213198675}, "12": {"0": 0.010479121250099505, "0.05": 0.0051715579343788445, "0.1": 0.0009893263122671184, "0.15": 0.00016444512495984484, "0.2": 3.0260430667624428e-05, "0.25": 2.8277344191833503e-05, "0.3": 0.0, "0.35": 0.0, "0.4": 0.0}, "13": {"0": 0.010478890896908798, "0.05": 0.008045986771869702, "0.1": 0.008818414474464398, "0.15": 0.0063580201183505184, "0.2": 0.003819213682832604, "0.25": 0.0017962848310494365, "0.3": 0.0002952409752818979, "0.35": 0.00021095391561446836, "0.4": 8.648386124142023e-05}, "14": {"0": 0.010478918015074942, "0.05": 0.018079038145238282, "0.1": 0.014233239629326716, "0.15": 0.009231630518844354, "0.2": 0.005735498468644491, "0.25": 0.003930633645297944, "0.3": 0.0030763513734111294, "0.35": 0.0023938565394279613, "0.4": 0.0016206409418220776}, "15": {"0": 0.0104845306430326, "0.05": 0.0174645113130122, "0.1": 0.013213731328740331, "0.15": 0.00974337215933656, "0.2": 0.008105893350577771, "0.25": 0.006428360647620086, "0.3": 0.005092373065304283, "0.35": 0.004455697219185525, "0.4": 0.003787493053729427}}, "recall": {"0": {"0": 0.9999873276474588, "0.05": 0.033166142790740975, "0.1": 0.021312093885852132, "0.15": 0.010843259263644673, "0.2": 0.00491371192781276, "0.25": 0.001647406756581112, "0.3": 0.00011694349594598311, "0.35": 2.3616928778854507e-05, "0.4": 9.171030548702759e-06}, "1": {"0": 1.0, "0.05": 0.020451215980941267, "0.1": 0.0018692201273207078, "0.15": 0.00035373452724788383, "0.2": 0.000178916165468367, "0.25": 0.0, "0.3": 0.0, "0.35": 0.0, "0.4": 0.0}, "2": {"0": 0.9999877674229164, "0.05": 0.02594661033155811, "0.1": 0.011307489867304347, "0.15": 0.00374917550490579, "0.2": 0.001851063188627571, "0.25": 0.0006549418791278493, "0.3": 2.4237723593000143e-05, "0.35": 2.4237723593000143e-05, "0.4": 0.0}, "3": {"0": 0.9306461518660372, "0.05": 0.021120304749873187, "0.1": 0.015886811986625084, "0.15": 0.013307230642258739, "0.2": 0.008723356131262074, "0.25": 0.0007590606714347264, "0.3": 9.621383730647389e-05, "0.35": 9.621383730647389e-05, "0.4": 9.621383730647389e-05}, "4": {"0": 1.0, "0.05": 0.3489080631802238, "0.1": 0.2553264155654318, "0.15": 0.20128358660859397, "0.2": 0.1639915568022966, "0.25": 0.13336678717568698, "0.3": 0.10352865990533787, "0.35": 0.07783997644068533, "0.4": 0.05772046339074086}, "5": {"0": 1.0, "0.05": 0.04507242130472654, "0.1": 0.006455324577929761, "0.15": 0.002278887509295885, "0.2": 0.0008427030837671189, "0.25": 0.0004785162603075835, "0.3": 0.000267116836695798, "0.35": 8.746656774865269e-05, "0.4": 3.8991120562652404e-05}, "6": {"0": 1.0, "0.05": 0.015557583049679977, "0.1": 0.0008271631880649533, "0.15": 0.0004065499202035295, "0.2": 0.00021402550245441318, "0.25": 0.00012215944519982527, "0.3": 0.00011187677458461307, "0.35": 8.577461071522829e-05, "0.4": 8.577461071522829e-05}, "7": {"0": 1.0, "0.05": 0.0010972927409938194, "0.1": 9.371919789293391e-05, "0.15": 0.0, "0.2": 0.0, "0.25": 0.0, "0.3": 0.0, "0.35": 0.0, "0.4": 0.0}, "8": {"0": 1.0, "0.05": 0.06980334404916344, "0.1": 0.021672597970738883, "0.15": 0.009163555757285087, "0.2": 0.0045595114809659, "0.25": 0.002555028095367374, "0.3": 0.001413864209796666, "0.35": 0.0009434628641119381, "0.4": 0.0006219138135539166}, "9": {"0": 1.0, "0.05": 0.004507544855840811, "0.1": 0.00024959790263973553, "0.15": 8.700721289794923e-06, "0.2": 0.0, "0.25": 0.0, "0.3": 0.0, "0.35": 0.0, "0.4": 0.0}, "10": {"0": 0.9999902765623481, "0.05": 0.05066632876796462, "0.1": 0.026759068995419296, "0.15": 0.015497565552326353, "0.2": 0.007885879896427217, "0.25": 0.0034223096710066254, "0.3": 0.0009080736255162768, "0.35": 0.00028572019279988396, "0.4": 6.968243069391603e-05}, "11": {"0": 1.0, "0.05": 0.06615242163957284, "0.1": 0.03267882894991441, "0.15": 0.017777053510398426, "0.2": 0.010677752147876453, "0.25": 0.006804568541730606, "0.3": 0.004933215927078055, "0.35": 0.00327385183602374, "0.4": 0.0027213041811917507}, "12": {"0": 1.0, "0.05": 0.02628171311514351, "0.1": 0.002798840966321439, "0.15": 0.0003181966469389514, "0.2": 5.875811780121247e-05, "0.25": 4.8475447186000285e-05, "0.3": 0.0, "0.35": 0.0, "0.4": 0.0}, "13": {"0": 0.9999932715609985, "0.05": 0.04348664383930319, "0.1": 0.018401066112227093, "0.15": 0.007795971121268666, "0.2": 0.003116323173136064, "0.25": 0.0012006368256844947, "0.3": 0.00018600430851570276, "0.35": 0.00012868978811538526, "0.4": 4.641043833442883e-05}, "14": {"0": 1.0, "0.05": 0.07526934437240819, "0.1": 0.02385474349698812, "0.15": 0.010567348038467157, "0.2": 0.00529558018909872, "0.25": 0.0033103048600172068, "0.3": 0.002317350304146617, "0.35": 0.0016329789012870602, "0.4": 0.0010361325237815485}, "15": {"0": 0.9999821221004768, "0.05": 0.08491430457607801, "0.1": 0.03259872008799833, "0.15": 0.01623161133957261, "0.2": 0.01051095108444662, "0.25": 0.007124813243741555, "0.3": 0.005046827948824963, "0.35": 0.003967891009081881, "0.4": 0.0030940255487318085}}, "precision": {"0": {"0": 0.005277714071275171,