{"fscore": {"0": {"0": 0.011099634023900469, "0.05": 2.9350304518369026e-05, "0.1": 4.215256277043504e-06, "0.15": 4.268278368578642e-06, "0.2": 4.322651341426777e-06, "0.25": 0.0, "0.3": 0.0, "0.35": 0.0, "0.4": 0.0}, "1": {"0": 0.011099634023900469, "0.05": 0.005883018032328752, "0.1": 0.0020389958466176116, "0.15": 0.0009177200175577446, "0.2": 0.0005941456559634825, "0.25": 0.0004447068772830171, "0.3": 0.00028329497264484863, "0.35": 0.00015383436658941214, "0.4": 0.00011870007955121506}, "2": {"0": 0.011099634023900469, "0.05": 0.0, "0.1": 0.0, "0.15": 0.0, "0.2": 0.0, "0.25": 0.0, "0.3": 0.0, "0.35": 0.0, "0.4": 0.0}, "3": {"0": 0.011099634023900469, "0.05": 0.009565140976207044, "0.1": 0.0008699397151988409, "0.15": 0.00011094228700466681, "0.2": 1.593336421954705e-05, "0.25": 0.0, "0.3": 0.0, "0.35": 0.0, "0.4": 0.0}, "4": {"0": 0.011099634023900469, "0.05": 0.00614581565335201, "0.1": 0.00131730686309239, "0.15": 0.00034726181312413884, "0.2": 0.00012385256502432153, "0.25": 2.8162609843934028e-05, "0.3": 9.112607428289508e-06, "0.35": 0.0, "0.4": 0.0}, "5": {"0": 0.011099634023900469, "0.05": 0.007958131744120743, "0.1": 0.006115736833315387, "0.15": 0.0028774495570612554, "0.2": 0.0012278533105458205, "0.25": 0.0005880114340254669, "0.3": 0.0002914444103481307, "0.35": 0.00021151485494428886, "0.4": 0.00010557302898322949}, "6": {"0": 0.011099634023900469, "0.05": 0.00023785506983469213, "0.1": 1.937745382602001e-05, "0.15": 2.6824358126640482e-06, "0.2": 0.0, "0.25": 0.0, "0.3": 0.0, "0.35": 0.0, "0.4": 0.0}, "7": {"0": 0.011099634023900469, "0.05": 0.004203218040620938, "0.1": 0.0009710340032598447, "0.15": 0.0002885340256174746, "0.2": 0.00012092307518442263, "0.25": 3.8814123408221215e-05, "0.3": 1.896191673760812e-05, "0.35": 3.668412219481103e-06, "0.4": 0.0}, "8": {"0": 0.011099634023900469, "0.05": 0.0007525824140477215, "0.1": 0.00016216035315702712, "0.15": 3.776730854548455e-05, "0.2": 5.593946816353848e-06, "0.25": 0.0, "0.3": 0.0, "0.35": 0.0, "0.4": 0.0}, "9": {"0": 0.011099634023900469, "0.05": 0.007880441885665316, "0.1": 0.0013174082613664289, "0.15": 0.0003142227664211286, "0.2": 0.00011553764572119207, "0.25": 4.897542013374678e-05, "0.3": 3.954882471675376e-05, "0.35": 2.3802478275954126e-05, "0.4": 9.29666110416444e-06}, "10": {"0": 0.011099634023900469, "0.05": 0.024665273186727437, "0.1": 0.008119001894902835, "0.15": 0.002969139336171927, "0.2": 0.0015358651039110438, "0.25": 0.0008449928722178521, "0.3": 0.0005764434569301326, "0.35": 0.00033027359954115903, "0.4": 0.00022106826550726813}, "11": {"0": 0.011099634023900469, "0.05": 0.06195633387538215, "0.1": 0.044721777481559546, "0.15": 0.03055742783905868, "0.2": 0.020824176467017706, "0.25": 0.014146039662281909, "0.3": 0.009644355619909707, "0.35": 0.006965986377001398, "0.4": 0.004803730768828199}, "12": {"0": 0.011099634023900469, "0.05": 0.002964432602914867, "0.1": 0.0011649743626370426, "0.15": 0.000538646008677512, "0.2": 0.00025626734605441507, "0.25": 0.00012773863507633385, "0.3": 5.5054979033988305e-05, "0.35": 1.9497178869252597e-05, "0.4": 7.334967586087631e-06}, "13": {"0": 0.011099634023900469, "0.05": 0.005291336363749444, "0.1": 0.0013731660022597905, "0.15": 0.000492712225004125, "0.2": 0.00021562048511089302, "0.25": 0.00010246593706240203, "0.3": 2.531218317734843e-05, "0.35": 1.6384407594743863e-05, "0.4": 9.148517929506857e-06}, "14": {"0": 0.011099634023900469, "0.05": 0.0019603227649925728, "0.1": 0.0003518339380786585, "0.15": 8.399930627128373e-05, "0.2": 5.9839092349290515e-05, "0.25": 2.3586508739235086e-05, "0.3": 9.958776246687473e-06, "0.35": 0.0, "0.4": 0.0}, "15": {"0": 0.011099634023900469, "0.05": 0.000749480761075153, "0.1": 0.00030357251834651827, "0.15": 0.00017198194030167437, "0.2": 0.00012003925289287139, "0.25": 9.624189210840074e-05, "0.3": 8.498020272326719e-05, "0.35": 7.366449029446757e-05, "0.4": 7.421945153620856e-05}}, "recall": {"0": {"0": 0.5856547591822291, "0.05": 5.099995234922815e-05, "0.1": 5.6554688383667e-06, "0.15": 5.6554688383667e-06, "0.2": 5.6554688383667e-06, "0.25": 0.0, "0.3": 0.0, "0.35": 0.0, "0.4": 0.0}, "1": {"0": 0.5856547591822291, "0.05": 0.02148345803944618, "0.1": 0.005704612063841153, "0.15": 0.0022428626855785674, "0.2": 0.0013635728258299066, "0.25": 0.0009690154659746028, "0.3": 0.0006085746260506743, "0.35": 0.0002916607215676356, "0.4": 0.0002248899808668913}, "2": {"0": 0.5856547591822291, "0.05": 0.0, "0.1": 0.0, "0.15": 0.0, "0.2": 0.0, "0.25": 0.0, "0.3": 0.0, "0.35": 0.0, "0.4": 0.0}, "3": {"0": 0.5856547591822291, "0.05": 0.028843379937631915, "0.1": 0.002005414372526466, "0.15": 0.0002265328066494701, "0.2": 2.732110549935604e-05, "0.25": 0.0, "0.3": 0.0, "0.35": 0.0, "0.4": 0.0}, "4": {"0": 0.5856547591822291, "0.05": 0.02237746634643211, "0.1": 0.0038018378133485957, "0.15": 0.0011004374828710829, "0.2": 0.00031727652589476764, "0.25": 5.243696639903774e-05, "0.3": 1.7485507519587865e-05, "0.35": 0.0, "0.4": 0.0}, "5": {"0": 0.5856547591822291, "0.05": 0.031110159475609283, "0.1": 0.01901429334242899, "0.15": 0.007460731230251392, "0.2": 0.0027340247791454828, "0.25": 0.0011871514675222505, "0.3": 0.0005430834451890946, "0.35": 0.00036739430867272876, "0.4": 0.0001725251414375224}, "6": {"0": 0.5856547591822291, "0.05": 0.0005828752611285211, "0.1": 3.2882227507756776e-05, "0.15": 5.064598959731374e-06, "0.2": 0.0, "0.25": 0.0, "0.3": 0.0, "0.35": 0.0, "0.4": 0.0}, "7": {"0": 0.5856547591822291, "0.05": 0.015690981401569052, "0.1": 0.002679528992168935, "0.15": 0.0006416076760445905, "0.2": 0.0002262555058426233, "0.25": 6.285354513987296e-05, "0.3": 2.8495359808325655e-05, "0.35": 3.900323336804621e-06, "0.4": 0.0}, "8": {"0": 0.5856547591822291, "0.05": 0.0033486611114752875, "0.1": 0.00048269180250752326, "0.15": 8.453205175000368e-05, "0.2": 1.1049916038039555e-05, "0.25": 0.0, "0.3": 0.0, "0.35": 0.0, "0.4": 0.0}, "9": {"0": 0.5856547591822291, "0.05": 0.03605933149764698, "0.1": 0.003880973379172432, "0.15": 0.0006219528562347996, "0.2": 0.00021588663070147885, "0.25": 7.806494635287668e-05, "0.3": 6.203470588131574e-05, "0.35": 3.9777699485162916e-05, "0.4": 8.929687639526368e-06}, "10": {"0": 0.5856547591822291, "0.05": 0.08983408831370561, "0.1": 0.025296066744931466, "0.15": 0.009254717378308889, "0.2": 0.004979695085139889, "0.25": 0.0027550302494602375, "0.3": 0.0019534101593568407, "0.35": 0.0010848177279112843, "0.4": 0.0006884542602246888}, "11": {"0": 0.5856547591822291, "0.05": 0.3223439863838591, "0.1": 0.16579827725826327, "0.15": 0.09290468437277917, "0.2": 0.05483184548474448, "0.25": 0.032838773805511895, "0.3": 0.01997029062299122, "0.35": 0.013392414847700429, "0.4": 0.008247044094801028}, "12": {"0": 0.5856547591822291, "0.05": 0.00899063948813561, "0.1": 0.0026840171000060524, "0.15": 0.0011265648256948075, "0.2": 0.0005105785143961725, "0.25": 0.0002316084301140112, "0.3": 8.671106883313382e-05, "0.35": 3.456986397430984e-05, "0.4": 1.0811045628773194e-05}, "13": {"0": 0.5856547591822291, "0.05": 0.01771634983054837, "0.1": 0.003715701826966735, "0.15": 0.0012244521506461722, "0.2": 0.00046891505262608473, "0.25": 0.00021092832577422765, "0.3": 5.214442688611622e-05, "0.35": 3.374385841678914e-05, "0.4": 1.3783380163730203e-05}, "14": {"0": 0.5856547591822291, "0.05": 0.010545801959325694, "0.1": 0.0010831791981742488, "0.15": 0.00018442978613692794, "0.2": 0.00011445938273614394, "0.25": 3.672213517409684e-05, "0.3": 1.4394050409636102e-05, "0.35": 0.0, "0.4": 0.0}, "15": {"0": 0.5856547591822291, "0.05": 0.0020647614108152508, "0.1": 0.0007609397975475641, "0.15": 0.00046243221730669286, "0.2": 0.00023118267357560864, "0.25": 0.00017948136895318406, "0.3": 0.00015213341999003322, "0.35": 0.00012725375036023266, "0.4": 0.00012725375036023266}}, "precision": {"0": {"0": 0.005619593948991153, "0.05": 2.102328493291513e-05, "0.1": 3.3596844584356637e-06, "0.15": 3.4275568717373946e-06, "0.2": 3.49822814744332e-06, "0.25": 0.0, "0.3": 0.0,