{"fscore": {"0": {"0": 0.010441274224259384, "0.05": 0.01628824917304901, "0.1": 0.00999670113318198, "0.15": 0.004797517930774689, "0.2": 0.0020055528875387403, "0.25": 0.0008762000943829558, "0.3": 0.0001500601319031943, "0.35": 4.54512539153559e-05, "0.4": 0.0}, "1": {"0": 0.010441274224259384, "0.05": 0.0012803541704898892, "0.1": 0.00010027747010773466, "0.15": 0.0, "0.2": 0.0, "0.25": 0.0, "0.3": 0.0, "0.35": 0.0, "0.4": 0.0}, "2": {"0": 0.010441274224259384, "0.05": 3.543829733191614e-05, "0.1": 1.0961847290505397e-05, "0.15": 1.7596649597916557e-05, "0.2": 0.0, "0.25": 0.0, "0.3": 0.0, "0.35": 0.0, "0.4": 0.0}, "3": {"0": 0.010441274224259384, "0.05": 0.007665535083344765, "0.1": 0.00508192718281877, "0.15": 0.0034049079834416246, "0.2": 0.0019472817726756656, "0.25": 0.0011344471366881072, "0.3": 0.0006782183709704777, "0.35": 0.00021196859875885065, "0.4": 0.0}, "4": {"0": 0.010441274224259384, "0.05": 0.00012392858468836327, "0.1": 0.0, "0.15": 0.0, "0.2": 0.0, "0.25": 0.0, "0.3": 0.0, "0.35": 0.0, "0.4": 0.0}, "5": {"0": 0.010441274224259384, "0.05": 0.016978927501906597, "0.1": 0.010578633765181514, "0.15": 0.006817386257180109, "0.2": 0.004203389011681789, "0.25": 0.0025952710816186894, "0.3": 0.0017886940113518565, "0.35": 0.0010341496296606266, "0.4": 0.0006704573788777874}, "6": {"0": 0.010441274224259384, "0.05": 0.028994178575578244, "0.1": 0.020249400595198336, "0.15": 0.010714524812552887, "0.2": 0.004867431494944085, "0.25": 0.0016954428727345141, "0.3": 0.000680414630623441, "0.35": 0.0003297052983849222, "0.4": 0.00022224004548336034}, "7": {"0": 0.010441274224259384, "0.05": 0.007947561758592736, "0.1": 0.004259744851066817, "0.15": 0.0026656589898625366, "0.2": 0.0016566203571612976, "0.25": 0.001038086845211116, "0.3": 0.0006616218372472016, "0.35": 0.0005033847187109669, "0.4": 0.00038682846552433195}, "8": {"0": 0.010441274224259384, "0.05": 0.021971412192069835, "0.1": 0.019841919894106, "0.15": 0.01854806297762546, "0.2": 0.01788359766012143, "0.25": 0.01689637857885381, "0.3": 0.016100455016331106, "0.35": 0.01512435795348043, "0.4": 0.01413122275783808}, "9": {"0": 0.010441274224259384, "0.05": 0.00897460799280534, "0.1": 0.003317496661114792, "0.15": 0.0012334887567495214, "0.2": 0.0002923574655858571, "0.25": 8.14953339192724e-05, "0.3": 3.909163387598693e-05, "0.35": 1.4536362711322375e-05, "0.4": 0.0}, "10": {"0": 0.010441274224259384, "0.05": 0.023424329264545386, "0.1": 0.01664713751174713, "0.15": 0.011300980584043017, "0.2": 0.00803056511382107, "0.25": 0.005614582540857209, "0.3": 0.003817754414562701, "0.35": 0.0023256536095691335, "0.4": 0.0012107958016690642}, "11": {"0": 0.010441274224259384, "0.05": 0.0026665708262859616, "0.1": 0.0008938483007945847, "0.15": 0.00043972956080020454, "0.2": 0.0004052251234264547, "0.25": 0.00041935175521851245, "0.3": 0.00035295988716714424, "0.35": 0.0002266324143045419, "0.4": 9.212476459310679e-05}, "12": {"0": 0.010441274224259384, "0.05": 0.012195953334062823, "0.1": 0.006554850765793922, "0.15": 0.003921869811795591, "0.2": 0.002532869816533888, "0.25": 0.0017089379624106243, "0.3": 0.0014138328435477608, "0.35": 0.0010435263290321138, "0.4": 0.0008391011171042745}, "13": {"0": 0.010441274224259384, "0.05": 0.11685283939385589, "0.1": 0.1340919805048505, "0.15": 0.12918735248716048, "0.2": 0.11561598123528627, "0.25": 0.10321975776920927, "0.3": 0.09254026852119522, "0.35": 0.08127877953089942, "0.4": 0.07045801275663728}, "14": {"0": 0.010441274224259384, "0.05": 0.0023408962328629484, "0.1": 0.0007067121227086227, "0.15": 0.0002795247655230742, "0.2": 5.1250432393862684e-05, "0.25": 4.5148399643852715e-05, "0.3": 3.3622524824945646e-05, "0.35": 3.43911141177282e-05, "0.4": 3.43911141177282e-05}, "15": {"0": 0.010441274224259384, "0.05": 0.028712792902837556, "0.1": 0.017539088587513733, "0.15": 0.009336592373877454, "0.2": 0.004014463113198536, "0.25": 0.001490949902409465, "0.3": 0.000599703247186939, "0.35": 0.00014934623258985573, "0.4": 9.509462682446845e-05}}, "recall": {"0": {"0": 1.0, "0.05": 0.07463816147716608, "0.1": 0.016769780255015593, "0.15": 0.0046009371319024875, "0.2": 0.0013996648463662077, "0.25": 0.0005343953904185788, "0.3": 8.755492498387851e-05, "0.35": 2.3527372240177318e-05, "0.4": 0.0}, "1": {"0": 1.0, "0.05": 0.003549729402487417, "0.1": 8.942170426623787e-05, "0.15": 0.0, "0.2": 0.0, "0.25": 0.0, "0.3": 0.0, "0.35": 0.0, "0.4": 0.0}, "2": {"0": 1.0, "0.05": 9.708421208907323e-05, "0.1": 1.4536362711322373e-05, "0.15": 1.4536362711322373e-05, "0.2": 0.0, "0.25": 0.0, "0.3": 0.0, "0.35": 0.0, "0.4": 0.0}, "3": {"0": 1.0, "0.05": 0.049539467385945786, "0.1": 0.01238277533821083, "0.15": 0.00435972388051187, "0.2": 0.0018518906733622283, "0.25": 0.0009294978154224086, "0.3": 0.0005107102988282442, "0.35": 0.0001304962068373685, "0.4": 0.0}, "4": {"0": 1.0, "0.05": 0.0002911742271124766, "0.1": 0.0, "0.15": 0.0, "0.2": 0.0, "0.25": 0.0, "0.3": 0.0, "0.35": 0.0, "0.4": 0.0}, "5": {"0": 1.0, "0.05": 0.04809525368948923, "0.1": 0.015239493057573375, "0.15": 0.007134056776275172, "0.2": 0.003565057066606905, "0.25": 0.0018899509441788896, "0.3": 0.001192353010304975, "0.35": 0.0006688275968272564, "0.4": 0.00041866827791483424}, "6": {"0": 1.0, "0.05": 0.12816746956967387, "0.1": 0.03017075909096501, "0.15": 0.009940836165883662, "0.2": 0.003461092119085189, "0.25": 0.0010611709328618604, "0.3": 0.00039337205425398446, "0.35": 0.0001855555093700904, "0.4": 0.00012541034725234383}, "7": {"0": 1.0, "0.05": 0.008612467271352398, "0.1": 0.003213216595612604, "0.15": 0.0017257781417369792, "0.2": 0.0010037868708172278, "0.25": 0.00060741247276765, "0.3": 0.00037816211151258, "0.35": 0.0002706222354821306, "0.4": 0.00020614551875847216}, "8": {"0": 1.0, "0.05": 0.0784242867297431, "0.1": 0.04469915303676027, "0.15": 0.03245072833687598, "0.2": 0.026247836845984956, "0.25": 0.0217140405393587, "0.3": 0.018682642731225493, "0.35": 0.0159496239895595, "0.4": 0.013769818660668839}, "9": {"0": 1.0, "0.05": 0.026771647801931888, "0.1": 0.004025048446064733, "0.15": 0.0009961916149712597, "0.2": 0.0001859080251153021, "0.25": 4.5878375868345776e-05, "0.3": 2.0803150191314684e-05, "0.35": 7.429696496898102e-06, "0.4": 0.0}, "10": {"0": 1.0, "0.05": 0.07349176015235276, "0.1": 0.023230018884126544, "0.15": 0.01092353628110964, "0.2": 0.006307426983683172, "0.25": 0.0038704211958366513, "0.3": 0.002437527695490084, "0.35": 0.0014612521630024665, "0.4": 0.0006881240665154198}, "11": {"0": 1.0, "0.05": 0.013139637723907053, "0.1": 0.0033427706981089466, "0.15": 0.0012465191350465273, "0.2": 0.0008622184609279767, "0.25": 0.0006922402704932922, "0.3": 0.0005242226763032116, "0.35": 0.00021549834815103806, "0.4": 7.204764619831687e-05}, "12": {"0": 1.0, "0.05": 0.03045270480257266, "0.1": 0.00961814385875961, "0.15": 0.00437659196471397, "0.2": 0.002397314537420415, "0.25": 0.0014399229349390781, "0.3": 0.001099677492405811, "0.35": 0.0007622249979576654, "0.4": 0.0005711729858885406}, "13": {"0": 1.0, "0.05": 0.4817251608392856, "0.1": 0.3761899455557645, "0.15": 0.28701893737133843, "0.2": 0.21549406664540915, "0.25": 0.1671527861814106, "0.3": 0.13345851124805788, "0.35": 0.10545565658927075, "0.4": 0.08275149240742988}, "14": {"0": 1.0, "0.05": 0.004149877287426866, "0.1": 0.0006330405031884015, "0.15": 0.000175206076575551, "0.2": 2.9413923933255822e-05, "0.25": 2.4833974037907677e-05, "0.3": 1.8147247190699385e-05, "0.35": 1.8147247190699385e-05, "0.4": 1.8147247190699385e-05}, "15": {"0": 1.0, "0.05": 0.1072432816617229, "0.1": 0.02976407592661864, "0.15": 0.01017370894933296, "0.2": 0.003485102308220806, "0.25": 0.001132312847237122, "0.3": 0.00039665925685434774, "0.35": 9.102898178727817e-05, "0.4": 5.8391386461618665e-05}}, "precision": {"0": {"0": 0.005257420766925437, "0.05": 0.009872442342763174, "0.1": 0.009645468016193648, "0.15": 0.009068551702667146, "0.2": 0.007142603857749292, "0.25": 0.003970642084985115, "0.3": 0.0008079794940376685,