{"fscore": {"0": {"0": 0.010441274224259384, "0.05": 0.01870488456788492, "0.1": 0.008401701369749031, "0.15": 0.003799012151868051, "0.2": 0.001799170015853057, "0.25": 0.0008071587142132108, "0.3": 0.00026025165443420206, "0.35": 0.0001443725114738154, "0.4": 5.572272372673577e-05}, "1": {"0": 0.010441274224259384, "0.05": 0.0005336233897507899, "0.1": 0.0002813890936599831, "0.15": 1.152883939173843e-05, "0.2": 1.152883939173843e-05, "0.25": 1.173109973194437e-05, "0.3": 0.0, "0.35": 0.0, "0.4": 0.0}, "2": {"0": 0.010441274224259384, "0.05": 4.8454542371074575e-06, "0.1": 0.0, "0.15": 0.0, "0.2": 0.0, "0.25": 0.0, "0.3": 0.0, "0.35": 0.0, "0.4": 0.0}, "3": {"0": 0.010441274224259384, "0.05": 0.005891883732531791, "0.1": 0.003300842418782005, "0.15": 0.002374556989839911, "0.2": 0.0016379369745758811, "0.25": 0.0012572551866499517, "0.3": 0.0006338806818394321, "0.35": 0.0003523044191499107, "0.4": 0.00023114309057846382}, "4": {"0": 0.010441274224259384, "0.05": 0.0026743759902431562, "0.1": 0.0004929569534054463, "0.15": 5.979942169106677e-05, "0.2": 1.0131404313951957e-05, "0.25": 1.1333435334251342e-05, "0.3": 0.0, "0.35": 0.0, "0.4": 0.0}, "5": {"0": 0.010441274224259384, "0.05": 0.003878327991097573, "0.1": 0.001699634541702184, "0.15": 0.0011935718447535456, "0.2": 0.0007530227011377529, "0.25": 0.00037859209200145845, "0.3": 0.00024734932225292894, "0.35": 0.0002022940927075515, "0.4": 0.00018339933026521524}, "6": {"0": 0.010441274224259384, "0.05": 0.02386888762363174, "0.1": 0.01973223917716042, "0.15": 0.01562778998474832, "0.2": 0.011000885396122331, "0.25": 0.008117038238115958, "0.3": 0.005954200492120219, "0.35": 0.004465679874682867, "0.4": 0.0033420782045894258}, "7": {"0": 0.010441274224259384, "0.05": 0.005871028346674427, "0.1": 0.0035549761765925818, "0.15": 0.001661253690976555, "0.2": 0.0010391174231116974, "0.25": 0.0006214515002899656, "0.3": 0.0003885749344389819, "0.35": 0.00030832603293402583, "0.4": 0.00026364950676697574}, "8": {"0": 0.010441274224259384, "0.05": 0.0026975137779001405, "0.1": 0.0006748613338893742, "0.15": 0.00022384848978686668, "0.2": 9.792347149245431e-06, "0.25": 0.0, "0.3": 0.0, "0.35": 0.0, "0.4": 0.0}, "9": {"0": 0.010441274224259384, "0.05": 0.06643336893370301, "0.1": 0.0638411286487523, "0.15": 0.05800690276201262, "0.2": 0.05204802549782441, "0.25": 0.0468549449847023, "0.3": 0.04163917187837201, "0.35": 0.03694405038231708, "0.4": 0.03255757103266532}, "10": {"0": 0.010441274224259384, "0.05": 0.0, "0.1": 0.0, "0.15": 0.0, "0.2": 0.0, "0.25": 0.0, "0.3": 0.0, "0.35": 0.0, "0.4": 0.0}, "11": {"0": 0.010441274224259384, "0.05": 0.000820730147138264, "0.1": 0.00027748287663462346, "0.15": 0.00010914476696990085, "0.2": 6.34441816952359e-05, "0.25": 3.169506416088267e-05, "0.3": 6.429545045392589e-06, "0.35": 0.0, "0.4": 0.0}, "12": {"0": 0.010441274224259384, "0.05": 0.03267426170560688, "0.1": 0.026222998241586176, "0.15": 0.020267675164149318, "0.2": 0.013869360610868022, "0.25": 0.008158791210555532, "0.3": 0.004041737197314324, "0.35": 0.002084888376107613, "0.4": 0.0010121177063191467}, "13": {"0": 0.010441274224259384, "0.05": 0.003926002667525849, "0.1": 0.001214976373483905, "0.15": 0.000609540112338483, "0.2": 0.0002605727792188961, "0.25": 8.95543774179682e-05, "0.3": 8.95543774179682e-05, "0.35": 8.95543774179682e-05, "0.4": 0.0}, "14": {"0": 0.010441274224259384, "0.05": 0.0037199968861206683, "0.1": 0.0021254774728878645, "0.15": 0.001142705634367919, "0.2": 0.0006534162773001514, "0.25": 1.3930680931683942e-05, "0.3": 0.0, "0.35": 0.0, "0.4": 0.0}, "15": {"0": 0.010441274224259384, "0.05": 0.01919745832832518, "0.1": 0.016839358745913253, "0.15": 0.017697205217926792, "0.2": 0.016466488868356777, "0.25": 0.013778568583897857, "0.3": 0.010044873534204822, "0.35": 0.006341925328621666, "0.4": 0.003274048884185468}}, "recall": {"0": {"0": 1.0, "0.05": 0.09814374311873246, "0.1": 0.017440488165410415, "0.15": 0.00468904006104133, "0.2": 0.0015964492455361693, "0.25": 0.0005802104386557436, "0.3": 0.00014957459791963302, "0.35": 8.206437494301086e-05, "0.4": 3.343363423604146e-05}, "1": {"0": 1.0, "0.05": 0.0016835482503289696, "0.1": 0.00020661743320508113, "0.15": 5.970291827864546e-06, "0.2": 5.970291827864546e-06, "0.25": 5.970291827864546e-06, "0.3": 0.0, "0.35": 0.0, "0.4": 0.0}, "2": {"0": 1.0, "0.05": 2.5718180181570354e-05, "0.1": 0.0, "0.15": 0.0, "0.2": 0.0, "0.25": 0.0, "0.3": 0.0, "0.35": 0.0, "0.4": 0.0}, "3": {"0": 1.0, "0.05": 0.03044752187588712, "0.1": 0.009798094364484857, "0.15": 0.005014978098896457, "0.2": 0.002701142986403879, "0.25": 0.001702458208105769, "0.3": 0.0006924623822650253, "0.35": 0.00028558679299066543, "0.4": 0.00016263795604772786}, "4": {"0": 1.0, "0.05": 0.008157785552826854, "0.1": 0.0008958466348691941, "0.15": 8.868224533527079e-05, "0.2": 8.798324798958279e-06, "0.25": 8.798324798958279e-06, "0.3": 0.0, "0.35": 0.0, "0.4": 0.0}, "5": {"0": 1.0, "0.05": 0.012995508269279388, "0.1": 0.0032757527808043663, "0.15": 0.0016170814024910765, "0.2": 0.0006908601955391359, "0.25": 0.00025968448671296435, "0.3": 0.00015822152247475232, "0.35": 0.00011957511730943562, "0.4": 0.00010273935184848423}, "6": {"0": 1.0, "0.05": 0.07467710385901587, "0.1": 0.027904548990334444, "0.15": 0.015343532455955553, "0.2": 0.008829460344557134, "0.25": 0.005831781654531778, "0.3": 0.0039116570356721786, "0.35": 0.002799059293078965, "0.4": 0.0020209546138026738}, "7": {"0": 1.0, "0.05": 0.02539143311564056, "0.1": 0.00951337173769412, "0.15": 0.003575732853862711, "0.2": 0.0018148619638182842, "0.25": 0.0010129380181642235, "0.3": 0.0005675395123124275, "0.35": 0.0003878849273366157, "0.4": 0.00031385330867109536}, "8": {"0": 1.0, "0.05": 0.0051386268133759225, "0.1": 0.0009070464621988221, "0.15": 0.0002462372047499791, "0.2": 9.236245536386835e-06, "0.25": 0.0, "0.3": 0.0, "0.35": 0.0, "0.4": 0.0}, "9": {"0": 1.0, "0.05": 0.3051603197116393, "0.1": 0.1900505352023534, "0.15": 0.13180306677722112, "0.2": 0.09670629268042054, "0.25": 0.07368703661412991, "0.3": 0.05701254533264865, "0.35": 0.045362306812069854, "0.4": 0.036595685078646814}, "10": {"0": 1.0, "0.05": 0.0, "0.1": 0.0, "0.15": 0.0, "0.2": 0.0, "0.25": 0.0, "0.3": 0.0, "0.35": 0.0, "0.4": 0.0}, "11": {"0": 1.0, "0.05": 0.004912979506423088, "0.1": 0.001182708642254466, "0.15": 0.0003180553980434747, "0.2": 0.00012616652072849983, "0.25": 6.375810200327229e-05, "0.3": 7.429696496898102e-06, "0.35": 0.0, "0.4": 0.0}, "12": {"0": 1.0, "0.05": 0.11807776493450928, "0.1": 0.03737786790850744, "0.15": 0.018609199456743514, "0.2": 0.0101631218403876, "0.25": 0.005117159726749981, "0.3": 0.0023217647969307445, "0.35": 0.0011590061229644001, "0.4": 0.00054614876764551}, "13": {"0": 1.0, "0.05": 0.00604626543014776, "0.1": 0.001110016154218081, "0.15": 0.00041777518025171373, "0.2": 0.00017436287202106398, "0.25": 4.800726967226465e-05, "0.3": 4.800726967226465e-05, "0.35": 4.800726967226465e-05, "0.4": 0.0}, "14": {"0": 1.0, "0.05": 0.004151891095470854, "0.1": 0.0017992330628351545, "0.15": 0.0008715032841990672, "0.2": 0.00046787988577627615, "0.25": 8.358408559010366e-06, "0.3": 0.0, "0.35": 0.0, "0.4": 0.0}, "15": {"0": 1.0, "0.05": 0.08562846175669804, "0.1": 0.04035888638961298, "0.15": 0.026694903869518432, "0.2": 0.017715606240301284, "0.25": 0.011673504739494602, "0.3": 0.0073087375649766115, "0.35": 0.004173884965421401, "0.4": 0.0020072496540110623}}, "precision": {"0": {"0": 0.005257420766925437, "0.05": 0.012948077424022299, "0.1": 0.009500665374811113, "0.15": 0.007646308344896712, "0.2": 0.004466996467999476, "0.25": 0.0020681090891722788, "0.3": 0.0011144544745347153, "0.35": 0.0006686726847208291, "0.4": 0.00016716817118020728}, "1": {"0": 0.005257420766925437, "0.05": 0.0009844689862357424, "0.1": 0.0012943592682810336, "0.15": 0.00016716817118020728, "0.2": 0.00016716817118020728, "0.25": 0.00033433634236041456, "0.3": 0.0, "0.35": 0.0, "0.4": 0.0}, "2": {"0": 0.005257420766925437,