{"fscore": {"0": {"0": 0.010441274224259384, "0.05": 0.11801358077743566, "0.1": 0.17305625463100957, "0.15": 0.1981131466174693, "0.2": 0.19833912123654907, "0.25": 0.1819086811030148, "0.3": 0.15352107016510258, "0.35": 0.12060323400997795, "0.4": 0.0869993316872122}, "1": {"0": 0.010441274224259384, "0.05": 0.03439947026569586, "0.1": 0.021475732722839428, "0.15": 0.01328077756727474, "0.2": 0.006358705434129899, "0.25": 0.0033125271813651998, "0.3": 0.0015662186875277638, "0.35": 0.001055732461998798, "0.4": 0.0006159759047175638}, "2": {"0": 0.010441274224259384, "0.05": 0.01523365382575147, "0.1": 0.010061475389055385, "0.15": 0.0047689636544843185, "0.2": 0.0024332123496435655, "0.25": 0.0012385159325981792, "0.3": 0.0007522567703109326, "0.35": 0.0003621977042237825, "0.4": 8.358408559010364e-05}, "3": {"0": 0.010441274224259384, "0.05": 0.0072884219162761155, "0.1": 0.003224194765007906, "0.15": 0.0016450449892679052, "0.2": 0.0008770148801376487, "0.25": 0.0005253995053110444, "0.3": 0.0002576511854643377, "0.35": 0.00011048651714775549, "0.4": 3.61835868355427e-05}, "4": {"0": 0.010441274224259384, "0.05": 0.0074893847171175, "0.1": 0.0008741935014473516, "0.15": 7.249441428212983e-05, "0.2": 2.7956898568734077e-05, "0.25": 9.036117361092286e-06, "0.3": 9.552466924583273e-06, "0.35": 0.0, "0.4": 0.0}, "5": {"0": 0.010441274224259384, "0.05": 0.05280444296551652, "0.1": 0.045030982576613685, "0.15": 0.0369086510804631, "0.2": 0.029080257159696435, "0.25": 0.022513560089958088, "0.3": 0.016372116240034255, "0.35": 0.011549887603106934, "0.4": 0.00864840553825725}, "6": {"0": 0.010441274224259384, "0.05": 0.023733528483139765, "0.1": 0.014437118463551231, "0.15": 0.00858223376968866, "0.2": 0.005958520182420528, "0.25": 0.004439325513593787, "0.3": 0.0035287466402392238, "0.35": 0.002897926686361579, "0.4": 0.002541937973411202}, "7": {"0": 0.010441274224259384, "0.05": 0.040127445457135015, "0.1": 0.027417834782280746, "0.15": 0.018368592324827397, "0.2": 0.012466524954813388, "0.25": 0.00897366073708937, "0.3": 0.0067188906950841195, "0.35": 0.004562821930129511, "0.4": 0.0033789775259596712}, "8": {"0": 0.010441274224259384, "0.05": 0.002834268298450657, "0.1": 0.0005331860869473062, "0.15": 0.00012747832523243743, "0.2": 3.6349872557996025e-05, "0.25": 3.070545027297638e-05, "0.3": 2.2633988360956498e-05, "0.35": 2.486090750885134e-05, "0.4": 2.6678960971377974e-05}, "9": {"0": 0.010441274224259384, "0.05": 0.011152583134585474, "0.1": 0.005536036048329421, "0.15": 0.002981335619064833, "0.2": 0.0017036059268982168, "0.25": 0.0010879879775923952, "0.3": 0.0009161111529086685, "0.35": 0.0006618680913564902, "0.4": 0.0005029029811267876}, "10": {"0": 0.010441274224259384, "0.05": 0.0007886531867552458, "0.1": 0.00015621686601820987, "0.15": 3.6614213737209354e-05, "0.2": 7.960389103819394e-06, "0.25": 0.0, "0.3": 0.0, "0.35": 0.0, "0.4": 0.0}, "11": {"0": 0.010441274224259384, "0.05": 0.004564614584242422, "0.1": 0.0051453281943914944, "0.15": 0.00423849452258017, "0.2": 0.0016476980889994605, "0.25": 5.9584643376888174e-05, "0.3": 3.8784692039329725e-05, "0.35": 3.7750316586826114e-05, "0.4": 2.663691270495289e-05}, "12": {"0": 0.010441274224259384, "0.05": 0.015263889144675217, "0.1": 0.011371302825887305, "0.15": 0.007551292960505636, "0.2": 0.005079722599700089, "0.25": 0.0034978413755610885, "0.3": 0.0025917510756512776, "0.35": 0.0018462235089255939, "0.4": 0.0014043309959931587}, "13": {"0": 0.010441274224259384, "0.05": 0.12666916248703727, "0.1": 0.158581679840764, "0.15": 0.16522321860021996, "0.2": 0.16157075914413724, "0.25": 0.14802841118071786, "0.3": 0.13006179451105027, "0.35": 0.11128087182049082, "0.4": 0.09134071817623729}, "14": {"0": 0.010441274224259384, "0.05": 0.14916926443540618, "0.1": 0.21846538454207032, "0.15": 0.2215717712712687, "0.2": 0.1810770226203636, "0.25": 0.13368999866673043, "0.3": 0.09726011689072893, "0.35": 0.07084677705179296, "0.4": 0.052756396751975417}, "15": {"0": 0.010441274224259384, "0.05": 0.01729198537131551, "0.1": 0.010885683893332119, "0.15": 0.006712117966183067, "0.2": 0.0042363138546647255, "0.25": 0.0028135012601711493, "0.3": 0.0018290057862353243, "0.35": 0.0012812956854273414, "0.4": 0.0007478640371682721}}, "recall": {"0": {"0": 1.0, "0.05": 0.4900961743216621, "0.1": 0.3748540650774596, "0.15": 0.2973255698389236, "0.2": 0.229949629166092, "0.25": 0.17670136294899677, "0.3": 0.1295858435853023, "0.35": 0.09256558814195122, "0.4": 0.061701003618604186}, "1": {"0": 1.0, "0.05": 0.1286169628327864, "0.1": 0.03272190112428405, "0.15": 0.013331056688680268, "0.2": 0.005236740737333981, "0.25": 0.002368973678149295, "0.3": 0.0010628700384694065, "0.35": 0.0007085748769093131, "0.4": 0.00043421694318885223}, "2": {"0": 1.0, "0.05": 0.04207011178645411, "0.1": 0.011627451955448722, "0.15": 0.003874169439748935, "0.2": 0.001777670316534992, "0.25": 0.0008353846589140707, "0.3": 0.00046280723164315114, "0.35": 0.00022607505054847082, "0.4": 4.7762334622916366e-05}, "3": {"0": 1.0, "0.05": 0.05292769811902279, "0.1": 0.012407048023129206, "0.15": 0.003937623880098804, "0.2": 0.00148247366938556, "0.25": 0.000591249069574663, "0.3": 0.00021722192737015064, "0.35": 8.240254399785626e-05, "0.4": 2.6632766959008843e-05}, "4": {"0": 1.0, "0.05": 0.014158344008101526, "0.1": 0.0012192936778798404, "0.15": 7.907598983471022e-05, "0.2": 2.6294596683394655e-05, "0.25": 8.798324798958279e-06, "0.3": 8.798324798958279e-06, "0.35": 0.0, "0.4": 0.0}, "5": {"0": 1.0, "0.05": 0.16464745770070333, "0.1": 0.07082743179856617, "0.15": 0.04095272050439579, "0.2": 0.02628952930659943, "0.25": 0.017685385453671786, "0.3": 0.011531128729082303, "0.35": 0.007548432808061703, "0.4": 0.005355373704775477}, "6": {"0": 1.0, "0.05": 0.10518589341805669, "0.1": 0.031679704954203275, "0.15": 0.012539971938614664, "0.2": 0.006564058619890048, "0.25": 0.004065720972882735, "0.3": 0.002807950145372114, "0.35": 0.0020971828196115158, "0.4": 0.0017260761732584373}, "7": {"0": 1.0, "0.05": 0.16565331230830926, "0.1": 0.05895623089289613, "0.15": 0.026704050222656445, "0.2": 0.01407719517454781, "0.25": 0.008537165401059863, "0.3": 0.005503931976130797, "0.35": 0.0032854093254018456, "0.4": 0.0022777568770129372}, "8": {"0": 1.0, "0.05": 0.007962271827290047, "0.1": 0.0011764922391073653, "0.15": 0.0003300878947873082, "0.2": 9.036787343071046e-05, "0.25": 7.847166093750507e-05, "0.3": 4.5038026701463616e-05, "0.35": 4.5038026701463616e-05, "0.4": 4.5038026701463616e-05}, "9": {"0": 1.0, "0.05": 0.05677448223682469, "0.1": 0.013763625512661339, "0.15": 0.004744999530233061, "0.2": 0.001968250560047236, "0.25": 0.0009687477375958769, "0.3": 0.0007156380163467679, "0.35": 0.0004706237298743445, "0.4": 0.00031059965059136165}, "10": {"0": 1.0, "0.05": 0.0021170873358272954, "0.1": 0.00014904140739125602, "0.15": 2.56753165479344e-05, "0.2": 4.457817898138861e-06, "0.25": 0.0, "0.3": 0.0, "0.35": 0.0, "0.4": 0.0}, "11": {"0": 1.0, "0.05": 0.013662166208681633, "0.1": 0.011415416939859365, "0.15": 0.008240351937541274, "0.2": 0.0028577247513783058, "0.25": 0.00013443534779386995, "0.3": 9.196559619673622e-05, "0.35": 8.750777829859736e-05, "0.4": 5.40741440625559e-05}, "12": {"0": 1.0, "0.05": 0.05862369224287838, "0.1": 0.020894423753999233, "0.15": 0.009328479340125645, "0.2": 0.004949722808876077, "0.25": 0.002854596386281009, "0.3": 0.0019203354677954356, "0.35": 0.0013103578304162191, "0.4": 0.000960627012221338}, "13": {"0": 1.0, "0.05": 0.5526425856612112, "0.1": 0.44125434510991296, "0.15": 0.34168630630143854, "0.2": 0.2654918902215234, "0.25": 0.19994042707475712, "0.3": 0.14954592120441246, "0.35": 0.1115121723473329, "0.4": 0.08144540237282803}, "14": {"0": 1.0, "0.05": 0.49632583606509545, "0.1": 0.3673992140004866, "0.15": 0.25943712233882227, "0.2": 0.16811495991863554, "0.25": 0.10658137846637018, "0.3": 0.07044160323818664, "0.35": 0.048144795065355656, "0.4": 0.03408496824258596}, "15": {"0": 1.0,