{"fscore": {"0": {"0": 0.010441274224259384, "0.05": 0.004524115459416488, "0.1": 0.0027827926736388327, "0.15": 0.0018708200052560194, "0.2": 0.0012250874999747813, "0.25": 0.0006206516557129318, "0.3": 0.00034580573530757413, "0.35": 0.0002690965312162236, "0.4": 0.00012029032423549307}, "1": {"0": 0.010441274224259384, "0.05": 0.0006704872372685788, "0.1": 0.0002854303921357385, "0.15": 0.00036038377785650575, "0.2": 0.00044132439143559465, "0.25": 0.0004362293228893029, "0.3": 0.00047443919058763584, "0.35": 0.00037891452134180317, "0.4": 0.0002451799843976374}, "2": {"0": 0.010441274224259384, "0.05": 0.032383409901826046, "0.1": 0.03283865392123527, "0.15": 0.03158841904056911, "0.2": 0.02940626839967608, "0.25": 0.02535513304851062, "0.3": 0.022162223805400283, "0.35": 0.01953448900088761, "0.4": 0.016254745765858947}, "3": {"0": 0.010441274224259384, "0.05": 0.003933787746590028, "0.1": 0.0027974249868835243, "0.15": 0.0012229978178466077, "0.2": 0.0005449037764136647, "0.25": 0.000192667265764326, "0.3": 0.00022737722965607152, "0.35": 0.000246012024947602, "0.4": 0.0002478553421086612}, "4": {"0": 0.010441274224259384, "0.05": 0.18130708316891642, "0.1": 0.2279326987894627, "0.15": 0.16312042861820156, "0.2": 0.09645855889698925, "0.25": 0.0521483755261644, "0.3": 0.027234511664716375, "0.35": 0.01398584508660654, "0.4": 0.00715218547543033}, "5": {"0": 0.010441274224259384, "0.05": 0.16140727734784888, "0.1": 0.23005645402906827, "0.15": 0.24424384203421862, "0.2": 0.23246316628139985, "0.25": 0.20750725873778897, "0.3": 0.17900547147763843, "0.35": 0.14934176052531006, "0.4": 0.12198043878649933}, "6": {"0": 0.010441274224259384, "0.05": 0.013523852541668453, "0.1": 0.008817897139839569, "0.15": 0.00547269217932081, "0.2": 0.003319617180045056, "0.25": 0.0016686351039040042, "0.3": 0.0009315956648699378, "0.35": 0.00037195177340818415, "0.4": 8.757057017730171e-05}, "7": {"0": 0.010441274224259384, "0.05": 0.02266034093919162, "0.1": 0.01735730749085244, "0.15": 0.01424438755342892, "0.2": 0.011293284299856992, "0.25": 0.009541445007402586, "0.3": 0.007887949495967887, "0.35": 0.006933761589591517, "0.4": 0.005562841998768275}, "8": {"0": 0.010441274224259384, "0.05": 0.010849393798243023, "0.1": 0.0059639419571672556, "0.15": 0.002905331533458379, "0.2": 0.0015630913743663712, "0.25": 0.0007991045233492739, "0.3": 0.0006340615984668944, "0.35": 0.0004208985985563251, "0.4": 0.0002705186519788219}, "9": {"0": 0.010441274224259384, "0.05": 0.03342809379335, "0.1": 0.03878035330265674, "0.15": 0.04202799920776876, "0.2": 0.04295629055862727, "0.25": 0.04270799121702324, "0.3": 0.04119333773944976, "0.35": 0.03692232042732145, "0.4": 0.03201040930987229}, "10": {"0": 0.010441274224259384, "0.05": 0.012889745004054015, "0.1": 0.008698864063915684, "0.15": 0.004848395134734058, "0.2": 0.0029558823498713966, "0.25": 0.0018850146838279426, "0.3": 0.0013991415331078118, "0.35": 0.0009388104580678459, "0.4": 0.0005640763927490681}, "11": {"0": 0.010441274224259384, "0.05": 0.014436443371833172, "0.1": 0.012918319495249714, "0.15": 0.008797183716630214, "0.2": 0.004355170679432629, "0.25": 0.0021443053158687426, "0.3": 0.0009902059946477935, "0.35": 0.0005809698298710327, "0.4": 0.0002878462832007677}}, "recall": {"0": {"0": 1.0, "0.05": 0.021722998785491464, "0.1": 0.00498706417907934, "0.15": 0.002187192925724911, "0.2": 0.0011845912047367887, "0.25": 0.00041941445238799377, "0.3": 0.00020575872218261469, "0.35": 0.00015062839950546547, "0.4": 6.858181381752094e-05}, "1": {"0": 1.0, "0.05": 0.003846060443803226, "0.1": 0.0007613481464537776, "0.15": 0.0005592951970069976, "0.2": 0.00041792042795051824, "0.25": 0.00028975816337902595, "0.3": 0.00028975816337902595, "0.35": 0.0002340354396522902, "0.4": 0.00015045135406218657}, "2": {"0": 1.0, "0.05": 0.12287990561433568, "0.1": 0.07242057463375443, "0.15": 0.04864350649186626, "0.2": 0.0348717431505258, "0.25": 0.024330817269318517, "0.3": 0.017849475556410175, "0.35": 0.014051653847960493, "0.4": 0.010747338632841927}, "3": {"0": 1.0, "0.05": 0.013059148604920785, "0.1": 0.006322323818595617, "0.15": 0.0022385878756823285, "0.2": 0.0008657409531900305, "0.25": 0.0002924150510662706, "0.3": 0.0002924150510662706, "0.35": 0.00028878096038844, "0.4": 0.00028379086572634426}, "4": {"0": 1.0, "0.05": 0.3760534784170917, "0.1": 0.24197909891856523, "0.15": 0.14201049986035574, "0.2": 0.07273591591395917, "0.25": 0.03501965081510243, "0.3": 0.017257634085298623, "0.35": 0.008594505138739517, "0.4": 0.004290158517826126}, "5": {"0": 1.0, "0.05": 0.5113506346536192, "0.1": 0.417486097266943, "0.15": 0.3329469237544827, "0.2": 0.2610463239696891, "0.25": 0.20052665169617798, "0.3": 0.15283431909079148, "0.35": 0.11562656608128033, "0.4": 0.08723117116260161}, "6": {"0": 1.0, "0.05": 0.05248770684524563, "0.1": 0.012672169351967476, "0.15": 0.005007313608074562, "0.2": 0.002429177711756437, "0.25": 0.0011038810598328619, "0.3": 0.0005690488612458067, "0.35": 0.00020430696869861567, "0.4": 4.617979972615308e-05}, "7": {"0": 1.0, "0.05": 0.08033286038019515, "0.1": 0.04312715709020514, "0.15": 0.028957500702654546, "0.2": 0.019811588820460208, "0.25": 0.014693742159165468, "0.3": 0.010466978213038908, "0.35": 0.007991782957086135, "0.4": 0.0057050391160768125}, "8": {"0": 1.0, "0.05": 0.023904571521734072, "0.1": 0.006261778162412761, "0.15": 0.002405221578915625, "0.2": 0.0011626819713314966, "0.25": 0.0005398083875859965, "0.3": 0.00040855456364678104, "0.35": 0.0002691366415747494, "0.4": 0.00017894384974764276}, "9": {"0": 1.0, "0.05": 0.17876090013565415, "0.1": 0.10954358817335422, "0.15": 0.07941761535255874, "0.2": 0.05985736802512232, "0.25": 0.04724637036228521, "0.3": 0.03841431467608411, "0.35": 0.030572663610336392, "0.4": 0.024069210082041805}, "10": {"0": 1.0, "0.05": 0.031183132621261, "0.1": 0.010285780254659994, "0.15": 0.004394417047642044, "0.2": 0.0022310022658951637, "0.25": 0.0013575473697931386, "0.3": 0.000976882693034642, "0.35": 0.0006363242411637786, "0.4": 0.00034668857513685383}, "11": {"0": 1.0, "0.05": 0.054138842731580164, "0.1": 0.0157294293015205, "0.15": 0.006520598192619038, "0.2": 0.002656470773776339, "0.25": 0.0012357118114405697, "0.3": 0.0005370735278978113, "0.35": 0.0003118132318643488, "0.4": 0.00015193464988663393}}, "precision": {"0": {"0": 0.005257420766925437, "0.05": 0.0027687872543074913, "0.1": 0.0028772703136254133, "0.15": 0.003138726498094883, "0.2": 0.0029878114381624906, "0.25": 0.0025186671124484564, "0.3": 0.0017831271592555443, "0.35": 0.0015045135406218655, "0.4": 0.0006686726847208291}, "1": {"0": 0.005257420766925437, "0.05": 0.00037313449668396437, "0.1": 0.00018246091370553288, "0.15": 0.0002761565620731353, "0.2": 0.000499514416264667, "0.25": 0.0011144544745347153, "0.3": 0.0013373453694416582, "0.35": 0.0010030090270812437, "0.4": 0.0006686726847208291}, "2": {"0": 0.005257420766925437, "0.05": 0.018898343794821654, "0.1": 0.02176233767741317, "0.15": 0.02427476867516553, "0.2": 0.026923246206433632, "0.25": 0.02862745713837175, "0.3": 0.0326879842498864, "0.35": 0.03750842883141971, "0.4": 0.04251614204705611}, "3": {"0": 0.005257420766925437, "0.05": 0.002352569517328369, "0.1": 0.001840024994259179, "0.15": 0.0008853101502614906, "0.2": 0.00046036421953474753, "0.25": 0.00018376720421966743, "0.3": 0.0002560954322653318, "0.35": 0.0003185127884646373, "0.4": 0.0003531739788303598}, "4": {"0": 0.005257420766925437, "0.05": 0.15845625882517803, "0.1": 0.3363202273923429, "0.15": 0.3694346440684157, "0.2": 0.30808213481232516, "0.25": 0.2269060066201492, "0.3": 0.14647275158809753, "0.35": 0.08764627214978267, "0.4": 0.050512649058285966}, "5": {"0": 0.005257420766925437, "0.05": 0.09977843604675324, "0.1": 0.17181313112797364, "0.15": 0.21794306410402223, "0.2": 0.24668049654578839, "0.25": 0.2633465028644498, "0.3": 0.27547844767663265, "0.35": 0.2843900302732787, "0.4": 0.28881379772113186}, "6": {"0": 0.005257420766925437,