{"fscore": {"0": {"0": 0.010441274224259384, "0.05": 0.11145508544693651, "0.1": 0.11508465973689976, "0.15": 0.0892403343098633, "0.2": 0.06799373025217123, "0.25": 0.05089993680311496, "0.3": 0.03785504507459081, "0.35": 0.02847704864641368, "0.4": 0.021771472849023258}, "1": {"0": 0.010441274224259384, "0.05": 0.004090620340597357, "0.1": 0.0019612728866670944, "0.15": 0.0008848047419810181, "0.2": 0.0004577765879585097, "0.25": 0.00028281544758407756, "0.3": 0.00012754808806180492, "0.35": 4.01441849941765e-05, "0.4": 1.6309089871239735e-05}, "2": {"0": 0.010441274224259384, "0.05": 0.01156722114425405, "0.1": 0.007105863706040001, "0.15": 0.005664991814460714, "0.2": 0.005355963939884177, "0.25": 0.004820888048806096, "0.3": 0.0038875096396877337, "0.35": 0.0029572662305798647, "0.4": 0.0021093333600043897}, "3": {"0": 0.010441274224259384, "0.05": 0.004136904836258884, "0.1": 0.0023725636777213615, "0.15": 0.0006683124153811509, "0.2": 0.00032645132014849025, "0.25": 0.0002679679744764628, "0.3": 0.00030902489563940176, "0.35": 0.00033208218870573185, "0.4": 0.0002147320250753357}, "4": {"0": 0.010441274224259384, "0.05": 0.00042984211153533565, "0.1": 3.488333111348499e-05, "0.15": 0.0, "0.2": 0.0, "0.25": 0.0, "0.3": 0.0, "0.35": 0.0, "0.4": 0.0}, "5": {"0": 0.010441274224259384, "0.05": 0.11011731417964855, "0.1": 0.16098214864505755, "0.15": 0.1912502239506251, "0.2": 0.2070766731821814, "0.25": 0.21332009153129836, "0.3": 0.21491216503098207, "0.35": 0.2151083204470345, "0.4": 0.21096629152449284}, "6": {"0": 0.010441274224259384, "0.05": 0.028084335614320985, "0.1": 0.02031796639883983, "0.15": 0.014265832709075789, "0.2": 0.009809054350553462, "0.25": 0.006362172181801508, "0.3": 0.00424097858618484, "0.35": 0.002995082745752704, "0.4": 0.001757429503492922}, "7": {"0": 0.010441274224259384, "0.05": 0.01547201836974061, "0.1": 0.008134747609507218, "0.15": 0.0034888175774215767, "0.2": 0.0011127899451252492, "0.25": 0.0005107884702185647, "0.3": 0.000218080392317797, "0.35": 8.777896439964787e-05, "0.4": 4.09153407887708e-05}, "8": {"0": 0.010441274224259384, "0.05": 0.008910576730423687, "0.1": 0.005770019076754877, "0.15": 0.00396150136418228, "0.2": 0.0021808270667237795, "0.25": 0.0013444347516859288, "0.3": 0.0006824054973118395, "0.35": 0.0002151869103961528, "0.4": 9.077004769966007e-05}, "9": {"0": 0.010441274224259384, "0.05": 0.0021375119562692924, "0.1": 0.0009170769757636055, "0.15": 0.0005783688994565889, "0.2": 0.00038255325605403057, "0.25": 0.00022350414025020405, "0.3": 8.519559099752654e-05, "0.35": 3.558762187589846e-05, "0.4": 3.93667686547166e-05}, "10": {"0": 0.010441274224259384, "0.05": 0.010871582736014023, "0.1": 0.0023871142898115746, "0.15": 0.0011615048552161974, "0.2": 0.0006212149282301768, "0.25": 0.0003735131024608152, "0.3": 0.00013465689570089725, "0.35": 0.00013510809184443358, "0.4": 5.474513208240706e-05}, "11": {"0": 0.010441274224259384, "0.05": 0.01606003591310584, "0.1": 0.013311700188327147, "0.15": 0.009668829713871075, "0.2": 0.006581706977425728, "0.25": 0.0043965569409440495, "0.3": 0.0024114157010292907, "0.35": 0.001770342348930539, "0.4": 0.0011189037860744474}}, "recall": {"0": {"0": 1.0, "0.05": 0.33069985865276397, "0.1": 0.17199585481797472, "0.15": 0.0993658753819252, "0.2": 0.06384944398653915, "0.25": 0.04253791470365198, "0.3": 0.029384603109574806, "0.35": 0.02099860543983061, "0.4": 0.015178530931551663}, "1": {"0": 1.0, "0.05": 0.02189227911391825, "0.1": 0.005282855963507773, "0.15": 0.00139494441870777, "0.2": 0.0005109569371549772, "0.25": 0.0002629872275412444, "0.3": 8.468053094908988e-05, "0.35": 2.2808075643051155e-05, "0.4": 9.287120621122627e-06}, "2": {"0": 1.0, "0.05": 0.06794702675481198, "0.1": 0.024957091965821684, "0.15": 0.0138788001982314, "0.2": 0.009538688823343197, "0.25": 0.00645198298016136, "0.3": 0.00407156785869681, "0.35": 0.0025251471292968607, "0.4": 0.0015650947027357235}, "3": {"0": 1.0, "0.05": 0.01335042829190215, "0.1": 0.005502108815558707, "0.15": 0.001203992292653455, "0.2": 0.0005631158248673601, "0.25": 0.0004117800726264938, "0.3": 0.0003838063163248968, "0.35": 0.000358572686674289, "0.4": 0.0002195510489992622}, "4": {"0": 1.0, "0.05": 0.0016806993762594087, "0.1": 3.761283851554664e-05, "0.15": 0.0, "0.2": 0.0, "0.25": 0.0, "0.3": 0.0, "0.35": 0.0, "0.4": 0.0}, "5": {"0": 1.0, "0.05": 0.5268482235721641, "0.1": 0.4572885561484181, "0.15": 0.3987098820906496, "0.2": 0.3467908766165964, "0.25": 0.301710025473532, "0.3": 0.2645000484359347, "0.35": 0.23716892231302802, "0.4": 0.21175063438306524}, "6": {"0": 1.0, "0.05": 0.0899455104796184, "0.1": 0.032679555118267666, "0.15": 0.016593506389025358, "0.2": 0.00925535441549669, "0.25": 0.0052263683398065235, "0.3": 0.003136283563448752, "0.35": 0.0020432102314873334, "0.4": 0.0011880094781361104}, "7": {"0": 1.0, "0.05": 0.054475736108680124, "0.1": 0.018891123976216062, "0.15": 0.006278334467860124, "0.2": 0.0017208801115799128, "0.25": 0.0007090896640848628, "0.3": 0.00023273088128377792, "0.35": 8.28200518274593e-05, "0.4": 3.651421357376442e-05}, "8": {"0": 1.0, "0.05": 0.03792162291743094, "0.1": 0.009057042488563892, "0.15": 0.004050246632721176, "0.2": 0.0017605021466108517, "0.25": 0.0010255260131011117, "0.3": 0.0004646841806059733, "0.35": 0.0001310359760567363, "0.4": 5.0312884194965226e-05}, "9": {"0": 1.0, "0.05": 0.01223688230247396, "0.1": 0.002483742149831343, "0.15": 0.0009448242414947117, "0.2": 0.0004129345411264286, "0.25": 0.00018886352956687584, "0.3": 6.174872126137287e-05, "0.35": 2.532140601327123e-05, "0.4": 2.532140601327123e-05}, "10": {"0": 1.0, "0.05": 0.02492022693175896, "0.1": 0.0022259972255971867, "0.15": 0.0008030767431670494, "0.2": 0.00036281968085298213, "0.25": 0.00020744158251557107, "0.3": 7.112223857335854e-05, "0.35": 7.112223857335854e-05, "0.4": 2.921931059284295e-05}, "11": {"0": 1.0, "0.05": 0.05883711612745921, "0.1": 0.02274933050614538, "0.15": 0.01106408685826343, "0.2": 0.005910866131830481, "0.25": 0.003346587108256584, "0.3": 0.0016882280625982484, "0.35": 0.0011428396104393005, "0.4": 0.0006728049229688638}}, "precision": {"0": {"0": 0.005257420766925437, "0.05": 0.07080426943746607, "0.1": 0.09678979705819903, "0.15": 0.09767920310785363, "0.2": 0.09485173014374247, "0.25": 0.0890179784659388, "0.3": 0.08129812814839972, "0.35": 0.07482731264198876, "0.4": 0.06639342356753873}, "1": {"0": 0.005257420766925437, "0.05": 0.0022832470769159883, "0.1": 0.0012389878822895073, "0.15": 0.0006768135077709364, "0.2": 0.00045079496634307855, "0.25": 0.0003550876995807718, "0.3": 0.0002917191718890934, "0.35": 0.0001960705070033054, "0.4": 6.686726847208293e-05}, "2": {"0": 0.005257420766925437, "0.05": 0.006382111256575078, "0.1": 0.004208544676393297, "0.15": 0.0036452603783898876, "0.2": 0.0038471346668681786, "0.25": 0.004058188575686753, "0.3": 0.004077532658119592, "0.35": 0.0041131196106790275, "0.4": 0.0038645471171279734}, "3": {"0": 0.005257420766925437, "0.05": 0.002493841416690852, "0.1": 0.0015560170979378814, "0.15": 0.0004876103279540575, "0.2": 0.00025164035172175146, "0.25": 0.0002304741286970367, "0.3": 0.00030000297565291225, "0.35": 0.00036362073229478665, "0.4": 0.00024509501027289687}, "4": {"0": 0.005257420766925437, "0.05": 0.0002588675630041938, "0.1": 3.42694750919425e-05, "0.15": 0.0, "0.2": 0.0, "0.25": 0.0, "0.3": 0.0, "0.35": 0.0, "0.4": 0.0}, "5": {"0": 0.005257420766925437, "0.05": 0.06258761222510335, "0.1": 0.10087850265874426, "0.15": 0.1321959341430055, "0.2": 0.1580525875656648, "0.25": 0.1796826577381932, "0.3": 0.2018524739392049, "0.35": 0.2239095698715136, "0.4": 0.24574325253786877}, "6": {"0": 0.005257420766925437, "0.05": 0.01792478154250945, "0.1": 0.017870056155309767, "0.15": 0.0169712256906142, "0.2": 0.015568315666237665, "0.25": 0.013444795011554116, "0.3": 0.01077560019385495, "0.35": 0.009310097198763195, "0.4": 0.0068626514464026995}, "7": {"0": 0.005257420766925437,