{"fscore": {"0": {"0": 0.010441274224259384, "0.05": 0.008565235977872602, "0.1": 0.007544583260578082, "0.15": 0.005364985998928514, "0.2": 0.003742198970978402, "0.25": 0.0028042462650991642, "0.3": 0.0018037790771242117, "0.35": 0.0011521615995857258, "0.4": 0.0010536225915645425}, "1": {"0": 0.010441274224259384, "0.05": 0.021172342399858563, "0.1": 0.01235418009076172, "0.15": 0.005931757596636685, "0.2": 0.0031180655530208775, "0.25": 0.001635854276915543, "0.3": 0.000658459324969754, "0.35": 0.00042332297700350876, "0.4": 0.00013918619736072094}, "2": {"0": 0.010441274224259384, "0.05": 0.014013396999805482, "0.1": 0.009121652896703646, "0.15": 0.005222917960326736, "0.2": 0.0025865235829884716, "0.25": 0.0016094162743849135, "0.3": 0.001010478296804442, "0.35": 0.0005452313563434421, "0.4": 0.00040372734612136084}, "3": {"0": 0.010441274224259384, "0.05": 0.002052509420941546, "0.1": 0.0008378402696936614, "0.15": 0.0005007054021361135, "0.2": 0.00031872673712729244, "0.25": 0.00025668120019286226, "0.3": 0.00010395832059606343, "0.35": 4.4329631871816015e-05, "0.4": 0.0}, "4": {"0": 0.010441274224259384, "0.05": 0.010555831028717053, "0.1": 0.010862183675347182, "0.15": 0.0109580630619746, "0.2": 0.011112712114827488, "0.25": 0.010953875300413854, "0.3": 0.010379807115483529, "0.35": 0.009250263829438922, "0.4": 0.007706587009564514}, "5": {"0": 0.010441274224259384, "0.05": 0.004326777676348153, "0.1": 0.000972381260242741, "0.15": 0.0003351521454341654, "0.2": 0.00020319173391854806, "0.25": 8.363171184969914e-05, "0.3": 6.078842588371174e-05, "0.35": 0.0, "0.4": 0.0}, "6": {"0": 0.010441274224259384, "0.05": 0.0027922493198424825, "0.1": 0.0014570851749305988, "0.15": 0.0009898561289097922, "0.2": 0.0007339304294136942, "0.25": 0.0004276514489762931, "0.3": 0.00021402000378144495, "0.35": 0.00017223387333718327, "0.4": 7.429696496898102e-05}, "7": {"0": 0.010441274224259384, "0.05": 0.02288793199106413, "0.1": 0.02013276466778502, "0.15": 0.01904438901753341, "0.2": 0.018447732232987287, "0.25": 0.017936722392751164, "0.3": 0.017467242618919923, "0.35": 0.017607019921411424, "0.4": 0.017710833989600817}, "8": {"0": 0.010441274224259384, "0.05": 0.0033089968513747817, "0.1": 0.0016723837865978502, "0.15": 0.000999008764894698, "0.2": 0.000576476947719423, "0.25": 0.00046884589147422524, "0.3": 0.0003629120981177149, "0.35": 0.00022171505041166658, "0.4": 0.00016288180781661222}, "9": {"0": 0.010441274224259384, "0.05": 0.007673625976265132, "0.1": 0.0024055144107302936, "0.15": 0.0009106682205741995, "0.2": 0.000348636660286969, "0.25": 0.0001369698750740351, "0.3": 8.14502663765692e-05, "0.35": 4.545801146128444e-05, "0.4": 0.0}, "10": {"0": 0.010441274224259384, "0.05": 0.08865708402977532, "0.1": 0.11637648623350222, "0.15": 0.12944514048588177, "0.2": 0.13007135213881343, "0.25": 0.12378084577912518, "0.3": 0.10774992408863267, "0.35": 0.09050980897236721, "0.4": 0.0704896110886197}, "11": {"0": 0.010441274224259384, "0.05": 0.002744547468848768, "0.1": 0.0014168772411706067, "0.15": 0.0009472055863241748, "0.2": 0.0005468414865803828, "0.25": 0.00039867251856704465, "0.3": 0.00024871768403931464, "0.35": 0.00022758965088027082, "0.4": 0.0001185263488168923}, "12": {"0": 0.010441274224259384, "0.05": 0.026206049756245964, "0.1": 0.018935158328728795, "0.15": 0.013011826466072232, "0.2": 0.008687947468615778, "0.25": 0.006194004617602731, "0.3": 0.004012641767958149, "0.35": 0.002490239732399516, "0.4": 0.0016597527579128829}, "13": {"0": 0.010441274224259384, "0.05": 0.0005639363069438212, "0.1": 2.8040189603184108e-05, "0.15": 0.0, "0.2": 0.0, "0.25": 0.0, "0.3": 0.0, "0.35": 0.0, "0.4": 0.0}, "14": {"0": 0.010441274224259384, "0.05": 0.14520850063209365, "0.1": 0.23470133677830265, "0.15": 0.28741731680836646, "0.2": 0.31372423350382, "0.25": 0.32654098829570516, "0.3": 0.33072021667464035, "0.35": 0.3247258695564108, "0.4": 0.31224458012988754}, "15": {"0": 0.010441274224259384, "0.05": 0.010793922255173583, "0.1": 0.0032170919448207907, "0.15": 0.0009114087311013227, "0.2": 0.000379630789966726, "0.25": 0.00017611707700653057, "0.3": 0.00011325001780238458, "0.35": 3.305370657426826e-05, "0.4": 0.0}}, "recall": {"0": {"0": 1.0, "0.05": 0.044333207184866066, "0.1": 0.014959652810740985, "0.15": 0.006131173471896649, "0.2": 0.0032298304530382275, "0.25": 0.0021750776723314957, "0.3": 0.0012593202755233398, "0.35": 0.0007609565309270898, "0.4": 0.0006520305767168038}, "1": {"0": 1.0, "0.05": 0.09990211572663266, "0.1": 0.02063588877681033, "0.15": 0.006058597669822289, "0.2": 0.00247491163369684, "0.25": 0.0011603651208313664, "0.3": 0.00042719182513306886, "0.35": 0.00026558082244750096, "0.4": 7.662785014447845e-05}, "2": {"0": 1.0, "0.05": 0.06676759586729158, "0.1": 0.01843255620918041, "0.15": 0.006373096070694715, "0.2": 0.0024334650813202193, "0.25": 0.0012440290992449111, "0.3": 0.0007164858295436062, "0.35": 0.0003575706101895817, "0.4": 0.0002645208055048724}, "3": {"0": 1.0, "0.05": 0.014647674081874725, "0.1": 0.0031744978546857303, "0.15": 0.0011779108193726543, "0.2": 0.0004858934861564094, "0.25": 0.0003170917456783906, "0.3": 0.0001334023684596587, "0.35": 3.5578977226626745e-05, "0.4": 0.0}, "4": {"0": 1.0, "0.05": 0.03801482767237202, "0.1": 0.026439252247235305, "0.15": 0.021434415849487666, "0.2": 0.018244596454199836, "0.25": 0.015713632467831907, "0.3": 0.013203428092385207, "0.35": 0.010660767508463837, "0.4": 0.008161605338882032}, "5": {"0": 1.0, "0.05": 0.01122215834942768, "0.1": 0.0009401706058311195, "0.15": 0.00027150390160716185, "0.2": 0.0001248581056908478, "0.25": 5.1093451294053106e-05, "0.3": 3.343363423604146e-05, "0.35": 0.0, "0.4": 0.0}, "6": {"0": 1.0, "0.05": 0.009228842700420216, "0.1": 0.002290605282360922, "0.15": 0.0011190764111619338, "0.2": 0.0006128771762061989, "0.25": 0.00031189700022284735, "0.3": 0.00014915266583314204, "0.35": 0.00011006103195715509, "0.4": 4.7762334622916366e-05}, "7": {"0": 1.0, "0.05": 0.08937648462339197, "0.1": 0.049052917989771995, "0.15": 0.03730518085797199, "0.2": 0.03162958632429167, "0.25": 0.02759401547152096, "0.3": 0.02389131733674865, "0.35": 0.02200373312329536, "0.4": 0.020347386448719685}, "8": {"0": 1.0, "0.05": 0.014315685537377297, "0.1": 0.003081449732008537, "0.15": 0.0012898070514214808, "0.2": 0.0005302302753197052, "0.25": 0.00037953076566465754, "0.3": 0.0002647574333219504, "0.35": 0.00014757582313190313, "0.4": 9.185309940516738e-05}, "9": {"0": 1.0, "0.05": 0.021666395641662003, "0.1": 0.003338127998313808, "0.15": 0.0009719700685110066, "0.2": 0.00027769301833318927, "0.25": 0.00010158862486473937, "0.3": 5.86148008290597e-05, "0.35": 2.8741194343263706e-05, "0.4": 0.0}, "10": {"0": 1.0, "0.05": 0.3755454839422414, "0.1": 0.2597978091015789, "0.15": 0.19525025527971543, "0.2": 0.14784607269283775, "0.25": 0.11395713737041759, "0.3": 0.08527911018284029, "0.35": 0.06427504698388874, "0.4": 0.04614843871434467}, "11": {"0": 1.0, "0.05": 0.014949264950144966, "0.1": 0.0048043043246058644, "0.15": 0.0023174185356083245, "0.2": 0.0009303446106422511, "0.25": 0.0005524973050041802, "0.3": 0.00027005115652400805, "0.35": 0.00020151279898932844, "0.4": 9.998520482397448e-05}, "12": {"0": 1.0, "0.05": 0.0854749925688136, "0.1": 0.031729699033933655, "0.15": 0.01492944139512677, "0.2": 0.007951121105549437, "0.25": 0.004969263889086463, "0.3": 0.002970238575368046, "0.35": 0.0017626312214848348, "0.4": 0.0010983571343821169}, "13": {"0": 1.0, "0.05": 0.0019225563605643485, "0.1": 5.7314801547499646e-05, "0.15": 0.0, "0.2": 0.0, "0.25": 0.0, "0.3": 0.0, "0.35": 0.0, "0.4": 0.0}, "14": {"0": 1.0, "0.05": 0.5643272202920369, "0.1": 0.49120965335568184, "0.15": 0.4274486166247255, "0.2": 0.3733706159971151, "0.25": 0.33241835058747066, "0.3": 0.2993930358648108, "0.35": 0.27019365470365153, "0.4": 0.24335099338518074}, "15": {"0": 1.0, "0.05": 0.05330144761007032, "0.1": 0.007992044333573005, "0.15": 0.001447147805469632,