{"fscore": {"0": {"0": 0.010441274224259384, "0.05": 0.027154793268066628, "0.1": 0.012361406607130471, "0.15": 0.005000612849614603, "0.2": 0.0013226916438184063, "0.25": 0.0005787696372892821, "0.3": 0.0003460259227561133, "0.35": 0.00015788105055908466, "0.4": 0.0}, "1": {"0": 0.010441274224259384, "0.05": 0.008833097696238404, "0.1": 0.0034602560585397756, "0.15": 0.0014428010862576172, "0.2": 0.0005213890358085031, "0.25": 9.759680871180367e-05, "0.3": 3.631167032876586e-05, "0.35": 5.917457386909993e-06, "0.4": 0.0}, "2": {"0": 0.010441274224259384, "0.05": 0.001974166827750274, "0.1": 0.0, "0.15": 0.0, "0.2": 0.0, "0.25": 0.0, "0.3": 0.0, "0.35": 0.0, "0.4": 0.0}, "3": {"0": 0.010441274224259384, "0.05": 0.02021736275152157, "0.1": 0.019746743168970085, "0.15": 0.01671251786685997, "0.2": 0.012328520419523977, "0.25": 0.008057757511574858, "0.3": 0.005187504858246808, "0.35": 0.003011036884527057, "0.4": 0.002127305035908685}, "4": {"0": 0.010441274224259384, "0.05": 0.06650657343487154, "0.1": 0.06883928341792798, "0.15": 0.06343049912187392, "0.2": 0.05437920252639006, "0.25": 0.04404390446450474, "0.3": 0.03595869626373832, "0.35": 0.028884937211523014, "0.4": 0.022366228495282626}, "5": {"0": 0.010441274224259384, "0.05": 0.03080205149987213, "0.1": 0.02722040948514885, "0.15": 0.021481264462730996, "0.2": 0.01638038212317106, "0.25": 0.012264315825051835, "0.3": 0.008719628802929362, "0.35": 0.006635508832974934, "0.4": 0.005218046111896636}, "6": {"0": 0.010441274224259384, "0.05": 0.032151128562254945, "0.1": 0.0209631940186356, "0.15": 0.010404810698529998, "0.2": 0.00469631837432072, "0.25": 0.001681404864748815, "0.3": 0.0009437057241492873, "0.35": 0.00044060169919492314, "0.4": 0.00034833544133521443}, "7": {"0": 0.010441274224259384, "0.05": 0.028077862440963188, "0.1": 0.0214047488137983, "0.15": 0.014458541673344337, "0.2": 0.009400138689019273, "0.25": 0.0059295259482616105, "0.3": 0.004121657077656297, "0.35": 0.0028775599686496683, "0.4": 0.0019855141466218777}, "8": {"0": 0.010441274224259384, "0.05": 0.021845300475734724, "0.1": 0.021006779398602307, "0.15": 0.01999153178054793, "0.2": 0.018911761042813773, "0.25": 0.017984503660972664, "0.3": 0.016918601949872065, "0.35": 0.01601653255275597, "0.4": 0.014543154802637796}, "9": {"0": 0.010441274224259384, "0.05": 0.02126588393317633, "0.1": 0.013523670782184218, "0.15": 0.007111001428330919, "0.2": 0.0034950366624323915, "0.25": 0.0020258718567937235, "0.3": 0.0007497479049216268, "0.35": 0.0004163852178484311, "0.4": 0.00021608494232247847}, "10": {"0": 0.010441274224259384, "0.05": 0.0387008604541137, "0.1": 0.034513061655618134, "0.15": 0.027107833473518715, "0.2": 0.020326733288414434, "0.25": 0.015505076715937996, "0.3": 0.010909360698626636, "0.35": 0.008283660879276187, "0.4": 0.006284105914487157}, "11": {"0": 0.010441274224259384, "0.05": 0.0027143477295874384, "0.1": 0.0009448360822147774, "0.15": 0.0002794614475111231, "0.2": 0.00014974891344365652, "0.25": 0.0001232757585131718, "0.3": 2.7065322952985944e-05, "0.35": 0.0, "0.4": 0.0}, "12": {"0": 0.010441274224259384, "0.05": 0.02959636391195073, "0.1": 0.020078512235783223, "0.15": 0.01226415313219994, "0.2": 0.007230062615103053, "0.25": 0.00462728776380652, "0.3": 0.002734617193455919, "0.35": 0.0017644525120124625, "0.4": 0.001190392730897817}, "13": {"0": 0.010441274224259384, "0.05": 0.13243284047033244, "0.1": 0.1743417501452538, "0.15": 0.19604346100712267, "0.2": 0.2042181834641465, "0.25": 0.20655445900848102, "0.3": 0.20668968060280185, "0.35": 0.2067217489321785, "0.4": 0.20295193196928069}, "14": {"0": 0.010441274224259384, "0.05": 0.025305768883240445, "0.1": 0.008429771745778232, "0.15": 0.004209840963608017, "0.2": 0.002333160352543078, "0.25": 0.0013540067432221616, "0.3": 0.000530980241305157, "0.35": 0.000286991258852522, "0.4": 0.0002498922987813454}, "15": {"0": 0.010441274224259384, "0.05": 0.021292141500914543, "0.1": 0.018332384272671386, "0.15": 0.012302753699373052, "0.2": 0.008106262461987137, "0.25": 0.004770831790839391, "0.3": 0.0027681081940911316, "0.35": 0.0015661053983804319, "0.4": 0.0008347798770095932}}, "recall": {"0": {"0": 1.0, "0.05": 0.07823120531690839, "0.1": 0.012928457500454757, "0.15": 0.0038044186490137164, "0.2": 0.0008351385422742597, "0.25": 0.0003276389557361117, "0.3": 0.00019761938566296847, "0.35": 8.955437741796819e-05, "0.4": 0.0}, "1": {"0": 1.0, "0.05": 0.022025090889413748, "0.1": 0.0030890061056032627, "0.15": 0.0009520943013098111, "0.2": 0.00029608471656409995, "0.25": 5.223758721092828e-05, "0.3": 1.8932817328002883e-05, "0.35": 3.012039120364095e-06, "0.4": 0.0}, "2": {"0": 1.0, "0.05": 0.002735814735477829, "0.1": 0.0, "0.15": 0.0, "0.2": 0.0, "0.25": 0.0, "0.3": 0.0, "0.35": 0.0, "0.4": 0.0}, "3": {"0": 1.0, "0.05": 0.11971654903958426, "0.1": 0.05578458214101778, "0.15": 0.029751906520187738, "0.2": 0.016397665635908595, "0.25": 0.008563144694766099, "0.3": 0.004529102671997657, "0.35": 0.002363895959158921, "0.4": 0.001521167946180042}, "4": {"0": 1.0, "0.05": 0.30362922579963914, "0.1": 0.1740971655817938, "0.15": 0.11437027552745109, "0.2": 0.07758315692718419, "0.25": 0.05263317680733969, "0.3": 0.03755453330416468, "0.35": 0.027319420908930855, "0.4": 0.0192817278296325}, "5": {"0": 1.0, "0.05": 0.1643073090406653, "0.1": 0.07085233165091155, "0.15": 0.03753425019415795, "0.2": 0.021952369381758537, "0.25": 0.013944561785363019, "0.3": 0.008748561191003363, "0.35": 0.0063559301254074736, "0.4": 0.004493850550942834}, "6": {"0": 1.0, "0.05": 0.11450982485342619, "0.1": 0.027488219351471804, "0.15": 0.008948695422957014, "0.2": 0.003356351367216082, "0.25": 0.0010677891265572805, "0.3": 0.0005449346815934881, "0.35": 0.00023836689821486322, "0.4": 0.0001892114954987784}, "7": {"0": 1.0, "0.05": 0.09732241947567564, "0.1": 0.03860459371917231, "0.15": 0.01858777423822532, "0.2": 0.009597433332504802, "0.25": 0.0051093638351747605, "0.3": 0.003236493891009584, "0.35": 0.0020003184125681975, "0.4": 0.0012439513139033498}, "8": {"0": 1.0, "0.05": 0.10436897738259068, "0.1": 0.061511576659734356, "0.15": 0.044503811382857146, "0.2": 0.03475432223801881, "0.25": 0.028437258241454016, "0.3": 0.023596786722564152, "0.35": 0.020096298229908462, "0.4": 0.016597219080651527}, "9": {"0": 1.0, "0.05": 0.12815115976581493, "0.1": 0.03306745155370801, "0.15": 0.010859048883378629, "0.2": 0.003934241749175134, "0.25": 0.0018780772981994208, "0.3": 0.0006320750367992226, "0.35": 0.0004074125839421727, "0.4": 0.00020443713522951237}, "10": {"0": 1.0, "0.05": 0.1797435210232228, "0.1": 0.0686258816446815, "0.15": 0.03495547884303297, "0.2": 0.020060788919796808, "0.25": 0.012840873734248293, "0.3": 0.008048998118198711, "0.35": 0.005749028393470735, "0.4": 0.004030040584884224}, "11": {"0": 1.0, "0.05": 0.023760537551696315, "0.1": 0.0056048777139409214, "0.15": 0.0008647738180053206, "0.2": 0.0002848199172983465, "0.25": 0.00014427192043418434, "0.3": 2.1985836572453564e-05, "0.35": 0.0, "0.4": 0.0}, "12": {"0": 1.0, "0.05": 0.10867020662711419, "0.1": 0.0415883663621848, "0.15": 0.018247495575731097, "0.2": 0.008760021176078705, "0.25": 0.00482727194707045, "0.3": 0.0025118143577621053, "0.35": 0.001464633734745815, "0.4": 0.0009500444644120333}, "13": {"0": 1.0, "0.05": 0.5701303875716989, "0.1": 0.49619060532952586, "0.15": 0.4248396080799845, "0.2": 0.3602481187086304, "0.25": 0.30813890276395983, "0.3": 0.2679349659214138, "0.35": 0.23774962498652538, "0.4": 0.21081255772100668}, "14": {"0": 1.0, "0.05": 0.06265045973968784, "0.1": 0.00874652899905544, "0.15": 0.0032926181735759338, "0.2": 0.001644823821935395, "0.25": 0.0009060863788674196, "0.3": 0.00032394951321663404, "0.35": 0.0001617509512669343, "0.4": 0.00013816220945252802}, "15": {"0": 1.0, "0.05": 0.1363798257211508, "0.1": 0.052364952425887276, "0.15": 0.020684118817284342, "0.2": 0.009419393528980512, "0.25": 0.004143446609531575, "0.3": 0.0019416429154464991, "0.35": 0.0009800809670168816,