{"fscore": {"0": {"0": 0.010441274224259384, "0.05": 0.040552477050861874, "0.1": 0.0382145395417727, "0.15": 0.029299844765848446, "0.2": 0.021478567118178356, "0.25": 0.014684268956468266, "0.3": 0.011254033521814182, "0.35": 0.006367538960960881, "0.4": 0.00396163707823791}, "1": {"0": 0.010441274224259384, "0.05": 0.05363800576717032, "0.1": 0.05847175628684424, "0.15": 0.05630460338227585, "0.2": 0.0507423198669942, "0.25": 0.04458015232117036, "0.3": 0.03773397621721936, "0.35": 0.03257355728861773, "0.4": 0.027101164182255017}, "2": {"0": 0.010441274224259384, "0.05": 0.038460229611374824, "0.1": 0.03688204286003204, "0.15": 0.030150423243954023, "0.2": 0.022761145418357182, "0.25": 0.01648928573425936, "0.3": 0.011466144520414442, "0.35": 0.007846068615728726, "0.4": 0.005206429799660745}, "3": {"0": 0.010441274224259384, "0.05": 0.034035266590133756, "0.1": 0.027781856611519926, "0.15": 0.02351359863444183, "0.2": 0.01989389676921032, "0.25": 0.01731236628403502, "0.3": 0.01436459462680034, "0.35": 0.013145686784325886, "0.4": 0.011913570177331882}, "4": {"0": 0.010441274224259384, "0.05": 0.1125929002314301, "0.1": 0.18799485392845272, "0.15": 0.20982626973847596, "0.2": 0.20048773013828608, "0.25": 0.18270451279712868, "0.3": 0.1623260627008611, "0.35": 0.14207871230089414, "0.4": 0.12319445503402339}, "5": {"0": 0.010441274224259384, "0.05": 0.0972953141228129, "0.1": 0.11359598836926744, "0.15": 0.10693616965600271, "0.2": 0.0907669291471018, "0.25": 0.07699451630719882, "0.3": 0.06317771961405903, "0.35": 0.0521107893797608, "0.4": 0.041163526364871084}, "6": {"0": 0.010441274224259384, "0.05": 0.06358831842561367, "0.1": 0.060228509379509465, "0.15": 0.048832271177845624, "0.2": 0.037640904306194455, "0.25": 0.02894919575426823, "0.3": 0.021960048982131317, "0.35": 0.016738564400058716, "0.4": 0.012125774041394994}, "7": {"0": 0.010441274224259384, "0.05": 0.03160582168780413, "0.1": 0.021806700316373582, "0.15": 0.014859580218581147, "0.2": 0.009744441988895368, "0.25": 0.006487235755539219, "0.3": 0.004931798242675639, "0.35": 0.0037953298869446432, "0.4": 0.0031587689453345925}, "8": {"0": 0.010441274224259384, "0.05": 0.035572474238128295, "0.1": 0.026376809756317895, "0.15": 0.016523181152562655, "0.2": 0.010349778163499149, "0.25": 0.006813626287364645, "0.3": 0.004336757476166299, "0.35": 0.0026669054308813256, "0.4": 0.0016609163301074808}, "9": {"0": 0.010441274224259384, "0.05": 0.01827275623511136, "0.1": 0.021602057957165938, "0.15": 0.022421978972296686, "0.2": 0.020553669023307956, "0.25": 0.01810014754370068, "0.3": 0.015201433872477403, "0.35": 0.01276186657304593, "0.4": 0.01035661440980511}, "10": {"0": 0.010441274224259384, "0.05": 0.007113297533229862, "0.1": 0.002285087265894274, "0.15": 0.0006981559874589464, "0.2": 0.00039594856791544896, "0.25": 0.0002986709761833896, "0.3": 0.0001878651828501377, "0.35": 4.776233462291637e-05, "0.4": 0.0}, "11": {"0": 0.010441274224259384, "0.05": 0.030925533676344586, "0.1": 0.031350421965509745, "0.15": 0.02770130764633215, "0.2": 0.026323995123805576, "0.25": 0.02477627172488803, "0.3": 0.02315878315495043, "0.35": 0.02173786813346686, "0.4": 0.020751892176138195}}, "recall": {"0": {"0": 1.0, "0.05": 0.15969062939685633, "0.1": 0.07500184314538397, "0.15": 0.04042942523903728, "0.2": 0.023859373482797205, "0.25": 0.014218882099471912, "0.3": 0.009414486498585756, "0.35": 0.004772885465147554, "0.4": 0.0029196531782549537}, "1": {"0": 1.0, "0.05": 0.22274440615094737, "0.1": 0.11759785388285861, "0.15": 0.07635036523111093, "0.2": 0.053376556978483744, "0.25": 0.03960534957432698, "0.3": 0.030117292095029585, "0.35": 0.024269808258470756, "0.4": 0.018905753122643504}, "2": {"0": 1.0, "0.05": 0.21358165132698942, "0.1": 0.1184766704258485, "0.15": 0.06413403880986801, "0.2": 0.03539630772036856, "0.25": 0.020108873861236966, "0.3": 0.01173317540174188, "0.35": 0.007076087306040198, "0.4": 0.004153716168283103}, "3": {"0": 1.0, "0.05": 0.16480205552651736, "0.1": 0.10180280769927684, "0.15": 0.07250029618421631, "0.2": 0.053487520133789504, "0.25": 0.04181648164149189, "0.3": 0.03150650826685586, "0.35": 0.026091713313589265, "0.4": 0.021963979646526945}, "4": {"0": 1.0, "0.05": 0.43476551840999406, "0.1": 0.3329021257018683, "0.15": 0.26738845644060644, "0.2": 0.21683161102464626, "0.25": 0.17943937311167793, "0.3": 0.14925132240318006, "0.35": 0.12322092433453888, "0.4": 0.10180869099232702}, "5": {"0": 1.0, "0.05": 0.35203263349203456, "0.1": 0.23538883646594966, "0.15": 0.17111787911961582, "0.2": 0.12216694629840795, "0.25": 0.09089661665698742, "0.3": 0.06689157527880277, "0.35": 0.050944570248843316, "0.4": 0.03757528095159364}, "6": {"0": 1.0, "0.05": 0.24922538054100352, "0.1": 0.11628173946864614, "0.15": 0.06729595848176564, "0.2": 0.042624488660281214, "0.25": 0.028299505247934516, "0.3": 0.019307092004735536, "0.35": 0.0134327477276325, "0.4": 0.00909496921424675}, "7": {"0": 1.0, "0.05": 0.12181489912429552, "0.1": 0.06411095051894074, "0.15": 0.03679209268574586, "0.2": 0.020760188532854332, "0.25": 0.01241101734759264, "0.3": 0.008459554167706272, "0.35": 0.005986322923278334, "0.4": 0.004604683569289557}, "8": {"0": 1.0, "0.05": 0.12505920884067792, "0.1": 0.04114273313826737, "0.15": 0.018795825945431773, "0.2": 0.009759516197140536, "0.25": 0.005837542557286497, "0.3": 0.0034629872628689686, "0.35": 0.0020432305246535546, "0.4": 0.001197201342703639}, "9": {"0": 1.0, "0.05": 0.13885140850496797, "0.1": 0.07302983703429838, "0.15": 0.04366451198502425, "0.2": 0.028950877230195526, "0.25": 0.020382541311583062, "0.3": 0.014726049791468642, "0.35": 0.011088147558726419, "0.4": 0.008190620075224916}, "10": {"0": 1.0, "0.05": 0.029846794616799364, "0.1": 0.0033412553693960736, "0.15": 0.0007503193839162528, "0.2": 0.00034422420330143495, "0.25": 0.00020199487350941713, "0.3": 0.0001170177198261451, "0.35": 3.343363423604146e-05, "0.4": 0.0}, "11": {"0": 1.0, "0.05": 0.16985449236540068, "0.1": 0.08117200346870862, "0.15": 0.04415637695708169, "0.2": 0.03145866119415326, "0.25": 0.024614136422462646, "0.3": 0.019826742074391453, "0.35": 0.017058527933668074, "0.4": 0.015123022736220994}}, "precision": {"0": {"0": 0.005257420766925437, "0.05": 0.028072328454326428, "0.1": 0.04333688733170141, "0.15": 0.04565721773284407, "0.2": 0.03815743261094245, "0.25": 0.028803330311182047, "0.3": 0.027313246668370865, "0.35": 0.016558936067461658, "0.4": 0.010911305344605242}, "1": {"0": 0.005257420766925437, "0.05": 0.031234185685121804, "0.1": 0.04154270678081711, "0.15": 0.05036279319582504, "0.2": 0.057560342251591526, "0.25": 0.0661002168379064, "0.3": 0.06935364065868559, "0.35": 0.07061140222381104, "0.4": 0.0704997207352022}, "2": {"0": 0.005257420766925437, "0.05": 0.02135957486446826, "0.1": 0.02235316808851893, "0.15": 0.020570557592849162, "0.2": 0.017930707161371507, "0.25": 0.01537717360977006, "0.3": 0.012663274872472704, "0.35": 0.010327292279290128, "0.4": 0.008475886743461846}, "3": {"0": 0.005257420766925437, "0.05": 0.019378931704924426, "0.1": 0.016563826816352406, "0.15": 0.014593504958766499, "0.2": 0.012839569998628052, "0.25": 0.011597247949244488, "0.3": 0.010014474790057291, "0.35": 0.009592416252740911, "0.4": 0.009016065372388679}, "4": {"0": 0.005257420766925437, "0.05": 0.07615119207253379, "0.1": 0.16808158932962988, "0.15": 0.22707526971351644, "0.2": 0.2554745007677246, "0.25": 0.27155309499661917, "0.3": 0.278246778303693, "0.35": 0.2813826627740417, "0.4": 0.2792610142002546}, "5": {"0": 0.005257420766925437, "0.05": 0.06161607872172524, "0.1": 0.08999685555880141, "0.15": 0.10341522341008713, "0.2": 0.10600154073245241, "0.25": 0.1082519448849799, "0.3": 0.10345234475829443, "0.35": 0.09682678803833353, "0.4": 0.08701713842749434}, "6": {"0": 0.005257420766925437, "0.05": 0.03965425332996438, "0.1": 0.04951674399599243, "0.15": 0.05179234147699705, "0.2": 0.05148307593383708, "0.25": 0.052173293175462085, "0.3": 0.0507248007467707,