{"fscore": {"0": {"0": 0.011099634023900469, "0.05": 0.012203216790916502, "0.1": 0.006291315321389758, "0.15": 0.003747674707512786, "0.2": 0.0024664553093901994, "0.25": 0.001700652202966864, "0.3": 0.0010215893075500128, "0.35": 0.000701345670937734, "0.4": 0.0004268709899562824}, "1": {"0": 0.011099634023900469, "0.05": 0.0009475013009629058, "0.1": 0.0005080336645674946, "0.15": 0.00031940249840718666, "0.2": 0.0002217925396012234, "0.25": 7.591542939838543e-05, "0.3": 0.0, "0.35": 0.0, "0.4": 0.0}, "2": {"0": 0.011099634023900469, "0.05": 0.00416311121773153, "0.1": 0.0015535291844523376, "0.15": 0.0007886063254679213, "0.2": 0.0004010344672249282, "0.25": 0.00027378972927028617, "0.3": 0.0001685687434892699, "0.35": 8.636173754541536e-05, "0.4": 4.866801358868143e-05}, "3": {"0": 0.011099634023900469, "0.05": 0.013173288577070907, "0.1": 0.008790345066234922, "0.15": 0.0070604208394914655, "0.2": 0.006158848150549042, "0.25": 0.005462344845003847, "0.3": 0.004875401141911537, "0.35": 0.004245292629133411, "0.4": 0.0035617385747948095}, "4": {"0": 0.011099634023900469, "0.05": 0.0014976343376097458, "0.1": 0.00028227527932193404, "0.15": 9.824807447265408e-05, "0.2": 3.639812938925804e-05, "0.25": 1.885156279455567e-05, "0.3": 9.558538881746535e-06, "0.35": 0.0, "0.4": 0.0}, "5": {"0": 0.011099634023900469, "0.05": 0.003123426970379429, "0.1": 0.0004499412301491343, "0.15": 0.00011562011853877429, "0.2": 6.834869200388652e-06, "0.25": 0.0, "0.3": 0.0, "0.35": 0.0, "0.4": 0.0}, "6": {"0": 0.011099634023900469, "0.05": 0.002558948045137205, "0.1": 0.000676279244659609, "0.15": 0.0002629995140405384, "0.2": 0.00014240640690867836, "0.25": 5.328062504126305e-05, "0.3": 2.3295230270695134e-05, "0.35": 1.4182522651819016e-05, "0.4": 0.0}, "7": {"0": 0.011099634023900469, "0.05": 0.0034453251594673676, "0.1": 0.0011825010334837625, "0.15": 0.00048326913273514626, "0.2": 0.0002887505134353561, "0.25": 0.00020371385187100693, "0.3": 0.00012053031235413029, "0.35": 5.664420904602951e-05, "0.4": 3.3991341166836285e-05}, "8": {"0": 0.011099634023900469, "0.05": 0.04167758350328884, "0.1": 0.03774359164217339, "0.15": 0.030477913829172427, "0.2": 0.023229235655344734, "0.25": 0.017588688136350027, "0.3": 0.01287068746732836, "0.35": 0.009387593574315803, "0.4": 0.007028534166557325}, "9": {"0": 0.011099634023900469, "0.05": 0.007443086670577072, "0.1": 0.003694724391572699, "0.15": 0.0021081473860666074, "0.2": 0.0013150646122660873, "0.25": 0.0008720632979588995, "0.3": 0.0005815717464227733, "0.35": 0.00036765655213116637, "0.4": 0.0002223943403344873}, "10": {"0": 0.011099634023900469, "0.05": 0.0013732510111140225, "0.1": 0.00031108535403724647, "0.15": 0.00013836378929290354, "0.2": 6.71085872925574e-05, "0.25": 4.0171386509767556e-05, "0.3": 1.7470673590014103e-05, "0.35": 1.092155095587007e-05, "0.4": 1.8956878787821345e-06}, "11": {"0": 0.011099634023900469, "0.05": 0.013587947629367823, "0.1": 0.00434964336965064, "0.15": 0.0015938710986520008, "0.2": 0.000681881349328156, "0.25": 9.153959674945007e-05, "0.3": 5.724825034887929e-06, "0.35": 3.7494821027845528e-06, "0.4": 0.0}, "12": {"0": 0.011099634023900469, "0.05": 0.0028467021447185726, "0.1": 0.0010328795046161269, "0.15": 0.0005086960289147354, "0.2": 0.00026644729453134664, "0.25": 0.0001715615414541702, "0.3": 0.0001215740086857402, "0.35": 9.836354641133821e-05, "0.4": 5.458658618418295e-05}, "13": {"0": 0.011099634023900469, "0.05": 0.05915892063638695, "0.1": 0.05807042537896223, "0.15": 0.0448356104269643, "0.2": 0.027818667612592416, "0.25": 0.014675422672566444, "0.3": 0.008194027612218633, "0.35": 0.004974637670900224, "0.4": 0.0031369229438173558}, "14": {"0": 0.011099634023900469, "0.05": 0.024061475806320946, "0.1": 0.015272174454449556, "0.15": 0.005865795370935102, "0.2": 0.0008602546297783771, "0.25": 1.0601455645099798e-05, "0.3": 6.653492751019647e-06, "0.35": 7.540625117822269e-06, "0.4": 8.483203257550051e-06}, "15": {"0": 0.011099634023900469, "0.05": 0.0018966487762997549, "0.1": 0.0006191341261954271, "0.15": 0.0002532970550918362, "0.2": 9.277750705505864e-05, "0.25": 3.496373507869632e-05, "0.3": 2.209257580458194e-05, "0.35": 1.4372883326244665e-05, "0.4": 2.1821744713955113e-06}}, "recall": {"0": {"0": 0.5856547591822291, "0.05": 0.044900161450801064, "0.1": 0.016463159600918945, "0.15": 0.008507341933201745, "0.2": 0.00525467934602103, "0.25": 0.003442273512887947, "0.3": 0.0018442299953057698, "0.35": 0.0012032994929553592, "0.4": 0.0006903884353736208}, "1": {"0": 0.5856547591822291, "0.05": 0.008975529216821947, "0.1": 0.0032497094807725454, "0.15": 0.001510791407843696, "0.2": 0.0010227773673495086, "0.25": 0.0002572037353170709, "0.3": 0.0, "0.35": 0.0, "0.4": 0.0}, "2": {"0": 0.5856547591822291, "0.05": 0.010730363339589433, "0.1": 0.003170874273797641, "0.15": 0.0014417280970679992, "0.2": 0.0007098116526384293, "0.25": 0.0004650014366023275, "0.3": 0.0002799172424175469, "0.35": 0.00013916486546849084, "0.4": 7.424260466087477e-05}, "3": {"0": 0.5856547591822291, "0.05": 0.07206416656979468, "0.1": 0.03190705305425241, "0.15": 0.019911704913935957, "0.2": 0.014287268293087725, "0.25": 0.010688234820809026, "0.3": 0.008095596405253517, "0.35": 0.005990904572931413, "0.4": 0.004200772110525412}, "4": {"0": 0.5856547591822291, "0.05": 0.005817030507823099, "0.1": 0.0005841318571755371, "0.15": 0.0001877463936885613, "0.2": 6.653066170497056e-05, "0.25": 3.5010045189889095e-05, "0.3": 1.885156279455567e-05, "0.35": 0.0, "0.4": 0.0}, "5": {"0": 0.5856547591822291, "0.05": 0.01806559068442075, "0.1": 0.0021329436267791147, "0.15": 0.00044571443420638666, "0.2": 1.6454489077144494e-05, "0.25": 0.0, "0.3": 0.0, "0.35": 0.0, "0.4": 0.0}, "6": {"0": 0.5856547591822291, "0.05": 0.016867988456661254, "0.1": 0.0032331978758948, "0.15": 0.0010684445886268402, "0.2": 0.00042707427318533774, "0.25": 0.00012778291358476784, "0.3": 3.644839494856461e-05, "0.35": 1.799467357662132e-05, "0.4": 0.0}, "7": {"0": 0.5856547591822291, "0.05": 0.009179010148536301, "0.1": 0.002439437222661522, "0.15": 0.0009337557499470919, "0.2": 0.0005587764628768654, "0.25": 0.00039037811854770744, "0.3": 0.00021761632475550112, "0.35": 9.799662102990403e-05, "0.4": 5.664323823398598e-05}, "8": {"0": 0.5856547591822291, "0.05": 0.21333960862759296, "0.1": 0.13793370754272602, "0.15": 0.09516039775828461, "0.2": 0.06551792380716903, "0.25": 0.04576807410257378, "0.3": 0.030734440732335087, "0.35": 0.02085313273355817, "0.4": 0.014434013739768738}, "9": {"0": 0.5856547591822291, "0.05": 0.03903225845122845, "0.1": 0.01184801306894633, "0.15": 0.005092011599444195, "0.2": 0.002608321731676458, "0.25": 0.0014892138733753712, "0.3": 0.000900566793972506, "0.35": 0.0004933436094782387, "0.4": 0.0002515830456026399}, "10": {"0": 0.5856547591822291, "0.05": 0.0036638383541504798, "0.1": 0.0006539522204610398, "0.15": 0.0002932658833210108, "0.2": 0.00012649755613470563, "0.25": 7.201064967891773e-05, "0.3": 2.7765956035685377e-05, "0.35": 1.8070866598485315e-05, "0.4": 3.002903807982319e-06}, "11": {"0": 0.5856547591822291, "0.05": 0.05769335507142789, "0.1": 0.012569722891390304, "0.15": 0.004168687284651928, "0.2": 0.0016592704043962919, "0.25": 0.00024030780201968785, "0.3": 9.66930462486708e-06, "0.35": 6.059430898250036e-06, "0.4": 0.0}, "12": {"0": 0.5856547591822291, "0.05": 0.009946471449052805, "0.1": 0.002603930033914576, "0.15": 0.0011477039565077544, "0.2": 0.0004818892203952786, "0.25": 0.00031187863377774206, "0.3": 0.0002207004430376207, "0.35": 0.000180124210838379, "0.4": 0.00010033517066820745}, "13": {"0": 0.5856547591822291, "0.05": 0.31390421342827135, "0.1": 0.19975091737440934, "0.15": 0.12258784265246551, "0.2": 0.06593074485364112, "0.25": 0.031016249712783543, "0.3": 0.01610688709373892, "0.35": 0.00880182786668487, "0.4": 0.005193094944155839}, "14": {"0": 0.5856547591822291, "0.05": 0.10721082152489407, "0.1": 0.045183568202399764, "0.15": 0.01416263791978217,