{"fscore": {"0": {"0": 0.010441274224259384, "0.05": 0.0784678774915409, "0.1": 0.10278765497815862, "0.15": 0.09687365063330348, "0.2": 0.0804834723156271, "0.25": 0.059970594927390125, "0.3": 0.04428363844902822, "0.35": 0.030288122746536437, "0.4": 0.02074085415946568}, "1": {"0": 0.010441274224259384, "0.05": 0.009071107851623978, "0.1": 0.002912606512891131, "0.15": 0.0009175689129071975, "0.2": 0.0003297127458522862, "0.25": 5.5438424115885064e-05, "0.3": 1.364638132083325e-05, "0.35": 1.364638132083325e-05, "0.4": 0.0}, "2": {"0": 0.010441274224259384, "0.05": 0.03612494521037914, "0.1": 0.02932859446028651, "0.15": 0.01585964486816305, "0.2": 0.006898724069679126, "0.25": 0.0028522520619710125, "0.3": 0.0009565573309034111, "0.35": 0.00028347866557747794, "0.4": 0.00020971948803636637}, "3": {"0": 0.010441274224259384, "0.05": 0.006397549148668933, "0.1": 0.003290596113058613, "0.15": 0.00205003050501832, "0.2": 0.0014006097741785125, "0.25": 0.0009659500331785498, "0.3": 0.0006215267232134301, "0.35": 0.0004189712280171501, "0.4": 0.0003286290281569154}, "4": {"0": 0.010441274224259384, "0.05": 0.011458572864170503, "0.1": 0.006690754444690188, "0.15": 0.003429353648908123, "0.2": 0.0022844862704412723, "0.25": 0.0015931086366362463, "0.3": 0.0011879501137662663, "0.35": 0.000873185756782318, "0.4": 0.0006393291503475618}, "5": {"0": 0.010441274224259384, "0.05": 0.0025938120470803358, "0.1": 0.0006567934538443352, "0.15": 0.00012412737846484353, "0.2": 8.57272672719012e-06, "0.25": 0.0, "0.3": 0.0, "0.35": 0.0, "0.4": 0.0}, "6": {"0": 0.010441274224259384, "0.05": 0.025828853595527987, "0.1": 0.019493650525730433, "0.15": 0.0146646719640915, "0.2": 0.010862587776050371, "0.25": 0.008016622964115167, "0.3": 0.006281368737357812, "0.35": 0.004393194570441722, "0.4": 0.0031750508421921997}, "7": {"0": 0.010441274224259384, "0.05": 0.003811704072831879, "0.1": 0.0010535482951733997, "0.15": 0.00032440350011477806, "0.2": 0.00013976718967387085, "0.25": 0.00011503548640157733, "0.3": 7.0538674337327e-05, "0.35": 4.2886796397743836e-05, "0.4": 2.8150830558052225e-05}, "8": {"0": 0.010441274224259384, "0.05": 0.04665706145746609, "0.1": 0.04903643990014847, "0.15": 0.05035957963476964, "0.2": 0.05118410797602419, "0.25": 0.05035838571225101, "0.3": 0.04668911038952346, "0.35": 0.04227307663382687, "0.4": 0.03753771600529059}, "9": {"0": 0.010441274224259384, "0.05": 0.006873631986167647, "0.1": 0.0018136419293198808, "0.15": 0.00043548670116641867, "0.2": 0.00017104410824787643, "0.25": 7.058211672053197e-05, "0.3": 5.572272372673576e-05, "0.35": 0.0, "0.4": 0.0}, "10": {"0": 0.010441274224259384, "0.05": 0.021427398091650698, "0.1": 0.021274321201335194, "0.15": 0.020440865301499495, "0.2": 0.018804112925652386, "0.25": 0.016190534473214602, "0.3": 0.013853112386376421, "0.35": 0.011680357058565072, "0.4": 0.009725957337273331}, "11": {"0": 0.010441274224259384, "0.05": 0.003691747174038487, "0.1": 0.0014081811922746017, "0.15": 0.0005262458953054186, "0.2": 0.00039975438541611953, "0.25": 0.0004014393246364233, "0.3": 0.0003491564623234348, "0.35": 0.00033373290083563384, "0.4": 0.0003138475621088379}, "12": {"0": 0.010441274224259384, "0.05": 0.010057548547041148, "0.1": 0.00467438649174434, "0.15": 0.0023178874175360555, "0.2": 0.0013779583129623272, "0.25": 0.000972268398479527, "0.3": 0.0006109444250773943, "0.35": 0.00038717247801059614, "0.4": 0.0002004951512730091}, "13": {"0": 0.010441274224259384, "0.05": 0.010635653642831984, "0.1": 0.007143038240022249, "0.15": 0.006160407484708394, "0.2": 0.00541918470109123, "0.25": 0.004527828262616601, "0.3": 0.0035944727006498203, "0.35": 0.002899465260429869, "0.4": 0.001808035147066022}, "14": {"0": 0.010441274224259384, "0.05": 0.00875063358614661, "0.1": 0.0022034779968355344, "0.15": 0.0005227119808335738, "0.2": 0.00015638271418269643, "0.25": 0.0, "0.3": 0.0, "0.35": 0.0, "0.4": 0.0}, "15": {"0": 0.010441274224259384, "0.05": 0.013506027387311687, "0.1": 0.006386606986908077, "0.15": 0.0025220386486310867, "0.2": 0.0007905050226422787, "0.25": 0.0003569781370600105, "0.3": 0.0002549540635363751, "0.35": 0.00019651787831432576, "0.4": 0.00014410361438206202}}, "recall": {"0": {"0": 1.0, "0.05": 0.3442092418398791, "0.1": 0.19084341410293662, "0.15": 0.11735921553399842, "0.2": 0.07439434049113103, "0.25": 0.046600869958598766, "0.3": 0.031065996452509015, "0.35": 0.01982562025882225, "0.4": 0.01293123221015949}, "1": {"0": 1.0, "0.05": 0.029811718691262295, "0.1": 0.0037227136223284543, "0.15": 0.000990716461315565, "0.2": 0.0002727880611531564, "0.25": 2.9254429956536274e-05, "0.3": 6.96534046584197e-06, "0.35": 6.96534046584197e-06, "0.4": 0.0}, "2": {"0": 1.0, "0.05": 0.15101053287838687, "0.1": 0.04184214813074211, "0.15": 0.013594381219458827, "0.2": 0.004879323713194733, "0.25": 0.0018170725028989543, "0.3": 0.0005857744738936364, "0.35": 0.00016611184539995223, "0.4": 0.00012016628023184278}, "3": {"0": 1.0, "0.05": 0.04490202953179274, "0.1": 0.010411701660376764, "0.15": 0.003911454872344257, "0.2": 0.0018250059486404112, "0.25": 0.001001694273340359, "0.3": 0.000547985610646877, "0.35": 0.00034631533182318154, "0.4": 0.0002608027362607518}, "4": {"0": 1.0, "0.05": 0.055038229579501316, "0.1": 0.019390895420488333, "0.15": 0.007406472988760376, "0.2": 0.0038938121502955845, "0.25": 0.002274318196728284, "0.3": 0.0014844793101537039, "0.35": 0.000990414026405677, "0.4": 0.0006296731177905042}, "5": {"0": 1.0, "0.05": 0.013428378552535652, "0.1": 0.0014986875648400216, "0.15": 0.00013128008363715482, "0.2": 4.342030420265125e-06, "0.25": 0.0, "0.3": 0.0, "0.35": 0.0, "0.4": 0.0}, "6": {"0": 1.0, "0.05": 0.12604581594075506, "0.1": 0.0517017637645624, "0.15": 0.026606129305406564, "0.2": 0.015183734767664585, "0.25": 0.009327984333545274, "0.3": 0.006184299889286679, "0.35": 0.003830890137328649, "0.4": 0.0024721934377657817}, "7": {"0": 1.0, "0.05": 0.010507298443226714, "0.1": 0.0013660541965592574, "0.15": 0.0002668673288684366, "0.2": 7.926583855121107e-05, "0.25": 6.327918126133376e-05, "0.3": 3.690712094106073e-05, "0.35": 2.1953282652812436e-05, "0.4": 1.4289784517900057e-05}, "8": {"0": 1.0, "0.05": 0.2687153108882873, "0.1": 0.15787640808079634, "0.15": 0.10687481192808408, "0.2": 0.07883413029147925, "0.25": 0.06118432446616034, "0.3": 0.0480324975699462, "0.35": 0.038562999317607545, "0.4": 0.03135308764564466}, "9": {"0": 1.0, "0.05": 0.02479189632781134, "0.1": 0.0031072635650921223, "0.15": 0.000596490427647987, "0.2": 0.00017104690979255848, "0.25": 5.681532615275019e-05, "0.3": 3.714848248449051e-05, "0.35": 0.0, "0.4": 0.0}, "10": {"0": 1.0, "0.05": 0.11299394304004744, "0.1": 0.04792613097210217, "0.15": 0.02801335255717887, "0.2": 0.01849694248418762, "0.25": 0.012785310211568231, "0.3": 0.009550355034903896, "0.35": 0.007388632809150057, "0.4": 0.005855434706471572}, "11": {"0": 1.0, "0.05": 0.018341459422703564, "0.1": 0.004383104234089151, "0.15": 0.0012621935491117758, "0.2": 0.0007232643269643812, "0.25": 0.0006056389218086211, "0.3": 0.00041287923791569106, "0.35": 0.00034283727573550547, "0.4": 0.00028435773242514587}, "12": {"0": 1.0, "0.05": 0.04200242463767272, "0.1": 0.00974849658910011, "0.15": 0.0030190544437365264, "0.2": 0.001279143699518145, "0.25": 0.0007633293273379965, "0.3": 0.00041424358985646674, "0.35": 0.0002489708061857873, "0.4": 0.0001308731927286121}, "13": {"0": 1.0, "0.05": 0.06310086823675139, "0.1": 0.021602356496897707, "0.15": 0.010924037088739805, "0.2": 0.006620541361661185, "0.25": 0.004441381880454751, "0.3": 0.003040565274631317, "0.35": 0.002298773559931443, "0.4": 0.001291124466234619}, "14": {"0": 1.0, "0.05": 0.032295137922699224, "0.1": 0.0034773856503852564, "0.15": 0.0004940509729877834, "0.2": 0.00011503527677048239, "0.25": 0.0, "0.3": 0.0, "0.35": 0.0, "0.4": 0.0}, "15": {"0": 1.0, "0.05": 0.04518814017978649, "0.1": 0.01072178209008445, "0.15": 0.0028608660230279425, "0.2": 0.0007364180602199733,