{"fscore": {"0": {"0": 0.010441274224259384, "0.05": 0.11170845596619045, "0.1": 0.18620925470627492, "0.15": 0.22534222151363195, "0.2": 0.23915390587783655, "0.25": 0.2360561719947963, "0.3": 0.21704530027051153, "0.35": 0.19331394051210618, "0.4": 0.16577662221103182}, "1": {"0": 0.010441274224259384, "0.05": 0.012368078747958916, "0.1": 0.007732658088663324, "0.15": 0.0038162453430137743, "0.2": 0.0015242936861211852, "0.25": 0.0007147138562904813, "0.3": 0.00035643763739816607, "0.35": 0.00027326057622830297, "0.4": 0.0}, "2": {"0": 0.010441274224259384, "0.05": 0.06295582017347363, "0.1": 0.07337742695887133, "0.15": 0.061825411047433665, "0.2": 0.047263484728506756, "0.25": 0.0328845811092704, "0.3": 0.021257190600794177, "0.35": 0.013005380150822081, "0.4": 0.007994652343224039}, "3": {"0": 0.010441274224259384, "0.05": 0.0354252324351751, "0.1": 0.04446931584277161, "0.15": 0.04058579097260544, "0.2": 0.03172959105307925, "0.25": 0.024497785553757683, "0.3": 0.016997169639473973, "0.35": 0.01094248583946844, "0.4": 0.006644651594819638}, "4": {"0": 0.010441274224259384, "0.05": 0.02118830879317409, "0.1": 0.003944997519005551, "0.15": 0.00048456030707483386, "0.2": 7.92798146203304e-05, "0.25": 2.758364285777742e-05, "0.3": 3.5528708098490246e-05, "0.35": 1.8574241242245254e-05, "0.4": 2.1570086603897714e-05}, "5": {"0": 0.010441274224259384, "0.05": 0.0036121722661627046, "0.1": 0.0011083231190509419, "0.15": 0.0003514505567384469, "0.2": 7.97693758295995e-05, "0.25": 6.844270263330689e-05, "0.3": 0.0, "0.35": 0.0, "0.4": 0.0}, "6": {"0": 0.010441274224259384, "0.05": 0.10088291574330042, "0.1": 0.10312128108339746, "0.15": 0.08313774550361548, "0.2": 0.06363576476385824, "0.25": 0.0458263737532355, "0.3": 0.03268340562857752, "0.35": 0.023240076925985453, "0.4": 0.016853460284734324}, "7": {"0": 0.010441274224259384, "0.05": 0.005446540396029528, "0.1": 0.001013170004645614, "0.15": 0.0002314374159035977, "0.2": 0.00010874949017550198, "0.25": 8.085257952506759e-05, "0.3": 8.085257952506759e-05, "0.35": 8.085257952506759e-05, "0.4": 0.0}, "8": {"0": 0.010441274224259384, "0.05": 0.003965883651429695, "0.1": 0.00019354815580310483, "0.15": 4.778199434056814e-05, "0.2": 5.2055136502123524e-05, "0.25": 4.143605928148119e-05, "0.3": 3.039421294185587e-05, "0.35": 0.0, "0.4": 0.0}, "9": {"0": 0.010441274224259384, "0.05": 0.02193592232224929, "0.1": 0.015726531097348014, "0.15": 0.007813548533425675, "0.2": 0.004981376112349371, "0.25": 0.002747886019576969, "0.3": 0.0016606807767510863, "0.35": 0.0011408718081417331, "0.4": 0.0010869260257830228}, "10": {"0": 0.010441274224259384, "0.05": 0.013605867285648825, "0.1": 0.00856120970453751, "0.15": 0.0035749513394162423, "0.2": 0.0019706188888262244, "0.25": 0.0008670960170398962, "0.3": 0.0006189808589339043, "0.35": 0.00048524348091537567, "0.4": 0.00014319569094750154}, "11": {"0": 0.010441274224259384, "0.05": 0.0012723774401347473, "0.1": 0.00025548709279411613, "0.15": 1.3373453694416583e-05, "0.2": 0.0, "0.25": 0.0, "0.3": 0.0, "0.35": 0.0, "0.4": 0.0}, "12": {"0": 0.010441274224259384, "0.05": 0.030440411912343392, "0.1": 0.018462262940176215, "0.15": 0.009710787570161545, "0.2": 0.0048255844206318245, "0.25": 0.0021680177099544116, "0.3": 0.0009760070538409853, "0.35": 0.0004879977604372039, "0.4": 0.0002619558224074037}, "13": {"0": 0.010441274224259384, "0.05": 0.006546961702643158, "0.1": 0.002814589757807139, "0.15": 0.0010666257284958382, "0.2": 0.00033707731949154956, "0.25": 0.00013678153900593986, "0.3": 0.0, "0.35": 0.0, "0.4": 0.0}, "14": {"0": 0.010441274224259384, "0.05": 0.04054874808423983, "0.1": 0.022830513114911938, "0.15": 0.011912184423049709, "0.2": 0.00643168741081694, "0.25": 0.0038973764974390025, "0.3": 0.002335685999805483, "0.35": 0.0015025471833820768, "0.4": 0.0009431417755180976}, "15": {"0": 0.010441274224259384, "0.05": 0.0191069558718249, "0.1": 0.007833596334451975, "0.15": 0.002613339580065216, "0.2": 0.0009356645895349106, "0.25": 0.00029035825424992927, "0.3": 0.0, "0.35": 0.0, "0.4": 0.0}}, "recall": {"0": {"0": 1.0, "0.05": 0.5250266264025484, "0.1": 0.43055785869901736, "0.15": 0.3547383859951722, "0.2": 0.29459667217087093, "0.25": 0.24420529403500538, "0.3": 0.19576449716403718, "0.35": 0.1553657667522372, "0.4": 0.1208561854012941}, "1": {"0": 1.0, "0.05": 0.055907696595108296, "0.1": 0.014525964091746307, "0.15": 0.004693142985937631, "0.2": 0.001537835990914089, "0.25": 0.0006170794419356174, "0.3": 0.00022402077519362905, "0.35": 0.00017590418794029622, "0.4": 0.0}, "2": {"0": 1.0, "0.05": 0.27920551535186144, "0.1": 0.1402218430401233, "0.15": 0.07747489630199716, "0.2": 0.04534101465048227, "0.25": 0.02665173131395816, "0.3": 0.015152038616709013, "0.35": 0.008488015608424385, "0.4": 0.004958779792549589}, "3": {"0": 1.0, "0.05": 0.22040752226177876, "0.1": 0.1071724640449452, "0.15": 0.056515172070637575, "0.2": 0.03150922574850671, "0.25": 0.0191819539446232, "0.3": 0.01170734677020471, "0.35": 0.006903679433968398, "0.4": 0.003961785191673464}, "4": {"0": 1.0, "0.05": 0.06674227770130509, "0.1": 0.009257726956703924, "0.15": 0.0008935031726304224, "0.2": 0.00013781532425947746, "0.25": 3.288715443486392e-05, "0.3": 3.288715443486392e-05, "0.35": 1.4536362711322373e-05, "0.4": 1.4536362711322373e-05}, "5": {"0": 1.0, "0.05": 0.017434752090108065, "0.1": 0.002191455747985176, "0.15": 0.0005351048586704248, "0.2": 9.430152211437244e-05, "0.25": 5.715303962988193e-05, "0.3": 0.0, "0.35": 0.0, "0.4": 0.0}, "6": {"0": 1.0, "0.05": 0.34693649212753536, "0.1": 0.15664426633419165, "0.15": 0.08748890987894918, "0.2": 0.05504246349955926, "0.25": 0.03424002486953747, "0.3": 0.022264069512361154, "0.35": 0.014900565883093774, "0.4": 0.010497758982843995}, "7": {"0": 1.0, "0.05": 0.01578984341575691, "0.1": 0.0011896601637137805, "0.15": 0.0001766234638658425, "0.2": 8.173536431577883e-05, "0.25": 5.107259543836602e-05, "0.3": 5.107259543836602e-05, "0.35": 5.107259543836602e-05, "0.4": 0.0}, "8": {"0": 1.0, "0.05": 0.00989924988843267, "0.1": 0.00035347066174668337, "0.15": 9.196559619673622e-05, "0.2": 8.750777829859736e-05, "0.25": 5.40741440625559e-05, "0.3": 4.179204279505182e-05, "0.35": 0.0, "0.4": 0.0}, "9": {"0": 1.0, "0.05": 0.052563995228911406, "0.1": 0.016853495766839387, "0.15": 0.006390785273055279, "0.2": 0.0035995968733189172, "0.25": 0.0018712513862083194, "0.3": 0.0011238167103688535, "0.35": 0.0007926149802969807, "0.4": 0.0007123619467490779}, "10": {"0": 1.0, "0.05": 0.03010763305853625, "0.1": 0.007449018572852384, "0.15": 0.002553716411586831, "0.2": 0.0013065133830424043, "0.25": 0.0005500266045198196, "0.3": 0.0003884614791435522, "0.35": 0.0003000975344078607, "0.4": 9.359640023476193e-05}, "11": {"0": 1.0, "0.05": 0.0114354918374287, "0.1": 0.0013527549135972873, "0.15": 1.966684366825968e-05, "0.2": 0.0, "0.25": 0.0, "0.3": 0.0, "0.35": 0.0, "0.4": 0.0}, "12": {"0": 1.0, "0.05": 0.09286160315110203, "0.1": 0.022414497917753573, "0.15": 0.00843109537832775, "0.2": 0.0035492270317067105, "0.25": 0.0014809725681737128, "0.3": 0.0006646044166505243, "0.35": 0.0003153060842305045, "0.4": 0.00014740728293150264}, "13": {"0": 1.0, "0.05": 0.0253732431377749, "0.1": 0.004846025318460462, "0.15": 0.0012792959456525243, "0.2": 0.0002958697541579353, "0.25": 0.00011327983858478569, "0.3": 0.0, "0.35": 0.0, "0.4": 0.0}, "14": {"0": 1.0, "0.05": 0.09762386292780602, "0.1": 0.028372567632336945, "0.15": 0.010162333699363061, "0.2": 0.004656503199739112, "0.25": 0.0025260682114424922, "0.3": 0.0014252653141357471, "0.35": 0.0008897342963538492, "0.4": 0.0005554193134419079}, "15": {"0": 1.0, "0.05": 0.09139617698741183, "0.1": 0.01902751966406494, "0.15": 0.003753862266591568, "0.2": 0.0007987288013602551, "0.25": 0.0001912302564258432, "0.3": 0.0, "0.35": 0.0, "0.4": 0.0}}, "precision": {"0": {"0": 0.005257420766925437, "0.05": 0.06459482324528722, "0.1": 0.12827201882023234, "0.15": 0.1870760972959337, "0.2": 0.24097859330958254,