{"fscore": {"0": {"0": 0.010441274224259384, "0.05": 0.09048379791108205, "0.1": 0.1267244322555097, "0.15": 0.140609675017808, "0.2": 0.14326857747652283, "0.25": 0.1408788507487752, "0.3": 0.13525067966832802, "0.35": 0.1269074912225165, "0.4": 0.11681492975380343}, "1": {"0": 0.010441274224259384, "0.05": 0.013919237545379066, "0.1": 0.010443458283431128, "0.15": 0.005056169568728511, "0.2": 0.0018434384244632725, "0.25": 0.0005807791410542245, "0.3": 0.00011546906230958387, "0.35": 7.416187957812832e-05, "0.4": 0.0}, "2": {"0": 0.010441274224259384, "0.05": 0.06371350297443154, "0.1": 0.08289657856753092, "0.15": 0.08732765772210742, "0.2": 0.08004623876746698, "0.25": 0.06533303963278168, "0.3": 0.04839760086153598, "0.35": 0.03392264130799607, "0.4": 0.021944112181500712}, "3": {"0": 0.010441274224259384, "0.05": 0.003589566011659449, "0.1": 0.0021379541989080615, "0.15": 0.001425795856902746, "0.2": 0.0011883790988808313, "0.25": 0.0008188293096911204, "0.3": 0.0006616708444918719, "0.35": 0.00046946774585501924, "0.4": 0.0003155250297743936}, "4": {"0": 0.010441274224259384, "0.05": 0.03518696455151712, "0.1": 0.026363946017742133, "0.15": 0.011475576502294046, "0.2": 0.00393548657417631, "0.25": 0.0014657077609161952, "0.3": 0.0005586526806570476, "0.35": 0.00024636866538852657, "0.4": 4.296268825149585e-05}, "5": {"0": 0.010441274224259384, "0.05": 0.016851951331289968, "0.1": 0.010762857178583461, "0.15": 0.006934762964717694, "0.2": 0.0053766653301635485, "0.25": 0.004072852975651566, "0.3": 0.002923386595619322, "0.35": 0.002203910886799937, "0.4": 0.0016371656046219886}, "6": {"0": 0.010441274224259384, "0.05": 0.04650271861278044, "0.1": 0.05432431971222053, "0.15": 0.04942127986489351, "0.2": 0.04096189938593046, "0.25": 0.032755702684067925, "0.3": 0.024988346876581555, "0.35": 0.017478761110318413, "0.4": 0.012009211802336345}, "7": {"0": 0.010441274224259384, "0.05": 0.009148478552219777, "0.1": 0.005058486531020617, "0.15": 0.0026857122883562133, "0.2": 0.0015085203531827573, "0.25": 0.0009339150414831739, "0.3": 0.0007293162006157553, "0.35": 0.0006539514065237355, "0.4": 0.00043712815137986904}, "8": {"0": 0.010441274224259384, "0.05": 0.005838595910519354, "0.1": 0.005288107203278178, "0.15": 0.0031673711260863614, "0.2": 0.001119772340621987, "0.25": 0.00033214852223943154, "0.3": 0.0002903739845467661, "0.35": 0.00018576991029790982, "0.4": 0.00018161634920733544}, "9": {"0": 0.010441274224259384, "0.05": 0.10954111214574272, "0.1": 0.09767996008164936, "0.15": 0.07929592540777393, "0.2": 0.06418677329695503, "0.25": 0.05169968339851988, "0.3": 0.04261150215385988, "0.35": 0.033968493860849866, "0.4": 0.026270735406573396}, "10": {"0": 0.010441274224259384, "0.05": 0.04164258209428612, "0.1": 0.05534284591136454, "0.15": 0.05507453710438924, "0.2": 0.04460805587169097, "0.25": 0.034922655095381956, "0.3": 0.02265434556342842, "0.35": 0.013960859857973709, "0.4": 0.007473539866669785}, "11": {"0": 0.010441274224259384, "0.05": 0.0042483849744364855, "0.1": 0.00223045338447457, "0.15": 0.0010349296552704525, "0.2": 0.0005555896781146735, "0.25": 0.0002674799098562067, "0.3": 0.0001929751589575811, "0.35": 3.343363423604146e-05, "0.4": 0.0}, "12": {"0": 0.010441274224259384, "0.05": 0.004521869012104897, "0.1": 0.001182381809098524, "0.15": 0.0003436278722748011, "0.2": 0.00020149926256424213, "0.25": 6.325511680321294e-05, "0.3": 0.0, "0.35": 0.0, "0.4": 0.0}, "13": {"0": 0.010441274224259384, "0.05": 0.028664337860207542, "0.1": 0.02889289395488781, "0.15": 0.025521362402857302, "0.2": 0.02099043566495396, "0.25": 0.0161604987544065, "0.3": 0.012525577654271515, "0.35": 0.009160471215531589, "0.4": 0.0069899269706680785}, "14": {"0": 0.010441274224259384, "0.05": 0.030524152506654745, "0.1": 0.026106029195058944, "0.15": 0.020654528988416788, "0.2": 0.014691744948852864, "0.25": 0.010287830303214292, "0.3": 0.0072598547824927, "0.35": 0.005298138216283112, "0.4": 0.003985956789172461}, "15": {"0": 0.010441274224259384, "0.05": 0.021750227567462477, "0.1": 0.01487801218716292, "0.15": 0.010311554190976147, "0.2": 0.007273063501972856, "0.25": 0.00515547831230744, "0.3": 0.0036609106570676974, "0.35": 0.002514772311010722, "0.4": 0.0017853176143557247}}, "recall": {"0": {"0": 1.0, "0.05": 0.49475341647156446, "0.1": 0.383761275318793, "0.15": 0.30145203346350063, "0.2": 0.24134593066101626, "0.25": 0.1978394683774251, "0.3": 0.16409581903129244, "0.35": 0.13654161667956163, "0.4": 0.11305163629000628}, "1": {"0": 1.0, "0.05": 0.07183970321958902, "0.1": 0.02201490054626899, "0.15": 0.005850271311762425, "0.2": 0.0014107491214194387, "0.25": 0.00039194598663046574, "0.3": 7.073408778524124e-05, "0.35": 4.411382295033248e-05, "0.4": 0.0}, "2": {"0": 1.0, "0.05": 0.29078434404530135, "0.1": 0.17452224665864882, "0.15": 0.11773594864400244, "0.2": 0.0805446566385142, "0.25": 0.05366540556373377, "0.3": 0.03472978538365011, "0.35": 0.022483343517532547, "0.4": 0.014005522259954151}, "3": {"0": 1.0, "0.05": 0.01949685520410516, "0.1": 0.006856747859592876, "0.15": 0.0032652864661880552, "0.2": 0.0023150623422547043, "0.25": 0.00127289571139513, "0.3": 0.0008873230681993788, "0.35": 0.0005787131721063724, "0.4": 0.0003454831584227031}, "4": {"0": 1.0, "0.05": 0.0883290092249933, "0.1": 0.028527503453288295, "0.15": 0.008800102566066732, "0.2": 0.002474064980887831, "0.25": 0.0008370005572346464, "0.3": 0.000315317538352869, "0.35": 0.00013268028894618809, "0.4": 2.210897563622405e-05}, "5": {"0": 1.0, "0.05": 0.06139830423726532, "0.1": 0.01881885796071032, "0.15": 0.008954721030247071, "0.2": 0.00566952581934499, "0.25": 0.003792823034035715, "0.3": 0.0024399078371534176, "0.35": 0.0016621943031012284, "0.4": 0.0011773570718787963}, "6": {"0": 1.0, "0.05": 0.17668903344124906, "0.1": 0.09385484930506773, "0.15": 0.05640874173243077, "0.2": 0.03666428016695672, "0.25": 0.024839759584317674, "0.3": 0.017009340972973398, "0.35": 0.011192739032400225, "0.4": 0.007336817581225063}, "7": {"0": 1.0, "0.05": 0.03835850964436612, "0.1": 0.010293354617276047, "0.15": 0.0034710344859752123, "0.2": 0.001414444956996732, "0.25": 0.0006908123428779905, "0.3": 0.0004974496319947341, "0.35": 0.00041804232510884363, "0.4": 0.0002661616424823368}, "8": {"0": 1.0, "0.05": 0.014297597727484667, "0.1": 0.009780799843672998, "0.15": 0.005122743494679729, "0.2": 0.0017928237509337935, "0.25": 0.0006482608276842571, "0.3": 0.0005453575457489459, "0.35": 0.00021627704372140764, "0.4": 0.00019287296854434205}, "9": {"0": 1.0, "0.05": 0.3957896049014272, "0.1": 0.22546337059691493, "0.15": 0.13669842434896828, "0.2": 0.08921577123487207, "0.25": 0.060463494422719845, "0.3": 0.043026634300648056, "0.35": 0.03027374998478086, "0.4": 0.021392010707816492}, "10": {"0": 1.0, "0.05": 0.14229833177010842, "0.1": 0.07200737176282661, "0.15": 0.04692335767121454, "0.2": 0.03105359586403892, "0.25": 0.022031561875918555, "0.3": 0.013585110445612489, "0.35": 0.008238071243608501, "0.4": 0.004290097968512466}, "11": {"0": 1.0, "0.05": 0.03182791694479937, "0.1": 0.007738093868344545, "0.15": 0.0020181939277523512, "0.2": 0.0007363182647625759, "0.25": 0.000250509137569527, "0.3": 0.0001797631304850928, "0.35": 2.2289089490694304e-05, "0.4": 0.0}, "12": {"0": 1.0, "0.05": 0.008924890612802897, "0.1": 0.0009850311561465683, "0.15": 0.00021921786154640243, "0.2": 0.00012005923006967377, "0.25": 3.302837806348338e-05, "0.3": 0.0, "0.35": 0.0, "0.4": 0.0}, "13": {"0": 1.0, "0.05": 0.1170678769937887, "0.1": 0.05945729937971424, "0.15": 0.03485234309603218, "0.2": 0.02176361365974433, "0.25": 0.01401025095488256, "0.3": 0.009581256933872101, "0.35": 0.0064328482043997685, "0.4": 0.00452252536838921}, "14": {"0": 1.0, "0.05": 0.11622035150840493, "0.1": 0.05193459836798202, "0.15": 0.028575142496851644, "0.2": 0.016124593357379844, "0.25": 0.009868237879271014, "0.3": 0.006310525725070934, "0.35": 0.004257038042753828, "0.4": 0.0030192551615867134}, "15": {"0": 1.0,