{"fscore": {"0": {"0": 0.011099634023900469, "0.05": 0.00624655721665659, "0.1": 0.006968887518084444, "0.15": 0.005794502865039846, "0.2": 0.004293803200441755, "0.25": 0.002786831061283714, "0.3": 0.0016382396813356373, "0.35": 0.0010490596219102115, "0.4": 0.000807873944382409}, "1": {"0": 0.011099634023900469, "0.05": 0.005947996747948373, "0.1": 0.0029585300751997826, "0.15": 0.0017833721299630205, "0.2": 0.001071542132448455, "0.25": 0.0005177462407620604, "0.3": 0.0002641655434546263, "0.35": 0.0001685385105102124, "0.4": 0.00010082266904416128}, "2": {"0": 0.011099634023900469, "0.05": 0.008394396864499512, "0.1": 0.005739992562291249, "0.15": 0.0033196671828277353, "0.2": 0.0008706790783111186, "0.25": 0.00012976224870223143, "0.3": 9.331208339780063e-05, "0.35": 7.076896835175444e-05, "0.4": 0.0}, "3": {"0": 0.011099634023900469, "0.05": 0.007749320227865207, "0.1": 0.009678602041954188, "0.15": 0.009694179473249845, "0.2": 0.007970770853800558, "0.25": 0.006250353227987452, "0.3": 0.005039207719089411, "0.35": 0.003855500086477969, "0.4": 0.0028769286931180312}, "4": {"0": 0.011099634023900469, "0.05": 0.006447741288959142, "0.1": 0.0072020291994695455, "0.15": 0.007021890484829861, "0.2": 0.00657657469739428, "0.25": 0.0057444845310080485, "0.3": 0.005117994506359046, "0.35": 0.004345531957969402, "0.4": 0.0036958484938234178}, "5": {"0": 0.011099634023900469, "0.05": 0.0006081266698504484, "0.1": 3.7648505359476545e-05, "0.15": 4.443274525947903e-06, "0.2": 0.0, "0.25": 0.0, "0.3": 0.0, "0.35": 0.0, "0.4": 0.0}, "6": {"0": 0.011099634023900469, "0.05": 0.0030755259600904567, "0.1": 0.0014296241240128482, "0.15": 0.00028805642775611256, "0.2": 0.00010624749691382222, "0.25": 3.518729779148783e-05, "0.3": 6.99645629488664e-06, "0.35": 0.0, "0.4": 0.0}, "7": {"0": 0.011099634023900469, "0.05": 0.008292066263745781, "0.1": 0.006832415498957484, "0.15": 0.0037085838475106594, "0.2": 0.0020550764156039617, "0.25": 0.001454828432241662, "0.3": 0.0010963113747305248, "0.35": 0.0009283988051754303, "0.4": 0.0008987695756037612}, "8": {"0": 0.011099634023900469, "0.05": 0.010281599810753654, "0.1": 0.005541479923820494, "0.15": 0.0009299558283828957, "0.2": 1.69664065151001e-05, "0.25": 0.0, "0.3": 0.0, "0.35": 0.0, "0.4": 0.0}, "9": {"0": 0.011099634023900469, "0.05": 0.0035516549744735284, "0.1": 0.0009088678388941826, "0.15": 0.0006563254199486442, "0.2": 0.0007305911058514079, "0.25": 0.0007283763267833797, "0.3": 0.0006912893112614925, "0.35": 0.0005862950963282533, "0.4": 0.0002977404955004098}, "10": {"0": 0.011099634023900469, "0.05": 0.007143817823874876, "0.1": 0.005605456134427159, "0.15": 0.0023689548798835245, "0.2": 0.000925555965970255, "0.25": 0.00029022008440098267, "0.3": 0.00014479161369484556, "0.35": 0.00010963769408637669, "0.4": 8.640565728835304e-05}, "11": {"0": 0.011099634023900469, "0.05": 0.01770363053947793, "0.1": 0.009566262519804563, "0.15": 0.004929546225680773, "0.2": 0.002631234488550747, "0.25": 0.0016730931801588857, "0.3": 0.0010388020368137577, "0.35": 0.000560339584589701, "0.4": 0.0002377379190703016}, "12": {"0": 0.011099634023900469, "0.05": 0.010025369049100206, "0.1": 0.008291148075870319, "0.15": 0.006832710919695419, "0.2": 0.005193877898164371, "0.25": 0.0014467941952965475, "0.3": 3.558027793362207e-05, "0.35": 3.910290738597107e-05, "0.4": 3.933141117742023e-05}, "13": {"0": 0.011099634023900469, "0.05": 0.0041688271536585685, "0.1": 0.0019243377480260553, "0.15": 0.0015561445861906342, "0.2": 0.0008414509467839308, "0.25": 0.0003436407521637336, "0.3": 0.0001355366844749968, "0.35": 7.984191301223579e-06, "0.4": 0.0}, "14": {"0": 0.011099634023900469, "0.05": 0.01787733333035415, "0.1": 0.010756461016669931, "0.15": 0.004385321348074416, "0.2": 0.0015195898094266908, "0.25": 0.001005904163650207, "0.3": 0.00044354502292460286, "0.35": 0.0002822692594916923, "0.4": 0.000141807396736816}, "15": {"0": 0.011099634023900469, "0.05": 0.004046989947652651, "0.1": 0.0011187887041404555, "0.15": 0.0004189839390745194, "0.2": 7.608703751211152e-05, "0.25": 3.0043031107819385e-05, "0.3": 2.0565341230424366e-05, "0.35": 2.120800814387513e-05, "0.4": 2.189213743883884e-05}}, "recall": {"0": {"0": 0.5856547591822291, "0.05": 0.030998943550419714, "0.1": 0.01942625390437258, "0.15": 0.010500346538317017, "0.2": 0.00569720187915243, "0.25": 0.0029289415512550837, "0.3": 0.0014692193623092413, "0.35": 0.0007798727674120077, "0.4": 0.0005413064946274918}, "1": {"0": 0.5856547591822291, "0.05": 0.03928968654696925, "0.1": 0.01068382519048802, "0.15": 0.004570659832211565, "0.2": 0.0023282889663124415, "0.25": 0.0009389634853565315, "0.3": 0.0003484555271866504, "0.35": 0.0001970776086882588, "0.4": 0.00010797663633184972}, "2": {"0": 0.5856547591822291, "0.05": 0.0749719653608307, "0.1": 0.02042630378980817, "0.15": 0.006894148307373194, "0.2": 0.0011393894370034126, "0.25": 0.000137458351943671, "0.3": 6.902242650461178e-05, "0.35": 5.205601998951168e-05, "0.4": 0.0}, "3": {"0": 0.5856547591822291, "0.05": 0.037342592712596094, "0.1": 0.028401141686164835, "0.15": 0.02035492658484961, "0.2": 0.012660661262034393, "0.25": 0.007775566970687113, "0.3": 0.00517925484304938, "0.35": 0.0034612874688620017, "0.4": 0.002370170456628713}, "4": {"0": 0.5856547591822291, "0.05": 0.031137408280494706, "0.1": 0.02028518442734061, "0.15": 0.014397107263305424, "0.2": 0.010743669894682728, "0.25": 0.007955277548522465, "0.3": 0.006230863430070523, "0.35": 0.0046888006406925805, "0.4": 0.003671661100023571}, "5": {"0": 0.5856547591822291, "0.05": 0.00384105878892519, "0.1": 0.00011288975886266827, "0.15": 8.3590122188697e-06, "0.2": 0.0, "0.25": 0.0, "0.3": 0.0, "0.35": 0.0, "0.4": 0.0}, "6": {"0": 0.5856547591822291, "0.05": 0.024316772441931013, "0.1": 0.004300839032469428, "0.15": 0.0004231187957979972, "0.2": 0.00012613909069451103, "0.25": 3.77287701577098e-05, "0.3": 4.406858835090936e-06, "0.35": 0.0, "0.4": 0.0}, "7": {"0": 0.5856547591822291, "0.05": 0.04059094988540243, "0.1": 0.022563899456433542, "0.15": 0.009183024215276912, "0.2": 0.0038691176513560117, "0.25": 0.0023716963294019137, "0.3": 0.001539666996144639, "0.35": 0.0012019003503872128, "0.4": 0.0010743031564807398}, "8": {"0": 0.5856547591822291, "0.05": 0.09044093041177753, "0.1": 0.021793430171478983, "0.15": 0.0022726734123918535, "0.2": 1.9960478253058943e-05, "0.25": 0.0, "0.3": 0.0, "0.35": 0.0, "0.4": 0.0}, "9": {"0": 0.5856547591822291, "0.05": 0.01789398105338489, "0.1": 0.004060578957972951, "0.15": 0.0024515648217960056, "0.2": 0.0022928797714200284, "0.25": 0.0017714142494381381, "0.3": 0.0014281698634994102, "0.35": 0.0010470006763109868, "0.4": 0.0004851676239768142}, "10": {"0": 0.5856547591822291, "0.05": 0.03711204917268327, "0.1": 0.016979304838929943, "0.15": 0.0050467915404302606, "0.2": 0.0015209571708261376, "0.25": 0.00038024998231818435, "0.3": 0.0001784722660199269, "0.35": 0.000131894047542758, "0.4": 0.00010183371228501871}, "11": {"0": 0.5856547591822291, "0.05": 0.11248216512406504, "0.1": 0.029015292532487174, "0.15": 0.009904435168268355, "0.2": 0.004102745620334497, "0.25": 0.0020627556324736237, "0.3": 0.0009207599433195938, "0.35": 0.000453895779101903, "0.4": 0.0001872196766675585}, "12": {"0": 0.5856547591822291, "0.05": 0.02900325047329925, "0.1": 0.019439425667833115, "0.15": 0.01425518949552779, "0.2": 0.009946121780359493, "0.25": 0.0026202738943169406, "0.3": 9.004423493734658e-05, "0.35": 9.004423493734658e-05, "0.4": 9.004423493734658e-05}, "13": {"0": 0.5856547591822291, "0.05": 0.03554911710804534, "0.1": 0.007897440803879512, "0.15": 0.0030545839075785362, "0.2": 0.0010029197068023132, "0.25": 0.00029730540407125626, "0.3": 9.490525827231783e-05, "0.35": 4.2416016287750256e-06, "0.4": 0.0}, "14": {"0": 0.5856547591822291, "0.05": 0.11019955189794083, "0.1": 0.02815180621944805, "0.15": 0.007241173860797396, "0.2": 0.0016510000423088167, "0.25": 0.0008607297641143102, "0.3": 0.0003113467161527003,