{"fscore": {"0": {"0": 0.010441274224259384, "0.05": 0.008272965203127616, "0.1": 0.0038456483112910634, "0.15": 0.0021371717582369847, "0.2": 0.0012959113027171422, "0.25": 0.0007256523883544956, "0.3": 0.00041245184068458877, "0.35": 0.00033957411882986537, "0.4": 0.00019962338166952005}, "1": {"0": 0.010441274224259384, "0.05": 0.0032619938570332516, "0.1": 0.0006690573337873989, "0.15": 0.0002864281243905969, "0.2": 0.00020252782511073726, "0.25": 6.89790449123494e-05, "0.3": 5.0406536675885384e-05, "0.35": 0.0, "0.4": 0.0}, "2": {"0": 0.010441274224259384, "0.05": 0.020219657233660992, "0.1": 0.011798865570784394, "0.15": 0.007663486468059879, "0.2": 0.005040961589811433, "0.25": 0.002654465779918156, "0.3": 0.00169078553369185, "0.35": 0.0011282503843442506, "0.4": 0.000618558417834869}, "3": {"0": 0.010441274224259384, "0.05": 0.01066458757213968, "0.1": 0.006680759132173681, "0.15": 0.0038683538208959746, "0.2": 0.001941774809493995, "0.25": 0.0008161432209833548, "0.3": 0.00027025502571150194, "0.35": 0.00010740670272313245, "0.4": 1.779606217921163e-05}, "4": {"0": 0.010441274224259384, "0.05": 0.04516420129370875, "0.1": 0.05114409190406691, "0.15": 0.04162814150219673, "0.2": 0.027420033663856033, "0.25": 0.01454328499313521, "0.3": 0.006889611261442785, "0.35": 0.003140556838804151, "0.4": 0.0016692835511056463}, "5": {"0": 0.010441274224259384, "0.05": 0.009389867144378023, "0.1": 0.005437331645775237, "0.15": 0.0032457908711114912, "0.2": 0.0023575573165220444, "0.25": 0.0018156119305334363, "0.3": 0.0012161771716372618, "0.35": 0.0009081106057432495, "0.4": 0.0006242281317068755}, "6": {"0": 0.010441274224259384, "0.05": 0.20630465801558512, "0.1": 0.2761430986181592, "0.15": 0.3013358768598076, "0.2": 0.304327544031775, "0.25": 0.2927132190509055, "0.3": 0.274110272428184, "0.35": 0.24708978204648827, "0.4": 0.21675223188528944}, "7": {"0": 0.010441274224259384, "0.05": 0.01251522295386283, "0.1": 0.0065874251597281405, "0.15": 0.0019409189539555268, "0.2": 0.00048346548424229457, "0.25": 0.0002067342050762613, "0.3": 3.2570324431824425e-05, "0.35": 4.742359466105171e-06, "0.4": 0.0}, "8": {"0": 0.010441274224259384, "0.05": 0.03982324331301555, "0.1": 0.03944948180195645, "0.15": 0.03722738858831905, "0.2": 0.03309839549542141, "0.25": 0.027309775175035172, "0.3": 0.021854971594991206, "0.35": 0.017457198350193187, "0.4": 0.012930061697843335}, "9": {"0": 0.010441274224259384, "0.05": 0.05916745188898006, "0.1": 0.03718227131730837, "0.15": 0.010330491978408872, "0.2": 0.0018540831049876233, "0.25": 0.00043882347849925186, "0.3": 0.0001360129990803796, "0.35": 3.606768984870502e-05, "0.4": 7.960389103819394e-06}, "10": {"0": 0.010441274224259384, "0.05": 0.011286846417335815, "0.1": 0.004096957268965528, "0.15": 0.0011543368171297525, "0.2": 0.0005763672730071971, "0.25": 0.0002688035097958366, "0.3": 0.00010165632031228821, "0.35": 8.358408559010364e-05, "0.4": 0.0}, "11": {"0": 0.010441274224259384, "0.05": 0.000858561230036629, "0.1": 0.0, "0.15": 0.0, "0.2": 0.0, "0.25": 0.0, "0.3": 0.0, "0.35": 0.0, "0.4": 0.0}}, "recall": {"0": {"0": 1.0, "0.05": 0.022500097967336572, "0.1": 0.0055085345026620654, "0.15": 0.002159227018050831, "0.2": 0.001080104755313784, "0.25": 0.0005508820902054645, "0.3": 0.0002969287553138036, "0.35": 0.0002272733602204796, "0.4": 0.00013098977172739266}, "1": {"0": 1.0, "0.05": 0.014592680652550536, "0.1": 0.0021095103754278574, "0.15": 0.0007129243856945827, "0.2": 0.0003934773213956739, "0.25": 9.078433003330027e-05, "0.3": 5.691257469849058e-05, "0.35": 0.0, "0.4": 0.0}, "2": {"0": 1.0, "0.05": 0.02837748896771579, "0.1": 0.011114866743313336, "0.15": 0.006010660826417182, "0.2": 0.003609762503029282, "0.25": 0.0017844480205732383, "0.3": 0.0010712574696755792, "0.35": 0.0006986142843580484, "0.4": 0.0003483849192754969}, "3": {"0": 1.0, "0.05": 0.02638313505362458, "0.1": 0.01085231375679282, "0.15": 0.0049852045351127805, "0.2": 0.002119991741237429, "0.25": 0.000775703916227848, "0.3": 0.00022739164642245473, "0.35": 8.051962207338333e-05, "0.4": 1.2742189271778039e-05}, "4": {"0": 1.0, "0.05": 0.18835062857170337, "0.1": 0.0925754044577931, "0.15": 0.04994808123938621, "0.2": 0.026141494240423488, "0.25": 0.011837790025343279, "0.3": 0.0050195510805377715, "0.35": 0.0021418496894733577, "0.4": 0.0010082829748937173}, "5": {"0": 1.0, "0.05": 0.019372151277369076, "0.1": 0.006968401164449211, "0.15": 0.003227404743335144, "0.2": 0.00203291176811857, "0.25": 0.001360275738266086, "0.3": 0.0008750061899673269, "0.35": 0.0006121864340100499, "0.4": 0.0003869568853712375}, "6": {"0": 1.0, "0.05": 0.5488207691648579, "0.1": 0.45766951093856234, "0.15": 0.38504550966110057, "0.2": 0.3253177533258261, "0.25": 0.2754807728190277, "0.3": 0.23536737251602322, "0.35": 0.197619271611167, "0.4": 0.16378673408150832}, "7": {"0": 1.0, "0.05": 0.047491491306337445, "0.1": 0.008006361826619452, "0.15": 0.0014242120787492658, "0.2": 0.0002907056322041461, "0.25": 0.0001141502233246759, "0.3": 1.7317748452328665e-05, "0.35": 2.45835545853246e-06, "0.4": 0.0}, "8": {"0": 1.0, "0.05": 0.15108076396421524, "0.1": 0.09063598895930951, "0.15": 0.06034148873044659, "0.2": 0.041074867136481515, "0.25": 0.02778622270292065, "0.3": 0.019353575550550638, "0.35": 0.013803516280356398, "0.4": 0.009305697240083767}, "9": {"0": 1.0, "0.05": 0.16198674993165163, "0.1": 0.040757048278140175, "0.15": 0.007392458461959149, "0.2": 0.0010481738558774012, "0.25": 0.00024250251989899212, "0.3": 7.277752527300916e-05, "0.35": 1.8447869639441786e-05, "0.4": 4.077272467809934e-06}, "10": {"0": 1.0, "0.05": 0.021116657851332158, "0.1": 0.0037814385511978376, "0.15": 0.000829184434937692, "0.2": 0.00036188254065145514, "0.25": 0.00015025507049524304, "0.3": 5.7049455244038995e-05, "0.35": 4.7762334622916366e-05, "0.4": 0.0}, "11": {"0": 1.0, "0.05": 0.0006214377456319446, "0.1": 0.0, "0.15": 0.0, "0.2": 0.0, "0.25": 0.0, "0.3": 0.0, "0.35": 0.0, "0.4": 0.0}}, "precision": {"0": {"0": 0.005257420766925437, "0.05": 0.005203842130330946, "0.1": 0.0031913959676892023, "0.15": 0.002569386879892773, "0.2": 0.002301270304689111, "0.25": 0.0013051320959309041, "0.3": 0.0008410557355041905, "0.35": 0.0008845560249772888, "0.4": 0.0005829658287030403}, "1": {"0": 0.005257420766925437, "0.05": 0.0018564119933937057, "0.1": 0.0004098103957318809, "0.15": 0.00018741034865080985, "0.2": 0.00014817549475405704, "0.25": 5.676560273749865e-05, "0.3": 4.72109344097359e-05, "0.35": 0.0, "0.4": 0.0}, "2": {"0": 0.005257420766925437, "0.05": 0.022278469285540028, "0.1": 0.023927685939536415, "0.15": 0.02303689317472578, "0.2": 0.01864151080338649, "0.25": 0.013308963896812761, "0.3": 0.009470618434638665, "0.35": 0.007481181948709806, "0.4": 0.005313884333603336}, "3": {"0": 0.005257420766925437, "0.05": 0.006859961026934715, "0.1": 0.004979199540933532, "0.15": 0.003283229044696239, "0.2": 0.0018956714843379008, "0.25": 0.000904242730028221, "0.3": 0.0003539623092455368, "0.35": 0.0001732310246282949, "0.4": 2.9575907208805905e-05}, "4": {"0": 0.005257420766925437, "0.05": 0.0268954622878826, "0.1": 0.0409684422709149, "0.15": 0.04676227858333741, "0.2": 0.04241668839926783, "0.25": 0.03087234599246997, "0.3": 0.019254601498391734, "0.35": 0.012394863949527943, "0.4": 0.008991790185370925}, "5": {"0": 0.005257420766925437, "0.05": 0.006707285645840856, "0.1": 0.005257235546812921, "0.15": 0.004180089938001681, "0.2": 0.0037636256153946693, "0.25": 0.0036859922792815835, "0.3": 0.002652284857286273, "0.35": 0.002667838589172584, "0.4": 0.0021856005618140204}, "6": {"0": 0.005257420766925437, "0.05": 0.13205452340745716, "0.1": 0.21264412120206977, "0.15": 0.2774038430544913, "0.2": 0.33575488806046516, "0.25": 0.38552340177110705, "0.3": 0.4317474296321001, "0.35": 0.4671556993074831, "0.4": 0.4919373806799232}, "7": {"0": 0.005257420766925437, "0.05": 0.007340830069285274, "0.1": 0.006132970025914505, "0.15": 0.0040008247754708005, "0.2": 0.002389712843689783,