{"fscore": {"0": {"0": 0.010441274224259384, "0.05": 0.2133207610953184, "0.1": 0.20032674384463248, "0.15": 0.1342766495889352, "0.2": 0.08356745309867815, "0.25": 0.047893156786495375, "0.3": 0.025073616739014908, "0.35": 0.014262485642823931, "0.4": 0.0076419107815742255}, "1": {"0": 0.010441274224259384, "0.05": 0.005588525652211948, "0.1": 0.002770132761711666, "0.15": 0.0017525246833539115, "0.2": 0.0012555433198385125, "0.25": 0.0010585053665174956, "0.3": 0.0007559129539245697, "0.35": 0.0006757872360984216, "0.4": 0.00012285020240906583}, "2": {"0": 0.010441274224259384, "0.05": 0.040852039865999966, "0.1": 0.03197586567308342, "0.15": 0.02558402471311273, "0.2": 0.021948957004457117, "0.25": 0.020070947504457228, "0.3": 0.018076877651262088, "0.35": 0.016496384224310448, "0.4": 0.014636156112232821}, "3": {"0": 0.010441274224259384, "0.05": 0.002842607385146295, "0.1": 0.000462843565409701, "0.15": 0.0002385608588799806, "0.2": 6.646295657963494e-05, "0.25": 5.977816478283396e-05, "0.3": 1.6067108889694293e-05, "0.35": 0.0, "0.4": 0.0}, "4": {"0": 0.010441274224259384, "0.05": 0.0031361180040337306, "0.1": 0.00015788105055908466, "0.15": 0.0, "0.2": 0.0, "0.25": 0.0, "0.3": 0.0, "0.35": 0.0, "0.4": 0.0}, "5": {"0": 0.010441274224259384, "0.05": 0.1462500869738803, "0.1": 0.22321490295835258, "0.15": 0.2485469059822734, "0.2": 0.25029171718303883, "0.25": 0.24251099433388526, "0.3": 0.22521846009220234, "0.35": 0.20313376818628914, "0.4": 0.18004729993016277}, "6": {"0": 0.010441274224259384, "0.05": 0.007511251106887846, "0.1": 0.002847735088174956, "0.15": 0.0011801379589510851, "0.2": 0.0006847122733323926, "0.25": 0.0002226870790893674, "0.3": 8.608382750416695e-05, "0.35": 6.587593684620383e-05, "0.4": 9.980189324191479e-06}, "7": {"0": 0.010441274224259384, "0.05": 0.017769491640543842, "0.1": 0.005104992593542453, "0.15": 0.0012895445789101378, "0.2": 0.00029828907500505775, "0.25": 8.755335298956559e-05, "0.3": 2.1275949059299108e-05, "0.35": 1.1528839391738434e-05, "0.4": 0.0}, "8": {"0": 0.010441274224259384, "0.05": 0.03534870366734217, "0.1": 0.030459509750844504, "0.15": 0.02497016130349987, "0.2": 0.020052323788020653, "0.25": 0.016510820666231565, "0.3": 0.013497117779494416, "0.35": 0.010672250543933429, "0.4": 0.008262968227973422}, "9": {"0": 0.010441274224259384, "0.05": 0.07497499603038935, "0.1": 0.1078027331862646, "0.15": 0.12577207450032424, "0.2": 0.13541571688053852, "0.25": 0.14184776565480853, "0.3": 0.14638162510476485, "0.35": 0.14874190386260727, "0.4": 0.14827863564523336}, "10": {"0": 0.010441274224259384, "0.05": 0.002579717077315378, "0.1": 0.0005618252201397614, "0.15": 0.00017793925891495377, "0.2": 0.00014909475739784502, "0.25": 1.2859090090785177e-05, "0.3": 1.4536362711322373e-05, "0.35": 0.0, "0.4": 0.0}, "11": {"0": 0.010441274224259384, "0.05": 0.0018307490253667875, "0.1": 0.0, "0.15": 0.0, "0.2": 0.0, "0.25": 0.0, "0.3": 0.0, "0.35": 0.0, "0.4": 0.0}}, "recall": {"0": {"0": 1.0, "0.05": 0.35684284446255005, "0.1": 0.19380765521407622, "0.15": 0.10648357530349199, "0.2": 0.05914925650422321, "0.25": 0.03191594262240814, "0.3": 0.016279369512190018, "0.35": 0.00903877072882178, "0.4": 0.004607401231459179}, "1": {"0": 1.0, "0.05": 0.03196383973349053, "0.1": 0.008159237170010316, "0.15": 0.0031782501029542602, "0.2": 0.0016711110148036055, "0.25": 0.00115796214410736, "0.3": 0.0007486920628418403, "0.35": 0.0006321079682446752, "0.4": 6.967497373283546e-05}, "2": {"0": 1.0, "0.05": 0.19561613114402146, "0.1": 0.07513799296190635, "0.15": 0.04062506608368752, "0.2": 0.02682702928903642, "0.25": 0.020632500818696383, "0.3": 0.016224058550202567, "0.35": 0.013257888051616267, "0.4": 0.010712783743771869}, "3": {"0": 1.0, "0.05": 0.010346426112768231, "0.1": 0.0016660647453212117, "0.15": 0.0006377088239480446, "0.2": 0.00011163243986499591, "0.25": 9.196559619673622e-05, "0.3": 1.2282101267504077e-05, "0.35": 0.0, "0.4": 0.0}, "4": {"0": 1.0, "0.05": 0.006164185736859086, "0.1": 0.00010348505834965214, "0.15": 0.0, "0.2": 0.0, "0.25": 0.0, "0.3": 0.0, "0.35": 0.0, "0.4": 0.0}, "5": {"0": 1.0, "0.05": 0.5191549887491478, "0.1": 0.4071980905209449, "0.15": 0.31658655501308913, "0.2": 0.25494635407543287, "0.25": 0.21385185527428896, "0.3": 0.1793556246051847, "0.35": 0.15123542850126462, "0.4": 0.12695343927624625}, "6": {"0": 1.0, "0.05": 0.02788459122447152, "0.1": 0.005176274471655912, "0.15": 0.001416690240045457, "0.2": 0.0007433605004681822, "0.25": 0.00017807879047812238, "0.3": 5.07759827623612e-05, "0.35": 3.675365261402144e-05, "0.4": 5.306926069212929e-06}, "7": {"0": 1.0, "0.05": 0.05201393496119664, "0.1": 0.009796116978862443, "0.15": 0.0019026501671151838, "0.2": 0.00034164383439213745, "0.25": 8.112550306509989e-05, "0.3": 1.6228021295856383e-05, "0.35": 7.429696496898102e-06, "0.4": 0.0}, "8": {"0": 1.0, "0.05": 0.14293922176522417, "0.1": 0.06937673963843191, "0.15": 0.04363153894098734, "0.2": 0.029225201905604337, "0.25": 0.021453402198801017, "0.3": 0.01591819997367532, "0.35": 0.011732945533137782, "0.4": 0.008598254730355297}, "9": {"0": 1.0, "0.05": 0.4598055565462224, "0.1": 0.3743141950757631, "0.15": 0.31394363927030866, "0.2": 0.2663083401605684, "0.25": 0.2321135239681168, "0.3": 0.20703304686167173, "0.35": 0.18636892525101406, "0.4": 0.16656616277284195}, "10": {"0": 1.0, "0.05": 0.011437309068278678, "0.1": 0.0017755144333096795, "0.15": 0.0005930128046477094, "0.2": 0.00034985910111286244, "0.25": 9.552466924583273e-06, "0.3": 9.552466924583273e-06, "0.35": 0.0, "0.4": 0.0}, "11": {"0": 1.0, "0.05": 0.001132657411227045, "0.1": 0.0, "0.15": 0.0, "0.2": 0.0, "0.25": 0.0, "0.3": 0.0, "0.35": 0.0, "0.4": 0.0}}, "precision": {"0": {"0": 0.005257420766925437, "0.05": 0.19612372595058117, "0.1": 0.3220391967978228, "0.15": 0.3444399635953998, "0.2": 0.29464795299800306, "0.25": 0.19217135533584886, "0.3": 0.10519335785133171, "0.35": 0.06484214548407126, "0.4": 0.03934024295107545}, "1": {"0": 0.005257420766925437, "0.05": 0.003148816073320661, "0.1": 0.001820217447516894, "0.15": 0.0014403920112921204, "0.2": 0.0013595378985088848, "0.25": 0.0014013586025674928, "0.3": 0.0012419450232890555, "0.35": 0.0012454028752925447, "0.4": 0.0006073776886214199}, "2": {"0": 0.005257420766925437, "0.05": 0.023246521589399164, "0.1": 0.021066946131268263, "0.15": 0.01966617857536739, "0.2": 0.01978481025529639, "0.25": 0.02109746637731817, "0.3": 0.022609480897450983, "0.35": 0.024664967171599717, "0.4": 0.026744550645175055}, "3": {"0": 0.005257420766925437, "0.05": 0.0017191049592696283, "0.1": 0.00029439630395433034, "0.15": 0.00016555378255194203, "0.2": 5.005909067402563e-05, "0.25": 5.276852879380692e-05, "0.3": 3.327884889235608e-05, "0.35": 0.0, "0.4": 0.0}, "4": {"0": 0.005257420766925437, "0.05": 0.002903773260543051, "0.1": 0.00033433634236041456, "0.15": 0.0, "0.2": 0.0, "0.25": 0.0, "0.3": 0.0, "0.35": 0.0, "0.4": 0.0}, "5": {"0": 0.005257420766925437, "0.05": 0.08826261282533908, "0.1": 0.17143886674877806, "0.15": 0.24780102694263598, "0.2": 0.3231515824836797, "0.25": 0.3953061052055342, "0.3": 0.4560024983538973, "0.35": 0.4955770988045866, "0.4": 0.5187348400196559}, "6": {"0": 0.005257420766925437, "0.05": 0.004895256910140323, "0.1": 0.002551535727262, "0.15": 0.0013762219745560207, "0.2": 0.0009472751153676282, "0.25": 0.0005064134201546438, "0.3": 0.00043185110888220216, "0.35": 0.00045692633455923326, "0.4": 8.358408559010364e-05}, "7": {"0": 0.005257420766925437, "0.05": 0.010921912484700298, "0.1": 0.0035801824080715435, "0.15": 0.0010295943925324115, "0.2": 0.00027686399795415255, "0.25": 9.991763836127752e-05, "0.3": 3.1117884678566726e-05, "0.35": 2.5718180181570354e-05, "0.4": 0.0}, "8": {"0": 0.005257420766925437, "0.05": 0.021392940423818157, "0.1": 0.022501507176784258, "0.15": 0.021214243148127285, "0.2": 0.019362916674071803, "0.25": 0.017657757732095963, "0.3": 0.01604784574803792, "0.35": 0.013783053349191905, "0.4": 0.011674486027485696},