{"fscore": {"0": {"0": 0.010441274224259384, "0.05": 0.0017094608583374234, "0.1": 0.0009029347179836004, "0.15": 0.0006475690392558611, "0.2": 0.0003942333688618541, "0.25": 0.000176449992033299, "0.3": 0.00015115826755401408, "0.35": 6.454758947531382e-05, "0.4": 5.572272372673576e-05}, "1": {"0": 0.010441274224259384, "0.05": 5.125179286529348e-05, "0.1": 6.217482857930516e-05, "0.15": 1.966684366825968e-05, "0.2": 0.0, "0.25": 0.0, "0.3": 0.0, "0.35": 0.0, "0.4": 0.0}, "2": {"0": 0.010441274224259384, "0.05": 0.011439754041835216, "0.1": 0.005249587695267886, "0.15": 0.0021404728593961138, "0.2": 0.00046176719074920313, "0.25": 7.729281033063348e-05, "0.3": 0.0, "0.35": 0.0, "0.4": 0.0}, "3": {"0": 0.010441274224259384, "0.05": 0.02899910247806825, "0.1": 0.033908647993734914, "0.15": 0.03412728685135838, "0.2": 0.028556050188877975, "0.25": 0.020127493851362383, "0.3": 0.012972538520591655, "0.35": 0.007042242261197339, "0.4": 0.0037595844852655437}, "4": {"0": 0.010441274224259384, "0.05": 0.006823187503549086, "0.1": 0.0035091554524048626, "0.15": 0.0009890386223817271, "0.2": 0.00026983512873402096, "0.25": 0.0, "0.3": 0.0, "0.35": 0.0, "0.4": 0.0}, "5": {"0": 0.010441274224259384, "0.05": 0.007613103205736086, "0.1": 0.004281699347165966, "0.15": 0.002241616653441485, "0.2": 0.0014499702235150913, "0.25": 0.0010104350743613624, "0.3": 0.0006414228659078325, "0.35": 0.0003242989171362526, "0.4": 3.5193299195833114e-05}, "6": {"0": 0.010441274224259384, "0.05": 0.09698841010609485, "0.1": 0.1290185375511769, "0.15": 0.11985431880760257, "0.2": 0.09779152118278663, "0.25": 0.07751642387548456, "0.3": 0.05576422345579148, "0.35": 0.038147880159636445, "0.4": 0.025034286261827333}, "7": {"0": 0.010441274224259384, "0.05": 0.006182613973733899, "0.1": 0.0030523578055588795, "0.15": 0.0013049109637813564, "0.2": 0.0005401503229178526, "0.25": 0.00023708232168719699, "0.3": 7.677708845588792e-05, "0.35": 1.7207737700894948e-05, "0.4": 1.0289707506357456e-05}, "8": {"0": 0.010441274224259384, "0.05": 5.349381477766633e-06, "0.1": 0.0, "0.15": 0.0, "0.2": 0.0, "0.25": 0.0, "0.3": 0.0, "0.35": 0.0, "0.4": 0.0}, "9": {"0": 0.010441274224259384, "0.05": 0.04283383952914123, "0.1": 0.03403756863836075, "0.15": 0.022147562856456776, "0.2": 0.013357242944123889, "0.25": 0.008236675206346708, "0.3": 0.004576227022171966, "0.35": 0.0025266910645609948, "0.4": 0.0016389825501746732}, "10": {"0": 0.010441274224259384, "0.05": 0.00873596704030653, "0.1": 0.003957097259766416, "0.15": 0.001618221339234585, "0.2": 0.000590491751613136, "0.25": 0.00030655256987087215, "0.3": 9.470677828693052e-05, "0.35": 0.0, "0.4": 0.0}, "11": {"0": 0.010441274224259384, "0.05": 0.003368781072437884, "0.1": 0.0008531754452366209, "0.15": 0.0005971896272201392, "0.2": 0.0005848169686997262, "0.25": 0.0006269187316220052, "0.3": 0.0006334549582166604, "0.35": 0.0006212267784378612, "0.4": 0.0005621023084378611}, "12": {"0": 0.010441274224259384, "0.05": 0.026136043455729268, "0.1": 0.008887364386900529, "0.15": 0.002811469501437843, "0.2": 0.0011172173054825945, "0.25": 0.0006089831034836646, "0.3": 0.0003136122784095701, "0.35": 0.00012159103012490242, "0.4": 4.925864836423581e-05}, "13": {"0": 0.010441274224259384, "0.05": 0.00038823374629064466, "0.1": 6.097614896291376e-05, "0.15": 0.0, "0.2": 0.0, "0.25": 0.0, "0.3": 0.0, "0.35": 0.0, "0.4": 0.0}, "14": {"0": 0.010441274224259384, "0.05": 0.004902426742500227, "0.1": 0.0015237207712615903, "0.15": 0.000622525471252489, "0.2": 0.00021666922262811292, "0.25": 0.0, "0.3": 0.0, "0.35": 0.0, "0.4": 0.0}, "15": {"0": 0.010441274224259384, "0.05": 0.018244349023693363, "0.1": 0.011620133520521608, "0.15": 0.006469385128285959, "0.2": 0.003289101560994985, "0.25": 0.0013565087579122939, "0.3": 0.0006778914908122142, "0.35": 0.0001608050289809854, "0.4": 0.0}}, "recall": {"0": {"0": 1.0, "0.05": 0.009942357084311456, "0.1": 0.0032211252859271427, "0.15": 0.0016963133131543864, "0.2": 0.0007492336835617894, "0.25": 0.0002627056797633042, "0.3": 0.00018840871479432325, "0.35": 6.408113228574612e-05, "0.4": 5.572272372673576e-05}, "1": {"0": 1.0, "0.05": 4.850275754732243e-05, "0.1": 3.900590660871503e-05, "0.15": 1.1144544745347152e-05, "0.2": 0.0, "0.25": 0.0, "0.3": 0.0, "0.35": 0.0, "0.4": 0.0}, "2": {"0": 1.0, "0.05": 0.06177890135252396, "0.1": 0.010155934939559297, "0.15": 0.002485393159078301, "0.2": 0.0003345270020295096, "0.25": 5.293658754039897e-05, "0.3": 0.0, "0.35": 0.0, "0.4": 0.0}, "3": {"0": 1.0, "0.05": 0.21996970897973825, "0.1": 0.11028679488567507, "0.15": 0.06124830761123739, "0.2": 0.03257467681601286, "0.25": 0.01695631339161509, "0.3": 0.009012383549172347, "0.35": 0.004242731755258262, "0.4": 0.0021604498433075337}, "4": {"0": 1.0, "0.05": 0.010396376404841961, "0.1": 0.0038592573598600576, "0.15": 0.0008865649701872795, "0.2": 0.0002316737196244536, "0.25": 0.0, "0.3": 0.0, "0.35": 0.0, "0.4": 0.0}, "5": {"0": 1.0, "0.05": 0.02748447182205003, "0.1": 0.007224534893581822, "0.15": 0.00256221804335684, "0.2": 0.0012981933804885714, "0.25": 0.000753743358828033, "0.3": 0.0004257028399698944, "0.35": 0.00019607050700330537, "0.4": 1.8574241242245254e-05}, "6": {"0": 1.0, "0.05": 0.3865023843565748, "0.1": 0.21888252060995123, "0.15": 0.1328827804825551, "0.2": 0.08426772149737041, "0.25": 0.05694579421625871, "0.3": 0.037154027622816305, "0.35": 0.02368403390314402, "0.4": 0.014909721334085845}, "7": {"0": 1.0, "0.05": 0.011059527722810918, "0.1": 0.0034619116236740705, "0.15": 0.0011579519026396247, "0.2": 0.0004112983709177519, "0.25": 0.0001661054380353677, "0.3": 5.17321257692389e-05, "0.35": 1.0090922740647903e-05, "0.4": 5.858817141148985e-06}, "8": {"0": 1.0, "0.05": 1.8574241242245254e-05, "0.1": 0.0, "0.15": 0.0, "0.2": 0.0, "0.25": 0.0, "0.3": 0.0, "0.35": 0.0, "0.4": 0.0}, "9": {"0": 1.0, "0.05": 0.13920191812143604, "0.1": 0.05298933162536746, "0.15": 0.023374128762924138, "0.2": 0.011330204326668016, "0.25": 0.006078040734520351, "0.3": 0.003036575913546785, "0.35": 0.0015449032024928643, "0.4": 0.0009566801216148243}, "10": {"0": 1.0, "0.05": 0.034150554520281984, "0.1": 0.008047659799725639, "0.15": 0.002305773228264653, "0.2": 0.000633247572791007, "0.25": 0.0002771046660200095, "0.3": 7.397154025718965e-05, "0.35": 0.0, "0.4": 0.0}, "11": {"0": 1.0, "0.05": 0.010093289227259508, "0.1": 0.0018414504533275989, "0.15": 0.0010684017256773648, "0.2": 0.000848995349030731, "0.25": 0.0006973062076848184, "0.3": 0.0005474362361050011, "0.35": 0.000504140927061447, "0.4": 0.00044511840535197886}, "12": {"0": 1.0, "0.05": 0.03643665252736221, "0.1": 0.005882139244206514, "0.15": 0.0016049579886069263, "0.2": 0.0006044362960727045, "0.25": 0.0003283329318694046, "0.3": 0.00016938857478541168, "0.35": 6.396486495385341e-05, "0.4": 2.5318459788536685e-05}, "13": {"0": 1.0, "0.05": 0.000995275426021573, "0.1": 0.00010717730649370229, "0.15": 0.0, "0.2": 0.0, "0.25": 0.0, "0.3": 0.0, "0.35": 0.0, "0.4": 0.0}, "14": {"0": 1.0, "0.05": 0.005564647540039459, "0.1": 0.0010404401068229974, "0.15": 0.0003653501135290955, "0.2": 0.00011867245069980318, "0.25": 0.0, "0.3": 0.0, "0.35": 0.0, "0.4": 0.0}, "15": {"0": 1.0, "0.05": 0.09143585137296248, "0.1": 0.030553901330815463, "0.15": 0.011036209555459248, "0.2": 0.0040409690913984905, "0.25": 0.0013640417246201673, "0.3": 0.0006099326405546583, "0.35": 0.00013974672555678729, "0.4": 0.0}}, "precision": {"0": {"0": 0.005257420766925437, "0.05": 0.0009596841046160642, "0.1": 0.0005512116017077118, "0.15": 0.00042712329437579735, "0.2": 0.0002839528566773427, "0.25": 0.0001429652487863418, "0.3": 0.0001438447030658448, "0.35": 7.815654756477224e-05, "0.4": 5.572272372673576e-05}, "1": {"0": 0.005257420766925437, "0.05": 0.00012564750528642205, "0.1": 0.00015323749024852333, "0.15": 8.358408559010364e-05, "0.2": 0.0, "0.25": 0.0, "0.3": 0.0, "0.35": 0.0, "0.4": 0.0}, "2": {"0": 0.005257420766925437, "0.05": 0.006971197468377767, "0.1": 0.004614981417907503,