{"fscore": {"0": {"0": 0.010441274224259384, "0.05": 0.016305669382569596, "0.1": 0.00931675982333274, "0.15": 0.004974631913668418, "0.2": 0.002234948900069457, "0.25": 0.0010087756807275528, "0.3": 0.0006786132613615062, "0.35": 0.0003693979542112175, "0.4": 0.00024359628593382485}, "1": {"0": 0.010441274224259384, "0.05": 0.0243194274912832, "0.1": 0.02005442136224109, "0.15": 0.013794868381898471, "0.2": 0.009231510412632598, "0.25": 0.006507192563368849, "0.3": 0.004396215571235716, "0.35": 0.002979748545762884, "0.4": 0.0020993467828251773}, "2": {"0": 0.010441274224259384, "0.05": 0.002063264997010481, "0.1": 0.0004966769310037322, "0.15": 4.7762334622916366e-05, "0.2": 0.0, "0.25": 0.0, "0.3": 0.0, "0.35": 0.0, "0.4": 0.0}, "3": {"0": 0.010441274224259384, "0.05": 0.0007372241394399931, "0.1": 0.00016714922246658813, "0.15": 7.598960651995757e-05, "0.2": 4.743685680420669e-05, "0.25": 2.2289089490694304e-05, "0.3": 2.3881167311458183e-05, "0.35": 2.476565498966034e-05, "0.4": 0.0}, "4": {"0": 0.010441274224259384, "0.05": 0.003837929328031093, "0.1": 0.0001940414770994692, "0.15": 4.5631293661097356e-05, "0.2": 0.0, "0.25": 0.0, "0.3": 0.0, "0.35": 0.0, "0.4": 0.0}, "5": {"0": 0.010441274224259384, "0.05": 0.0016609482388295954, "0.1": 0.0016615688066297682, "0.15": 0.001559707090541569, "0.2": 0.0015608747043030537, "0.25": 0.0014203954674738921, "0.3": 0.0013383967451777495, "0.35": 0.0011229461520440513, "0.4": 0.0009890155189014162}, "6": {"0": 0.010441274224259384, "0.05": 0.017738502739160594, "0.1": 0.01061740244815611, "0.15": 0.006743497654721821, "0.2": 0.004484056725730216, "0.25": 0.003097259554299385, "0.3": 0.0021911479408091134, "0.35": 0.0016146719106510355, "0.4": 0.0010269480711793829}, "7": {"0": 0.010441274224259384, "0.05": 0.004167212456840645, "0.1": 0.002089541498611361, "0.15": 0.0011489972518791216, "0.2": 0.0005255520346359017, "0.25": 4.077272467809934e-06, "0.3": 0.0, "0.35": 0.0, "0.4": 0.0}, "8": {"0": 0.010441274224259384, "0.05": 0.003503353973592966, "0.1": 0.0006061043430043685, "0.15": 0.00010339227188822656, "0.2": 4.632042854099401e-05, "0.25": 5.452866536116286e-05, "0.3": 6.091428183792233e-05, "0.35": 7.698534199088493e-05, "0.4": 0.00011222478624685243}, "9": {"0": 0.010441274224259384, "0.05": 0.054048269651073906, "0.1": 0.043927670087607174, "0.15": 0.022550911728687978, "0.2": 0.010581942661827843, "0.25": 0.005997089547246494, "0.3": 0.0031908439263211756, "0.35": 0.001756327208573674, "0.4": 0.0012769090029627673}, "10": {"0": 0.010441274224259384, "0.05": 0.01598927496359793, "0.1": 0.019473285821589623, "0.15": 0.019773737578407936, "0.2": 0.018592197207985214, "0.25": 0.017030060749147705, "0.3": 0.015449059723649064, "0.35": 0.01413500668431731, "0.4": 0.012334477562327745}, "11": {"0": 0.010441274224259384, "0.05": 0.013725866978455204, "0.1": 0.00949938027662958, "0.15": 0.00687415279923685, "0.2": 0.004510592022099043, "0.25": 0.002024953311483364, "0.3": 0.001261631399366437, "0.35": 0.00033555664252696776, "0.4": 0.00010887682600002658}, "12": {"0": 0.010441274224259384, "0.05": 0.022921707665944535, "0.1": 0.010435355757646134, "0.15": 0.0039001851182048583, "0.2": 0.0016015758994661093, "0.25": 0.0005425915120186147, "0.3": 0.00021270627943588, "0.35": 0.00011144544745347153, "0.4": 0.00011144544745347153}, "13": {"0": 0.010441274224259384, "0.05": 0.004079823721782199, "0.1": 0.002088181356605893, "0.15": 0.0006516096102152685, "0.2": 0.00028694339253137834, "0.25": 6.321485464797755e-05, "0.3": 0.0, "0.35": 0.0, "0.4": 0.0}, "14": {"0": 0.010441274224259384, "0.05": 0.004848491610779898, "0.1": 0.005385291465654686, "0.15": 0.0038881967477628876, "0.2": 0.0017671134871518673, "0.25": 5.56470879879801e-05, "0.3": 2.1902559128842443e-05, "0.35": 2.3657034162233972e-05, "0.4": 2.477311452429578e-05}, "15": {"0": 0.010441274224259384, "0.05": 0.022348425589583772, "0.1": 0.016051017695342194, "0.15": 0.009259363580720844, "0.2": 0.0036492418876611222, "0.25": 0.0007577335861247415, "0.3": 5.037510320875229e-05, "0.35": 3.714848248449051e-05, "0.4": 0.0}}, "recall": {"0": {"0": 1.0, "0.05": 0.07794527219857629, "0.1": 0.016366502997151585, "0.15": 0.005623546665371326, "0.2": 0.0019283019451010535, "0.25": 0.0008137255881899587, "0.3": 0.000499887247771879, "0.35": 0.00028351304859400577, "0.4": 0.0001925656030828692}, "1": {"0": 1.0, "0.05": 0.09382093900707872, "0.1": 0.031298061045940975, "0.15": 0.014675317472269888, "0.2": 0.008040673022978607, "0.25": 0.0050907932051175555, "0.3": 0.0032133281491354745, "0.35": 0.0020671554178849807, "0.4": 0.0014215170196633547}, "2": {"0": 1.0, "0.05": 0.005539340749960288, "0.1": 0.00040730749174449726, "0.15": 2.53011286110584e-05, "0.2": 0.0, "0.25": 0.0, "0.3": 0.0, "0.35": 0.0, "0.4": 0.0}, "3": {"0": 1.0, "0.05": 0.005005571405258528, "0.1": 0.0004661357296802162, "0.15": 0.00010670885163558228, "0.2": 5.724846497163448e-05, "0.25": 1.592077820763879e-05, "0.3": 1.592077820763879e-05, "0.35": 1.592077820763879e-05, "0.4": 0.0}, "4": {"0": 1.0, "0.05": 0.004252751679467792, "0.1": 0.00012146279755394564, "0.15": 2.5183885901904674e-05, "0.2": 0.0, "0.25": 0.0, "0.3": 0.0, "0.35": 0.0, "0.4": 0.0}, "5": {"0": 1.0, "0.05": 0.011516386507930722, "0.1": 0.006467143779421799, "0.15": 0.004437152655704666, "0.2": 0.0035324983834823342, "0.25": 0.002656759018943729, "0.3": 0.0022096877605821416, "0.35": 0.0016967479208161173, "0.4": 0.0013196511454536838}, "6": {"0": 1.0, "0.05": 0.0573612063870887, "0.1": 0.016928904626451007, "0.15": 0.007672434435015678, "0.2": 0.004122659940181469, "0.25": 0.0025131518267026347, "0.3": 0.001587802663080627, "0.35": 0.0010825169327875316, "0.4": 0.0006697544670108873}, "7": {"0": 1.0, "0.05": 0.006237632077097967, "0.1": 0.0018774621452936947, "0.15": 0.0008106375816738826, "0.2": 0.00031946502291886744, "0.25": 2.1570086603897714e-06, "0.3": 0.0, "0.35": 0.0, "0.4": 0.0}, "8": {"0": 1.0, "0.05": 0.0101113053725256, "0.1": 0.0012097310936842317, "0.15": 0.00018339697025476778, "0.2": 8.750777829859736e-05, "0.25": 8.426179439218558e-05, "0.3": 7.522567703109328e-05, "0.35": 7.522567703109328e-05, "0.4": 7.522567703109328e-05}, "9": {"0": 1.0, "0.05": 0.13007304946260753, "0.1": 0.04180993677767359, "0.15": 0.015978950993213302, "0.2": 0.006862311722471316, "0.25": 0.0037768097711508527, "0.3": 0.0019676582545944997, "0.35": 0.0011139881707724533, "0.4": 0.0008516034516757559}, "10": {"0": 1.0, "0.05": 0.07232319098795036, "0.1": 0.03708050272375845, "0.15": 0.02508340466903671, "0.2": 0.018540759976700974, "0.25": 0.014402629095749457, "0.3": 0.011680523799819794, "0.35": 0.00992804829641317, "0.4": 0.008141558491548564}, "11": {"0": 1.0, "0.05": 0.08630501550610666, "0.1": 0.028410623194953702, "0.15": 0.011954178637947859, "0.2": 0.005603201458334265, "0.25": 0.001962737574774606, "0.3": 0.000951836987809227, "0.35": 0.0001949163673940902, "0.4": 6.632438172424931e-05}, "12": {"0": 1.0, "0.05": 0.07002256187251367, "0.1": 0.011793287727829964, "0.15": 0.003017621974016576, "0.2": 0.0010154273433057835, "0.25": 0.0003225413878906218, "0.3": 0.00013219070390584935, "0.35": 6.686726847208293e-05, "0.4": 6.686726847208293e-05}, "13": {"0": 1.0, "0.05": 0.009889121027938264, "0.1": 0.0026743281833877183, "0.15": 0.0006235932996279393, "0.2": 0.00022364484454620348, "0.25": 4.7364315167725396e-05, "0.3": 0.0, "0.35": 0.0, "0.4": 0.0}, "14": {"0": 1.0, "0.05": 0.012628174812172734, "0.1": 0.010218287896642165, "0.15": 0.006537496739124191, "0.2": 0.0027522292951607857, "0.25": 7.810782726862836e-05, "0.3": 2.6401993403495464e-05, "0.35": 2.6401993403495464e-05, "0.4": 2.6401993403495464e-05}, "15": {"0": 1.0, "0.05": 0.10936649125816421, "0.1": 0.036277819740442724, "0.15": 0.01082634172230944, "0.2": 0.0028028476521647994, "0.25": 0.0004792744257069666, "0.3": 2.6475702512677256e-05, "0.35": 1.966684366825968e-05, "0.4": 0.0}}, "precision": {"0": {"0": 0.005257420766925437, "0.05": 0.010043744951071501,