{"fscore": {"0": {"0": 0.010441274224259384, "0.05": 0.07679455662843224, "0.1": 0.05675091834775931, "0.15": 0.04473304269809402, "0.2": 0.03562060117752616, "0.25": 0.0285068708764185, "0.3": 0.021799527250514934, "0.35": 0.01735160340537307, "0.4": 0.012479131156790087}, "1": {"0": 0.010441274224259384, "0.05": 0.004278152657803968, "0.1": 0.002652262621513605, "0.15": 0.002327537428820621, "0.2": 0.0018473264125470784, "0.25": 0.0016745100390767162, "0.3": 0.001652234978356473, "0.35": 0.001649850892667579, "0.4": 0.0017269052296905937}, "2": {"0": 0.010441274224259384, "0.05": 0.08617101510632882, "0.1": 0.08881282212382098, "0.15": 0.0806652628490307, "0.2": 0.06809775141878628, "0.25": 0.053709908983405816, "0.3": 0.04160940225257791, "0.35": 0.03083422754973208, "0.4": 0.021395925893248662}, "3": {"0": 0.010441274224259384, "0.05": 0.0030031665778781588, "0.1": 0.001777429206071969, "0.15": 0.0013069900281579019, "0.2": 0.0010809976347190696, "0.25": 0.0008024560488096769, "0.3": 0.0003607851420774235, "0.35": 0.0003104694875980292, "0.4": 0.00024118211905171661}, "4": {"0": 0.010441274224259384, "0.05": 0.0034068502635602464, "0.1": 0.0004207927819062439, "0.15": 9.884726643699214e-05, "0.2": 9.690908474214915e-06, "0.25": 0.0, "0.3": 0.0, "0.35": 0.0, "0.4": 0.0}, "5": {"0": 0.010441274224259384, "0.05": 0.005618945924776271, "0.1": 0.0036687850775949846, "0.15": 0.0022576216148624344, "0.2": 0.001410835827492685, "0.25": 0.0008286859996861763, "0.3": 0.0004947979906847617, "0.35": 0.00034289104532193735, "0.4": 0.0002400311328987326}, "6": {"0": 0.010441274224259384, "0.05": 0.028661060896671243, "0.1": 0.026661934147032513, "0.15": 0.02003378244929572, "0.2": 0.01518955102987136, "0.25": 0.010622454483020587, "0.3": 0.006422324418892321, "0.35": 0.004194332917084599, "0.4": 0.0029120434737126485}, "7": {"0": 0.010441274224259384, "0.05": 0.016583656613838853, "0.1": 0.0226596094586717, "0.15": 0.028158688970767846, "0.2": 0.032208443524028935, "0.25": 0.032725190974927085, "0.3": 0.030437958780778453, "0.35": 0.026670422045944005, "0.4": 0.022324263729644318}, "8": {"0": 0.010441274224259384, "0.05": 0.00018218444774649228, "0.1": 8.401272192646314e-05, "0.15": 0.0, "0.2": 0.0, "0.25": 0.0, "0.3": 0.0, "0.35": 0.0, "0.4": 0.0}, "9": {"0": 0.010441274224259384, "0.05": 0.03723076094895618, "0.1": 0.0493051470951503, "0.15": 0.05876661068769951, "0.2": 0.0636691115110031, "0.25": 0.06631035326651982, "0.3": 0.06779598352263923, "0.35": 0.06652751603122393, "0.4": 0.06267229038544528}, "10": {"0": 0.010441274224259384, "0.05": 0.0006475116294792173, "0.1": 0.00025495270169541306, "0.15": 0.00011823289852564846, "0.2": 4.44598488730886e-05, "0.25": 3.8887576500415015e-05, "0.3": 2.296679829277623e-05, "0.35": 2.296679829277623e-05, "0.4": 2.296679829277623e-05}, "11": {"0": 0.010441274224259384, "0.05": 0.0001155523121144525, "0.1": 4.676032760285519e-06, "0.15": 5.1436360363140705e-06, "0.2": 5.306926069212929e-06, "0.25": 5.306926069212929e-06, "0.3": 5.349381477766633e-06, "0.35": 5.436363290413246e-06, "0.4": 5.436363290413246e-06}}, "recall": {"0": {"0": 1.0, "0.05": 0.06684766402083174, "0.1": 0.04324109494317794, "0.15": 0.03267275486548693, "0.2": 0.02482863499266046, "0.25": 0.018984730697520803, "0.3": 0.01432658386136438, "0.35": 0.010956088359295308, "0.4": 0.007774733760916581}, "1": {"0": 1.0, "0.05": 0.027336149236674056, "0.1": 0.00915662962280089, "0.15": 0.005327232051174035, "0.2": 0.0030422933795157627, "0.25": 0.002126412777857075, "0.3": 0.001698294518694878, "0.35": 0.001462535900660204, "0.4": 0.0013380341004510647}, "2": {"0": 1.0, "0.05": 0.12068825953325338, "0.1": 0.08703949685342668, "0.15": 0.0662745462076507, "0.2": 0.05085060178850188, "0.25": 0.03676748888477446, "0.3": 0.027146008460582027, "0.35": 0.019470028857975646, "0.4": 0.013194179405375659}, "3": {"0": 1.0, "0.05": 0.0193370842755015, "0.1": 0.004586196577214768, "0.15": 0.0017998002618561221, "0.2": 0.0010215444146792726, "0.25": 0.0006230192703011162, "0.3": 0.00024974628523055827, "0.35": 0.0001880065402953123, "0.4": 0.00014106740531629234}, "4": {"0": 1.0, "0.05": 0.002351367349231275, "0.1": 0.0002745425795709689, "0.15": 5.594699475102294e-05, "0.2": 4.91671091706492e-06, "0.25": 0.0, "0.3": 0.0, "0.35": 0.0, "0.4": 0.0}, "5": {"0": 1.0, "0.05": 0.02552831411429102, "0.1": 0.008332419305645808, "0.15": 0.0035152063959241983, "0.2": 0.0017435156358995296, "0.25": 0.0008127934296699444, "0.3": 0.00043480674582132997, "0.35": 0.00026745592774445677, "0.4": 0.00016814447380907212}, "6": {"0": 1.0, "0.05": 0.10240208101434342, "0.1": 0.04643211777630077, "0.15": 0.024488377832340497, "0.2": 0.015177903732214929, "0.25": 0.008843977696583832, "0.3": 0.004647596424766723, "0.35": 0.0027760388315919743, "0.4": 0.0018173061861527012}, "7": {"0": 1.0, "0.05": 0.12725681598007385, "0.1": 0.08632845192927369, "0.15": 0.06639923581378165, "0.2": 0.05229731577658492, "0.25": 0.039339761831537194, "0.3": 0.02969323432539488, "0.35": 0.022501123332669647, "0.4": 0.017022503330473872}, "8": {"0": 1.0, "0.05": 0.00013320384433724452, "0.1": 5.1079163416174456e-05, "0.15": 0.0, "0.2": 0.0, "0.25": 0.0, "0.3": 0.0, "0.35": 0.0, "0.4": 0.0}, "9": {"0": 1.0, "0.05": 0.18229845957696408, "0.1": 0.11897236961344916, "0.15": 0.09627376589090295, "0.2": 0.08204236714588967, "0.25": 0.07150821219917289, "0.3": 0.06407018334901934, "0.35": 0.05648651675892407, "0.4": 0.04920142595946288}, "10": {"0": 1.0, "0.05": 0.000441226866601325, "0.1": 0.00013744498217198406, "0.15": 6.2959118698633e-05, "0.2": 2.2657583125591437e-05, "0.25": 1.9848034030125767e-05, "0.3": 1.1693489094505903e-05, "0.35": 1.1693489094505903e-05, "0.4": 1.1693489094505903e-05}, "11": {"0": 1.0, "0.05": 6.981733827691039e-05, "0.1": 2.740461822626349e-06, "0.15": 2.740461822626349e-06, "0.2": 2.740461822626349e-06, "0.25": 2.740461822626349e-06, "0.3": 2.740461822626349e-06, "0.35": 2.740461822626349e-06, "0.4": 2.740461822626349e-06}}, "precision": {"0": {"0": 0.005257420766925437, "0.05": 0.14622133336868867, "0.1": 0.1542589912238448, "0.15": 0.14679485668146675, "0.2": 0.1331241176512282, "0.25": 0.11698997304564, "0.3": 0.0966696181340113, "0.35": 0.0811905413209325, "0.4": 0.06336867746095429}, "1": {"0": 0.005257420766925437, "0.05": 0.0023475597372924545, "0.1": 0.0015774397469005366, "0.15": 0.0015348030842476793, "0.2": 0.0013951246605923102, "0.25": 0.0015027208336152655, "0.3": 0.0018323308927016637, "0.35": 0.0023019897693075304, "0.4": 0.0032828266140893705}, "2": {"0": 0.005257420766925437, "0.05": 0.07904278591427416, "0.1": 0.12493473921473904, "0.15": 0.16119960680896228, "0.2": 0.1826267711283608, "0.25": 0.18351470487148083, "0.3": 0.17188589799864007, "0.35": 0.14894035206221756, "0.4": 0.1154597631277671}, "3": {"0": 0.005257420766925437, "0.05": 0.001656948398902546, "0.1": 0.0011702125883878182, "0.15": 0.0011695545086544416, "0.2": 0.0014323856544084482, "0.25": 0.0015749291091494166, "0.3": 0.0010325723842873756, "0.35": 0.001638891032070571, "0.4": 0.0015773511009218128}, "4": {"0": 0.005257420766925437, "0.05": 0.01634814680864596, "0.1": 0.0021546119841004494, "0.15": 0.0008358408559010365, "0.2": 0.00033433634236041456, "0.25": 0.0, "0.3": 0.0, "0.35": 0.0, "0.4": 0.0}, "5": {"0": 0.005257420766925437, "0.05": 0.0032012981398243066, "0.1": 0.002421843188122991, "0.15": 0.0017496378626845072, "0.2": 0.001284111348080007, "0.25": 0.0009164903001573958, "0.3": 0.0006476277655189865, "0.35": 0.0005428061047283257, "0.4": 0.000529717680824931}, "6": {"0": 0.005257420766925437, "0.05": 0.017616506205877076, "0.1": 0.021600920613897012, "0.15": 0.021390635970329353, "0.2": 0.021085862026853794, "0.25": 0.019133595018342924, "0.3": 0.016308457964801164, "0.35": 0.01377426313336987, "0.4": 0.01239663323414577}, "7": {"0": 0.005257420766925437, "0.05": 0.009051128006495487, "0.1": 0.013961661876729954, "0.15": 0.020713272132317915, "0.2": 0.03018052917473309,