{"fscore": {"0": {"0": 0.010441293174473903, "0.05": 0.1496743576804692, "0.1": 0.2140578291211874, "0.15": 0.24463293754585236, "0.2": 0.24804877931531455, "0.25": 0.24198675652799997, "0.3": 0.22972716515315522, "0.35": 0.212056465728913, "0.4": 0.19290727124257817}, "1": {"0": 0.010441274224259384, "0.05": 0.0026942417335209566, "0.1": 0.00052354125316898, "0.15": 7.866380699164766e-05, "0.2": 1.5920778207638792e-05, "0.25": 0.0, "0.3": 0.0, "0.35": 0.0, "0.4": 0.0}, "2": {"0": 0.010441274224259384, "0.05": 0.017760867797167887, "0.1": 0.01795315885086169, "0.15": 0.01938527569956352, "0.2": 0.01914081350576253, "0.25": 0.01886449097423509, "0.3": 0.01789335512020152, "0.35": 0.01691749966095778, "0.4": 0.015319650598546003}, "3": {"0": 0.010441275742553543, "0.05": 0.004710683539472631, "0.1": 0.003018157709844894, "0.15": 0.0009280645415368098, "0.2": 0.00024102555573646918, "0.25": 8.449654503754725e-05, "0.3": 9.014750167770928e-05, "0.35": 3.601893767228885e-05, "0.4": 3.1886683543943486e-05}, "4": {"0": 0.010441274224259384, "0.05": 0.003960033857531104, "0.1": 0.0014245435144417066, "0.15": 0.0005639193834428602, "0.2": 0.0001404888064868005, "0.25": 0.00013373453694416585, "0.3": 0.0, "0.35": 0.0, "0.4": 0.0}, "5": {"0": 0.01044128504814656, "0.05": 0.026791106011300792, "0.1": 0.027042683237282098, "0.15": 0.021781034446172187, "0.2": 0.016264549505679685, "0.25": 0.011818290842603786, "0.3": 0.009415336083053212, "0.35": 0.007335024310356993, "0.4": 0.005034646707004113}, "6": {"0": 0.010441274224259384, "0.05": 0.040519279967526814, "0.1": 0.032314659775771463, "0.15": 0.023413210604004708, "0.2": 0.016322629750127004, "0.25": 0.012077889957291236, "0.3": 0.008404791389130374, "0.35": 0.006113984079088617, "0.4": 0.004542794045945236}, "7": {"0": 0.010441274224259384, "0.05": 0.02036248570917437, "0.1": 0.011314461076479876, "0.15": 0.0053286456686545535, "0.2": 0.002610327228924937, "0.25": 0.0014601219634286745, "0.3": 0.0008147554431976573, "0.35": 0.00041740313089514824, "0.4": 0.00024844187273331033}, "8": {"0": 0.010441274224259384, "0.05": 0.04697565927801321, "0.1": 0.05071328952168818, "0.15": 0.04221812825452478, "0.2": 0.03365579770958008, "0.25": 0.024777852418612863, "0.3": 0.018227528415482686, "0.35": 0.013421356401899648, "0.4": 0.009779449632602962}, "9": {"0": 0.010441277913831572, "0.05": 0.009588425675032812, "0.1": 0.006401444674932134, "0.15": 0.004835570197420268, "0.2": 0.0038043893062728626, "0.25": 0.003151407055698896, "0.3": 0.002365259606682742, "0.35": 0.0016671849956916749, "0.4": 0.0012023318327148863}, "10": {"0": 0.01044127454664048, "0.05": 0.020870353165337235, "0.1": 0.024069164306427644, "0.15": 0.022340116002919724, "0.2": 0.01743870067808826, "0.25": 0.013978817207008066, "0.3": 0.010287412347202934, "0.35": 0.008238086032448012, "0.4": 0.006591181285705828}, "11": {"0": 0.010441274224259384, "0.05": 0.01682070633117124, "0.1": 0.009372222152846613, "0.15": 0.004721918298733325, "0.2": 0.00209968074800649, "0.25": 0.0010076565579604962, "0.3": 0.00038700828114079797, "0.35": 0.00019357430902596968, "0.4": 0.00013373453694416585}}, "recall": {"0": {"0": 1.0, "0.05": 0.5381284688502057, "0.1": 0.4542375077079677, "0.15": 0.3752203037203789, "0.2": 0.30428527438584096, "0.25": 0.2537871780144034, "0.3": 0.2164550389088889, "0.35": 0.18376933154326197, "0.4": 0.1561594437036964}, "1": {"0": 1.0, "0.05": 0.01513769964966317, "0.1": 0.0009628115692695677, "0.15": 6.811508120300436e-05, "0.2": 8.798324798958279e-06, "0.25": 0.0, "0.3": 0.0, "0.35": 0.0, "0.4": 0.0}, "2": {"0": 1.0, "0.05": 0.09423609223944145, "0.1": 0.051482009051645995, "0.15": 0.0358939542644346, "0.2": 0.025863922113960346, "0.25": 0.020254237893507776, "0.3": 0.01617891732744691, "0.35": 0.013313237814178043, "0.4": 0.010882137881806909}, "3": {"0": 1.0, "0.05": 0.013262766753937321, "0.1": 0.0059517166028058965, "0.15": 0.0012933052273954462, "0.2": 0.00031470095150067215, "0.25": 0.00010129723135628339, "0.3": 0.00010129723135628339, "0.35": 3.154348042118699e-05, "0.4": 2.7085662523048124e-05}, "4": {"0": 1.0, "0.05": 0.011301168491167796, "0.1": 0.001453223838786112, "0.15": 0.00040084016278189047, "0.2": 8.70308520061904e-05, "0.25": 8.358408559010364e-05, "0.3": 0.0, "0.35": 0.0, "0.4": 0.0}, "5": {"0": 0.999989349736705, "0.05": 0.09618043268877893, "0.1": 0.03885628880948028, "0.15": 0.02101670345096075, "0.2": 0.01352486098585188, "0.25": 0.009123157102741076, "0.3": 0.006951494979788853, "0.35": 0.005156959174209039, "0.4": 0.003477013457552735}, "6": {"0": 1.0, "0.05": 0.10352266629316716, "0.1": 0.04325152821057974, "0.15": 0.024338591124179267, "0.2": 0.014745637188871718, "0.25": 0.010063280999369768, "0.3": 0.006590400483213987, "0.35": 0.004587431809498801, "0.4": 0.003272390783369787}, "7": {"0": 1.0, "0.05": 0.06925050898926505, "0.1": 0.026246282245126814, "0.15": 0.009409278895386645, "0.2": 0.0037429460780084712, "0.25": 0.0017658284429843284, "0.3": 0.0008391182733690815, "0.35": 0.00039108385153017273, "0.4": 0.00021623632976287477}, "8": {"0": 1.0, "0.05": 0.18895612491600827, "0.1": 0.08695436931516316, "0.15": 0.04775985217440062, "0.2": 0.030725675418328956, "0.25": 0.01973285952439891, "0.3": 0.013083915822504136, "0.35": 0.00909244997413075, "0.4": 0.006508148385854698}, "9": {"0": 1.0, "0.05": 0.0721713685212722, "0.1": 0.025062685108742506, "0.15": 0.012541687970526247, "0.2": 0.007024579196274088, "0.25": 0.004286929626392835, "0.3": 0.0025745625059093516, "0.35": 0.0015549055832293935, "0.4": 0.0010392582283270816}, "10": {"0": 1.0, "0.05": 0.10261776297203645, "0.1": 0.04588850794856185, "0.15": 0.026174229775420478, "0.2": 0.01607313909370514, "0.25": 0.01131643395848564, "0.3": 0.0077613124408835565, "0.35": 0.005844503491196508, "0.4": 0.004525094727803123}, "11": {"0": 1.0, "0.05": 0.062089739569522955, "0.1": 0.013679004360719527, "0.15": 0.004470677296483807, "0.2": 0.0015137891021334798, "0.25": 0.0006374192800577216, "0.3": 0.0002508347172603098, "0.35": 0.0001163676213826665, "0.4": 8.358408559010364e-05}}, "precision": {"0": {"0": 0.005257430337916698, "0.05": 0.08933390484818896, "0.1": 0.14841484709169722, "0.15": 0.20072297010416518, "0.2": 0.2417146474773762, "0.25": 0.2808190833513164, "0.3": 0.31339975520051905, "0.35": 0.33884735911173214, "0.4": 0.3615773837245113}, "1": {"0": 0.005257420766925437, "0.05": 0.0015413443835354819, "0.1": 0.0004251610126906854, "0.15": 0.00013322796672846822, "0.2": 8.358408559010364e-05, "0.25": 0.0, "0.3": 0.0, "0.35": 0.0, "0.4": 0.0}, "2": {"0": 0.005257420766925437, "0.05": 0.009908165336223783, "0.1": 0.011116328164370307, "0.15": 0.013779347525923349, "0.2": 0.01608530556410422, "0.25": 0.019153801836801543, "0.3": 0.022386412964526307, "0.35": 0.026811813328384015, "0.4": 0.031410090918252066}, "3": {"0": 0.00525742153297168, "0.05": 0.002933590093725684, "0.1": 0.0021322172362668755, "0.15": 0.0007609130179689993, "0.2": 0.00021534973058827918, "0.25": 8.009663347676436e-05, "0.3": 8.822682184382191e-05, "0.35": 4.488727803874227e-05, "0.4": 4.1037900669426824e-05}, "4": {"0": 0.005257420766925437, "0.05": 0.0031579627503097547, "0.1": 0.002119673722824135, "0.15": 0.0018964300308332406, "0.2": 0.0005015045135406219, "0.25": 0.00033433634236041456, "0.3": 0.0, "0.35": 0.0, "0.4": 0.0}, "5": {"0": 0.0052574264742961336, "0.05": 0.018686060751830165, "0.1": 0.03354657849508394, "0.15": 0.04191246333249275, "0.2": 0.040440860986657445, "0.25": 0.035172123310323024, "0.3": 0.03142017340899813, "0.35": 0.02808720046536437, "0.4": 0.022728885655824378}, "6": {"0": 0.005257420766925437, "0.05": 0.027113520378198027, "0.1": 0.0304277812561958, "0.15": 0.02867549522733677, "0.2": 0.025622800237505565, "0.25": 0.02364238293728621, "0.3": 0.020638233401886856, "0.35": 0.0167058648429231, "0.4": 0.014798441550757333}, "7": {"0": 0.005257420766925437, "0.05": 0.012120114432415155, "0.1": 0.0073877045548053355, "0.15": 0.003864859170798565,