{"fscore": {"0": {"0": 0.010441274224259384, "0.05": 0.011596454222745672, "0.1": 0.010340972649989892, "0.15": 0.010348733969377199, "0.2": 0.009635784064618631, "0.25": 0.008193162839849177, "0.3": 0.006447912576036873, "0.35": 0.0049578789780312955, "0.4": 0.003837196757732947}, "1": {"0": 0.010441274224259384, "0.05": 0.017041546880341662, "0.1": 0.010800660998304339, "0.15": 0.006977133827739722, "0.2": 0.005208190183238178, "0.25": 0.003957876887563763, "0.3": 0.002844133541876687, "0.35": 0.002107290996203603, "0.4": 0.001700048353788423}, "2": {"0": 0.010441274224259384, "0.05": 0.004213954150288065, "0.1": 0.0020978064831754578, "0.15": 0.0013394686291196866, "0.2": 0.0010796000351976026, "0.25": 0.0008974417218736122, "0.3": 0.0006267712651654114, "0.35": 0.000510482940170154, "0.4": 0.00029955087152572994}, "3": {"0": 0.010441274224259384, "0.05": 0.004121543283765765, "0.1": 0.0026319266393905034, "0.15": 0.0009732841811863815, "0.2": 0.0005048564371216689, "0.25": 0.0005078786056299478, "0.3": 0.0005333741554397206, "0.35": 0.0004595149086176436, "0.4": 0.0003968296429005449}, "4": {"0": 0.010441274224259384, "0.05": 0.03777232234860833, "0.1": 0.020893983786637337, "0.15": 0.007083126766881624, "0.2": 0.002071104584553268, "0.25": 0.0005703097777926832, "0.3": 0.00019580887183695607, "0.35": 5.572272372673576e-05, "0.4": 0.0}, "5": {"0": 0.010441274224259384, "0.05": 0.0074183756645135645, "0.1": 0.004589490531749143, "0.15": 0.002202363126872376, "0.2": 0.0007200291849062138, "0.25": 0.00034561888132128853, "0.3": 0.0001526263224401116, "0.35": 6.466547265414455e-05, "0.4": 1.311122911217312e-05}, "6": {"0": 0.010441274224259384, "0.05": 0.07683854647512892, "0.1": 0.09968619689433203, "0.15": 0.1012708024885472, "0.2": 0.09241717542226022, "0.25": 0.07927726995837484, "0.3": 0.06433801408718814, "0.35": 0.050365424804356705, "0.4": 0.0379780227679655}, "7": {"0": 0.010441274224259384, "0.05": 0.02784502723194301, "0.1": 0.01976478431193545, "0.15": 0.013839637160232083, "0.2": 0.00979339897875998, "0.25": 0.007214705306232053, "0.3": 0.005382809213513932, "0.35": 0.0038753432569283044, "0.4": 0.002550805549035521}, "8": {"0": 0.010441274224259384, "0.05": 0.03404838341424268, "0.1": 0.029769990902084882, "0.15": 0.02497283990979531, "0.2": 0.021602698605069914, "0.25": 0.01778998165958122, "0.3": 0.014724164851484384, "0.35": 0.011795576954024665, "0.4": 0.009379921044525695}, "9": {"0": 0.010441274224259384, "0.05": 0.0038809391332733415, "0.1": 0.0019689148922623252, "0.15": 0.001291267539074285, "0.2": 0.0008337462384819469, "0.25": 0.0006489183979042354, "0.3": 0.0004492661844090984, "0.35": 0.00039850756619544495, "0.4": 0.00030537823806042465}, "10": {"0": 0.010441274224259384, "0.05": 0.04955861914214538, "0.1": 0.05363580802447001, "0.15": 0.05379606102326464, "0.2": 0.0504803526064624, "0.25": 0.044134625572789674, "0.3": 0.03740857510015585, "0.35": 0.029478322066363725, "0.4": 0.02182062242668346}, "11": {"0": 0.010441274224259384, "0.05": 0.024505226912781067, "0.1": 0.01660324406065534, "0.15": 0.010382662634148693, "0.2": 0.0068299842290622526, "0.25": 0.0040317514722082075, "0.3": 0.0020848273809931797, "0.35": 0.0010303504827708996, "0.4": 0.0006163815919501711}}, "recall": {"0": {"0": 1.0, "0.05": 0.0910357473675609, "0.1": 0.0373376976161062, "0.15": 0.020064779162129308, "0.2": 0.012642305134178109, "0.25": 0.008727117024422772, "0.3": 0.006055821700277546, "0.35": 0.00423925474111173, "0.4": 0.003000315496951992}, "1": {"0": 1.0, "0.05": 0.08420647687619758, "0.1": 0.02986311176098176, "0.15": 0.013868657791485309, "0.2": 0.008177780000201073, "0.25": 0.0053884668392782525, "0.3": 0.003294268714173398, "0.35": 0.0022214333712245343, "0.4": 0.0015907491473111169}, "2": {"0": 1.0, "0.05": 0.019492267363644542, "0.1": 0.0053871633863903905, "0.15": 0.0023817787192795827, "0.2": 0.0014503537584060085, "0.25": 0.0009466746431989623, "0.3": 0.0005642964724229039, "0.35": 0.0004215527752976939, "0.4": 0.00022215650257022574}, "3": {"0": 1.0, "0.05": 0.013339931840760636, "0.1": 0.006351535102729531, "0.15": 0.00210815909248859, "0.2": 0.0009700153546521601, "0.25": 0.0008025825222569574, "0.3": 0.0007374142726916579, "0.35": 0.000579975767558957, "0.4": 0.0004294441451924752}, "4": {"0": 1.0, "0.05": 0.17434869262035263, "0.1": 0.03120964357479714, "0.15": 0.006562768740976025, "0.2": 0.0015425618190825926, "0.25": 0.0003886227245435595, "0.3": 0.0001267028599024587, "0.35": 3.714848248449051e-05, "0.4": 0.0}, "5": {"0": 1.0, "0.05": 0.04022993675003795, "0.1": 0.008661188787012608, "0.15": 0.0024039508080144294, "0.2": 0.0006302317259024001, "0.25": 0.00021247519792917766, "0.3": 8.812430926679728e-05, "0.35": 3.5571175966044784e-05, "0.4": 6.96534046584197e-06}, "6": {"0": 1.0, "0.05": 0.43451534974195277, "0.1": 0.27921422106689886, "0.15": 0.1899983744009089, "0.2": 0.13186731296314125, "0.25": 0.09224573151569505, "0.3": 0.0649211143314676, "0.35": 0.04546227003564785, "0.4": 0.03127890164277072}, "7": {"0": 1.0, "0.05": 0.12051179480274585, "0.1": 0.06039514368974576, "0.15": 0.032816257500402124, "0.2": 0.019061987289603295, "0.25": 0.011804918398307029, "0.3": 0.0075508600972231795, "0.35": 0.004805930687934626, "0.4": 0.002845297579051786}, "8": {"0": 1.0, "0.05": 0.2064875959256728, "0.1": 0.09719822157927624, "0.15": 0.05278246302130282, "0.2": 0.03432377422301442, "0.25": 0.02333359889402676, "0.3": 0.01633859366648071, "0.35": 0.011235089181162543, "0.4": 0.008053989279806271}, "9": {"0": 1.0, "0.05": 0.029713032806491655, "0.1": 0.007011995211366108, "0.15": 0.0028318571649770903, "0.2": 0.0011979566236359465, "0.25": 0.0007451960740624332, "0.3": 0.0004280421822991681, "0.35": 0.0003088923945718902, "0.4": 0.00022342017251493235}, "10": {"0": 1.0, "0.05": 0.362826251517235, "0.1": 0.20621883581201106, "0.15": 0.12446916123666917, "0.2": 0.08055092327779703, "0.25": 0.05262720012220354, "0.3": 0.03565755831838467, "0.35": 0.023609229210846735, "0.4": 0.016057671927964735}, "11": {"0": 1.0, "0.05": 0.10846384243165488, "0.1": 0.03499636675631954, "0.15": 0.013491771931929592, "0.2": 0.00639733341723394, "0.25": 0.0031768793311169464, "0.3": 0.0014130118536321693, "0.35": 0.0006630456129972892, "0.4": 0.0003757212373850886}}, "precision": {"0": {"0": 0.005257420766925437, "0.05": 0.006307704491827103, "0.1": 0.006591885484256176, "0.15": 0.008341637175596677, "0.2": 0.009611321865698049, "0.25": 0.00977625526167836, "0.3": 0.008896128032078194, "0.35": 0.007870444082637245, "0.4": 0.007163599272524764}, "1": {"0": 0.005257420766925437, "0.05": 0.009646434570545015, "0.1": 0.0067854145064245456, "0.15": 0.004867355954706511, "0.2": 0.004044686795812619, "0.25": 0.003408094900475138, "0.3": 0.0027754840611730735, "0.35": 0.0022979152175993064, "0.4": 0.00214610055327974}, "2": {"0": 0.005257420766925437, "0.05": 0.0023878510701687114, "0.1": 0.001325624389627241, "0.15": 0.0009494359869146063, "0.2": 0.0008788775863991006, "0.25": 0.0008763108156369029, "0.3": 0.0007623421638055485, "0.35": 0.0006873584650730497, "0.4": 0.00047767534330071283}, "3": {"0": 0.005257420766925437, "0.05": 0.0024739887792256782, "0.1": 0.0017079673526719742, "0.15": 0.0006790857646476247, "0.2": 0.0003823066197671778, "0.25": 0.0004238808891718187, "0.3": 0.0004957474942570134, "0.35": 0.0004864208763392495, "0.4": 0.0005386870025376944}, "4": {"0": 0.005257420766925437, "0.05": 0.02238944415910213, "0.1": 0.018335365496248757, "0.15": 0.010267628623731276, "0.2": 0.00448067386382331, "0.25": 0.002246421805097833, "0.3": 0.0005293658754039897, "0.35": 0.00011144544745347152, "0.4": 0.0}, "5": {"0": 0.005257420766925437, "0.05": 0.00429780163145164, "0.1": 0.003908535258048126, "0.15": 0.0030251917424412317, "0.2": 0.0017519048476012295, "0.25": 0.001337833847863938, "0.3": 0.0009597575796171585, "0.35": 0.00039934618670827294, "0.4": 0.00011144544745347152}, "6": {"0": 0.005257420766925437, "0.05": 0.043238624333679115,