{"fscore": {"0": {"0": 0.01047891797777074, "0.05": 0.010028235996295728, "0.1": 0.005257193198934998, "0.15": 0.0026226056329981934, "0.2": 0.0015848631830720705, "0.25": 0.001002789978972578, "0.3": 0.00044288931292663905, "0.35": 0.00029825394603134674, "0.4": 0.00024884062888813483}, "1": {"0": 0.010495380380360146, "0.05": 0.0146381615397228, "0.1": 0.013099301273465307, "0.15": 0.011246318296469352, "0.2": 0.009547313234142785, "0.25": 0.008424792386418682, "0.3": 0.0072362215695933, "0.35": 0.005907059004381127, "0.4": 0.005022170240952205}, "2": {"0": 0.01047891875845813, "0.05": 0.09570215840418558, "0.1": 0.15789509177423341, "0.15": 0.18631443993947522, "0.2": 0.19149680378398223, "0.25": 0.18143466213463902, "0.3": 0.16405341997395417, "0.35": 0.14339505285563486, "0.4": 0.12109478919116981}, "3": {"0": 0.01047891797777074, "0.05": 0.027507364220801297, "0.1": 0.023654883526443033, "0.15": 0.01705513087293026, "0.2": 0.01182126649168163, "0.25": 0.008014952719704857, "0.3": 0.005434735241992453, "0.35": 0.0034751490606626362, "0.4": 0.0022833762049498606}, "4": {"0": 0.010478946743296991, "0.05": 0.01515592384707477, "0.1": 0.015848710049097263, "0.15": 0.015832155618117204, "0.2": 0.01511552604867524, "0.25": 0.014904465479383391, "0.3": 0.014554678992555636, "0.35": 0.01432875205607846, "0.4": 0.013503794401684035}, "5": {"0": 0.010479093037237309, "0.05": 0.013429051860959797, "0.1": 0.012396463312784304, "0.15": 0.009647172974061775, "0.2": 0.007055489763327485, "0.25": 0.004333343911188876, "0.3": 0.0016113736570465113, "0.35": 0.0009146738740387284, "0.4": 0.0005846622964234762}, "6": {"0": 0.01033811934856871, "0.05": 0.0066363615823643255, "0.1": 0.005983156092157518, "0.15": 0.003986412957167069, "0.2": 0.0017091182805999137, "0.25": 0.0003198640826502439, "0.3": 3.38240362446006e-05, "0.35": 3.586469855859204e-05, "0.4": 3.786818535551528e-05}, "7": {"0": 0.010461701458638511, "0.05": 0.007213082237392685, "0.1": 0.007576437680695079, "0.15": 0.006258055091815028, "0.2": 0.004163418898163031, "0.25": 0.0007276247250056463, "0.3": 9.284781237138749e-05, "0.35": 5.050484224983716e-05, "0.4": 4.2863127864644185e-05}, "8": {"0": 0.01047891797777074, "0.05": 0.028606405615297894, "0.1": 0.027552670338757308, "0.15": 0.014549958877807584, "0.2": 0.004633610420988542, "0.25": 0.001082190022223713, "0.3": 0.00033955600633578246, "0.35": 0.00011764618143986996, "0.4": 0.0}, "9": {"0": 0.01047891797777074, "0.05": 0.0018034688020995848, "0.1": 0.0003194144722908994, "0.15": 0.00012493718547540043, "0.2": 6.016083702841299e-05, "0.25": 2.1693927029654972e-05, "0.3": 1.9960478253058943e-05, "0.35": 2.340194002082773e-05, "0.4": 0.0}, "10": {"0": 0.01047922854287556, "0.05": 0.002577485613684388, "0.1": 0.0013581934049601892, "0.15": 0.0011447057299431385, "0.2": 0.0009847381038755462, "0.25": 0.0007765375411060765, "0.3": 0.0006522085557563099, "0.35": 0.0004894674223206945, "0.4": 0.00030984905108145494}, "11": {"0": 0.010479605924562443, "0.05": 0.007002023255998654, "0.1": 0.0072783998781936225, "0.15": 0.006277235233224601, "0.2": 0.004926131328739893, "0.25": 0.0034096344261885614, "0.3": 0.0023914516322341363, "0.35": 0.0015706570557201649, "0.4": 0.0010833446167519915}, "12": {"0": 0.01047891797777074, "0.05": 0.0023541155490383607, "0.1": 0.0008574676569900447, "0.15": 0.0004073730435770524, "0.2": 0.00013726975037129318, "0.25": 1.0604004071937564e-05, "0.3": 0.0, "0.35": 0.0, "0.4": 0.0}, "13": {"0": 0.010485579352360197, "0.05": 0.010436054340675788, "0.1": 0.010070879788232538, "0.15": 0.009110487522630923, "0.2": 0.007202560259540353, "0.25": 0.006022506529681645, "0.3": 0.004786838644002737, "0.35": 0.0035970993940690494, "0.4": 0.0026631503851669083}, "14": {"0": 0.010479120355036162, "0.05": 0.026104089635781494, "0.1": 0.0190149028484666, "0.15": 0.012003356944797802, "0.2": 0.006364927941932243, "0.25": 0.0034787295924778683, "0.3": 0.0019668416153686683, "0.35": 0.001095982407964085, "0.4": 0.0005269609869708276}, "15": {"0": 0.010478918603909046, "0.05": 0.014241186902249792, "0.1": 0.009610321572951237, "0.15": 0.005367088001945684, "0.2": 0.002367802692460525, "0.25": 0.0011048875346685218, "0.3": 0.0003848726278339616, "0.35": 0.00015183456452900847, "0.4": 1.4411913848781658e-05}}, "recall": {"0": {"0": 1.0, "0.05": 0.06025349063776036, "0.1": 0.014970456801247894, "0.15": 0.004609896863824737, "0.2": 0.002039101372728571, "0.25": 0.0010210999191764645, "0.3": 0.00043353633489900517, "0.35": 0.00026952773858637087, "0.4": 0.00016683633073181768}, "1": {"0": 0.9999574651516635, "0.05": 0.09147954577695348, "0.1": 0.05817057914499636, "0.15": 0.03948174249694634, "0.2": 0.028114942013789734, "0.25": 0.020921096036860175, "0.3": 0.015700596651727926, "0.35": 0.011389681390631694, "0.4": 0.008740889456240877}, "2": {"0": 1.0, "0.05": 0.4827278078777007, "0.1": 0.3549810675073308, "0.15": 0.27850981125918767, "0.2": 0.22372519711179684, "0.25": 0.17970326274251025, "0.3": 0.14384447499647363, "0.35": 0.11554611660908898, "0.4": 0.09110555618372668}, "3": {"0": 1.0, "0.05": 0.19381183631745022, "0.1": 0.0738620193240826, "0.15": 0.03233308967320326, "0.2": 0.016522519056074172, "0.25": 0.008497243357257347, "0.3": 0.004793737153032518, "0.35": 0.0026912846057748864, "0.4": 0.0016178757911162235}, "4": {"0": 1.0, "0.05": 0.06651407444986868, "0.1": 0.034767637375248045, "0.15": 0.024665585569946892, "0.2": 0.01880101203917703, "0.25": 0.015925274639036188, "0.3": 0.013774042387582806, "0.35": 0.01242802742543034, "0.4": 0.010812499558165182}, "5": {"0": 1.0, "0.05": 0.05487679009569752, "0.1": 0.028913894794336512, "0.15": 0.016802225607575078, "0.2": 0.01013207535176075, "0.25": 0.005438170096637756, "0.3": 0.001925803771047238, "0.35": 0.0009867710623696559, "0.4": 0.0005902536882943252}, "6": {"0": 0.8306027939142077, "0.05": 0.017879045742051642, "0.1": 0.013857759635717084, "0.15": 0.008328540724322292, "0.2": 0.0032887509237724682, "0.25": 0.0006799992645860955, "0.3": 9.004423493734658e-05, "0.35": 9.004423493734658e-05, "0.4": 9.004423493734658e-05}, "7": {"0": 0.9969240413424173, "0.05": 0.019861354847955492, "0.1": 0.016970235372252878, "0.15": 0.012653014272069982, "0.2": 0.00768748573462104, "0.25": 0.0012447102907289982, "0.3": 0.0001832455469097223, "0.35": 0.00010182779225726364, "0.4": 9.004423493734658e-05}, "8": {"0": 1.0, "0.05": 0.1521759971480378, "0.1": 0.053558248265756316, "0.15": 0.015574293639122955, "0.2": 0.003280639509077989, "0.25": 0.0007051614820820137, "0.3": 0.00023008289740160636, "0.35": 6.30802293510132e-05, "0.4": 0.0}, "9": {"0": 1.0, "0.05": 0.011136733749054765, "0.1": 0.0008880720106341821, "0.15": 0.00024713816111992685, "0.2": 7.624360143871511e-05, "0.25": 2.302583741335014e-05, "0.3": 1.6966406515100102e-05, "0.35": 1.6966406515100102e-05, "0.4": 0.0}, "10": {"0": 0.9999292549158251, "0.05": 0.01482064623037449, "0.1": 0.0053305460931097155, "0.15": 0.0035449080786116396, "0.2": 0.002555283889979827, "0.25": 0.001687896103053424, "0.3": 0.0013077940683181171, "0.35": 0.0008811143543640481, "0.4": 0.0005627286072118045}, "11": {"0": 0.9998467670428008, "0.05": 0.03626171361572829, "0.1": 0.023885970983621968, "0.15": 0.015438784105691968, "0.2": 0.009676858361716958, "0.25": 0.005518497360393014, "0.3": 0.003181557279397776, "0.35": 0.0018058968958758552, "0.4": 0.0010841948954657236}, "12": {"0": 1.0, "0.05": 0.013464619891295718, "0.1": 0.0015860756396885417, "0.15": 0.000522597255066965, "0.2": 0.0001431576253428985, "0.25": 6.16960236912731e-06, "0.3": 0.0, "0.35": 0.0, "0.4": 0.0}, "13": {"0": 0.9999525730005933, "0.05": 0.08507900762040117, "0.1": 0.04601895149395336, "0.15": 0.02748519436970821, "0.2": 0.01538753099168943, "0.25": 0.010449293637117395, "0.3": 0.006695696039015132, "0.35": 0.004228490650005736, "0.4": 0.002771582773346615}, "14": {"0": 1.0, "0.05": 0.1022471409027118, "0.1": 0.04047031341226421, "0.15": 0.017880031155902983, "0.2": 0.007573054477997155,