{"fscore": {"0": {"0": 0.010449672021007939, "0.05": 0.11607430389306579, "0.1": 0.10717184505200841, "0.15": 0.08313042537267842, "0.2": 0.06319285581498363, "0.25": 0.04877975439422606, "0.3": 0.036661219528318356, "0.35": 0.027409217148377955, "0.4": 0.02045536197240473}, "1": {"0": 0.010441274224259384, "0.05": 0.0070798576851532095, "0.1": 0.004015435445493226, "0.15": 0.0024192508711068095, "0.2": 0.0016482530353302285, "0.25": 0.0009512492420727784, "0.3": 0.0007617535158820547, "0.35": 0.000566184900594602, "0.4": 0.0003515058775137256}, "2": {"0": 0.010441274736626196, "0.05": 0.0214036367789401, "0.1": 0.01702707959520797, "0.15": 0.013148889161180021, "0.2": 0.010280342186411467, "0.25": 0.008519319188388445, "0.3": 0.00682071843649975, "0.35": 0.004836327880568856, "0.4": 0.0032013766018415494}, "3": {"0": 0.010441275674978616, "0.05": 0.004555291335194594, "0.1": 0.0033990740364072936, "0.15": 0.0014027241405917509, "0.2": 0.0005471067751190861, "0.25": 0.0003485393930348884, "0.3": 0.000279917935470339, "0.35": 0.00023971116004499918, "0.4": 0.0002349013282931395}, "4": {"0": 0.010441274224259384, "0.05": 0.0016011808758414894, "0.1": 0.00029244834328711076, "0.15": 3.343363423604146e-05, "0.2": 0.0, "0.25": 0.0, "0.3": 0.0, "0.35": 0.0, "0.4": 0.0}, "5": {"0": 0.010441278443080113, "0.05": 0.1100590578935374, "0.1": 0.1638173522925371, "0.15": 0.1881793385942656, "0.2": 0.196220843953941, "0.25": 0.1947186285366245, "0.3": 0.1863526659593427, "0.35": 0.1744276356115545, "0.4": 0.15774939444303693}, "6": {"0": 0.010441274224259384, "0.05": 0.020527274295263066, "0.1": 0.014468530504974248, "0.15": 0.009654629498252005, "0.2": 0.0062558916359101826, "0.25": 0.003957310516717576, "0.3": 0.002835731540775839, "0.35": 0.0014202081702248878, "0.4": 0.0010339782960968604}, "7": {"0": 0.010441274224259384, "0.05": 0.02452126339370559, "0.1": 0.01591690270849109, "0.15": 0.008672655101396323, "0.2": 0.003881382760409883, "0.25": 0.001880615191302902, "0.3": 0.001056118830095012, "0.35": 0.0007060066311967178, "0.4": 0.0003905324314526923}, "8": {"0": 0.010441274224259384, "0.05": 0.012564825034451764, "0.1": 0.009959474078585719, "0.15": 0.007278923846842614, "0.2": 0.0045953382368456456, "0.25": 0.003177798181390664, "0.3": 0.001559889208760291, "0.35": 0.0007731908220815635, "0.4": 0.0005356665202180635}, "9": {"0": 0.010441864807021238, "0.05": 0.005445989193644006, "0.1": 0.0023562196730438126, "0.15": 0.0012260312321808397, "0.2": 0.0005296500442169786, "0.25": 0.00045289644137297533, "0.3": 0.0002736894340212521, "0.35": 0.00024330236263432676, "0.4": 0.00012108636314587502}, "10": {"0": 0.010441274224259384, "0.05": 0.008222200336131682, "0.1": 0.002842511638695623, "0.15": 0.0008438687491124508, "0.2": 0.0003444012047221055, "0.25": 0.00015166271762146342, "0.3": 9.593999389472766e-05, "0.35": 0.0, "0.4": 0.0}, "11": {"0": 0.010441274385333415, "0.05": 0.023912513735161536, "0.1": 0.01975507005197363, "0.15": 0.014277094722763744, "0.2": 0.010096099033529966, "0.25": 0.006837989384367662, "0.3": 0.005230838382098452, "0.35": 0.0038174769463969827, "0.4": 0.002844259217669313}}, "recall": {"0": {"0": 1.0, "0.05": 0.2929198742323142, "0.1": 0.14496166580486455, "0.15": 0.08557729454366209, "0.2": 0.05601877676083352, "0.25": 0.03902383856052198, "0.3": 0.026963016976603995, "0.35": 0.019097294029995927, "0.4": 0.013721626259746546}, "1": {"0": 1.0, "0.05": 0.031807109654149124, "0.1": 0.00869985356233545, "0.15": 0.0033955832592882226, "0.2": 0.0017385482759598593, "0.25": 0.0008289506886387852, "0.3": 0.0005752417615680825, "0.35": 0.00039585359890087463, "0.4": 0.00022891984683673136}, "2": {"0": 1.0, "0.05": 0.1139250206333609, "0.1": 0.050034458205580126, "0.15": 0.025829328340114484, "0.2": 0.014712768608921449, "0.25": 0.009190274192963536, "0.3": 0.005911094004360773, "0.35": 0.0034660388007673984, "0.4": 0.0020874924092913485}, "3": {"0": 1.0, "0.05": 0.013920897265813094, "0.1": 0.006826345707476677, "0.15": 0.0022484325951813403, "0.2": 0.000790433362515267, "0.25": 0.0004861687508607225, "0.3": 0.0003645396461378476, "0.35": 0.00031234602824713843, "0.4": 0.0002847187954750594}, "4": {"0": 1.0, "0.05": 0.004042335519500995, "0.1": 0.00025007543813963074, "0.15": 2.089602139752591e-05, "0.2": 0.0, "0.25": 0.0, "0.3": 0.0, "0.35": 0.0, "0.4": 0.0}, "5": {"0": 1.0, "0.05": 0.527719088713374, "0.1": 0.42971428665182176, "0.15": 0.342951142121932, "0.2": 0.27625165642306, "0.25": 0.2257789611117519, "0.3": 0.18863746828678626, "0.35": 0.15855684677314047, "0.4": 0.13115882780884647}, "6": {"0": 1.0, "0.05": 0.06303509019512911, "0.1": 0.02259142104130105, "0.15": 0.010915000065892848, "0.2": 0.006024232527299893, "0.25": 0.0033740562437028225, "0.3": 0.002272299442394478, "0.35": 0.001092544570487719, "0.4": 0.0007962439101440782}, "7": {"0": 1.0, "0.05": 0.07510354439019168, "0.1": 0.0312970395814672, "0.15": 0.013249690909431787, "0.2": 0.005072606198785196, "0.25": 0.0021806078623743566, "0.3": 0.0010898854505470839, "0.35": 0.0006422844485523122, "0.4": 0.0003265011810164229}, "8": {"0": 1.0, "0.05": 0.05165344694450685, "0.1": 0.017095661614577238, "0.15": 0.008571630067549778, "0.2": 0.004362980829008059, "0.25": 0.002663205204324881, "0.3": 0.0010643585231859699, "0.35": 0.00048427603773200834, "0.4": 0.00033407422702500916}, "9": {"0": 0.999994607478349, "0.05": 0.029568518834208697, "0.1": 0.005685572296799115, "0.15": 0.0017868983289217966, "0.2": 0.0005601369435093477, "0.25": 0.00040333209633984117, "0.3": 0.00022153090229108522, "0.35": 0.0001856557657039767, "0.4": 9.540405728971426e-05}, "10": {"0": 1.0, "0.05": 0.018553608479203208, "0.1": 0.002578139557948796, "0.15": 0.0006530064457436743, "0.2": 0.0002551432028963088, "0.25": 8.15648995482614e-05, "0.3": 5.2345588955418446e-05, "0.35": 0.0, "0.4": 0.0}, "11": {"0": 1.0, "0.05": 0.08542878481206244, "0.1": 0.0340606627217705, "0.15": 0.016612332000004372, "0.2": 0.009463629631609205, "0.25": 0.005572250245535297, "0.3": 0.0038399117223458534, "0.35": 0.0025851124088528106, "0.4": 0.0018389825804704834}}, "precision": {"0": {"0": 0.005261682301271511, "0.05": 0.07771698948511008, "0.1": 0.10040585537996578, "0.15": 0.10549582326165281, "0.2": 0.10478692949232749, "0.25": 0.10431605870525786, "0.3": 0.09992469575583816, "0.35": 0.09182293068058409, "0.4": 0.08232315995605854}, "1": {"0": 0.005257420766925437, "0.05": 0.004065842544539319, "0.1": 0.002744698390951135, "0.15": 0.002052469043495156, "0.2": 0.0017571134655544392, "0.25": 0.0013019452514051407, "0.3": 0.0013551384163219672, "0.35": 0.0013372420626792437, "0.4": 0.0010340545445861394}, "2": {"0": 0.005257421025782974, "0.05": 0.011928695386979462, "0.1": 0.01046210892646761, "0.15": 0.009087486627897663, "0.2": 0.008262930174738567, "0.25": 0.008502657223883747, "0.3": 0.009120012848825871, "0.35": 0.009922306191043503, "0.4": 0.009156785993803759}, "3": {"0": 0.005257421496422381, "0.05": 0.0027921686446237136, "0.1": 0.002360858847329203, "0.15": 0.0010982515497108324, "0.2": 0.00046414955195658034, "0.25": 0.00031371247087643686, "0.3": 0.00025905017359084925, "0.35": 0.0002259910687289057, "0.4": 0.00023290519406995948}, "4": {"0": 0.005257420766925437, "0.05": 0.0011845885099886619, "0.1": 0.00044329592828029315, "0.15": 8.358408559010364e-05, "0.2": 0.0, "0.25": 0.0, "0.3": 0.0, "0.35": 0.0, "0.4": 0.0}, "5": {"0": 0.0052574228915874665, "0.05": 0.06278932516025004, "0.1": 0.10590831911135033, "0.15": 0.1395173450922287, "0.2": 0.16904047874477987, "0.25": 0.1972767483070764, "0.3": 0.22064981305367107, "0.35": 0.244484360922212, "0.4": 0.26511769797228}, "6": {"0": 0.005257420766925437, "0.05": 0.013222876401545125, "0.1": 0.013119070461171807, "0.15": 0.01209120168490403, "0.2": 0.010575252458739358, "0.25": 0.008732148534025553, "0.3": 0.007634527074052741, "0.35": 0.004020174393736009, "0.4": 0.0027903817271921583}, "7": {"0": 0.005257420766925437, "0.05": 0.014922322309610684,