{"fscore": {"0": {"0": 0.010441274224259384, "0.05": 0.005230355304582983, "0.1": 0.000985564115678586, "0.15": 0.0001961007285143249, "0.2": 6.221875036683142e-05, "0.25": 0.0, "0.3": 0.0, "0.35": 0.0, "0.4": 0.0}, "1": {"0": 0.010441274224259384, "0.05": 0.01149616497817916, "0.1": 0.002888348452011185, "0.15": 0.0008668198433097308, "0.2": 0.00020613325528069762, "0.25": 0.00010479292136290735, "0.3": 0.0, "0.35": 0.0, "0.4": 0.0}, "2": {"0": 0.010441274224259384, "0.05": 0.0009441113058145188, "0.1": 0.00010773059920502246, "0.15": 0.0, "0.2": 0.0, "0.25": 0.0, "0.3": 0.0, "0.35": 0.0, "0.4": 0.0}, "3": {"0": 0.010441274224259384, "0.05": 0.02078257259232994, "0.1": 0.0075733503010402695, "0.15": 0.001670037348899003, "0.2": 0.0007736829840395439, "0.25": 0.00010536660486510036, "0.3": 0.0, "0.35": 0.0, "0.4": 0.0}, "4": {"0": 0.010441274224259384, "0.05": 0.11445068983398318, "0.1": 0.06027100362264217, "0.15": 0.026075217935379303, "0.2": 0.009186424675152419, "0.25": 0.004351989157588641, "0.3": 0.0022439447704380115, "0.35": 0.001426753521816483, "0.4": 0.0005916450077388176}, "5": {"0": 0.010441274224259384, "0.05": 0.006810156112573832, "0.1": 0.004492421851765307, "0.15": 0.0029108706274847468, "0.2": 0.0023011093307018548, "0.25": 0.0014188229185640659, "0.3": 0.0004056265639007401, "0.35": 0.00019960090348780348, "0.4": 4.342030420265124e-06}, "6": {"0": 0.010441274224259384, "0.05": 0.026196358591911773, "0.1": 0.023052707335676482, "0.15": 0.018450252421538405, "0.2": 0.01246416934012407, "0.25": 0.007370110899975634, "0.3": 0.0035793535287482743, "0.35": 0.0017241048113303319, "0.4": 0.0008059959938724923}, "7": {"0": 0.010441274224259384, "0.05": 0.1910794299450453, "0.1": 0.22382936489015898, "0.15": 0.2051596004429397, "0.2": 0.17307167000982904, "0.25": 0.14099862579611142, "0.3": 0.11093187332443863, "0.35": 0.08291345326847041, "0.4": 0.058351034882766925}, "8": {"0": 0.010441274224259384, "0.05": 0.005882567044749845, "0.1": 0.0015470680367011052, "0.15": 0.0005789091590998591, "0.2": 0.00031614861462460526, "0.25": 0.00023277853610958188, "0.3": 0.0, "0.35": 0.0, "0.4": 0.0}, "9": {"0": 0.010441274224259384, "0.05": 0.007942181140540471, "0.1": 0.007788869395130261, "0.15": 0.00694029513955432, "0.2": 0.005259964748906515, "0.25": 0.0016566946948418878, "0.3": 1.921282054341354e-05, "0.35": 1.946222911152316e-05, "0.4": 1.946222911152316e-05}, "10": {"0": 0.010441274224259384, "0.05": 0.0010283198815494907, "0.1": 0.0003934797314937736, "0.15": 0.0, "0.2": 0.0, "0.25": 0.0, "0.3": 0.0, "0.35": 0.0, "0.4": 0.0}, "11": {"0": 0.010441302258647955, "0.05": 0.007947131215329042, "0.1": 0.007832030916417316, "0.15": 0.007020610944394353, "0.2": 0.005334612807492271, "0.25": 0.002190316864587776, "0.3": 3.351658924447985e-05, "0.35": 3.954328103207408e-05, "0.4": 3.954328103207408e-05}}, "recall": {"0": {"0": 1.0, "0.05": 0.03239225193054553, "0.1": 0.004464048064254952, "0.15": 0.000574059995284419, "0.2": 0.00012863073755140132, "0.25": 0.0, "0.3": 0.0, "0.35": 0.0, "0.4": 0.0}, "1": {"0": 1.0, "0.05": 0.032269017424821494, "0.1": 0.002535384870911413, "0.15": 0.0005728616493381638, "0.2": 0.00011564875167754631, "0.25": 5.684687565931534e-05, "0.3": 0.0, "0.35": 0.0, "0.4": 0.0}, "2": {"0": 1.0, "0.05": 0.0011539316988703776, "0.1": 6.268806419257773e-05, "0.15": 0.0, "0.2": 0.0, "0.25": 0.0, "0.3": 0.0, "0.35": 0.0, "0.4": 0.0}, "3": {"0": 1.0, "0.05": 0.044979696976114446, "0.1": 0.007542785057003418, "0.15": 0.0011807149229711034, "0.2": 0.00046715543455764114, "0.25": 6.129499609940935e-05, "0.3": 0.0, "0.35": 0.0, "0.4": 0.0}, "4": {"0": 1.0, "0.05": 0.1912619174996019, "0.1": 0.06614570998107601, "0.15": 0.023304747719091426, "0.2": 0.00709045098535322, "0.25": 0.0029640094732982254, "0.3": 0.0014331198553675522, "0.35": 0.0008823988955458923, "0.4": 0.00035259077062880573}, "5": {"0": 1.0, "0.05": 0.027554440064550215, "0.1": 0.009658710373855357, "0.15": 0.0036324043848203528, "0.2": 0.0020514149366185875, "0.25": 0.0009699287121717934, "0.3": 0.00025141498337628897, "0.35": 0.00011355878708992965, "0.4": 2.274396886805541e-06}, "6": {"0": 1.0, "0.05": 0.15512560999398672, "0.1": 0.08004268435361664, "0.15": 0.03941223782660316, "0.2": 0.0171814248632205, "0.25": 0.007490349296792681, "0.3": 0.003007036407235736, "0.35": 0.0012051228685565922, "0.4": 0.0004918085396145358}, "7": {"0": 1.0, "0.05": 0.5032534151165949, "0.1": 0.36952769507320987, "0.15": 0.2688237598640881, "0.2": 0.19450659387328187, "0.25": 0.14222630804755326, "0.3": 0.10287361085974665, "0.35": 0.07133409766133633, "0.4": 0.047550305941274414}, "8": {"0": 1.0, "0.05": 0.029548919176956772, "0.1": 0.0028197070705941007, "0.15": 0.0006815204704926501, "0.2": 0.00035552322412904156, "0.25": 0.0002663668661662644, "0.3": 0.0, "0.35": 0.0, "0.4": 0.0}, "9": {"0": 1.0, "0.05": 0.016461162899152622, "0.1": 0.015635706187511263, "0.15": 0.013586571532550763, "0.2": 0.00972242264197625, "0.25": 0.002806945113407061, "0.3": 2.6401993403495464e-05, "0.35": 2.6401993403495464e-05, "0.4": 2.6401993403495464e-05}, "10": {"0": 1.0, "0.05": 0.001011113902479116, "0.1": 0.00032594778081237454, "0.15": 0.0, "0.2": 0.0, "0.25": 0.0, "0.3": 0.0, "0.35": 0.0, "0.4": 0.0}, "11": {"0": 0.9999756369703098, "0.05": 0.016198741263785253, "0.1": 0.015743759688174482, "0.15": 0.013790298162436975, "0.2": 0.00993865692703496, "0.25": 0.0038139616291352225, "0.3": 8.871961229032443e-05, "0.35": 8.871961229032443e-05, "0.4": 8.871961229032443e-05}}, "precision": {"0": {"0": 0.005257420766925437, "0.05": 0.0028835953407147477, "0.1": 0.0005774304016282544, "0.15": 0.00012623579644308486, "0.2": 4.414097509879806e-05, "0.25": 0.0, "0.3": 0.0, "0.35": 0.0, "0.4": 0.0}, "1": {"0": 0.005257420766925437, "0.05": 0.009179041997626572, "0.1": 0.006759632490597313, "0.15": 0.0036442661317285198, "0.2": 0.00144879081689513, "0.25": 0.001170177198261451, "0.3": 0.0, "0.35": 0.0, "0.4": 0.0}, "2": {"0": 0.005257420766925437, "0.05": 0.0012896216730736195, "0.1": 0.00041792042795051824, "0.15": 0.0, "0.2": 0.0, "0.25": 0.0, "0.3": 0.0, "0.35": 0.0, "0.4": 0.0}, "3": {"0": 0.005257420766925437, "0.05": 0.023557823973676128, "0.1": 0.0175698512757678, "0.15": 0.00467513652067313, "0.2": 0.0027304134626100524, "0.25": 0.0004457817898138861, "0.3": 0.0, "0.35": 0.0, "0.4": 0.0}, "4": {"0": 0.005257420766925437, "0.05": 0.1206681532764726, "0.1": 0.11456213924645789, "0.15": 0.06366547186080594, "0.2": 0.029339633953475486, "0.25": 0.015770969808081143, "0.3": 0.009070312279941165, "0.35": 0.006489952151938111, "0.4": 0.0032629634936555693}, "5": {"0": 0.005257420766925437, "0.05": 0.003943983019574016, "0.1": 0.0030521536756051414, "0.15": 0.0026996535208872754, "0.2": 0.0031799436843334247, "0.25": 0.0033911914904089374, "0.3": 0.0012446068363821624, "0.35": 0.0009593957437488029, "0.4": 4.7762334622916366e-05}, "6": {"0": 0.005257420766925437, "0.05": 0.014437355100241292, "0.1": 0.013738353828056393, "0.15": 0.01252251247642083, "0.2": 0.010490995127354217, "0.25": 0.008114057599620335, "0.3": 0.005337026719805355, "0.35": 0.0036691059703727632, "0.4": 0.0028531361279606014}, "7": {"0": 0.005257420766925437, "0.05": 0.12857104204541533, "0.1": 0.1915587412003861, "0.15": 0.23090481263131551, "0.2": 0.25965620747366897, "0.25": 0.2738483747785436, "0.3": 0.2565340466005704, "0.35": 0.2134664037622914, "0.4": 0.16062803610446516}, "8": {"0": 0.005257420766925437, "0.05": 0.003652383699209133, "0.1": 0.0016118361202523605, "0.15": 0.0011275160441550165, "0.2": 0.0004131441944882265, "0.25": 0.00028975816337902595, "0.3": 0.0, "0.35": 0.0, "0.4": 0.0}, "9": {"0": 0.005257420766925437, "0.05": 0.0053085129224551405, "0.1": 0.0052611145601834325, "0.15": 0.004734863683483624, "0.2": 0.003673403560125311, "0.25": 0.0012001691482251932, "0.3": 1.5108625149273409e-05, "0.35": 1.5438562329234345e-05, "0.4": 1.5438562329234345e-05}, "10": {"0": 0.005257420766925437, "0.05": 0.0019429011080435944,