{"fscore": {"0": {"0": 0.010441274224259384, "0.05": 0.01243713965717278, "0.1": 0.0051626837979086865, "0.15": 0.0019448209119451597, "0.2": 0.001171820214197014, "0.25": 0.0008525012829107532, "0.3": 0.0004931503110564543, "0.35": 0.00025535313997146583, "0.4": 0.0002500313562121923}, "1": {"0": 0.010441274224259384, "0.05": 0.007709788063390053, "0.1": 0.006451232122998746, "0.15": 0.003563537664892851, "0.2": 0.0015065798978790665, "0.25": 0.00010293152113867104, "0.3": 3.1298562131781516e-05, "0.35": 3.1739483684026996e-05, "0.4": 3.3666059864099415e-05}, "2": {"0": 0.010441274224259384, "0.05": 0.07040979351838762, "0.1": 0.06460584940043143, "0.15": 0.0584894468234239, "0.2": 0.051842049354841296, "0.25": 0.0449881921073793, "0.3": 0.039121669012764586, "0.35": 0.03456175886604519, "0.4": 0.030253765010819264}, "3": {"0": 0.010441274224259384, "0.05": 0.037611040131791805, "0.1": 0.037599351208375126, "0.15": 0.027241571457856825, "0.2": 0.014534508197170993, "0.25": 0.005810566959733936, "0.3": 0.0015145545042817878, "0.35": 0.0005592118433753178, "0.4": 0.0001355103489615256}, "4": {"0": 0.010441274224259384, "0.05": 0.12813350924162178, "0.1": 0.1640498615396079, "0.15": 0.18190818675353024, "0.2": 0.19004002361727104, "0.25": 0.19124129621347166, "0.3": 0.1882209628417389, "0.35": 0.18747769460614194, "0.4": 0.18662334581025194}, "5": {"0": 0.010441274224259384, "0.05": 0.001320643465027812, "0.1": 0.0005127482997704421, "0.15": 0.0001839283643666404, "0.2": 2.5333329612170287e-05, "0.25": 0.0, "0.3": 0.0, "0.35": 0.0, "0.4": 0.0}, "6": {"0": 0.010441274224259384, "0.05": 0.1178253170043437, "0.1": 0.15517591694918992, "0.15": 0.1725835226616967, "0.2": 0.16783685187598232, "0.25": 0.14418539004610154, "0.3": 0.11052207017601533, "0.35": 0.07681399580669343, "0.4": 0.048053782384773036}, "7": {"0": 0.010441274224259384, "0.05": 0.004666666285919193, "0.1": 0.0008630840181787484, "0.15": 0.00044157700195147454, "0.2": 0.0004390424658871274, "0.25": 0.0004951551712036669, "0.3": 0.0003331483170701975, "0.35": 0.000301050525845705, "0.4": 0.0001785903066219845}, "8": {"0": 0.010441274224259384, "0.05": 0.014581017919698687, "0.1": 0.006069462377345614, "0.15": 0.0020158608796792704, "0.2": 0.0006802249271763076, "0.25": 0.00035225119224256224, "0.3": 0.00031211835044385325, "0.35": 9.118263882556761e-05, "0.4": 0.0}, "9": {"0": 0.010441274224259384, "0.05": 0.00823916468885457, "0.1": 0.006337125186152611, "0.15": 0.003592831851770225, "0.2": 0.0017406700638843782, "0.25": 0.00010693240514845786, "0.3": 0.0, "0.35": 0.0, "0.4": 0.0}, "10": {"0": 0.010441274224259384, "0.05": 0.00014344572363282949, "0.1": 4.457817898138861e-05, "0.15": 0.0, "0.2": 0.0, "0.25": 0.0, "0.3": 0.0, "0.35": 0.0, "0.4": 0.0}, "11": {"0": 0.010441274224259384, "0.05": 0.010140099709835383, "0.1": 0.005386250150757656, "0.15": 0.003425633331055171, "0.2": 0.002605030354355913, "0.25": 0.0007990842006095141, "0.3": 0.0002717189538720434, "0.35": 0.0001595561664909499, "0.4": 8.651167505304286e-05}}, "recall": {"0": {"0": 1.0, "0.05": 0.0354152835258597, "0.1": 0.009846198706562002, "0.15": 0.003081823446542663, "0.2": 0.0015753347468455937, "0.25": 0.0010150458266501735, "0.3": 0.0005235391047397917, "0.35": 0.00023785548134905394, "0.4": 0.00019211176228864333}, "1": {"0": 1.0, "0.05": 0.016043675635091566, "0.1": 0.011986297086680676, "0.15": 0.005985743678513848, "0.2": 0.002373421708367376, "0.25": 0.00016253514287165426, "0.3": 5.528597805428297e-05, "0.35": 5.528597805428297e-05, "0.4": 5.528597805428297e-05}, "2": {"0": 1.0, "0.05": 0.11835081064073201, "0.1": 0.07373166609848729, "0.15": 0.054364902640854494, "0.2": 0.042450381508206805, "0.25": 0.0338570960075774, "0.3": 0.028004626816621324, "0.35": 0.023612486433513772, "0.4": 0.01980586201287958}, "3": {"0": 1.0, "0.05": 0.19088746981843138, "0.1": 0.08126324799301025, "0.15": 0.033011605687713885, "0.2": 0.01243541545618389, "0.25": 0.003968864262124084, "0.3": 0.0008844029057357487, "0.35": 0.00030833746331980516, "0.4": 7.156483834263462e-05}, "4": {"0": 1.0, "0.05": 0.39762273079207083, "0.1": 0.34234390443369345, "0.15": 0.30205393666894365, "0.2": 0.26811405088042384, "0.25": 0.24081177143641594, "0.3": 0.2162589543698834, "0.35": 0.19916435873243324, "0.4": 0.1859148790099703}, "5": {"0": 1.0, "0.05": 0.006104614026203321, "0.1": 0.0010846902533006495, "0.15": 0.00022597755609606997, "0.2": 2.0692476106770627e-05, "0.25": 0.0, "0.3": 0.0, "0.35": 0.0, "0.4": 0.0}, "6": {"0": 1.0, "0.05": 0.5162772731162715, "0.1": 0.3895271227602059, "0.15": 0.2945069856303123, "0.2": 0.2135962097638577, "0.25": 0.14541195659834713, "0.3": 0.09277937049279465, "0.35": 0.05690095647493749, "0.4": 0.032558474822990985}, "7": {"0": 1.0, "0.05": 0.017544186903405548, "0.1": 0.002202765473348901, "0.15": 0.0008722181084338945, "0.2": 0.0006838151419235588, "0.25": 0.0006269867568091157, "0.3": 0.0003180778163662748, "0.35": 0.00023213246400186885, "0.4": 0.0001243489466592123}, "8": {"0": 1.0, "0.05": 0.032359326532286625, "0.1": 0.006085842832308065, "0.15": 0.0014408312318012085, "0.2": 0.0004398677829898521, "0.25": 0.0002342656665920575, "0.3": 0.00019977064714217347, "0.35": 6.268806419257773e-05, "0.4": 0.0}, "9": {"0": 1.0, "0.05": 0.016220654244291963, "0.1": 0.010661319477261644, "0.15": 0.0054458359224166825, "0.2": 0.0023921409738935223, "0.25": 0.00013958116397246883, "0.3": 0.0, "0.35": 0.0, "0.4": 0.0}, "10": {"0": 1.0, "0.05": 0.00025399422892327417, "0.1": 3.039421294185587e-05, "0.15": 0.0, "0.2": 0.0, "0.25": 0.0, "0.3": 0.0, "0.35": 0.0, "0.4": 0.0}, "11": {"0": 1.0, "0.05": 0.013108077861342564, "0.1": 0.00504081742763545, "0.15": 0.002637799321073924, "0.2": 0.001768650916240431, "0.25": 0.0004958102904749737, "0.3": 0.00015905710863119423, "0.35": 9.201300545266531e-05, "0.4": 4.775973119970454e-05}}, "precision": {"0": {"0": 0.005257420766925437, "0.05": 0.007680020243083225, "0.1": 0.0036034784693756965, "0.15": 0.001512514429118373, "0.2": 0.0010044910800098893, "0.25": 0.0008308827240221853, "0.3": 0.0005314180961238399, "0.35": 0.0003092344453945504, "0.4": 0.00036975449236167565}, "1": {"0": 0.005257420766925437, "0.05": 0.005148915936876753, "0.1": 0.0044883618127037695, "0.15": 0.0025952798453135603, "0.2": 0.0011431492957068906, "0.25": 7.890307150587856e-05, "0.3": 2.2149334453874505e-05, "0.35": 2.270086435626534e-05, "0.4": 2.4677206221840126e-05}, "2": {"0": 0.005257420766925437, "0.05": 0.0534188481613864, "0.1": 0.06481545882479853, "0.15": 0.07572672739729401, "0.2": 0.08413947060294417, "0.25": 0.08919906089898119, "0.3": 0.09110746491531185, "0.35": 0.09363802649721484, "0.4": 0.09474389499229112}, "3": {"0": 0.005257420766925437, "0.05": 0.02106841054706164, "0.1": 0.025112032394894228, "0.15": 0.024409523098164368, "0.2": 0.019762294936649306, "0.25": 0.014566589708684465, "0.3": 0.006688516748935362, "0.35": 0.003983337885043001, "0.4": 0.0017930776456353188}, "4": {"0": 0.005257420766925437, "0.05": 0.07858471996427441, "0.1": 0.11306550829895613, "0.15": 0.13866094962475062, "0.2": 0.1591336154299777, "0.25": 0.17420001530263376, "0.3": 0.18551513558735025, "0.35": 0.1998073227353358, "0.4": 0.21399189550077433}, "5": {"0": 0.005257420766925437, "0.05": 0.0007544934185472549, "0.1": 0.00035795914871840736, "0.15": 0.0001711286883809536, "0.2": 3.7003617745844425e-05, "0.25": 0.0, "0.3": 0.0, "0.35": 0.0, "0.4": 0.0}, "6": {"0": 0.005257420766925437, "0.05": 0.06784901530216494, "0.1": 0.10171146832883025, "0.15": 0.135148029356941, "0.2": 0.16528790544677208, "0.25": 0.1902556097045426, "0.3": 0.20606690383887782, "0.35": 0.20623285944495004, "0.4": 0.18628599375398547}, "7": {"0": 0.005257420766925437, "0.05": 0.002725691476681701, "0.1": 0.0005545290987087061, "0.15": 0.00031279957167555455, "0.2": 0.00035227750056364735, "0.25": 0.0004618190461603692, "0.3": 0.00040441563762875116, "0.35": 0.0005273279179600451, "0.4": 0.0004032960228947572},