{"fscore": {"0": {"0": 0.010441274224259384, "0.05": 0.0008143242904092107, "0.1": 0.0002132508169601189, "0.15": 3.3122548169942346e-05, "0.2": 4.611535756695374e-06, "0.25": 0.0, "0.3": 0.0, "0.35": 0.0, "0.4": 0.0}, "1": {"0": 0.010441274224259384, "0.05": 0.018965135839414154, "0.1": 0.008391987480573269, "0.15": 0.003669498729219009, "0.2": 0.001179058232577423, "0.25": 9.287120621122627e-06, "0.3": 9.980189324191479e-06, "0.35": 0.0, "0.4": 0.0}, "2": {"0": 0.010441274224259384, "0.05": 0.022166668615330447, "0.1": 0.021714622642742386, "0.15": 0.020085202724138565, "0.2": 0.016999467266591756, "0.25": 0.013636914244090836, "0.3": 0.01017038479181775, "0.35": 0.006796504370983996, "0.4": 0.004217172644939224}, "3": {"0": 0.010441274224259384, "0.05": 0.003837153715967452, "0.1": 0.000821314216682905, "0.15": 0.00023840264267422975, "0.2": 5.632840550637419e-05, "0.25": 0.0, "0.3": 0.0, "0.35": 0.0, "0.4": 0.0}, "4": {"0": 0.010441274224259384, "0.05": 0.002185357552759034, "0.1": 0.0005988479412197148, "0.15": 0.0002898882815202556, "0.2": 0.00015724566777619196, "0.25": 0.00010239684857471825, "0.3": 9.046545331609573e-05, "0.35": 3.7556707566737654e-05, "0.4": 2.8772829934936945e-05}, "5": {"0": 0.010441274224259384, "0.05": 0.00530365152122613, "0.1": 0.0006966736976118794, "0.15": 5.143484794912279e-05, "0.2": 0.0, "0.25": 0.0, "0.3": 0.0, "0.35": 0.0, "0.4": 0.0}, "6": {"0": 0.010441274224259384, "0.05": 0.030007536417276437, "0.1": 0.007412456214540349, "0.15": 0.0024206119874046112, "0.2": 0.0008795405936643996, "0.25": 0.0003100202298629135, "0.3": 0.00016844292041534776, "0.35": 0.0001110230342279701, "0.4": 4.149791219980115e-05}, "7": {"0": 0.010441274224259384, "0.05": 0.005746996729021348, "0.1": 0.0013372490866024635, "0.15": 0.00038670331463054196, "0.2": 0.00011081817378424663, "0.25": 8.572726727190118e-06, "0.3": 0.0, "0.35": 0.0, "0.4": 0.0}, "8": {"0": 0.010441274224259384, "0.05": 0.003244051603257361, "0.1": 0.00046532226679670463, "0.15": 0.00010764021689487219, "0.2": 3.46246611405991e-05, "0.25": 0.0, "0.3": 0.0, "0.35": 0.0, "0.4": 0.0}, "9": {"0": 0.010441274224259384, "0.05": 0.031909002009432044, "0.1": 0.015701265399115986, "0.15": 0.005217177261568688, "0.2": 0.0012526216999134087, "0.25": 0.00015087128907166614, "0.3": 0.0, "0.35": 0.0, "0.4": 0.0}, "10": {"0": 0.010441274224259384, "0.05": 0.0644682283081662, "0.1": 0.03102190957798897, "0.15": 0.014123264706930481, "0.2": 0.006454028808412687, "0.25": 0.002857060501997939, "0.3": 0.000918827970240997, "0.35": 0.0004181275833742224, "0.4": 0.0001799173374620941}, "11": {"0": 0.010441274224259384, "0.05": 0.05238932056859283, "0.1": 0.0453269410567294, "0.15": 0.03259130748696149, "0.2": 0.020963131930027405, "0.25": 0.012901389477488145, "0.3": 0.00789740928140584, "0.35": 0.004345513351557019, "0.4": 0.002677929766024897}}, "recall": {"0": {"0": 1.0, "0.05": 0.0011743729487685923, "0.1": 0.00021371920797609107, "0.15": 2.6056941744673766e-05, "0.2": 3.2459839064117916e-06, "0.25": 0.0, "0.3": 0.0, "0.35": 0.0, "0.4": 0.0}, "1": {"0": 1.0, "0.05": 0.04729479953577738, "0.1": 0.012841501820370558, "0.15": 0.004181245907775044, "0.2": 0.0011456641755763707, "0.25": 9.036117361092286e-06, "0.3": 9.036117361092286e-06, "0.35": 0.0, "0.4": 0.0}, "2": {"0": 1.0, "0.05": 0.059318695900710705, "0.1": 0.033768111913909486, "0.15": 0.022922594653581957, "0.2": 0.015916914909074095, "0.25": 0.011283683045089291, "0.3": 0.007505017387044154, "0.35": 0.00462432197802736, "0.4": 0.002660520400668105}, "3": {"0": 1.0, "0.05": 0.0032002466328526795, "0.1": 0.0005210564054938236, "0.15": 0.0001566852055860885, "0.2": 4.474703571995448e-05, "0.25": 0.0, "0.3": 0.0, "0.35": 0.0, "0.4": 0.0}, "4": {"0": 1.0, "0.05": 0.0028536821712055985, "0.1": 0.00044168706415839373, "0.15": 0.00017958743898233132, "0.2": 9.08465985807823e-05, "0.25": 5.66541001066671e-05, "0.3": 5.009848555058054e-05, "0.35": 1.9837950860089305e-05, "0.4": 1.4847856197993565e-05}, "5": {"0": 1.0, "0.05": 0.009525139105541463, "0.1": 0.0007616580883782637, "0.15": 4.881509294160387e-05, "0.2": 0.0, "0.25": 0.0, "0.3": 0.0, "0.35": 0.0, "0.4": 0.0}, "6": {"0": 1.0, "0.05": 0.022113738496333846, "0.1": 0.004297926180467195, "0.15": 0.0013364610180123565, "0.2": 0.0004678622667980454, "0.25": 0.0001606827584790825, "0.3": 8.766260877083885e-05, "0.35": 5.816905926528182e-05, "0.4": 2.120434730765724e-05}, "7": {"0": 1.0, "0.05": 0.009291125964180382, "0.1": 0.0013379182860464261, "0.15": 0.0002893477820607718, "0.2": 6.82235956392406e-05, "0.25": 4.91671091706492e-06, "0.3": 0.0, "0.35": 0.0, "0.4": 0.0}, "8": {"0": 1.0, "0.05": 0.004604234335534944, "0.1": 0.00042734947743011795, "0.15": 8.528870470600473e-05, "0.2": 2.275848664118333e-05, "0.25": 0.0, "0.3": 0.0, "0.35": 0.0, "0.4": 0.0}, "9": {"0": 1.0, "0.05": 0.09598665995815905, "0.1": 0.02920384551789489, "0.15": 0.007453241094197495, "0.2": 0.0016208225805230687, "0.25": 0.00016841908946795036, "0.3": 0.0, "0.35": 0.0, "0.4": 0.0}, "10": {"0": 1.0, "0.05": 0.09075977544299474, "0.1": 0.025792567464139236, "0.15": 0.009645973211929325, "0.2": 0.003978140597479536, "0.25": 0.0016864831598081328, "0.3": 0.0005274557166948309, "0.35": 0.00023276139184673798, "0.4": 9.540521240845863e-05}, "11": {"0": 1.0, "0.05": 0.14681862615926614, "0.1": 0.06719756188295797, "0.15": 0.03395017118435164, "0.2": 0.01755289113658616, "0.25": 0.009301243975708084, "0.3": 0.00516166894018941, "0.35": 0.002653735324185712, "0.4": 0.0016025788048076293}}, "precision": {"0": {"0": 0.005257420766925437, "0.05": 0.0006373660724530204, "0.1": 0.00022175307859993886, "0.15": 4.6238035875312005e-05, "0.2": 7.960389103819394e-06, "0.25": 0.0, "0.3": 0.0, "0.35": 0.0, "0.4": 0.0}, "1": {"0": 0.005257420766925437, "0.05": 0.012364622521801255, "0.1": 0.006690631550434423, "0.15": 0.0036215588675534735, "0.2": 0.0013437058827385432, "0.25": 9.552466924583273e-06, "0.3": 1.1144544745347152e-05, "0.35": 0.0, "0.4": 0.0}, "2": {"0": 0.005257420766925437, "0.05": 0.014005290545128227, "0.1": 0.016891271517999382, "0.15": 0.019468451485671764, "0.2": 0.02056880530975943, "0.25": 0.02006651168750039, "0.3": 0.01834417148916274, "0.35": 0.014976756608382338, "0.4": 0.012367161685030334}, "3": {"0": 0.005257420766925437, "0.05": 0.005489413720725568, "0.1": 0.0026587876112606364, "0.15": 0.0009658150831671393, "0.2": 0.00021493050580312365, "0.25": 0.0, "0.3": 0.0, "0.35": 0.0, "0.4": 0.0}, "4": {"0": 0.005257420766925437, "0.05": 0.0018708848629571963, "0.1": 0.001035221949590002, "0.15": 0.0011386589224643027, "0.2": 0.0006581710944800212, "0.25": 0.0006083064006835321, "0.3": 0.0005293658754039897, "0.35": 0.0004457817898138861, "0.4": 0.0005015045135406219}, "5": {"0": 0.005257420766925437, "0.05": 0.0037437860583548, "0.1": 0.0006711813803417195, "0.15": 5.758620260578657e-05, "0.2": 0.0, "0.25": 0.0, "0.3": 0.0, "0.35": 0.0, "0.4": 0.0}, "6": {"0": 0.005257420766925437, "0.05": 0.07166054124532327, "0.1": 0.04283296332854976, "0.15": 0.02243689510653446, "0.2": 0.012667897873514722, "0.25": 0.006784639633185269, "0.3": 0.004039897470188342, "0.35": 0.002591106653293213, "0.4": 0.001170177198261451}, "7": {"0": 0.005257420766925437, "0.05": 0.0043511223119309245, "0.1": 0.0015099089911700986, "0.15": 0.0006713322353332712, "0.2": 0.0003280657414110404, "0.25": 3.343363423604146e-05, "0.3": 0.0, "0.35": 0.0, "0.4": 0.0}, "8": {"0": 0.005257420766925437, "0.05": 0.002589530569221713, "0.1": 0.0005755586850306094, "0.15": 0.00016402121502567257, "0.2": 8.60054113268772e-05, "0.25": 0.0, "0.3": 0.0, "0.35": 0.0, "0.4": 0.0}, "9": {"0": 0.005257420766925437, "0.05": 0.019841480670323795, "0.1": 0.011366964970056744, "0.15": 0.004372063847565685, "0.2": 0.0011777468344950132, "0.25": 0.00013780169412507603, "0.3": 0.0, "0.35": 0.0, "0.4": 0.0}, "10": {"0": 0.005257420766925437, "0.05": 0.05583641655815099, "0.1": 0.05067812653609648, "0.15": 0.038871294640404584, "0.2": 0.026092864084884145,