{"fscore": {"0": {"0": 0.010441274224259384, "0.05": 0.0399653043979649, "0.1": 0.023815736111521872, "0.15": 0.012059890760252233, "0.2": 0.005491434611809844, "0.25": 0.002809686146135765, "0.3": 0.001298570095761116, "0.35": 0.0008926512403045066, "0.4": 0.00027478436795581933}, "1": {"0": 0.010441274224259384, "0.05": 0.010661450448111641, "0.1": 0.002720978705276525, "0.15": 0.0006341115870592272, "0.2": 0.00023539875878858795, "0.25": 0.0001122548592544788, "0.3": 5.1436360363140695e-05, "0.35": 0.0, "0.4": 0.0}, "2": {"0": 0.010441274224259384, "0.05": 0.15960202582674446, "0.1": 0.21954145077775444, "0.15": 0.2525858181090763, "0.2": 0.2649461486638184, "0.25": 0.26197851261649935, "0.3": 0.24735423133208934, "0.35": 0.2336318150387877, "0.4": 0.21467907270176775}, "3": {"0": 0.010441274224259384, "0.05": 0.006010802727915017, "0.1": 0.002894508137809221, "0.15": 0.0005376677742809732, "0.2": 6.6840379859172e-05, "0.25": 0.0, "0.3": 0.0, "0.35": 0.0, "0.4": 0.0}, "4": {"0": 0.010441274224259384, "0.05": 0.008999310202731703, "0.1": 0.004455291362934658, "0.15": 0.001167642705227917, "0.2": 0.00019644694718032562, "0.25": 7.038659839166622e-06, "0.3": 0.0, "0.35": 0.0, "0.4": 0.0}, "5": {"0": 0.010441274224259384, "0.05": 0.009613429428220532, "0.1": 0.004866834611760526, "0.15": 0.002682331757970799, "0.2": 0.0016278860464811167, "0.25": 0.0010964760775198986, "0.3": 0.000546841502592404, "0.35": 0.00040402810816994546, "0.4": 0.00022384362472295446}, "6": {"0": 0.010441274224259384, "0.05": 0.032733907079352656, "0.1": 0.030315034003923238, "0.15": 0.025219986813876542, "0.2": 0.019080180844935807, "0.25": 0.013845153093386759, "0.3": 0.008906423307496032, "0.35": 0.0055634589758671036, "0.4": 0.0036455892948804914}, "7": {"0": 0.010441274224259384, "0.05": 0.002989229723427898, "0.1": 0.001469523430408458, "0.15": 0.0009164629297431749, "0.2": 0.00023477602651305783, "0.25": 0.0, "0.3": 0.0, "0.35": 0.0, "0.4": 0.0}, "8": {"0": 0.010441274224259384, "0.05": 0.08487954438041105, "0.1": 0.07117778785378145, "0.15": 0.04651656230724424, "0.2": 0.027293337583499968, "0.25": 0.016017018844142705, "0.3": 0.008495550863657574, "0.35": 0.004585989447458546, "0.4": 0.0025669418092298126}, "9": {"0": 0.010441274224259384, "0.05": 0.09645985450865259, "0.1": 0.09620967406819274, "0.15": 0.07153683596057761, "0.2": 0.0481511495011418, "0.25": 0.03189155028528637, "0.3": 0.0204847152951925, "0.35": 0.013484626379438378, "0.4": 0.008093367368051925}, "10": {"0": 0.010441274224259384, "0.05": 0.01816235303445539, "0.1": 0.02046104756815998, "0.15": 0.021795174708401498, "0.2": 0.019659586933354227, "0.25": 0.016200711846669432, "0.3": 0.012798052939092974, "0.35": 0.009047527643110415, "0.4": 0.005778028759943395}, "11": {"0": 0.010441274224259384, "0.05": 0.028054441630148513, "0.1": 0.006829704971222913, "0.15": 0.0007640474106263719, "0.2": 0.0002401657977583953, "0.25": 3.22588531660191e-05, "0.3": 6.491967812823585e-06, "0.35": 0.0, "0.4": 0.0}}, "recall": {"0": {"0": 1.0, "0.05": 0.10167395042891697, "0.1": 0.029648486059815675, "0.15": 0.010741910303583655, "0.2": 0.004143193223664108, "0.25": 0.001922305070153263, "0.3": 0.0008179927834564403, "0.35": 0.0005415507476049365, "0.4": 0.0001561996112851037}, "1": {"0": 1.0, "0.05": 0.01969263409118028, "0.1": 0.0025674660326633213, "0.15": 0.0005115535586816907, "0.2": 0.00015705467908852256, "0.25": 7.041734522564107e-05, "0.3": 3.343363423604146e-05, "0.35": 0.0, "0.4": 0.0}, "2": {"0": 1.0, "0.05": 0.5595383857802082, "0.1": 0.5088814766153152, "0.15": 0.4536882778306459, "0.2": 0.3968672167403945, "0.25": 0.3403160177649953, "0.3": 0.2852686911411985, "0.35": 0.24556649765644079, "0.4": 0.20810482073538733}, "3": {"0": 1.0, "0.05": 0.019996717504305407, "0.1": 0.006407623741825082, "0.15": 0.0009447036008401636, "0.2": 0.00010194748205873531, "0.25": 0.0, "0.3": 0.0, "0.35": 0.0, "0.4": 0.0}, "4": {"0": 1.0, "0.05": 0.02895041681358032, "0.1": 0.00884332545419515, "0.15": 0.0017167022179947332, "0.2": 0.00023455136743741862, "0.25": 7.598553235463968e-06, "0.3": 0.0, "0.35": 0.0, "0.4": 0.0}, "5": {"0": 1.0, "0.05": 0.037743612715837066, "0.1": 0.009686919535981914, "0.15": 0.0035276777491541184, "0.2": 0.0016893936242990616, "0.25": 0.0009174296458663688, "0.3": 0.00040191144427039816, "0.35": 0.0002991520969278916, "0.4": 0.00015055897703841533}, "6": {"0": 1.0, "0.05": 0.16674140483639793, "0.1": 0.08211568624181449, "0.15": 0.042885388056548235, "0.2": 0.023201546723415335, "0.25": 0.01298491437198299, "0.3": 0.006862115737954636, "0.35": 0.0037187597453292903, "0.4": 0.0022277580437915366}, "7": {"0": 1.0, "0.05": 0.006173545319926025, "0.1": 0.001339825499826867, "0.15": 0.0005669960394344967, "0.2": 0.00013089663039512589, "0.25": 0.0, "0.3": 0.0, "0.35": 0.0, "0.4": 0.0}, "8": {"0": 1.0, "0.05": 0.28465536026792576, "0.1": 0.11097680623195104, "0.15": 0.04920104439876946, "0.2": 0.022817892482152647, "0.25": 0.01177732262723434, "0.3": 0.005744420020974619, "0.35": 0.002876064943820682, "0.4": 0.0015480485855790824}, "9": {"0": 1.0, "0.05": 0.37047298012276497, "0.1": 0.1874626903446166, "0.15": 0.09648450881189585, "0.2": 0.05094400643393117, "0.25": 0.02847670426663422, "0.3": 0.01619432150464712, "0.35": 0.009715776441014715, "0.4": 0.005449122150542734}, "10": {"0": 1.0, "0.05": 0.10557236858217332, "0.1": 0.05227594590633974, "0.15": 0.0318266870172065, "0.2": 0.019804851546971966, "0.25": 0.012759985555113174, "0.3": 0.008720813128937036, "0.35": 0.0055697299047431145, "0.4": 0.003347411718237667}, "11": {"0": 1.0, "0.05": 0.05595662138317835, "0.1": 0.004982008417372842, "0.15": 0.0004460368333324648, "0.2": 0.00013173802163825486, "0.25": 1.681366142396292e-05, "0.3": 3.27780727804328e-06, "0.35": 0.0, "0.4": 0.0}}, "precision": {"0": {"0": 0.005257420766925437, "0.05": 0.027083297102697412, "0.1": 0.025587672274888666, "0.15": 0.021967127816068258, "0.2": 0.015254060187764349, "0.25": 0.01232513690809631, "0.3": 0.007652322045501583, "0.35": 0.006366719205234751, "0.4": 0.002669118466510643}, "1": {"0": 0.005257420766925437, "0.05": 0.010009216579075294, "0.1": 0.007164052065589503, "0.15": 0.003284002994162885, "0.2": 0.0013597791932796947, "0.25": 0.0006519558676028085, "0.3": 0.00011144544745347152, "0.35": 0.0, "0.4": 0.0}, "2": {"0": 0.005257420766925437, "0.05": 0.09549949567076979, "0.1": 0.14645840190728432, "0.15": 0.18635072631307883, "0.2": 0.21539024885836908, "0.25": 0.23544766600948264, "0.3": 0.24681175872279898, "0.35": 0.25768408123795883, "0.4": 0.26247106270823445}, "3": {"0": 0.005257420766925437, "0.05": 0.0035743736262873033, "0.1": 0.001897147353143471, "0.15": 0.00038598438190602636, "0.2": 5.247707347348283e-05, "0.25": 0.0, "0.3": 0.0, "0.35": 0.0, "0.4": 0.0}, "4": {"0": 0.005257420766925437, "0.05": 0.005416477650046078, "0.1": 0.0030415091775793583, "0.15": 0.0009055259760302175, "0.2": 0.0001754161471457924, "0.25": 6.55561455608656e-06, "0.3": 0.0, "0.35": 0.0, "0.4": 0.0}, "5": {"0": 0.005257420766925437, "0.05": 0.005608013631000129, "0.1": 0.0033680125341078444, "0.15": 0.002321309084613144, "0.2": 0.001820970436747323, "0.25": 0.0018704337308174126, "0.3": 0.0014051534111714655, "0.35": 0.0011181285002749394, "0.4": 0.0006848829316231523}, "6": {"0": 0.005257420766925437, "0.05": 0.018344432318336823, "0.1": 0.0190274909303736, "0.15": 0.018553907253279687, "0.2": 0.017266648322491394, "0.25": 0.016534035374309194, "0.3": 0.015117935376643278, "0.35": 0.014071877165733236, "0.4": 0.013607072519651228}, "7": {"0": 0.005257420766925437, "0.05": 0.0020951307474180855, "0.1": 0.0018924255872806545, "0.15": 0.0032688011123317043, "0.2": 0.0014487908168951298, "0.25": 0.0, "0.3": 0.0, "0.35": 0.0, "0.4": 0.0}, "8": {"0": 0.005257420766925437, "0.05": 0.052704257388730774, "0.1": 0.06050673858444669, "0.15": 0.0565487855601055, "0.2": 0.04978149483095951, "0.25": 0.04229075482795108, "0.3": 0.029870861264306315, "0.35": 0.02186250912429449,