{"fscore": {"0": {"0": 0.010441274224259384, "0.05": 0.026201818091789973, "0.1": 0.022711244206258512, "0.15": 0.020501036099503312, "0.2": 0.01913340229569329, "0.25": 0.016117967224083138, "0.3": 0.012188788498035152, "0.35": 0.008433233722125646, "0.4": 0.005250826303057203}, "1": {"0": 0.010441274224259384, "0.05": 0.0028028048151500255, "0.1": 0.0005754181552656787, "0.15": 0.0001461521411401504, "0.2": 1.4296099063405436e-05, "0.25": 0.0, "0.3": 0.0, "0.35": 0.0, "0.4": 0.0}, "2": {"0": 0.010442436491381143, "0.05": 0.007944379823944496, "0.1": 0.007817337103300051, "0.15": 0.006982220910692681, "0.2": 0.005283920514626869, "0.25": 0.0024841930249546442, "0.3": 1.9197960985313545e-05, "0.35": 1.946222911152316e-05, "0.4": 1.946222911152316e-05}, "3": {"0": 0.010441274224259384, "0.05": 0.009419190905924432, "0.1": 0.00647598513444737, "0.15": 0.003904197448889359, "0.2": 0.002300733138118576, "0.25": 7.328076143932236e-05, "0.3": 1.3921664309721687e-05, "0.35": 7.598553235463968e-06, "0.4": 7.775263775823594e-06}, "4": {"0": 0.010441274224259384, "0.05": 0.0080524742479143, "0.1": 0.006572292765271746, "0.15": 0.0032315077312756297, "0.2": 0.0013485172749742222, "0.25": 2.2381286985643936e-05, "0.3": 0.0, "0.35": 0.0, "0.4": 0.0}, "5": {"0": 0.010441274224259384, "0.05": 0.001873578479675283, "0.1": 9.710654143954042e-05, "0.15": 1.3646381320833246e-05, "0.2": 0.0, "0.25": 0.0, "0.3": 0.0, "0.35": 0.0, "0.4": 0.0}, "6": {"0": 0.010441274224259384, "0.05": 0.01514183588393524, "0.1": 0.006547342109931865, "0.15": 0.0025814439591983723, "0.2": 0.0015731657293666253, "0.25": 0.0010227421962480585, "0.3": 0.0005709776869692125, "0.35": 0.0002809749570687711, "0.4": 0.0002249191019171904}, "7": {"0": 0.010441274224259384, "0.05": 0.0033447810713718934, "0.1": 0.0009209719105527206, "0.15": 0.000344164968677004, "0.2": 0.00016351362890981748, "0.25": 0.0, "0.3": 0.0, "0.35": 0.0, "0.4": 0.0}, "8": {"0": 0.010441274224259384, "0.05": 0.018564075361751028, "0.1": 0.008638601216557714, "0.15": 0.0036921064339276487, "0.2": 0.001956365929882086, "0.25": 0.0012324215705148036, "0.3": 0.0008768135339430402, "0.35": 0.0002905682576824722, "0.4": 0.00021750513896734487}, "9": {"0": 0.010441274224259384, "0.05": 0.13360505970049444, "0.1": 0.18156468933421474, "0.15": 0.20588145873458805, "0.2": 0.2130869684317952, "0.25": 0.20992305147953189, "0.3": 0.2019142696557196, "0.35": 0.18872470485467865, "0.4": 0.17287508852510236}, "10": {"0": 0.010441274224259384, "0.05": 0.020572457415633048, "0.1": 0.007733362458495092, "0.15": 0.0026885859745355133, "0.2": 0.0008545259717471556, "0.25": 0.00022255688951415727, "0.3": 4.519904035524066e-05, "0.35": 1.0961847290505397e-05, "0.4": 1.1144544745347152e-05}, "11": {"0": 0.010441274224259384, "0.05": 0.000880423569388878, "0.1": 5.572272372673576e-05, "0.15": 5.572272372673576e-05, "0.2": 6.078842588371174e-05, "0.25": 0.0, "0.3": 0.0, "0.35": 0.0, "0.4": 0.0}}, "recall": {"0": {"0": 1.0, "0.05": 0.10324784502733192, "0.1": 0.06218212438819525, "0.15": 0.04309153741383182, "0.2": 0.031816979812347206, "0.25": 0.022008243005906116, "0.3": 0.014242825932611017, "0.35": 0.008732343844716063, "0.4": 0.004868906490494636}, "1": {"0": 1.0, "0.05": 0.011856737477117239, "0.1": 0.0015133435125717818, "0.15": 0.00024814957028103336, "0.2": 1.8307878026533227e-05, "0.25": 0.0, "0.3": 0.0, "0.35": 0.0, "0.4": 0.0}, "2": {"0": 0.9999971177901522, "0.05": 0.015979155207033587, "0.1": 0.015557944979135988, "0.15": 0.013588771113750502, "0.2": 0.009737129878348483, "0.25": 0.004300792019085403, "0.3": 2.6401993403495464e-05, "0.35": 2.6401993403495464e-05, "0.4": 2.6401993403495464e-05}, "3": {"0": 1.0, "0.05": 0.016164185976924837, "0.1": 0.008005925997846674, "0.15": 0.004058995108081951, "0.2": 0.0021460965999758118, "0.25": 5.853415488154395e-05, "0.3": 1.1336692068542795e-05, "0.35": 5.764419695869217e-06, "0.4": 5.764419695869217e-06}, "4": {"0": 1.0, "0.05": 0.015602158937764468, "0.1": 0.010003432752904327, "0.15": 0.004202755810883483, "0.2": 0.0015508480028433268, "0.25": 2.1671082074514594e-05, "0.3": 0.0, "0.35": 0.0, "0.4": 0.0}, "5": {"0": 1.0, "0.05": 0.0017323645543872068, "0.1": 5.254776525109263e-05, "0.15": 7.268181355661187e-06, "0.2": 0.0, "0.25": 0.0, "0.3": 0.0, "0.35": 0.0, "0.4": 0.0}, "6": {"0": 1.0, "0.05": 0.03810856838601934, "0.1": 0.007533265922740225, "0.15": 0.0022037621254259432, "0.2": 0.0012706022449548153, "0.25": 0.0007630787024024671, "0.3": 0.0003769233366310673, "0.35": 0.0001820218908933016, "0.4": 0.00013771698976248795}, "7": {"0": 1.0, "0.05": 0.01433824047573258, "0.1": 0.0012195419510480634, "0.15": 0.00026588403035357147, "0.2": 0.00010609066051254687, "0.25": 0.0, "0.3": 0.0, "0.35": 0.0, "0.4": 0.0}, "8": {"0": 1.0, "0.05": 0.03478676386957584, "0.1": 0.008547860952788913, "0.15": 0.002883544318341185, "0.2": 0.0013864956953110858, "0.25": 0.0008314649638036548, "0.3": 0.0005553198840215937, "0.35": 0.00016278785327782634, "0.4": 0.00012289514409825265}, "9": {"0": 1.0, "0.05": 0.49715369709848917, "0.1": 0.405871698169406, "0.15": 0.33452579761674167, "0.2": 0.27836292090764114, "0.25": 0.23493751207080926, "0.3": 0.2025806803852882, "0.35": 0.17484761760348444, "0.4": 0.14970533985359397}, "10": {"0": 1.0, "0.05": 0.10158075957473474, "0.1": 0.01754025525251171, "0.15": 0.0036587632991494493, "0.2": 0.0008526682624692543, "0.25": 0.00018104149032370411, "0.3": 3.0582103372482625e-05, "0.35": 5.970291827864546e-06, "0.4": 5.970291827864546e-06}, "11": {"0": 1.0, "0.05": 0.0009780939249833716, "0.1": 4.179204279505182e-05, "0.15": 4.179204279505182e-05, "0.2": 4.179204279505182e-05, "0.25": 0.0, "0.3": 0.0, "0.35": 0.0, "0.4": 0.0}}, "precision": {"0": {"0": 0.005257420766925437, "0.05": 0.015189943920802848, "0.1": 0.014158477268813599, "0.15": 0.013798403248760211, "0.2": 0.014165425630027787, "0.25": 0.013283592614630935, "0.3": 0.011293423688381397, "0.35": 0.00877096725308435, "0.4": 0.006248798412847722}, "1": {"0": 0.005257420766925437, "0.05": 0.001611384695638619, "0.1": 0.0003657665130179781, "0.15": 0.00010565376515566365, "0.2": 1.1751001229636743e-05, "0.25": 0.0, "0.3": 0.0, "0.35": 0.0, "0.4": 0.0}, "2": {"0": 0.005258004881768274, "0.05": 0.005362972754572163, "0.1": 0.005295925340226166, "0.15": 0.004773467483854266, "0.2": 0.0036938864086519985, "0.25": 0.0017910643133966673, "0.3": 1.5090295305942246e-05, "0.35": 1.5438562329234345e-05, "0.4": 1.5438562329234345e-05}, "3": {"0": 0.005257420766925437, "0.05": 0.006821621791048906, "0.1": 0.0056734623391274585, "0.15": 0.003978818430219942, "0.2": 0.002653519220081243, "0.25": 0.00010074309588522568, "0.3": 1.822327447458655e-05, "0.35": 1.1144544745347152e-05, "0.4": 1.1940583655729091e-05}, "4": {"0": 0.005257420766925437, "0.05": 0.005518285119760868, "0.1": 0.005021878324566317, "0.15": 0.002736665824931055, "0.2": 0.0012616136228431171, "0.25": 2.3668903351214176e-05, "0.3": 0.0, "0.35": 0.0, "0.4": 0.0}, "5": {"0": 0.005257420766925437, "0.05": 0.002978893233868686, "0.1": 0.0006686726847208291, "0.15": 0.00011144544745347152, "0.2": 0.0, "0.25": 0.0, "0.3": 0.0, "0.35": 0.0, "0.4": 0.0}, "6": {"0": 0.005257420766925437, "0.05": 0.010201359414968613, "0.1": 0.006978374500584881, "0.15": 0.004510852965178533, "0.2": 0.0035059272350926067, "0.25": 0.0025444092096448545, "0.3": 0.0015437764434755408, "0.35": 0.0008756428014201333, "0.4": 0.0008836031905239528}, "7": {"0": 0.005257420766925437, "0.05": 0.0019503994217133895, "0.1": 0.0008319369675197234, "0.15": 0.0005661193219922039, "0.2": 0.00041792042795051824, "0.25": 0.0, "0.3": 0.0, "0.35": 0.0, "0.4": 0.0}, "8": {"0": 0.005257420766925437, "0.05": 0.014731377364865872, "0.1": 0.012961809799488891, "0.15": 0.009431396154511721, "0.2": 0.007143791421624921, "0.25": 0.005491763891964494, "0.3": 0.004155057765890263, "0.35": 0.0020346754549362377, "0.4": 0.0011813217430067984}, "9": {"0": 0.005257420766925437, "0.05": 0.07921844526161625,