{"fscore": {"0": {"0": 0.010441274224259384, "0.05": 0.0103651181876944, "0.1": 0.005021497221859984, "0.15": 0.002447398978415576, "0.2": 0.0011560095453071457, "0.25": 0.0005323346319035451, "0.3": 0.00032758420635962244, "0.35": 0.0002688337530587896, "0.4": 0.00015110786647948982}, "1": {"0": 0.010441274224259384, "0.05": 0.004161607029456459, "0.1": 0.0008679686048673359, "0.15": 0.0001739120579002966, "0.2": 8.333451672841602e-05, "0.25": 9.393259142506885e-05, "0.3": 0.0, "0.35": 0.0, "0.4": 0.0}, "2": {"0": 0.010441274224259384, "0.05": 0.018489599147257188, "0.1": 0.010013433152921787, "0.15": 0.005258292579122301, "0.2": 0.0030355276884697865, "0.25": 0.0020372997720328858, "0.3": 0.0014115013164539478, "0.35": 0.00104446486397573, "0.4": 0.0005750454441100587}, "3": {"0": 0.010441274224259384, "0.05": 0.008107020883986191, "0.1": 0.005317362306277, "0.15": 0.0023870139930529115, "0.2": 0.0009490879040147099, "0.25": 0.00017739201136499636, "0.3": 6.934233279574342e-05, "0.35": 2.9199680555494727e-06, "0.4": 0.0}, "4": {"0": 0.010441274224259384, "0.05": 0.033900988010228304, "0.1": 0.020267729324143415, "0.15": 0.009934397229584066, "0.2": 0.0052443090911864255, "0.25": 0.0030669280306983206, "0.3": 0.001497050444773072, "0.35": 0.0007958852688999052, "0.4": 0.00044434613217448526}, "5": {"0": 0.010441274224259384, "0.05": 0.007793900658137058, "0.1": 0.00321583033351092, "0.15": 0.0018717241229852016, "0.2": 0.0009660980090690362, "0.25": 0.0005860668637541452, "0.3": 0.00032454140243230755, "0.35": 0.0002710966649584892, "0.4": 0.0001875764084431988}, "6": {"0": 0.010441274224259384, "0.05": 0.1881181256924947, "0.1": 0.25769562630772924, "0.15": 0.2806148970640489, "0.2": 0.2714121880447943, "0.25": 0.24357899404783345, "0.3": 0.20702445143436995, "0.35": 0.16752866404946593, "0.4": 0.13055965343799003}, "7": {"0": 0.010441274224259384, "0.05": 0.011562064121048888, "0.1": 0.003933221165584603, "0.15": 0.0010068158729324987, "0.2": 0.00011362151356510827, "0.25": 1.3392958002186758e-05, "0.3": 0.0, "0.35": 0.0, "0.4": 0.0}, "8": {"0": 0.010441274224259384, "0.05": 0.04705747810448693, "0.1": 0.046558862570992066, "0.15": 0.040414869649836545, "0.2": 0.034570860623885445, "0.25": 0.027018538811010333, "0.3": 0.020398900336649796, "0.35": 0.015539460350883074, "0.4": 0.011979333986722606}, "9": {"0": 0.010441274224259384, "0.05": 0.043695168183069094, "0.1": 0.014802890439722083, "0.15": 0.004271811808021112, "0.2": 0.0009779102001869675, "0.25": 0.00011862116690859189, "0.3": 0.0, "0.35": 0.0, "0.4": 0.0}, "10": {"0": 0.010441274224259384, "0.05": 0.004261201965487493, "0.1": 0.0017549763907391894, "0.15": 0.0006568777552547426, "0.2": 0.00026328581513911515, "0.25": 0.00012945683290049723, "0.3": 0.00010834974057976398, "0.35": 0.0, "0.4": 0.0}, "11": {"0": 0.010441274224259384, "0.05": 0.0009166824831220328, "0.1": 0.0001458738745839446, "0.15": 0.0, "0.2": 0.0, "0.25": 0.0, "0.3": 0.0, "0.35": 0.0, "0.4": 0.0}}, "recall": {"0": {"0": 1.0, "0.05": 0.028617866377916117, "0.1": 0.006570420820600651, "0.15": 0.002215748306381115, "0.2": 0.0008972971301515673, "0.25": 0.00038202103700425905, "0.3": 0.0002044378033015432, "0.35": 0.00015763168059850874, "0.4": 8.549059602239345e-05}, "1": {"0": 1.0, "0.05": 0.018582293068826746, "0.1": 0.0024082926468975427, "0.15": 0.00041418631186012104, "0.2": 0.00012202983556067197, "0.25": 0.00010209199025648374, "0.3": 0.0, "0.35": 0.0, "0.4": 0.0}, "2": {"0": 1.0, "0.05": 0.029194096743573133, "0.1": 0.009950541883165666, "0.15": 0.004328400913321561, "0.2": 0.0022997460806683176, "0.25": 0.0014756639756383413, "0.3": 0.000981147773551165, "0.35": 0.0007017118127365446, "0.4": 0.0003747549341188645}, "3": {"0": 1.0, "0.05": 0.019491492487744073, "0.1": 0.00837876241845125, "0.15": 0.002981799700598519, "0.2": 0.0010488471973299893, "0.25": 0.00017160758648430806, "0.3": 6.109812626135789e-05, "0.35": 2.1570086603897714e-06, "0.4": 0.0}, "4": {"0": 1.0, "0.05": 0.1309953822260498, "0.1": 0.032799019984788735, "0.15": 0.01051237395695132, "0.2": 0.004696465555546511, "0.25": 0.0025159996979216277, "0.3": 0.001082328927216214, "0.35": 0.0005034815422386354, "0.4": 0.0002698016084811348}, "5": {"0": 1.0, "0.05": 0.018261932421787364, "0.1": 0.004232100565306475, "0.15": 0.0018414536949088996, "0.2": 0.0008056718799871994, "0.25": 0.00045049701823092307, "0.3": 0.00024118390925958365, "0.35": 0.0001958005626187332, "0.4": 0.00013470408242625533}, "6": {"0": 1.0, "0.05": 0.5658534042526377, "0.1": 0.45678353666112914, "0.15": 0.362739967906955, "0.2": 0.2805936763898164, "0.25": 0.2140410796691824, "0.3": 0.16198907457489872, "0.35": 0.12046588373758939, "0.4": 0.08828186820432504}, "7": {"0": 1.0, "0.05": 0.0434082302139337, "0.1": 0.004289519629498059, "0.15": 0.000680911008282251, "0.2": 6.241123291079129e-05, "0.25": 7.010047400796027e-06, "0.3": 0.0, "0.35": 0.0, "0.4": 0.0}, "8": {"0": 1.0, "0.05": 0.179503571168846, "0.1": 0.10200799882772422, "0.15": 0.06131845585685582, "0.2": 0.04011735111616905, "0.25": 0.02587108873020658, "0.3": 0.017055859009874316, "0.35": 0.011807586163595393, "0.4": 0.008439876783728375}, "9": {"0": 1.0, "0.05": 0.12306174696465148, "0.1": 0.01425729796288523, "0.15": 0.002681214278071047, "0.2": 0.0005547860578088141, "0.25": 6.323801373173341e-05, "0.3": 0.0, "0.35": 0.0, "0.4": 0.0}, "10": {"0": 1.0, "0.05": 0.010937801650696136, "0.1": 0.0017942240357232753, "0.15": 0.000520002862279667, "0.2": 0.00015292999026809154, "0.25": 7.654220292134033e-05, "0.3": 6.062142471370154e-05, "0.35": 0.0, "0.4": 0.0}, "11": {"0": 1.0, "0.05": 0.0010583745432667239, "0.1": 8.663631951720516e-05, "0.15": 0.0, "0.2": 0.0, "0.25": 0.0, "0.3": 0.0, "0.35": 0.0, "0.4": 0.0}}, "precision": {"0": {"0": 0.005257420766925437, "0.05": 0.006560574013148007, "0.1": 0.00455031509059313, "0.15": 0.003373396312966181, "0.2": 0.0019980248954387585, "0.25": 0.0011657939806177624, "0.3": 0.0010443623298829786, "0.35": 0.001347030509517972, "0.4": 0.0008776328986960883}, "1": {"0": 0.005257420766925437, "0.05": 0.0023654553870813538, "0.1": 0.0005412555964652565, "0.15": 0.00011872834063017307, "0.2": 6.637200490209515e-05, "0.25": 9.234051360430496e-05, "0.3": 0.0, "0.35": 0.0, "0.4": 0.0}, "2": {"0": 0.005257420766925437, "0.05": 0.016011395593835163, "0.1": 0.015997732164684794, "0.15": 0.012793825389939752, "0.2": 0.008901964706087919, "0.25": 0.007059803755726498, "0.3": 0.006656129405701699, "0.35": 0.00508681968354542, "0.4": 0.003039605319185287}, "3": {"0": 0.005257420766925437, "0.05": 0.00522673927565842, "0.1": 0.00402790258165325, "0.15": 0.0020881407336692664, "0.2": 0.0009471440364975552, "0.25": 0.00020021272663864654, "0.3": 8.938237898292217e-05, "0.35": 4.518058680546143e-06, "0.4": 0.0}, "4": {"0": 0.005257420766925437, "0.05": 0.020471271194773353, "0.1": 0.01707448831580997, "0.15": 0.012128215236753616, "0.2": 0.009509560236371955, "0.25": 0.008524834277285127, "0.3": 0.005569967756527434, "0.35": 0.0038759134546496633, "0.4": 0.003477097960548311}, "5": {"0": 0.005257420766925437, "0.05": 0.005235562090895493, "0.1": 0.0029050336145529576, "0.15": 0.002205483741016691, "0.2": 0.0015201775142214768, "0.25": 0.0012092288802154733, "0.3": 0.0008673159564721679, "0.35": 0.0008999757227851122, "0.4": 0.00040687048273274444}, "6": {"0": 0.005257420766925437, "0.05": 0.11706189716084688, "0.1": 0.19470107390587207, "0.15": 0.2626126731969315, "0.2": 0.31866289219631494, "0.25": 0.36573937873479867, "0.3": 0.3989539981257446, "0.35": 0.41634062560004975, "0.4": 0.4145048468644825}, "7": {"0": 0.005257420766925437, "0.05": 0.006789838768369744, "0.1": 0.004057789484926182, "0.15": 0.0026657276068468333, "0.2": 0.0007298782860762919, "0.25": 0.00015920778207638789, "0.3": 0.0, "0.35": 0.0, "0.4": 0.0}, "8": {"0": 0.005257420766925437, "0.05": 0.02743281532821211, "0.1": 0.03098076860465354, "0.15": 0.03158761275525369, "0.2": 0.032701177282465695, "0.25": 0.031808942173256756,