{"fscore": {"0": {"0": 0.010441274224259384, "0.05": 0.01566916402109706, "0.1": 0.012433948926962233, "0.15": 0.008329631243716594, "0.2": 0.005486469626275604, "0.25": 0.0034675017019524575, "0.3": 0.0021647255302280053, "0.35": 0.0013955031469660229, "0.4": 0.0009427095555178607}, "1": {"0": 0.010441383820496215, "0.05": 0.006331116452880304, "0.1": 0.006074452669983317, "0.15": 0.00528070713936917, "0.2": 0.0038534815324407353, "0.25": 0.001078335804895625, "0.3": 0.00011902872756164434, "0.35": 0.00011500504621791737, "0.4": 8.817875763220306e-05}, "2": {"0": 0.010441274224259384, "0.05": 0.006136038961866056, "0.1": 0.004652688254901548, "0.15": 0.0034308204392278934, "0.2": 0.002540883259689813, "0.25": 0.0018287783507574084, "0.3": 0.0013747966245783961, "0.35": 0.0010156216930641783, "0.4": 0.0007708344889778732}, "3": {"0": 0.010441274224259384, "0.05": 0.02303171499204092, "0.1": 0.023528433077311995, "0.15": 0.02365721457497152, "0.2": 0.022736553230090512, "0.25": 0.02120083894740561, "0.3": 0.0199059903209713, "0.35": 0.01781221350044894, "0.4": 0.015373160204663972}, "4": {"0": 0.010441274224259384, "0.05": 0.016342223781234972, "0.1": 0.013057705439721713, "0.15": 0.010482787216860743, "0.2": 0.008640194222409586, "0.25": 0.006663376827082723, "0.3": 0.005269769398089658, "0.35": 0.0037522395714993315, "0.4": 0.0023232154463116244}, "5": {"0": 0.010441274224259384, "0.05": 0.035038988453637426, "0.1": 0.034994454559692065, "0.15": 0.03303011652851895, "0.2": 0.029745260611085882, "0.25": 0.025213548836382063, "0.3": 0.02155559773508488, "0.35": 0.017085112692780707, "0.4": 0.013020436922099329}, "6": {"0": 0.010441377695744755, "0.05": 0.005952309434318658, "0.1": 0.005900001005019164, "0.15": 0.0051730709210272815, "0.2": 0.0037768509361018575, "0.25": 0.0007224655563175785, "0.3": 3.1974043076656035e-05, "0.35": 3.03162210541068e-05, "0.4": 3.037830444864786e-05}, "7": {"0": 0.010441274224259384, "0.05": 0.01457988186178, "0.1": 0.013404141945107301, "0.15": 0.010697981323140085, "0.2": 0.0077859362357852666, "0.25": 0.005411793948353333, "0.3": 0.0037798204530804114, "0.35": 0.0027066801023648444, "0.4": 0.0017982695439095423}, "8": {"0": 0.010441274224259384, "0.05": 0.022373998854586307, "0.1": 0.02121777275120568, "0.15": 0.018981682499694317, "0.2": 0.017267625928854526, "0.25": 0.01557159730265871, "0.3": 0.01370583140427115, "0.35": 0.012194466098325162, "0.4": 0.009944692275887745}, "9": {"0": 0.010441274224259384, "0.05": 0.004832453274302766, "0.1": 0.0012814815639956097, "0.15": 0.000173656711780417, "0.2": 0.0, "0.25": 0.0, "0.3": 0.0, "0.35": 0.0, "0.4": 0.0}, "10": {"0": 0.010441274224259384, "0.05": 0.028776294663890395, "0.1": 0.038624099811797034, "0.15": 0.044928487574588075, "0.2": 0.046515131077419114, "0.25": 0.04180923702416023, "0.3": 0.03436542912288764, "0.35": 0.025491768382486787, "0.4": 0.018223792909375484}, "11": {"0": 0.010441274224259384, "0.05": 0.00733246842374168, "0.1": 0.007142523426455815, "0.15": 0.005443332858814722, "0.2": 0.003284889740221869, "0.25": 0.0018559917646611306, "0.3": 0.0011772664756778402, "0.35": 0.0008892439736487603, "0.4": 0.0007067050402730286}}, "recall": {"0": {"0": 1.0, "0.05": 0.08388247528034065, "0.1": 0.03807054292638919, "0.15": 0.017476004977114476, "0.2": 0.008759886341572206, "0.25": 0.004323749175571466, "0.3": 0.0022944449239212547, "0.35": 0.0012620363374083678, "0.4": 0.0007341333091740496}, "1": {"0": 0.9999975234345011, "0.05": 0.01291063071802721, "0.1": 0.012107743282382021, "0.15": 0.01023720532848971, "0.2": 0.007114654046114811, "0.25": 0.001869124635658797, "0.3": 0.0002160656371252218, "0.35": 0.00019289776632844277, "0.4": 0.00014922618255710767}, "2": {"0": 1.0, "0.05": 0.03664286114854501, "0.1": 0.01840499578911592, "0.15": 0.010468013339114868, "0.2": 0.006416119537328852, "0.25": 0.003979985690937236, "0.3": 0.0026071416315432082, "0.35": 0.0017495558616293148, "0.4": 0.001146500936989792}, "3": {"0": 1.0, "0.05": 0.1511393672147068, "0.1": 0.07948390532437653, "0.15": 0.05094249017904907, "0.2": 0.03510663999194033, "0.25": 0.025464249686155644, "0.3": 0.019517953116338367, "0.35": 0.015108923524626675, "0.4": 0.011600611327393907}, "4": {"0": 1.0, "0.05": 0.09770036566569267, "0.1": 0.04174869652432929, "0.15": 0.021385404459866045, "0.2": 0.012437698382987123, "0.25": 0.007275334596811573, "0.3": 0.004756101911008023, "0.35": 0.002946638657869605, "0.4": 0.0015674220968460207}, "5": {"0": 1.0, "0.05": 0.2013911865279439, "0.1": 0.11463712095011003, "0.15": 0.07248386246115246, "0.2": 0.0478475913359136, "0.25": 0.03199098588485671, "0.3": 0.02227955371414745, "0.35": 0.015089158211544653, "0.4": 0.010133852365990582}, "6": {"0": 0.9999846604275718, "0.05": 0.012145470599643085, "0.1": 0.011829984025729833, "0.15": 0.01013958186221172, "0.2": 0.007081723004305301, "0.25": 0.0013085492045918979, "0.3": 6.846467271431484e-05, "0.35": 6.177794586710655e-05, "0.4": 6.177794586710655e-05}, "7": {"0": 1.0, "0.05": 0.05884890584615827, "0.1": 0.04102386341648292, "0.15": 0.02684168372313278, "0.2": 0.016779081268619787, "0.25": 0.010476229178916122, "0.3": 0.00665224966468844, "0.35": 0.004379103615174075, "0.4": 0.0026610599503836476}, "8": {"0": 1.0, "0.05": 0.129981822169806, "0.1": 0.08194863771576547, "0.15": 0.05539422397718964, "0.2": 0.0405124767703148, "0.25": 0.030524670152857074, "0.3": 0.022910170592573036, "0.35": 0.017409546391801565, "0.4": 0.012347350951497043}, "9": {"0": 1.0, "0.05": 0.020441503077638448, "0.1": 0.0017433816020549064, "0.15": 0.00011494621537917337, "0.2": 0.0, "0.25": 0.0, "0.3": 0.0, "0.35": 0.0, "0.4": 0.0}, "10": {"0": 1.0, "0.05": 0.23727251670101854, "0.1": 0.14249646881059422, "0.15": 0.09271336464778987, "0.2": 0.062347776142846624, "0.25": 0.04186615452619112, "0.3": 0.02870470994315591, "0.35": 0.019006428490271583, "0.4": 0.012317209747268652}, "11": {"0": 1.0, "0.05": 0.030438478030111547, "0.1": 0.022766921224441374, "0.15": 0.01446571985568884, "0.2": 0.007457476095220999, "0.25": 0.0034707840761971313, "0.3": 0.001975655456088651, "0.35": 0.0013383886887841684, "0.4": 0.0009696230992512414}}, "precision": {"0": {"0": 0.005257420766925437, "0.05": 0.00873989329536318, "0.1": 0.007597256117236619, "0.15": 0.005688826014099237, "0.2": 0.0042254417481763454, "0.25": 0.0031323199123513058, "0.3": 0.0023484144642647487, "0.35": 0.0018758724654176161, "0.4": 0.0017946799464530533}, "1": {"0": 0.005257475852909879, "0.05": 0.0042563444322668495, "0.1": 0.004114666241624561, "0.15": 0.003613948654784319, "0.2": 0.0026916405226233334, "0.25": 0.0007753654756502355, "0.3": 8.440678366785511e-05, "0.35": 8.556175891958122e-05, "0.4": 6.61517580299616e-05}, "2": {"0": 0.005257420766925437, "0.05": 0.0033875398560777002, "0.1": 0.002717789561242575, "0.15": 0.0021253421388134157, "0.2": 0.0016736470551176634, "0.25": 0.0012850505911027148, "0.3": 0.0010395610823239266, "0.35": 0.0008226676052602341, "0.4": 0.0006717358397698474}, "3": {"0": 0.005257420766925437, "0.05": 0.012601535997159182, "0.1": 0.014086166132666245, "0.15": 0.01591467515778852, "0.2": 0.017659549498185212, "0.25": 0.019549808115032798, "0.3": 0.022371144716511554, "0.35": 0.024810988161160532, "0.4": 0.027496173463879277}, "4": {"0": 0.005257420766925437, "0.05": 0.00901339235836175, "0.1": 0.007946749808450344, "0.15": 0.007348484705573556, "0.2": 0.007278045413140475, "0.25": 0.007155250923331657, "0.3": 0.007384124459658888, "0.35": 0.007062507404512239, "0.4": 0.0063648201871313705}, "5": {"0": 0.005257420766925437, "0.05": 0.019388988935161135, "0.1": 0.02113309963282709, "0.15": 0.022309014476731375, "0.2": 0.023068517010257323, "0.25": 0.022920013048527095, "0.3": 0.023704937686586783, "0.35": 0.02299772019910944, "0.4": 0.02218944358775938}, "6": {"0": 0.005257472844751689, "0.05": 0.004003866350203377, "0.1": 0.003991934140259358, "0.15": 0.003532900582806488, "0.2": 0.0026278136021951216, "0.25": 0.0005105357703551382,