{"fscore": {"0": {"0": 0.010441274224259384, "0.05": 0.0002380468561620714, "0.1": 0.0, "0.15": 0.0, "0.2": 0.0, "0.25": 0.0, "0.3": 0.0, "0.35": 0.0, "0.4": 0.0}, "1": {"0": 0.010441274224259384, "0.05": 0.016550566920038683, "0.1": 0.005607973283998994, "0.15": 0.002277191379721538, "0.2": 0.000899030060479332, "0.25": 0.00041203447944858086, "0.3": 0.0001910039240646605, "0.35": 6.916693643540853e-05, "0.4": 3.5935470811527555e-05}, "2": {"0": 0.010441274224259384, "0.05": 0.08707037347802518, "0.1": 0.06960483411742328, "0.15": 0.04147834784783285, "0.2": 0.022837430847394494, "0.25": 0.013627651037591972, "0.3": 0.0071868301247739125, "0.35": 0.004056875037838017, "0.4": 0.0021552741879744563}, "3": {"0": 0.010441274224259384, "0.05": 0.0025330408894168794, "0.1": 0.00021357939680128439, "0.15": 2.3881167311458183e-05, "0.2": 0.0, "0.25": 0.0, "0.3": 0.0, "0.35": 0.0, "0.4": 0.0}, "4": {"0": 0.010441274224259384, "0.05": 0.013550500880030722, "0.1": 0.0018718991311097047, "0.15": 0.0004866225068135146, "0.2": 0.00022379328719401566, "0.25": 5.143636036314071e-05, "0.3": 0.0, "0.35": 0.0, "0.4": 0.0}, "5": {"0": 0.010441274224259384, "0.05": 0.020677925302453968, "0.1": 0.005527410402517945, "0.15": 0.0017788517742958244, "0.2": 0.0007114427903490663, "0.25": 0.0002498079290957927, "0.3": 5.3949727971794175e-05, "0.35": 1.311122911217312e-05, "0.4": 1.3646381320833246e-05}, "6": {"0": 0.010441274224259384, "0.05": 0.014294088250872514, "0.1": 0.002750850413517694, "0.15": 0.0005062679672620291, "0.2": 7.659460591992597e-05, "0.25": 0.0, "0.3": 0.0, "0.35": 0.0, "0.4": 0.0}, "7": {"0": 0.010441274224259384, "0.05": 0.01332098211522959, "0.1": 0.005490274304037717, "0.15": 0.0022001329179869894, "0.2": 0.00080116461459424, "0.25": 0.00029621165990280634, "0.3": 9.527619023895057e-05, "0.35": 4.021727016799189e-05, "0.4": 4.179204279505182e-05}, "8": {"0": 0.010441274224259384, "0.05": 0.003511788999290324, "0.1": 0.0010827228526114061, "0.15": 0.00041050987915504595, "0.2": 0.00018254323587429283, "0.25": 6.381233992639638e-05, "0.3": 4.1955933158953986e-05, "0.35": 2.6746907388833167e-05, "0.4": 3.343363423604146e-05}, "9": {"0": 0.010441274224259384, "0.05": 0.0093556020295495, "0.1": 0.0034326195334553177, "0.15": 0.0012851187104030736, "0.2": 0.0005962280118370208, "0.25": 0.0002521883978948672, "0.3": 6.468643630128084e-05, "0.35": 0.0, "0.4": 0.0}, "10": {"0": 0.010441274224259384, "0.05": 0.04514383659484344, "0.1": 0.02156608465392958, "0.15": 0.00896417310118851, "0.2": 0.0024931667169033273, "0.25": 0.0009267881689946646, "0.3": 0.0005031337900533723, "0.35": 0.00025075225677031093, "0.4": 2.786136186336788e-05}, "11": {"0": 0.010441274224259384, "0.05": 0.00699767040992283, "0.1": 0.0014380161893515306, "0.15": 0.0001923956755556819, "0.2": 6.0788425883711734e-05, "0.25": 6.0788425883711734e-05, "0.3": 0.0, "0.35": 0.0, "0.4": 0.0}}, "recall": {"0": {"0": 1.0, "0.05": 0.0001519873155833669, "0.1": 0.0, "0.15": 0.0, "0.2": 0.0, "0.25": 0.0, "0.3": 0.0, "0.35": 0.0, "0.4": 0.0}, "1": {"0": 1.0, "0.05": 0.04457864057150833, "0.1": 0.007834884275036457, "0.15": 0.0024501459032784854, "0.2": 0.0008921609315703787, "0.25": 0.0003549414136312646, "0.3": 0.00017044408770966593, "0.35": 4.567289207396377e-05, "0.4": 1.9304103167562028e-05}, "2": {"0": 1.0, "0.05": 0.28649659716177295, "0.1": 0.11943344153563981, "0.15": 0.050307516269687214, "0.2": 0.022337600696105585, "0.25": 0.011556155945953323, "0.3": 0.0052807757409327905, "0.35": 0.002640564453594376, "0.4": 0.0013467598212739212}, "3": {"0": 1.0, "0.05": 0.0042777496122032455, "0.1": 0.00015557393873692884, "0.15": 1.4536362711322373e-05, "0.2": 0.0, "0.25": 0.0, "0.3": 0.0, "0.35": 0.0, "0.4": 0.0}, "4": {"0": 1.0, "0.05": 0.03227184197315088, "0.1": 0.0018178508462621682, "0.15": 0.00038213653036955897, "0.2": 0.0001416587424611497, "0.25": 3.039421294185587e-05, "0.3": 0.0, "0.35": 0.0, "0.4": 0.0}, "5": {"0": 1.0, "0.05": 0.06320138268876753, "0.1": 0.007547593004687435, "0.15": 0.001836743121604212, "0.2": 0.0005071028073899491, "0.25": 0.00016345146830584154, "0.3": 2.955727084635549e-05, "0.35": 7.268181355661187e-06, "0.4": 7.268181355661187e-06}, "6": {"0": 1.0, "0.05": 0.043911279764822966, "0.1": 0.003777761999545066, "0.15": 0.0005902136314732254, "0.2": 8.654642011233524e-05, "0.25": 0.0, "0.3": 0.0, "0.35": 0.0, "0.4": 0.0}, "7": {"0": 1.0, "0.05": 0.04674193734252415, "0.1": 0.00857130047128313, "0.15": 0.002489165377641248, "0.2": 0.0007923039109767988, "0.25": 0.0003114770249047652, "0.3": 8.056994102018649e-05, "0.35": 4.281520015161618e-05, "0.4": 3.714848248449051e-05}, "8": {"0": 1.0, "0.05": 0.01018192382667416, "0.1": 0.0016388067202829978, "0.15": 0.0004966468573885419, "0.2": 0.00021557230704020918, "0.25": 8.457913422808106e-05, "0.3": 4.8757383260893787e-05, "0.35": 2.089602139752591e-05, "0.4": 2.089602139752591e-05}, "9": {"0": 1.0, "0.05": 0.032903121645444545, "0.1": 0.005052297833926828, "0.15": 0.0013982210812411282, "0.2": 0.00045626840192327327, "0.25": 0.0001804814116749924, "0.3": 5.59013222002189e-05, "0.35": 0.0, "0.4": 0.0}, "10": {"0": 1.0, "0.05": 0.13972564968390608, "0.1": 0.02919203634707508, "0.15": 0.007879043098098766, "0.2": 0.0016556731087102915, "0.25": 0.0005418871247704496, "0.3": 0.0002930062433572966, "0.35": 0.00015100616906033154, "0.4": 1.592077820763879e-05}, "11": {"0": 1.0, "0.05": 0.028666987087433135, "0.1": 0.0021464926598799743, "0.15": 0.00014272119189813449, "0.2": 3.714848248449051e-05, "0.25": 3.714848248449051e-05, "0.3": 0.0, "0.35": 0.0, "0.4": 0.0}}, "precision": {"0": {"0": 0.005257420766925437, "0.05": 0.0009841490282814255, "0.1": 0.0, "0.15": 0.0, "0.2": 0.0, "0.25": 0.0, "0.3": 0.0, "0.35": 0.0, "0.4": 0.0}, "1": {"0": 0.005257420766925437, "0.05": 0.013409400333040316, "0.1": 0.009345632193804998, "0.15": 0.004936909761474328, "0.2": 0.0015754282155209032, "0.25": 0.0008176186387307165, "0.3": 0.0005104510370728958, "0.35": 0.0004232779332271357, "0.4": 0.00039005906608715035}, "2": {"0": 0.005257420766925437, "0.05": 0.07195816416600193, "0.1": 0.09063704220350369, "0.15": 0.07132864060516862, "0.2": 0.05228342500792914, "0.25": 0.0354686582104129, "0.3": 0.02405549983283185, "0.35": 0.016880005094649028, "0.4": 0.009567591663880529}, "3": {"0": 0.005257420766925437, "0.05": 0.004664021588695722, "0.1": 0.001011365531240947, "0.15": 6.686726847208293e-05, "0.2": 0.0, "0.25": 0.0, "0.3": 0.0, "0.35": 0.0, "0.4": 0.0}, "4": {"0": 0.005257420766925437, "0.05": 0.013256187016346135, "0.1": 0.00370229722907293, "0.15": 0.0010855011105763365, "0.2": 0.0005683717820127047, "0.25": 0.00016716817118020728, "0.3": 0.0, "0.35": 0.0, "0.4": 0.0}, "5": {"0": 0.005257420766925437, "0.05": 0.020363675600111413, "0.1": 0.01038519575641973, "0.15": 0.004326721908078755, "0.2": 0.00241241623855058, "0.25": 0.0009436659004005111, "0.3": 0.0003714848248449051, "0.35": 6.686726847208293e-05, "0.4": 0.00011144544745347152}, "6": {"0": 0.005257420766925437, "0.05": 0.012843787487260406, "0.1": 0.004239749946277692, "0.15": 0.0011639630397209057, "0.2": 8.858540591671016e-05, "0.25": 0.0, "0.3": 0.0, "0.35": 0.0, "0.4": 0.0}, "7": {"0": 0.005257420766925437, "0.05": 0.010051437675325842, "0.1": 0.00866630135202062, "0.15": 0.004910320950929309, "0.2": 0.0018602627659382984, "0.25": 0.0008800665360430863, "0.3": 0.0004498343515394669, "0.35": 0.00035821750967187277, "0.4": 4.7762334622916366e-05}, "8": {"0": 0.005257420766925437, "0.05": 0.002445093696177933, "0.1": 0.0012459020818511607, "0.15": 0.0009035191221000458, "0.2": 0.0005792897860404728, "0.25": 5.13445097196351e-05, "0.3": 3.714848248449051e-05, "0.35": 3.714848248449051e-05, "0.4": 8.358408559010364e-05}, "9": {"0": 0.005257420766925437, "0.05": 0.007072545405718697, "0.1": 0.005480225039446988, "0.15": 0.002019144779915506, "0.2": 0.001631581651912252, "0.25": 0.0010589265855063248, "0.3": 0.0003853666261943726, "0.35": 0.0, "0.4": 0.0},