{"fscore": {"0": {"0": 0.010441274224259384, "0.05": 0.043846550826790245, "0.1": 0.04500874544062209, "0.15": 0.03213099466150153, "0.2": 0.006581660951527683, "0.25": 0.0, "0.3": 0.0, "0.35": 0.0, "0.4": 0.0}, "1": {"0": 0.010441274224259384, "0.05": 0.15294761454606834, "0.1": 0.20152180706858777, "0.15": 0.2214276967732003, "0.2": 0.22785061704334206, "0.25": 0.2241289972387399, "0.3": 0.20838991695167058, "0.35": 0.18261756805914767, "0.4": 0.14958105109081105}, "2": {"0": 0.010441274224259384, "0.05": 0.009580095343901925, "0.1": 0.0013518930030773093, "0.15": 0.0003005853382481867, "0.2": 3.039421294185587e-05, "0.25": 3.714848248449051e-05, "0.3": 0.0, "0.35": 0.0, "0.4": 0.0}, "3": {"0": 0.010441274224259384, "0.05": 0.0016868850366870956, "0.1": 0.0003729881009185655, "0.15": 0.0001811409857512049, "0.2": 9.923887605784371e-05, "0.25": 3.865160027288031e-06, "0.3": 4.179204279505183e-06, "0.35": 4.370409704057707e-06, "0.4": 0.0}, "4": {"0": 0.010441274224259384, "0.05": 0.0052933342905598976, "0.1": 0.00241720205240335, "0.15": 0.0007716046053183314, "0.2": 0.000299772181664231, "0.25": 0.00014144848113955587, "0.3": 7.8880377270581e-05, "0.35": 4.5719688719189386e-05, "0.4": 4.076557156850668e-05}, "5": {"0": 0.010441274224259384, "0.05": 0.0046225612535221155, "0.1": 0.0002035288895870641, "0.15": 1.8574241242245254e-05, "0.2": 0.0, "0.25": 0.0, "0.3": 0.0, "0.35": 0.0, "0.4": 0.0}, "6": {"0": 0.010441274224259384, "0.05": 0.030271568861763555, "0.1": 0.021846888242486852, "0.15": 0.006987404527497662, "0.2": 0.0005149641079186569, "0.25": 0.00023245847822240078, "0.3": 0.00022810600415284143, "0.35": 4.569020185935386e-05, "0.4": 1.0961847290505397e-05}, "7": {"0": 0.010441274224259384, "0.05": 0.0004807995613838111, "0.1": 0.00018308885042041674, "0.15": 2.1122799924320764e-05, "0.2": 5.814545084528949e-06, "0.25": 5.865549865972185e-06, "0.3": 5.917457386909993e-06, "0.35": 5.9702918278645466e-06, "0.4": 6.024078240728192e-06}, "8": {"0": 0.010441274224259384, "0.05": 0.016640975962854396, "0.1": 0.00596894823464105, "0.15": 0.0017726589238966045, "0.2": 0.0006482724583355549, "0.25": 0.0004394369564696532, "0.3": 0.00016401718323458636, "0.35": 1.311122911217312e-05, "0.4": 1.3373453694416582e-05}, "9": {"0": 0.010441274224259384, "0.05": 0.014916070670684635, "0.1": 0.011683986065427256, "0.15": 0.007373063053918574, "0.2": 0.0040407243660058444, "0.25": 0.0019036199003563071, "0.3": 0.0010790961404326654, "0.35": 0.0005298846037896978, "0.4": 0.0002595801824962099}, "10": {"0": 0.010441274224259384, "0.05": 0.028845381109973995, "0.1": 0.01156430091919599, "0.15": 0.004721719875384547, "0.2": 0.001912548991767692, "0.25": 0.0006608569706973983, "0.3": 0.00022936087599018302, "0.35": 8.788975764527228e-05, "0.4": 2.0724942859768386e-05}, "11": {"0": 0.010441274224259384, "0.05": 0.0032317746723856816, "0.1": 0.0010956664066476339, "0.15": 0.00014437950855707455, "0.2": 4.285413749098922e-05, "0.25": 4.611535756695374e-06, "0.3": 0.0, "0.35": 0.0, "0.4": 0.0}}, "recall": {"0": {"0": 1.0, "0.05": 0.12133426197183886, "0.1": 0.08168854114113998, "0.15": 0.04376500085938922, "0.2": 0.007332070286853188, "0.25": 0.0, "0.3": 0.0, "0.35": 0.0, "0.4": 0.0}, "1": {"0": 1.0, "0.05": 0.5234981767214024, "0.1": 0.41447369042106175, "0.15": 0.3286581737809268, "0.2": 0.2673442838287848, "0.25": 0.21996897208945446, "0.3": 0.17818247708023005, "0.35": 0.13982416707718232, "0.4": 0.10591032857539548}, "2": {"0": 1.0, "0.05": 0.012683134057549419, "0.1": 0.0011503011823067147, "0.15": 0.00021319708677691157, "0.2": 2.089602139752591e-05, "0.25": 2.089602139752591e-05, "0.3": 0.0, "0.35": 0.0, "0.4": 0.0}, "3": {"0": 1.0, "0.05": 0.004099371995050246, "0.1": 0.0006914412867340885, "0.15": 0.0003225971026334737, "0.2": 0.00011965584008668687, "0.25": 2.718181645206623e-06, "0.3": 2.718181645206623e-06, "0.35": 2.718181645206623e-06, "0.4": 0.0}, "4": {"0": 1.0, "0.05": 0.010497871008096217, "0.1": 0.003196696577060487, "0.15": 0.0007264686332946373, "0.2": 0.0002386759237311854, "0.25": 9.37715046937069e-05, "0.3": 4.968565000531289e-05, "0.35": 2.769203080812065e-05, "0.4": 2.39354426917115e-05}, "5": {"0": 1.0, "0.05": 0.004851132888624114, "0.1": 0.00012988151705775163, "0.15": 9.83342183412984e-06, "0.2": 0.0, "0.25": 0.0, "0.3": 0.0, "0.35": 0.0, "0.4": 0.0}, "6": {"0": 1.0, "0.05": 0.0960596621438053, "0.1": 0.04490083337211134, "0.15": 0.01058359143212464, "0.2": 0.0005883104849293309, "0.25": 0.0002701565811385843, "0.3": 0.00024360712110560738, "0.35": 3.389458166833772e-05, "0.4": 7.598553235463968e-06}, "7": {"0": 1.0, "0.05": 0.0004366713375651532, "0.1": 0.00011345532250562543, "0.15": 1.2103423254307098e-05, "0.2": 3.067305893214813e-06, "0.25": 3.067305893214813e-06, "0.3": 3.067305893214813e-06, "0.35": 3.067305893214813e-06, "0.4": 3.067305893214813e-06}, "8": {"0": 1.0, "0.05": 0.038249531013565624, "0.1": 0.00615222947516113, "0.15": 0.0013607651352379178, "0.2": 0.0004317793993042283, "0.25": 0.0002697973701144496, "0.3": 9.575258811753551e-05, "0.35": 7.429696496898102e-06, "0.4": 7.429696496898102e-06}, "9": {"0": 1.0, "0.05": 0.046413841055858364, "0.1": 0.029516738520233496, "0.15": 0.016653430600031285, "0.2": 0.008455188812321853, "0.25": 0.003716079714137163, "0.3": 0.0019414970733460928, "0.35": 0.0009535434504822128, "0.4": 0.0004372202794681604}, "10": {"0": 1.0, "0.05": 0.07064495650068606, "0.1": 0.015263821336388643, "0.15": 0.004438402236425651, "0.2": 0.0015881019419968978, "0.25": 0.00046337989752487857, "0.3": 0.00015609290362715255, "0.35": 5.939303323449675e-05, "0.4": 1.2533104527534418e-05}, "11": {"0": 1.0, "0.05": 0.005667558777270287, "0.1": 0.0014450227263316762, "0.15": 0.00014133679009425436, "0.2": 3.7823130674325e-05, "0.25": 2.718181645206623e-06, "0.3": 0.0, "0.35": 0.0, "0.4": 0.0}}, "precision": {"0": {"0": 0.005257420766925437, "0.05": 0.027710123471202178, "0.1": 0.03318001805999743, "0.15": 0.028061842346870553, "0.2": 0.006802999320180993, "0.25": 0.0, "0.3": 0.0, "0.35": 0.0, "0.4": 0.0}, "1": {"0": 0.005257420766925437, "0.05": 0.09189508482204037, "0.1": 0.14039167271230557, "0.15": 0.1819162467982258, "0.2": 0.22526744052128106, "0.25": 0.26981322691846416, "0.3": 0.31141185977648195, "0.35": 0.3470033721777187, "0.4": 0.3614066577185083}, "2": {"0": 0.005257420766925437, "0.05": 0.008801590389434557, "0.1": 0.0024282904378360617, "0.15": 0.0006623754853738923, "0.2": 5.572272372673576e-05, "0.25": 0.00016716817118020728, "0.3": 0.0, "0.35": 0.0, "0.4": 0.0}, "3": {"0": 0.005257420766925437, "0.05": 0.0010948252866490908, "0.1": 0.0002733073307762688, "0.15": 0.00014401940386775107, "0.2": 9.439987023208758e-05, "0.25": 6.686726847208292e-06, "0.3": 9.036117361092286e-06, "0.35": 1.1144544745347152e-05, "0.4": 0.0}, "4": {"0": 0.005257420766925437, "0.05": 0.003756151975485886, "0.1": 0.002197268957401159, "0.15": 0.0009802339945324562, "0.2": 0.0005164115514981781, "0.25": 0.0003209762244469526, "0.3": 0.00023111102913979034, "0.35": 0.00014925729569661365, "0.4": 0.00014487908168951298}, "5": {"0": 0.005257420766925437, "0.05": 0.006543067056524241, "0.1": 0.0009472863033545081, "0.15": 0.00016716817118020728, "0.2": 0.0, "0.25": 0.0, "0.3": 0.0, "0.35": 0.0, "0.4": 0.0}, "6": {"0": 0.005257420766925437, "0.05": 0.018423889498280284, "0.1": 0.015091421713402248, "0.15": 0.005601863256192062, "0.2": 0.0005317932908416825, "0.25": 0.00022344735883204553, "0.3": 0.00024648034407856895, "0.35": 7.156214798750248e-05, "0.4": 1.966684366825968e-05}, "7": {"0": 0.005257420766925437, "0.05": 0.0007991396987947503, "0.1": 0.0006421313852430732, "0.15": 8.611693666859163e-05, "0.2": 5.572272372673576e-05, "0.25": 6.686726847208293e-05, "0.3": 8.358408559010364e-05, "0.35": 0.00011144544745347152, "0.4": 0.00016716817118020728}, "8": {"0": 0.005257420766925437, "0.05": 0.011052927980460665, "0.1": 0.006565990776011326, "0.15": 0.0030924048790443577, "0.2": 0.0016869178001769325,