{"fscore": {"0": {"0": 0.010441274224259384, "0.05": 0.006292380931847341, "0.1": 0.0023618647363652474, "0.15": 0.0012139921779086135, "0.2": 0.0008225284348280696, "0.25": 0.0005274362588313139, "0.3": 0.00026638437036297286, "0.35": 0.00018154659838596243, "0.4": 0.00013075254991479858}, "1": {"0": 0.010441274224259384, "0.05": 0.0012160107224570315, "0.1": 0.00027027949583386, "0.15": 0.0, "0.2": 0.0, "0.25": 0.0, "0.3": 0.0, "0.35": 0.0, "0.4": 0.0}, "2": {"0": 0.010441274224259384, "0.05": 0.0, "0.1": 0.0, "0.15": 0.0, "0.2": 0.0, "0.25": 0.0, "0.3": 0.0, "0.35": 0.0, "0.4": 0.0}, "3": {"0": 0.010441274224259384, "0.05": 0.0008086045879877645, "0.1": 0.0001245374177965054, "0.15": 0.0, "0.2": 0.0, "0.25": 0.0, "0.3": 0.0, "0.35": 0.0, "0.4": 0.0}, "4": {"0": 0.010441274224259384, "0.05": 0.014908288622472031, "0.1": 0.005172174560170094, "0.15": 0.0020551108196734764, "0.2": 0.0008385537194273302, "0.25": 0.00022885756131797166, "0.3": 6.417003135408093e-05, "0.35": 5.065702156975978e-06, "0.4": 5.065702156975978e-06}, "5": {"0": 0.010441274224259384, "0.05": 7.330257543199116e-05, "0.1": 0.0, "0.15": 0.0, "0.2": 0.0, "0.25": 0.0, "0.3": 0.0, "0.35": 0.0, "0.4": 0.0}, "6": {"0": 0.010441274224259384, "0.05": 0.005342605530416627, "0.1": 0.0003188864001173314, "0.15": 4.7208756094032604e-05, "0.2": 1.8072234722184573e-05, "0.25": 0.0, "0.3": 0.0, "0.35": 0.0, "0.4": 0.0}, "7": {"0": 0.010441274224259384, "0.05": 0.0003488957987617264, "0.1": 5.915714553014548e-05, "0.15": 1.4859392993796203e-05, "0.2": 0.0, "0.25": 0.0, "0.3": 0.0, "0.35": 0.0, "0.4": 0.0}, "8": {"0": 0.010441274224259384, "0.05": 0.0524908260268459, "0.1": 0.04012016813504484, "0.15": 0.027682079480359858, "0.2": 0.018203364755660548, "0.25": 0.011867832455988518, "0.3": 0.007373406852890795, "0.35": 0.004893495171289273, "0.4": 0.003015312361102681}, "9": {"0": 0.010441274224259384, "0.05": 0.0014859837124759946, "0.1": 0.00042516731010785054, "0.15": 0.0002387919315847558, "0.2": 0.00011714520067859996, "0.25": 1.8932447374053555e-05, "0.3": 7.429696496898101e-06, "0.35": 8.25521832988678e-06, "0.4": 0.0}, "10": {"0": 0.010441274224259384, "0.05": 0.0025446831275353606, "0.1": 0.0003475762611074292, "0.15": 0.00025703872229204515, "0.2": 9.245423344864525e-05, "0.25": 4.5015219951794376e-05, "0.3": 8.915635796277722e-06, "0.35": 9.15989979069629e-06, "0.4": 0.0}, "11": {"0": 0.010441274224259384, "0.05": 0.015379699535619074, "0.1": 0.015767941945085063, "0.15": 0.013909008080836859, "0.2": 0.010582795709383648, "0.25": 0.007226645054451148, "0.3": 0.004667856000818699, "0.35": 0.0030139124428573425, "0.4": 0.0018844086777669929}}, "recall": {"0": {"0": 1.0, "0.05": 0.01061626983716994, "0.1": 0.0026892664161100813, "0.15": 0.0011715043727822682, "0.2": 0.0007367778411452083, "0.25": 0.0003875730541026548, "0.3": 0.00017267713037985916, "0.35": 0.00010820071416782376, "0.4": 7.776229503390635e-05}, "1": {"0": 1.0, "0.05": 0.002164273103251999, "0.1": 0.00025627678620116244, "0.15": 0.0, "0.2": 0.0, "0.25": 0.0, "0.3": 0.0, "0.35": 0.0, "0.4": 0.0}, "2": {"0": 1.0, "0.05": 0.0, "0.1": 0.0, "0.15": 0.0, "0.2": 0.0, "0.25": 0.0, "0.3": 0.0, "0.35": 0.0, "0.4": 0.0}, "3": {"0": 1.0, "0.05": 0.0014701116123362573, "0.1": 0.00013381016089709143, "0.15": 0.0, "0.2": 0.0, "0.25": 0.0, "0.3": 0.0, "0.35": 0.0, "0.4": 0.0}, "4": {"0": 1.0, "0.05": 0.018122791696887297, "0.1": 0.0043193915027668565, "0.15": 0.001472569627312032, "0.2": 0.0005729080154576591, "0.25": 0.00012593193856653628, "0.3": 3.560139303975273e-05, "0.35": 2.591754591941198e-06, "0.4": 2.591754591941198e-06}, "5": {"0": 1.0, "0.05": 6.61307037331663e-05, "0.1": 0.0, "0.15": 0.0, "0.2": 0.0, "0.25": 0.0, "0.3": 0.0, "0.35": 0.0, "0.4": 0.0}, "6": {"0": 1.0, "0.05": 0.004055329232614478, "0.1": 0.0001698487563710131, "0.15": 2.4841311383073743e-05, "0.2": 9.83342183412984e-06, "0.25": 0.0, "0.3": 0.0, "0.35": 0.0, "0.4": 0.0}, "7": {"0": 1.0, "0.05": 0.0004917839023049833, "0.1": 4.4040109330830446e-05, "0.15": 8.798324798958279e-06, "0.2": 0.0, "0.25": 0.0, "0.3": 0.0, "0.35": 0.0, "0.4": 0.0}, "8": {"0": 1.0, "0.05": 0.1396715856390637, "0.1": 0.06182300386598798, "0.15": 0.0313924591419502, "0.2": 0.01692365631882341, "0.25": 0.009619516671752143, "0.3": 0.00549947218156415, "0.35": 0.0034508674483748735, "0.4": 0.0019986787992424897}, "9": {"0": 1.0, "0.05": 0.004208320294797933, "0.1": 0.0008195895455237898, "0.15": 0.0003210337808006608, "0.2": 0.000143360984603932, "0.25": 1.5845756197741945e-05, "0.3": 5.572272372673576e-06, "0.35": 5.572272372673576e-06, "0.4": 0.0}, "10": {"0": 1.0, "0.05": 0.005677469872830907, "0.1": 0.0005648200737356379, "0.15": 0.0003446106816948422, "0.2": 7.597068780619433e-05, "0.25": 3.300499789968195e-05, "0.3": 5.1436360363140705e-06, "0.35": 5.1436360363140705e-06, "0.4": 0.0}, "11": {"0": 1.0, "0.05": 0.03921762883433695, "0.1": 0.02322623552933046, "0.15": 0.015286061148846014, "0.2": 0.009540455323982748, "0.25": 0.005669080378410753, "0.3": 0.0033101035821453094, "0.35": 0.001998665662777154, "0.4": 0.001199555780805859}}, "precision": {"0": {"0": 0.005257420766925437, "0.05": 0.004901458985643842, "0.1": 0.0024999348280982507, "0.15": 0.0016679881647316563, "0.2": 0.0012535515773169914, "0.25": 0.001045162905744651, "0.3": 0.0007920587158300298, "0.35": 0.0009305694862364874, "0.4": 0.0005293658754039897}, "1": {"0": 0.005257420766925437, "0.05": 0.0009499570382113169, "0.1": 0.0003261270493522806, "0.15": 0.0, "0.2": 0.0, "0.25": 0.0, "0.3": 0.0, "0.35": 0.0, "0.4": 0.0}, "2": {"0": 0.005257420766925437, "0.05": 0.0, "0.1": 0.0, "0.15": 0.0, "0.2": 0.0, "0.25": 0.0, "0.3": 0.0, "0.35": 0.0, "0.4": 0.0}, "3": {"0": 0.005257420766925437, "0.05": 0.0006068716957993141, "0.1": 0.00012025873538984299, "0.15": 0.0, "0.2": 0.0, "0.25": 0.0, "0.3": 0.0, "0.35": 0.0, "0.4": 0.0}, "4": {"0": 0.005257420766925437, "0.05": 0.01784107317293225, "0.1": 0.011527150072515936, "0.15": 0.008169193770957671, "0.2": 0.004455309769782599, "0.25": 0.0024835207884355325, "0.3": 0.0006705301088450536, "0.35": 0.00011144544745347152, "0.4": 0.00011144544745347152}, "5": {"0": 0.005257420766925437, "0.05": 8.372881993744582e-05, "0.1": 0.0, "0.15": 0.0, "0.2": 0.0, "0.25": 0.0, "0.3": 0.0, "0.35": 0.0, "0.4": 0.0}, "6": {"0": 0.005257420766925437, "0.05": 0.016000856966245407, "0.1": 0.004402095174412125, "0.15": 0.0007801181321743007, "0.2": 0.00011144544745347152, "0.25": 0.0, "0.3": 0.0, "0.35": 0.0, "0.4": 0.0}, "7": {"0": 0.005257420766925437, "0.05": 0.00031078480591196665, "0.1": 0.00010834705331060646, "0.15": 4.7762334622916366e-05, "0.2": 0.0, "0.25": 0.0, "0.3": 0.0, "0.35": 0.0, "0.4": 0.0}, "8": {"0": 0.005257420766925437, "0.05": 0.03311599649753764, "0.1": 0.03159766581931164, "0.15": 0.027561751948832886, "0.2": 0.023063968217747373, "0.25": 0.01929951233944718, "0.3": 0.015257534812584258, "0.35": 0.012156046387743346, "0.4": 0.009216825391769205}, "9": {"0": 0.005257420766925437, "0.05": 0.0009272232784625369, "0.1": 0.00030900091996574435, "0.15": 0.00020551660362009094, "0.2": 0.00010677190147043996, "0.25": 2.369999202602275e-05, "0.3": 1.1144544745347152e-05, "0.35": 1.592077820763879e-05, "0.4": 0.0}, "10": {"0": 0.005257420766925437, "0.05": 0.0016884131027273595, "0.1": 0.0002844818086164456, "0.15": 0.00024662306504209976, "0.2": 0.00014223767985051838, "0.25": 7.243954084475649e-05, "0.3": 3.343363423604146e-05, "0.35": 4.179204279505182e-05, "0.4": 0.0}, "11": {"0": 0.005257420766925437, "0.05": 0.009979954945250249, "0.1": 0.01321617305134705, "0.15": 0.015376523116766462, "0.2": 0.01568043184345137, "0.25": 0.01444039295606531, "0.3": 0.012322092065726997, "0.35": 0.0099575919521049, "0.4": 0.007340531788876821}}}