{"fscore": {"0": {"0": 0.010441274224259384, "0.05": 0.006161911556028911, "0.1": 0.001663214338256839, "0.15": 0.000647384883672177, "0.2": 1.2616465749449608e-05, "0.25": 1.2616465749449608e-05, "0.3": 0.0, "0.35": 0.0, "0.4": 0.0}, "1": {"0": 0.010441274224259384, "0.05": 0.01810851509154439, "0.1": 0.017335200585532323, "0.15": 0.01139430593866103, "0.2": 0.005896582044307685, "0.25": 0.0026129822302798492, "0.3": 0.0009956445495681112, "0.35": 0.00034009451735856505, "0.4": 0.00010134011703938878}, "2": {"0": 0.010441274224259384, "0.05": 0.01954452802642116, "0.1": 0.012499933999103447, "0.15": 0.0073628831578268356, "0.2": 0.003527599554533036, "0.25": 0.0014562913785601645, "0.3": 0.0007104321138576516, "0.35": 0.00022517082074147106, "0.4": 8.050166336163402e-05}, "3": {"0": 0.010441274224259384, "0.05": 0.009097758782601153, "0.1": 0.0030517909312890146, "0.15": 0.0010462604807120982, "0.2": 0.00039174089296213627, "0.25": 0.00014560591033018568, "0.3": 0.00010587196068123976, "0.35": 4.211140227886118e-05, "0.4": 1.0131404313951956e-05}, "4": {"0": 0.010441274224259384, "0.05": 0.0016306574863782142, "0.1": 0.000504453503225188, "0.15": 0.0003733441853787088, "0.2": 0.0002602259921630723, "0.25": 0.00015198577522667378, "0.3": 9.568138383927419e-05, "0.35": 3.959547230672135e-05, "0.4": 2.125059869475169e-05}, "5": {"0": 0.010441274224259384, "0.05": 0.0029733087459908147, "0.1": 0.0007582770604377793, "0.15": 0.0006871963657372167, "0.2": 0.0007601399618623321, "0.25": 0.0007485114320269278, "0.3": 0.0006488872414469923, "0.35": 0.0006342839935162758, "0.4": 0.0005650043933084069}, "6": {"0": 0.010441274224259384, "0.05": 0.013984804581057074, "0.1": 0.0028604836903924568, "0.15": 0.0002540611254986937, "0.2": 1.7145453454380232e-05, "0.25": 0.0, "0.3": 0.0, "0.35": 0.0, "0.4": 0.0}, "7": {"0": 0.010441274224259384, "0.05": 0.005709365248533058, "0.1": 0.002260976263674149, "0.15": 0.0005870643827229067, "0.2": 0.0002124797436181517, "0.25": 0.00011942392579352451, "0.3": 7.638959178105651e-05, "0.35": 5.2570247157719834e-05, "0.4": 1.311122911217312e-05}, "8": {"0": 0.010441274224259384, "0.05": 0.006440493282568144, "0.1": 0.006507263560865188, "0.15": 0.005930138299495316, "0.2": 0.004583674812219979, "0.25": 0.0008206822494492727, "0.3": 2.1097902978839906e-05, "0.35": 2.178901376494155e-05, "0.4": 2.231970637186284e-05}, "9": {"0": 0.010441274224259384, "0.05": 0.14146543712844808, "0.1": 0.07759912616277471, "0.15": 0.029615721471698043, "0.2": 0.010025121760864614, "0.25": 0.0034386551361989346, "0.3": 0.0013153289464642674, "0.35": 0.0006134653127276776, "0.4": 0.0004227410166034753}, "10": {"0": 0.010441274224259384, "0.05": 0.000589190188430109, "0.1": 5.8183207631552666e-05, "0.15": 0.0, "0.2": 0.0, "0.25": 0.0, "0.3": 0.0, "0.35": 0.0, "0.4": 0.0}, "11": {"0": 0.010441274224259384, "0.05": 0.0337229428155847, "0.1": 0.02254319527008742, "0.15": 0.01576749262489912, "0.2": 0.01040452076071105, "0.25": 0.006665078320075358, "0.3": 0.004110166482133249, "0.35": 0.002484674858220977, "0.4": 0.001400227196960784}}, "recall": {"0": {"0": 1.0, "0.05": 0.009840679634513903, "0.1": 0.001353667459246295, "0.15": 0.0004615326937131059, "0.2": 6.429545045392589e-06, "0.25": 6.429545045392589e-06, "0.3": 0.0, "0.35": 0.0, "0.4": 0.0}, "1": {"0": 1.0, "0.05": 0.07194525302803678, "0.1": 0.02773757376143743, "0.15": 0.010998571199794789, "0.2": 0.004332333278401861, "0.25": 0.0016856573267029832, "0.3": 0.0005698752587943865, "0.35": 0.00018348067195640051, "0.4": 5.256710285935194e-05}, "2": {"0": 1.0, "0.05": 0.063006413430833, "0.1": 0.029870808266079865, "0.15": 0.014632088907299475, "0.2": 0.0059118897559125375, "0.25": 0.002070553902257515, "0.3": 0.0008533696085603728, "0.35": 0.00023903419972257846, "0.4": 7.107415315796567e-05}, "3": {"0": 1.0, "0.05": 0.02573238181552647, "0.1": 0.0045217295076321355, "0.15": 0.001113638364076691, "0.2": 0.0003461478313659246, "0.25": 9.915068191417344e-05, "0.3": 6.259293351475972e-05, "0.35": 2.2736861377784144e-05, "0.4": 5.572272372673576e-06}, "4": {"0": 1.0, "0.05": 0.008087264806741584, "0.1": 0.0015370310840977365, "0.15": 0.0008255491628668827, "0.2": 0.0004667754240609212, "0.25": 0.00020281289292298652, "0.3": 9.218002966802582e-05, "0.35": 3.2411350090857886e-05, "0.4": 1.7254544356528998e-05}, "5": {"0": 1.0, "0.05": 0.011326396890225281, "0.1": 0.0022131530889295922, "0.15": 0.0013995576403553007, "0.2": 0.0011741615001419788, "0.25": 0.0009710885060386518, "0.3": 0.0007203558522461275, "0.35": 0.0006374796011361244, "0.4": 0.0004732694797164972}, "6": {"0": 1.0, "0.05": 0.0365316593515388, "0.1": 0.001993935678020135, "0.15": 0.0001366851966615279, "0.2": 8.798324798958279e-06, "0.25": 0.0, "0.3": 0.0, "0.35": 0.0, "0.4": 0.0}, "7": {"0": 1.0, "0.05": 0.012840178443784092, "0.1": 0.0036967295407762694, "0.15": 0.0008844167584894126, "0.2": 0.0002644063554214738, "0.25": 0.000135147425074919, "0.3": 7.721591360995453e-05, "0.35": 5.11454427998581e-05, "0.4": 1.0131404313951957e-05}, "8": {"0": 1.0, "0.05": 0.013787076643000306, "0.1": 0.013122325669407736, "0.15": 0.01143609827133667, "0.2": 0.008385354405913597, "0.25": 0.0013924450739354409, "0.3": 4.6249860693190686e-05, "0.35": 4.6249860693190686e-05, "0.4": 4.6249860693190686e-05}, "9": {"0": 1.0, "0.05": 0.1894484019367293, "0.1": 0.06255176935673198, "0.15": 0.01978526974935742, "0.2": 0.0061772857513415795, "0.25": 0.0020517240780707907, "0.3": 0.0007648074084615275, "0.35": 0.00035378474247861185, "0.4": 0.00024660566975484935}, "10": {"0": 1.0, "0.05": 0.0008402314032255373, "0.1": 4.183290854745898e-05, "0.15": 0.0, "0.2": 0.0, "0.25": 0.0, "0.3": 0.0, "0.35": 0.0, "0.4": 0.0}, "11": {"0": 1.0, "0.05": 0.09805808441430505, "0.1": 0.04207567979890433, "0.15": 0.022569417177301196, "0.2": 0.012225511987627877, "0.25": 0.006549482246725735, "0.3": 0.003548535316004947, "0.35": 0.0019558601725089835, "0.4": 0.0009869271029143143}}, "precision": {"0": {"0": 0.005257420766925437, "0.05": 0.006739484646214814, "0.1": 0.004105662530938359, "0.15": 0.0024908057505850885, "0.2": 0.00033433634236041456, "0.25": 0.00033433634236041456, "0.3": 0.0, "0.35": 0.0, "0.4": 0.0}, "1": {"0": 0.005257420766925437, "0.05": 0.010575782927906674, "0.1": 0.013501883046270296, "0.15": 0.013507148393994936, "0.2": 0.011093684140439087, "0.25": 0.008411938931066886, "0.3": 0.0053304746258607824, "0.35": 0.003491936942287995, "0.4": 0.0019893012370444667}, "2": {"0": 0.005257420766925437, "0.05": 0.011757127970157447, "0.1": 0.008124435818342594, "0.15": 0.00508342154694623, "0.2": 0.0026051862888225824, "0.25": 0.0011747251362459023, "0.3": 0.0006338083779310253, "0.35": 0.00022782819092918638, "0.4": 9.795778210948576e-05}, "3": {"0": 0.005257420766925437, "0.05": 0.005658829209518462, "0.1": 0.002450356819574959, "0.15": 0.0010790401507455828, "0.2": 0.0005839331588269371, "0.25": 0.0003043860492805795, "0.3": 0.0004573160039559237, "0.35": 0.0003714848248449051, "0.4": 5.572272372673576e-05}, "4": {"0": 0.005257420766925437, "0.05": 0.0009169054749023952, "0.1": 0.00030757401557942097, "0.15": 0.0002494677052941804, "0.2": 0.0001893927897916546, "0.25": 0.00012841610878696507, "0.3": 0.00010242495036571295, "0.35": 5.173796927122403e-05, "0.4": 2.786136186336788e-05}, "5": {"0": 0.005257420766925437, "0.05": 0.0017440282736044615, "0.1": 0.00048106611461170277, "0.15": 0.0004906981053700931, "0.2": 0.0006279262831318176, "0.25": 0.0007130199114162131, "0.3": 0.0008064709578858367, "0.35": 0.000977280873884249, "0.4": 0.0012115197580480899}, "6": {"0": 0.005257420766925437, "0.05": 0.008823691567561156, "0.1": 0.006385588538184319, "0.15": 0.0023410298234771655, "0.2": 0.00033433634236041456, "0.25": 0.0, "0.3": 0.0, "0.35": 0.0, "0.4": 0.0}, "7": {"0": 0.005257420766925437, "0.05": 0.003735970180206879, "0.1": 0.0016763951830503566, "0.15": 0.0004693849394925848, "0.2": 0.0001854943007672195, "0.25": 0.00010970630634804212,