{"fscore": {"0": {"0": 0.010441274224259384, "0.05": 0.0026023927733972952, "0.1": 0.00029705667768334496, "0.15": 9.606539323739704e-05, "0.2": 0.0, "0.25": 0.0, "0.3": 0.0, "0.35": 0.0, "0.4": 0.0}, "1": {"0": 0.010441274224259384, "0.05": 0.0005169926624813011, "0.1": 0.00010587317508079794, "0.15": 8.358408559010364e-05, "0.2": 0.0, "0.25": 0.0, "0.3": 0.0, "0.35": 0.0, "0.4": 0.0}, "2": {"0": 0.010441274224259384, "0.05": 0.003623484766198279, "0.1": 0.0006872512148333435, "0.15": 0.0004370737543021787, "0.2": 0.00039641733557062655, "0.25": 0.00041649848716052086, "0.3": 0.00017726066117085723, "0.35": 7.466082527895555e-05, "0.4": 0.0}, "3": {"0": 0.010441274224259384, "0.05": 0.006725549414960054, "0.1": 0.005542984476827887, "0.15": 0.0030114334419304154, "0.2": 0.0010798870027774634, "0.25": 3.363588947037184e-05, "0.3": 3.6144469444369145e-06, "0.35": 3.820986769833309e-06, "0.4": 0.0}, "4": {"0": 0.010441274224259384, "0.05": 0.0025936163355363986, "0.1": 0.00033177974988315637, "0.15": 0.00018783216652687134, "0.2": 7.491145114541619e-05, "0.25": 3.714848248449051e-05, "0.3": 0.0, "0.35": 0.0, "0.4": 0.0}, "5": {"0": 0.010441274224259384, "0.05": 0.011219280794305458, "0.1": 0.0038617679510528215, "0.15": 0.001348178162884946, "0.2": 0.00046295496409698824, "0.25": 0.0002069435910319729, "0.3": 0.00011313477889677076, "0.35": 0.00010666921399117988, "0.4": 1.1333435334251342e-05}, "6": {"0": 0.010441274224259384, "0.05": 0.026368097212530153, "0.1": 0.025517852967886636, "0.15": 0.020549589839779954, "0.2": 0.01336287633787875, "0.25": 0.006533980034673791, "0.3": 0.0027606525235868234, "0.35": 0.0007364290843161004, "0.4": 0.0003099336865557091}, "7": {"0": 0.010441274224259384, "0.05": 0.0012006169149546345, "0.1": 0.0006717800922229373, "0.15": 0.0004243947465705476, "0.2": 0.00011701771982614511, "0.25": 1.8574241242245254e-05, "0.3": 0.0, "0.35": 0.0, "0.4": 0.0}, "8": {"0": 0.010441274224259384, "0.05": 0.026957994209743767, "0.1": 0.007804950074499528, "0.15": 0.0030759140349982035, "0.2": 0.001794231973056129, "0.25": 0.0010823277512489883, "0.3": 0.0007348240689375949, "0.35": 0.0006286940471713296, "0.4": 0.0005998839068386727}, "9": {"0": 0.010441274224259384, "0.05": 0.0066219790763787836, "0.1": 0.006335241891611559, "0.15": 0.004768854475245526, "0.2": 0.002199052029532546, "0.25": 0.00011495401683259211, "0.3": 1.931478011262326e-05, "0.35": 1.9533687434778878e-05, "0.4": 1.9774472242836298e-05}, "10": {"0": 0.010441274224259384, "0.05": 0.1858738482984635, "0.1": 0.24049857080796014, "0.15": 0.2586811547579435, "0.2": 0.2645164342307909, "0.25": 0.2653930103164445, "0.3": 0.2588388187067831, "0.35": 0.24491643126648033, "0.4": 0.23009089252140558}, "11": {"0": 0.010441274224259384, "0.05": 0.006576818699920526, "0.1": 0.0012519051849383042, "0.15": 0.000648147106704364, "0.2": 0.0003156072783931693, "0.25": 8.98611513063565e-05, "0.3": 0.0, "0.35": 0.0, "0.4": 0.0}}, "recall": {"0": {"0": 1.0, "0.05": 0.02218922805908457, "0.1": 0.0008878470682951924, "0.15": 0.00016793204690229095, "0.2": 0.0, "0.25": 0.0, "0.3": 0.0, "0.35": 0.0, "0.4": 0.0}, "1": {"0": 1.0, "0.05": 0.0003414632196582901, "0.1": 6.858181381752094e-05, "0.15": 5.572272372673576e-05, "0.2": 0.0, "0.25": 0.0, "0.3": 0.0, "0.35": 0.0, "0.4": 0.0}, "2": {"0": 1.0, "0.05": 0.014934410558850274, "0.1": 0.0023572744292363443, "0.15": 0.0012070889184661007, "0.2": 0.0007891522423354238, "0.25": 0.000667931555104599, "0.3": 0.0002010530887097426, "0.35": 7.169891879886372e-05, "0.4": 0.0}, "3": {"0": 1.0, "0.05": 0.012694561443206425, "0.1": 0.009466582594031983, "0.15": 0.0046290821355178206, "0.2": 0.0014900381797777864, "0.25": 5.1636390653441804e-05, "0.3": 4.457817898138861e-06, "0.35": 4.457817898138861e-06, "0.4": 0.0}, "4": {"0": 1.0, "0.05": 0.005248810761324623, "0.1": 0.0002371967368234836, "0.15": 0.00011550251497538458, "0.2": 4.82509518569104e-05, "0.25": 2.3881167311458183e-05, "0.3": 0.0, "0.35": 0.0, "0.4": 0.0}, "5": {"0": 1.0, "0.05": 0.02118587211020268, "0.1": 0.0032092861911517086, "0.15": 0.0009193184270282337, "0.2": 0.00027268854036270737, "0.25": 0.00012283808266425652, "0.3": 7.237226995092139e-05, "0.35": 6.16930155546003e-05, "0.4": 5.970291827864546e-06}, "6": {"0": 1.0, "0.05": 0.12631221418195662, "0.1": 0.07609733770478037, "0.15": 0.043737360303996706, "0.2": 0.02202635381208014, "0.25": 0.008960531801457741, "0.3": 0.003149044963162084, "0.35": 0.0007017041852987011, "0.4": 0.0002793752014914087}, "7": {"0": 1.0, "0.05": 0.004493858984408514, "0.1": 0.0012544307385090178, "0.15": 0.0004052574503290479, "0.2": 8.001071190639897e-05, "0.25": 1.0131404313951957e-05, "0.3": 0.0, "0.35": 0.0, "0.4": 0.0}, "8": {"0": 1.0, "0.05": 0.024554808550033544, "0.1": 0.005321083724966305, "0.15": 0.001981630261432063, "0.2": 0.0010996879373775309, "0.25": 0.0006384074965110042, "0.3": 0.0004381362704816086, "0.35": 0.0003731281412915269, "0.4": 0.00035633568246708984}, "9": {"0": 1.0, "0.05": 0.013204222353074637, "0.1": 0.012316009074065746, "0.15": 0.008879828523476128, "0.2": 0.0038197797245537657, "0.25": 0.0001949678130072763, "0.3": 2.6401993403495464e-05, "0.35": 2.6401993403495464e-05, "0.4": 2.6401993403495464e-05}, "10": {"0": 1.0, "0.05": 0.5437552911773187, "0.1": 0.4625585058088426, "0.15": 0.3907913287406257, "0.2": 0.33224972386945434, "0.25": 0.2872455546493616, "0.3": 0.2496132012812103, "0.35": 0.21435868747862594, "0.4": 0.18621666252835617}, "11": {"0": 1.0, "0.05": 0.007423271931560725, "0.1": 0.0010005502871111805, "0.15": 0.0004529844843097226, "0.2": 0.00019521246117702154, "0.25": 5.850885991307255e-05, "0.3": 0.0, "0.35": 0.0, "0.4": 0.0}}, "precision": {"0": {"0": 0.005257420766925437, "0.05": 0.0014026864755660262, "0.1": 0.00018472855017582314, "0.15": 6.907394286924181e-05, "0.2": 0.0, "0.25": 0.0, "0.3": 0.0, "0.35": 0.0, "0.4": 0.0}, "1": {"0": 0.005257420766925437, "0.05": 0.0014972285784723095, "0.1": 0.00025075225677031093, "0.15": 0.00016716817118020728, "0.2": 0.0, "0.25": 0.0, "0.3": 0.0, "0.35": 0.0, "0.4": 0.0}, "2": {"0": 0.005257420766925437, "0.05": 0.002090560726052692, "0.1": 0.0004229538834119287, "0.15": 0.0002880885196668894, "0.2": 0.000293054198472995, "0.25": 0.0003421933439664426, "0.3": 0.00016541286087566788, "0.35": 7.942132239708991e-05, "0.4": 0.0}, "3": {"0": 0.005257420766925437, "0.05": 0.004642879288894458, "0.1": 0.0039915853175718, "0.15": 0.00228298804798389, "0.2": 0.0008720946021869739, "0.25": 2.6641453632102996e-05, "0.3": 3.039421294185587e-06, "0.35": 3.343363423604146e-06, "0.4": 0.0}, "4": {"0": 0.005257420766925437, "0.05": 0.0020194169528090435, "0.1": 0.0007158752379709368, "0.15": 0.0005882727547722533, "0.2": 0.00020617407778892233, "0.25": 8.358408559010364e-05, "0.3": 0.0, "0.35": 0.0, "0.4": 0.0}, "5": {"0": 0.005257420766925437, "0.05": 0.008218980864731915, "0.1": 0.005975886479779589, "0.15": 0.004312316001262149, "0.2": 0.002191976933306184, "0.25": 0.0013656047507602173, "0.3": 0.0003263759532565952, "0.35": 0.00041792042795051824, "0.4": 0.00011144544745347152}, "6": {"0": 0.005257420766925437, "0.05": 0.014872682345430193, "0.1": 0.015584470001621909, "0.15": 0.013744768262643071, "0.2": 0.009848990896601923, "0.25": 0.0053248069093327546, "0.3": 0.002558071862517867, "0.35": 0.0008132996358600682, "0.4": 0.00039476373330212384}, "7": {"0": 0.005257420766925437, "0.05": 0.0007263558787251811, "0.1": 0.0005273613294689043, "0.15": 0.0005629339284911264, "0.2": 0.00024146513614918834, "0.25": 0.00011144544745347152, "0.3": 0.0, "0.35": 0.0, "0.4": 0.0}, "8": {"0": 0.005257420766925437, "0.05": 0.05107268482482857, "0.1": 0.0285340215066948, "0.15": 0.012715669964836829, "0.2": 0.007771333573740794, "0.25": 0.00540946571538347, "0.3": 0.003715644287359433, "0.35": 0.0029379142719162784, "0.4": 0.003469137571444493}, "9": {"0": 0.005257420766925437, "0.05": 0.004482473177090821, "0.1": 0.004325893539321608, "0.15": 0.0033123020543282754,