{"ast": {"0": 5.2394002452591915, "1": 4.663392916358618, "2": 3.98937755774427, "3": 3.2963268029800674, "4": 4.421925658670525, "5": 4.504221868929142, "6": 3.4133866008301634, "7": 3.3041024826761602, "8": 4.334325153733094, "9": 5.887152108893726, "10": 4.5361283187550505, "11": 4.757682440471703}, "dfg": {"0": 2.2321260983861153, "1": 3.423054000688404, "2": 2.3472930438372717, "3": 1.8505981064189692, "4": 2.3327680517748646, "5": 1.3596011779431236, "6": 1.2629432536857004, "7": 1.7473595333492067, "8": 1.8398643979552955, "9": 3.352984834938058, "10": 1.7258865983031142, "11": 2.171053878070347}, "common": {"0": 5.2602412765925735, "1": 4.88612915234573, "2": 4.179376146692602, "3": 3.586291532088834, "4": 4.6900596040322995, "5": 4.640012112031375, "6": 3.660261145678967, "7": 3.563718066027171, "8": 4.601825925455016, "9": 6.1711545649719275, "10": 4.7761569309433565, "11": 4.990571665616536}, "ast_wo_identifiers": {"0": 3.1470974524448163, "1": 3.725889527132642, "2": 2.72940651154205, "3": 2.504814255609557, "4": 2.6352568434163524, "5": 2.4060694727304677, "6": 2.1830101434030613, "7": 2.567153429940675, "8": 2.4411245661004486, "9": 4.064975337655111, "10": 2.4964191020275264, "11": 2.987665806480247}}