{"ast": {"0": 4.790546961417171, "1": 5.239712607934542, "2": 4.021432406160435, "3": 3.5206181714891915, "4": 4.528469630932459, "5": 4.892446289542124, "6": 4.537154574931871, "7": 3.5774578802168264, "8": 4.050411103777298, "9": 5.000394616909677, "10": 4.246302763201506, "11": 4.810301466196334}, "dfg": {"0": 1.9880666807639022, "1": 3.348495149449707, "2": 2.4503146835611425, "3": 2.2586494647746074, "4": 1.1780990770703217, "5": 1.5965324346436864, "6": 2.2701376894353293, "7": 2.2124983573982373, "8": 1.0646165973515376, "9": 3.0815334127659106, "10": 1.25605970398509, "11": 2.3172593283347918}, "common": {"0": 5.079971638871234, "1": 5.526183918337301, "2": 4.2656466329824445, "3": 3.7963656660548777, "4": 4.620861208551876, "5": 4.893144311520478, "6": 4.812857316948102, "7": 3.833636346728579, "8": 4.339296392339343, "9": 5.184103796178781, "10": 4.532489231096553, "11": 5.087018927059175}, "ast_wo_identifiers": {"0": 2.668910534629473, "1": 3.639598604941712, "2": 2.6970629907508896, "3": 2.6824887104311763, "4": 2.4116536441284255, "5": 2.7801216858799425, "6": 2.74497831078884, "7": 2.874998297418172, "8": 1.9473704525448126, "9": 3.3124596311670187, "10": 2.117580493915365, "11": 3.0172248589799726}}