{"ast": {"0": 6.744846856792934, "1": 4.2357227996428035, "2": 4.759984168473058, "3": 3.6841245119455883, "4": 4.95907546656088, "5": 5.63784215301808, "6": 5.084136789228893, "7": 3.9064543385445925, "8": 5.6374340931094, "9": 6.07542032962257, "10": 6.266477277102073, "11": 4.7657854056093125}, "dfg": {"0": 4.1335424568310195, "1": 2.981712011290013, "2": 3.204881785101793, "3": 2.221587909751868, "4": 2.319026030166341, "5": 2.8178127730182787, "6": 2.9908123396051622, "7": 2.7362053376558384, "8": 3.465546523035868, "9": 4.067564642021889, "10": 4.072785701228472, "11": 2.922484396878324}, "common": {"0": 6.987977787419497, "1": 4.473828517065263, "2": 5.045062674825678, "3": 3.9629873679760865, "4": 5.168736548268148, "5": 5.909012070155274, "6": 5.1166784700890835, "7": 4.128870371689013, "8": 5.81673886954048, "9": 6.346330029783561, "10": 6.358033579120468, "11": 5.009864196617566}, "ast_wo_identifiers": {"0": 4.752603265593428, "1": 3.5292979672939238, "2": 3.5379027718485023, "3": 2.8920154236304847, "4": 3.064794397116411, "5": 3.612817820286461, "6": 3.812201733999925, "7": 3.2348616368203937, "8": 4.150609659122122, "9": 4.521603512700752, "10": 4.803194937930572, "11": 3.343206059393531}}