{"ast": {"0": 4.486033448984839, "1": 4.520151738902997, "2": 4.408394511691419, "3": 3.559212471106066, "4": 3.9728103818670717, "5": 5.6164384464947785, "6": 4.469670679857163, "7": 3.448606967037351, "8": 5.3295085581186035, "9": 5.141447245133924, "10": 4.366529837637456, "11": 5.120262819244002}, "dfg": {"0": 1.0679179195533708, "1": 2.7301083821762813, "2": 2.760112623586025, "3": 2.176678355816759, "4": 0.693475394168247, "5": 2.288744213119442, "6": 2.256866126746683, "7": 1.8221107582962053, "8": 2.5350832278718722, "9": 2.8990664095590386, "10": 1.3926765310304503, "11": 2.900899193024616}, "common": {"0": 4.537132999382789, "1": 4.8042049680547665, "2": 4.667672682568005, "3": 3.8360374555449166, "4": 4.213007785417533, "5": 5.632431667868554, "6": 4.687712475183279, "7": 3.7362559524364825, "8": 5.48050033761433, "9": 5.241893310672913, "10": 4.626473848067785, "11": 5.411947403469673}, "ast_wo_identifiers": {"0": 2.3233259014075314, "1": 3.1042186057078935, "2": 3.0785025200900917, "3": 2.6775648515724613, "4": 1.789862308532088, "5": 3.449846360137739, "6": 2.966890828096932, "7": 2.426049332784867, "8": 3.428396209458433, "9": 3.304527908081019, "10": 2.3336042603391385, "11": 3.285594771115501}}