{"fscore": {"0": {"0": 0.11396083236362174, "0.05": 0.031922258195664036, "0.1": 0.012067750882753506, "0.15": 0.008645379016845717, "0.2": 0.0057343366586773605, "0.25": 0.003359363794489036, "0.3": 0.001716696053628801, "0.35": 0.0007235607776182748, "0.4": 0.00028148348940947656}, "1": {"0": 0.11396083236362174, "0.05": 0.08061525802359441, "0.1": 0.02685489246736747, "0.15": 0.00969948572266147, "0.2": 0.004699828961155154, "0.25": 0.0024816752499418797, "0.3": 0.0015699299739626597, "0.35": 0.0010603500628233427, "0.4": 0.0006937929428171128}, "2": {"0": 0.11396083236362174, "0.05": 0.04351889515656771, "0.1": 0.005269379521824215, "0.15": 0.0008157282235454369, "0.2": 0.00014305118105697708, "0.25": 3.45856837200721e-05, "0.3": 0.0, "0.35": 0.0, "0.4": 0.0}, "3": {"0": 0.11396083236362174, "0.05": 0.1215530020383508, "0.1": 0.05946465682275718, "0.15": 0.026715720176728425, "0.2": 0.014864552771137109, "0.25": 0.0096007779324113, "0.3": 0.006289009555602007, "0.35": 0.0037997833317769255, "0.4": 0.0022989769790155014}, "4": {"0": 0.11396083236362174, "0.05": 0.09167570741392063, "0.1": 0.03999675993969752, "0.15": 0.01780649093022387, "0.2": 0.00852861484976012, "0.25": 0.004445143012846785, "0.3": 0.0022249691141045724, "0.35": 0.0009330261469431307, "0.4": 0.00028881413929419367}, "5": {"0": 0.11396083236362174, "0.05": 0.22913221473001472, "0.1": 0.20883768408333106, "0.15": 0.18695776494751343, "0.2": 0.16561058263127446, "0.25": 0.14579186234428698, "0.3": 0.12728190712723456, "0.35": 0.11020826237540424, "0.4": 0.09487693561177205}, "6": {"0": 0.11396083236362174, "0.05": 0.2009404984306705, "0.1": 0.1357603773606964, "0.15": 0.09448786991519043, "0.2": 0.06644821130565864, "0.25": 0.04580375710574606, "0.3": 0.03200729379052505, "0.35": 0.023293227085305096, "0.4": 0.016821700495285957}, "7": {"0": 0.11396083236362174, "0.05": 0.16420761320369104, "0.1": 0.07726850446704543, "0.15": 0.03778498966555489, "0.2": 0.01975050683962499, "0.25": 0.010563486966383465, "0.3": 0.005584933132438931, "0.35": 0.002934562692080988, "0.4": 0.0017903742238486145}, "8": {"0": 0.11396083236362174, "0.05": 0.3061946712969293, "0.1": 0.24257264741950355, "0.15": 0.19999032430328556, "0.2": 0.15780681704395455, "0.25": 0.11580990138521614, "0.3": 0.08066483529201263, "0.35": 0.053188775977498465, "0.4": 0.03263311763566926}, "9": {"0": 0.11396083236362174, "0.05": 0.03694606307614281, "0.1": 0.0060252167843322475, "0.15": 0.0018139639164722254, "0.2": 0.0007703562723116281, "0.25": 0.00034989226174387373, "0.3": 0.00021306225592565282, "0.35": 0.0001435552479754337, "0.4": 7.858783684135768e-05}, "10": {"0": 0.11396083236362174, "0.05": 0.22732732248302234, "0.1": 0.14614078819267906, "0.15": 0.0967926342754548, "0.2": 0.06626139051825433, "0.25": 0.04701412503826333, "0.3": 0.03337145866808995, "0.35": 0.02371263199226979, "0.4": 0.016725836635113848}, "11": {"0": 0.11396083236362174, "0.05": 0.24478150764967363, "0.1": 0.17166270916340065, "0.15": 0.10465225682980817, "0.2": 0.06657256864665122, "0.25": 0.04439605041799995, "0.3": 0.029683581712162427, "0.35": 0.01948190795368978, "0.4": 0.01240515025244479}, "12": {"0": 0.11396083236362174, "0.05": 0.15186198977892013, "0.1": 0.04088946139170157, "0.15": 0.012236556317696387, "0.2": 0.004148396987261307, "0.25": 0.0015855843169735081, "0.3": 0.0006100471371598059, "0.35": 0.0002982516591788996, "0.4": 0.00015484668730866074}, "13": {"0": 0.11396083236362174, "0.05": 0.2839091255187753, "0.1": 0.16960537558045996, "0.15": 0.10716144213846884, "0.2": 0.07103068966082808, "0.25": 0.04890728240041694, "0.3": 0.03561118508275679, "0.35": 0.026530200986914495, "0.4": 0.020137138605477257}, "14": {"0": 0.11396083236362174, "0.05": 0.2672105375470515, "0.1": 0.25996708309807126, "0.15": 0.2447990440254584, "0.2": 0.2264940062806196, "0.25": 0.2079490821391039, "0.3": 0.18935873479710164, "0.35": 0.17342701697025836, "0.4": 0.1616012541749319}, "15": {"0": 0.11396083236362174, "0.05": 0.28382579766806876, "0.1": 0.15093520194747262, "0.15": 0.04859445521418372, "0.2": 0.01316154554449095, "0.25": 0.00430631183637293, "0.3": 0.0012676756093041874, "0.35": 0.0003300560109234299, "0.4": 9.411440409005467e-05}}, "recall": {"0": {"0": 1.0, "0.05": 0.026656874892584913, "0.1": 0.007006955602383177, "0.15": 0.004611752967847762, "0.2": 0.0029747921648551035, "0.25": 0.0017215416292469382, "0.3": 0.0008747301952222176, "0.35": 0.00036833610364705565, "0.4": 0.0001432845221438525}, "1": {"0": 1.0, "0.05": 0.06553204415764612, "0.1": 0.015825155172854304, "0.15": 0.005251230946096121, "0.2": 0.0024678151651483285, "0.25": 0.0012830977255234989, "0.3": 0.0008040117288768573, "0.35": 0.0005404675092327855, "0.4": 0.00035237736019842644}, "2": {"0": 1.0, "0.05": 0.03070657845547783, "0.1": 0.0027462229960489343, "0.15": 0.00041411357107346496, "0.2": 7.224792725441954e-05, "0.25": 1.7447523028040112e-05, "0.3": 0.0, "0.35": 0.0, "0.4": 0.0}, "3": {"0": 1.0, "0.05": 0.12244760540488189, "0.1": 0.04099386662986628, "0.15": 0.015552451076879458, "0.2": 0.00801847036954113, "0.25": 0.004994758863328766, "0.3": 0.0032177541262538825, "0.35": 0.0019283801100150526, "0.4": 0.0011620902040723414}, "4": {"0": 1.0, "0.05": 0.0510831895293553, "0.1": 0.020923642013572965, "0.15": 0.009141335205077417, "0.2": 0.004338866785888188, "0.25": 0.002252243459578741, "0.3": 0.0011250802694259348, "0.35": 0.0004713529434142992, "0.4": 0.00014578591750267006}, "5": {"0": 1.0, "0.05": 0.232978361603933, "0.1": 0.15860072395295782, "0.15": 0.12524228576117352, "0.2": 0.10346128597780917, "0.25": 0.08713669578866923, "0.3": 0.07371660440280171, "0.35": 0.06230246471191286, "0.4": 0.05260936187477889}, "6": {"0": 1.0, "0.05": 0.15714321950384127, "0.1": 0.08313045553755097, "0.15": 0.05312841307101335, "0.2": 0.03580688005156188, "0.25": 0.0240835512770664, "0.3": 0.01658955061264306, "0.35": 0.011971655209650019, "0.4": 0.008597743983225945}, "7": {"0": 1.0, "0.05": 0.10206827869107027, "0.1": 0.04234297749722327, "0.15": 0.019812112353627273, "0.2": 0.010145551013264711, "0.25": 0.0053728159833754405, "0.3": 0.002827639717397244, "0.35": 0.001481283166494679, "0.4": 0.0009023791268639972}, "8": {"0": 1.0, "0.05": 0.22437792764069367, "0.1": 0.15579971539855253, "0.15": 0.12229777239184833, "0.2": 0.09319078461559309, "0.25": 0.06607797914652444, "0.3": 0.04461294009001395, "0.35": 0.02868879134536063, "0.4": 0.01719194545891695}, "9": {"0": 1.0, "0.05": 0.024121310670735505, "0.1": 0.003204364045914419, "0.15": 0.0009308183891532137, "0.2": 0.00039073644399369677, "0.25": 0.00017691471523206996, "0.3": 0.00010749767153793534, "0.35": 7.243116429359548e-05, "0.4": 3.954263186544921e-05}, "10": {"0": 1.0, "0.05": 0.2081333132404002, "0.1": 0.09407727956599067, "0.15": 0.05548901628651799, "0.2": 0.036038548519203656, "0.25": 0.02487092764687333, "0.3": 0.017357772657090376, "0.35": 0.012203952451423701, "0.4": 0.008547477692978814}, "11": {"0": 1.0, "0.05": 0.2279592589075587, "0.1": 0.11517480899798306, "0.15": 0.060521023348809794, "0.2": 0.03599494329564626, "0.25": 0.023239874407231364, "0.3": 0.01529466848967499, "0.35": 0.00994843697354139, "0.4": 0.006297429990550261}, "12": {"0": 1.0, "0.05": 0.114591065365097, "0.1": 0.02263724502980835, "0.15": 0.006369047300872521, "0.2": 0.0021226315773237425, "0.25": 0.00080581233118436, "0.3": 0.00030893085700379796, "0.35": 0.00015073468913829862, "0.4": 7.83480425563729e-05}, "13": {"0": 1.0, "0.05": 0.2079690339040845, "0.1": 0.10199640450653263, "0.15": 0.05965749590908315, "0.2": 0.03806583264099489, "0.25": 0.02566012794089979, "0.3": 0.01845701511165606, "0.35": 0.013634945664127008, "0.4": 0.010290807343749426}, "14": {"0": 1.0, "0.05": 0.2015034022827075, "0.1": 0.17442111739063265, "0.15": 0.1568138205467215, "0.2": 0.14053871869057544, "0.25": 0.12594663157493458, "0.3": 0.11285405586799459, "0.35": 0.10187636767496004, "0.4": 0.09378567155833412}, "15": {"0": 1.0,