{"fscore": {"0": {"0": 0.11396083236362174, "0.05": 0.015097566217724977, "0.1": 0.0072996264727875, "0.15": 0.003264580709109688, "0.2": 0.001173631740309687, "0.25": 0.00041205962613764807, "0.3": 0.00014426828665265574, "0.35": 4.816758291743579e-05, "0.4": 2.1041696743005332e-05}, "1": {"0": 0.11396083236362174, "0.05": 0.22494093616371055, "0.1": 0.07797760276329402, "0.15": 0.023197152170082978, "0.2": 0.006727526455824845, "0.25": 0.001934907452601321, "0.3": 0.00047398386756645827, "0.35": 0.00014848030103849582, "0.4": 4.0312471754308106e-05}, "2": {"0": 0.11396083236362174, "0.05": 0.26583100885770966, "0.1": 0.14354408222513992, "0.15": 0.07484750696583993, "0.2": 0.038845525693416386, "0.25": 0.02038872322411673, "0.3": 0.010665653936844287, "0.35": 0.0056416171986126895, "0.4": 0.003109609232918558}, "3": {"0": 0.11396083236362174, "0.05": 0.23545266107876323, "0.1": 0.15826220910884767, "0.15": 0.10745957400188355, "0.2": 0.07481328155476913, "0.25": 0.05318188892017174, "0.3": 0.0375477984099254, "0.35": 0.025763638698212417, "0.4": 0.016921028170145413}, "4": {"0": 0.11396083236362174, "0.05": 0.0026207431470827765, "0.1": 0.0004494100473395567, "0.15": 0.000121900963156038, "0.2": 5.3907843373514286e-05, "0.25": 2.232535466013259e-05, "0.3": 1.297201014026172e-05, "0.35": 0.0, "0.4": 0.0}, "5": {"0": 0.11396083236362174, "0.05": 0.0220889547894981, "0.1": 0.00792125939441672, "0.15": 0.0036037653640043506, "0.2": 0.0018120750514423684, "0.25": 0.000962167242221466, "0.3": 0.0005520617634894774, "0.35": 0.00029591567032444363, "0.4": 0.00017333218136941767}, "6": {"0": 0.11396083236362174, "0.05": 0.22924713356373028, "0.1": 0.1058552979442201, "0.15": 0.04774211991456613, "0.2": 0.021356753735014035, "0.25": 0.00972566594004097, "0.3": 0.004501386443565868, "0.35": 0.002077448231193585, "0.4": 0.0008829941988047855}, "7": {"0": 0.11396083236362174, "0.05": 0.2449717145882488, "0.1": 0.1658382231587621, "0.15": 0.11744660137385547, "0.2": 0.08552441989027625, "0.25": 0.06289628170883027, "0.3": 0.04617087816412882, "0.35": 0.03345561740250595, "0.4": 0.02368650266662502}, "8": {"0": 0.11396083236362174, "0.05": 0.037710486265380205, "0.1": 0.014039254623920373, "0.15": 0.007221384453049431, "0.2": 0.004569525179075474, "0.25": 0.0027098542413391707, "0.3": 0.0014003471646257995, "0.35": 0.0006230322907326633, "0.4": 0.00029061209683795426}, "9": {"0": 0.11396083236362174, "0.05": 0.22579348397327825, "0.1": 0.17992862825773484, "0.15": 0.13089720983244313, "0.2": 0.09088010763098518, "0.25": 0.060492351143263665, "0.3": 0.03977579460083167, "0.35": 0.02697386319174357, "0.4": 0.017986261512820487}, "10": {"0": 0.11396083236362174, "0.05": 0.0432471934305318, "0.1": 0.023043448064988165, "0.15": 0.013765052671508344, "0.2": 0.007972941840756573, "0.25": 0.004279343835243121, "0.3": 0.002089144073663578, "0.35": 0.0010361371781600524, "0.4": 0.0005095146938281383}, "11": {"0": 0.11396083236362174, "0.05": 0.00017015718571283383, "0.1": 0.0, "0.15": 0.0, "0.2": 0.0, "0.25": 0.0, "0.3": 0.0, "0.35": 0.0, "0.4": 0.0}}, "recall": {"0": {"0": 1.0, "0.05": 0.008755597188636471, "0.1": 0.0037764042392033183, "0.15": 0.0016601904702665611, "0.2": 0.0005929125212304502, "0.25": 0.00020767182742200012, "0.3": 7.264644493305708e-05, "0.35": 2.417462635799322e-05, "0.4": 1.0543792247558703e-05}, "1": {"0": 1.0, "0.05": 0.1888156481419268, "0.1": 0.04668271000757182, "0.15": 0.012400501793241704, "0.2": 0.0034632167747951476, "0.25": 0.000982201695447363, "0.3": 0.00023894984068565961, "0.35": 7.468504389137988e-05, "0.4": 2.0268132046126603e-05}, "2": {"0": 1.0, "0.05": 0.219861979887686, "0.1": 0.08783916581240879, "0.15": 0.041166221883484726, "0.2": 0.020397707677990047, "0.25": 0.010479955074792416, "0.3": 0.00542685888860366, "0.35": 0.0028563923822471685, "0.4": 0.0015707933276264236}, "3": {"0": 1.0, "0.05": 0.1573591979308714, "0.1": 0.09464074737667136, "0.15": 0.06112416978049754, "0.2": 0.04126579886286872, "0.25": 0.028686182908145175, "0.3": 0.019904456244306007, "0.35": 0.013469102335720682, "0.4": 0.008754601404787003}, "4": {"0": 1.0, "0.05": 0.0016258128741557015, "0.1": 0.0002414901220848744, "0.15": 6.312625204850383e-05, "0.2": 2.7644399553973977e-05, "0.25": 1.1356015604167094e-05, "0.3": 6.5328278092904255e-06, "0.35": 0.0, "0.4": 0.0}, "5": {"0": 1.0, "0.05": 0.015705439060593705, "0.1": 0.004804020279516558, "0.15": 0.002038646935609981, "0.2": 0.0009869508161043975, "0.25": 0.0005115376462599832, "0.3": 0.0002887056953746224, "0.35": 0.0001528032047862647, "0.4": 8.88934016460164e-05}, "6": {"0": 1.0, "0.05": 0.21360281485506497, "0.1": 0.06750472968525877, "0.15": 0.026723965526901, "0.2": 0.011335672914057154, "0.25": 0.005037266932962595, "0.3": 0.002305502482526865, "0.35": 0.0010583836828984342, "0.4": 0.0004475500775183007}, "7": {"0": 1.0, "0.05": 0.1600437208847133, "0.1": 0.0975829676440701, "0.15": 0.06594873819769792, "0.2": 0.04664660836516301, "0.25": 0.03362100919310894, "0.3": 0.024319658607658178, "0.35": 0.017420464762648788, "0.4": 0.012214131945557118}, "8": {"0": 1.0, "0.05": 0.024067914691907846, "0.1": 0.007953408325889661, "0.15": 0.003908639605712352, "0.2": 0.00241328792443675, "0.25": 0.0014065230088045188, "0.3": 0.0007234101413621375, "0.35": 0.0003198008008497281, "0.4": 0.00014823336071049652}, "9": {"0": 1.0, "0.05": 0.23316607680141055, "0.1": 0.12641286712163005, "0.15": 0.07884110217638905, "0.2": 0.05088524165715432, "0.25": 0.03249549518975354, "0.3": 0.02084015695432891, "0.35": 0.013922462964029271, "0.4": 0.009194719623861407}, "10": {"0": 1.0, "0.05": 0.029533571141224204, "0.1": 0.01302948314807931, "0.15": 0.007308900624208242, "0.2": 0.00412395356141689, "0.25": 0.0021873757896332387, "0.3": 0.00106031739848883, "0.35": 0.0005239165346669844, "0.4": 0.0002570142887364518}, "11": {"0": 1.0, "0.05": 8.614374769754231e-05, "0.1": 0.0, "0.15": 0.0, "0.2": 0.0, "0.25": 0.0, "0.3": 0.0, "0.35": 0.0, "0.4": 0.0}}, "precision": {"0": {"0": 0.06218900307361576, "0.05": 0.07643756211066596, "0.1": 0.15789488867265272, "0.15": 0.14768687483540374, "0.2": 0.08396771220981748, "0.25": 0.042064826839826826, "0.3": 0.020205555555555556, "0.35": 0.009805555555555555, "0.4": 0.005733333333333333}, "1": {"0": 0.06218900307361576, "0.05": 0.2966427043590641, "0.1": 0.2685010101347443, "0.15": 0.23143204160394415, "0.2": 0.17365430193444836, "0.25": 0.11119113756613748, "0.3": 0.04699999999999999, "0.35": 0.0195, "0.4": 0.0055}, "2": {"0": 0.06218900307361576, "0.05": 0.36535035637565244, "0.1": 0.43775907536356956, "0.15": 0.4786416272985717, "0.2": 0.5047135554522549, "0.25": 0.5081362740788037, "0.3": 0.46393391654641647, "0.35": 0.3578957671957668, "0.4": 0.24323333333333336}, "3": {"0": 0.06218900307361576, "0.05": 0.5222949802404485, "0.1": 0.5778418259524204, "0.15": 0.5584089571232993, "0.2": 0.5173303938601282, "0.25": 0.4823048126670593, "0.3": 0.4462264592802035, "0.35": 0.4028233988437387, "0.4": 0.34910903428133877}, "4": {"0": 0.06218900307361576, "0.05": 0.009870885263797488, "0.1": 0.005326330462996107, "0.15": 0.002968357568357569, "0.2": 0.0020388888888888887, "0.25": 0.0011777777777777778, "0.3": 0.001, "0.35": 0.0, "0.4": 0.0}, "5": {"0": 0.06218900307361576, "0.05": 0.0436947859747015, "0.1": 0.02763595298157809, "0.15": 0.0198018952042999, "0.2": 0.014373633337805766, "0.25": 0.010730690721748485, "0.3": 0.008977011888062542, "0.35": 0.006853233723225093, "0.4": 0.005234768773899208}, "6": {"0": 0.06218900307361576, "0.05": 0.27520368354440483, "0.1": 0.302165282495962, "0.15": 0.29935907682342666, "0.2": 0.27028651348871086, "0.25": 0.2211334998334996, "0.3": 0.1548649137899132, "0.35": 0.09544484126984132, "0.4": 0.05046666666666666}, "7": {"0": 0.06218900307361576, "0.05": 0.5680530802565532, "0.1": 0.6328101630293345, "0.15": 0.6390969607806145, "0.2": 0.6296387865837781, "0.25": 0.6081052634233228, "0.3": 0.5766919348376845, "0.35": 0.5358486316252188,