{"fscore": {"0": {"0": 0.11396083236362174, "0.05": 0.10778766201799755, "0.1": 0.0800999375931392, "0.15": 0.05898299229840296, "0.2": 0.046967489572201884, "0.25": 0.0373763172812863, "0.3": 0.0294067362282302, "0.35": 0.02277892946340066, "0.4": 0.017269504983597847}, "1": {"0": 0.11396083236362174, "0.05": 0.07693988250362377, "0.1": 0.03269425896024217, "0.15": 0.015096818226272759, "0.2": 0.0074942729378561215, "0.25": 0.0037058944170916238, "0.3": 0.0019599922723109267, "0.35": 0.0009657690191188711, "0.4": 0.0004691757347691218}, "2": {"0": 0.11396083236362174, "0.05": 0.021546977177959715, "0.1": 0.0077568174674595885, "0.15": 0.006496479493584325, "0.2": 0.0057196488859264745, "0.25": 0.00448668720678575, "0.3": 0.0030680200175937423, "0.35": 0.0016755051703893598, "0.4": 0.0007068049364292553}, "3": {"0": 0.11396083236362174, "0.05": 0.2282910095408006, "0.1": 0.18127332320719503, "0.15": 0.13372995120733408, "0.2": 0.0960017255349787, "0.25": 0.06993024261237098, "0.3": 0.051031465327450586, "0.35": 0.036940112826751484, "0.4": 0.02608777632197175}, "4": {"0": 0.11396083236362174, "0.05": 0.1988183578061677, "0.1": 0.14434808225069998, "0.15": 0.11184451553064687, "0.2": 0.08904108882293942, "0.25": 0.07119518192286362, "0.3": 0.057129310984346156, "0.35": 0.04588043533540228, "0.4": 0.03639508194825508}, "5": {"0": 0.11396083236362174, "0.05": 0.128603489216912, "0.1": 0.06510652920808117, "0.15": 0.037817145442043044, "0.2": 0.02519018843486333, "0.25": 0.018472002405437376, "0.3": 0.01407870934321684, "0.35": 0.01100365153656123, "0.4": 0.008749443477121855}, "6": {"0": 0.11396083236362174, "0.05": 0.12200242864882009, "0.1": 0.056342764952505876, "0.15": 0.031049645108422008, "0.2": 0.01976202227269564, "0.25": 0.012834053577740633, "0.3": 0.008231709710454694, "0.35": 0.005289488821312251, "0.4": 0.0031412567858892077}, "7": {"0": 0.11396083236362174, "0.05": 0.20861172106653703, "0.1": 0.1028731853306181, "0.15": 0.055594198927351214, "0.2": 0.029791362534152113, "0.25": 0.016170106695672544, "0.3": 0.009430519268109257, "0.35": 0.006233223082999115, "0.4": 0.004532431207407342}, "8": {"0": 0.11396083236362174, "0.05": 0.32006331672941285, "0.1": 0.27744583692177777, "0.15": 0.25090746803926156, "0.2": 0.2290008807032606, "0.25": 0.20734163019960494, "0.3": 0.18655389702772812, "0.35": 0.16775339744752019, "0.4": 0.14939559819289433}, "9": {"0": 0.11396083236362174, "0.05": 0.1905757868457504, "0.1": 0.11921159614917404, "0.15": 0.07994978414381758, "0.2": 0.05723973550202539, "0.25": 0.04278209367527113, "0.3": 0.0331970369694619, "0.35": 0.026167551264177566, "0.4": 0.021103697362823505}, "10": {"0": 0.11396083236362174, "0.05": 0.15590006976152304, "0.1": 0.08064391741723057, "0.15": 0.04153794636634738, "0.2": 0.0205544492986204, "0.25": 0.009983203081614225, "0.3": 0.004474515191553954, "0.35": 0.0021810339445559705, "0.4": 0.0010771197621518398}, "11": {"0": 0.11396083236362174, "0.05": 0.272529458835088, "0.1": 0.26774582722622625, "0.15": 0.25738527048711196, "0.2": 0.24191605586435738, "0.25": 0.2217547004647062, "0.3": 0.20343609641615043, "0.35": 0.19137404671065744, "0.4": 0.18121062134511556}, "12": {"0": 0.11396083236362174, "0.05": 0.1473315324910892, "0.1": 0.08883403380606264, "0.15": 0.05288586422757944, "0.2": 0.03341209403299507, "0.25": 0.021592120675501255, "0.3": 0.014408217804467832, "0.35": 0.00976304703932704, "0.4": 0.006502926992488175}, "13": {"0": 0.11396083236362174, "0.05": 0.037116559632733234, "0.1": 0.024918771580564113, "0.15": 0.018655746395380035, "0.2": 0.013901515085500674, "0.25": 0.010232439514141411, "0.3": 0.0074599054798418895, "0.35": 0.00544674480285922, "0.4": 0.0037310135738020263}, "14": {"0": 0.11396083236362174, "0.05": 0.05678656124563497, "0.1": 0.026743176152570033, "0.15": 0.014102021764789563, "0.2": 0.007796739211996644, "0.25": 0.004502754957769716, "0.3": 0.0025306250136125728, "0.35": 0.0015660447605185803, "0.4": 0.0009391544861344352}, "15": {"0": 0.11396083236362174, "0.05": 0.21003158572629468, "0.1": 0.11293186812862649, "0.15": 0.0683749132939495, "0.2": 0.04469315013737324, "0.25": 0.031269574686902876, "0.3": 0.023143478515581347, "0.35": 0.017545869230210738, "0.4": 0.013697635186167593}}, "recall": {"0": {"0": 1.0, "0.05": 0.09323349218864169, "0.1": 0.05407937824881556, "0.15": 0.03575226755622343, "0.2": 0.026812153101591372, "0.25": 0.020526758412656235, "0.3": 0.015719218212321584, "0.35": 0.011947388414502965, "0.4": 0.008940500010133766}, "1": {"0": 1.0, "0.05": 0.06071694239560744, "0.1": 0.019082707304134576, "0.15": 0.008104743177739362, "0.2": 0.003899617398998689, "0.25": 0.0019013159218359394, "0.3": 0.0009986784577969586, "0.35": 0.0004894495219364939, "0.4": 0.0002374723735157142}, "2": {"0": 1.0, "0.05": 0.012839986333111125, "0.1": 0.004023524594270048, "0.15": 0.0032922769297572016, "0.2": 0.002886385281829627, "0.25": 0.002262633389832085, "0.3": 0.0015474437488279772, "0.35": 0.0008452846129914143, "0.4": 0.0003566589180143022}, "3": {"0": 1.0, "0.05": 0.23333324320733032, "0.1": 0.13755104632138046, "0.15": 0.08778267084613954, "0.2": 0.05771279905151051, "0.25": 0.03976476148741325, "0.3": 0.027917314803038256, "0.35": 0.0196912250719935, "0.4": 0.013645757159357785}, "4": {"0": 1.0, "0.05": 0.12543787863473152, "0.1": 0.08352833317184451, "0.15": 0.06256016068314266, "0.2": 0.04865300190325088, "0.25": 0.03823606555317782, "0.3": 0.030270131613251563, "0.35": 0.024042868701908443, "0.4": 0.018905038889009636}, "5": {"0": 1.0, "0.05": 0.09247962733075302, "0.1": 0.038376884838402445, "0.15": 0.020745215129215473, "0.2": 0.013366628277427012, "0.25": 0.0096301354014983, "0.3": 0.007264352794349419, "0.35": 0.005639882779465389, "0.4": 0.004463790342797971}, "6": {"0": 1.0, "0.05": 0.11130973250321718, "0.1": 0.03776365939071723, "0.15": 0.01849179907549389, "0.2": 0.011109576714448113, "0.25": 0.0069850686321929235, "0.3": 0.004387515727941521, "0.35": 0.002782949268004426, "0.4": 0.0016360109599250503}, "7": {"0": 1.0, "0.05": 0.17460035227307882, "0.1": 0.06706916244335706, "0.15": 0.03272474355190988, "0.2": 0.01657937233324126, "0.25": 0.008718694746706251, "0.3": 0.004981731459633464, "0.35": 0.003252723919640939, "0.4": 0.0023461033693516183}, "8": {"0": 1.0, "0.05": 0.24935662025851127, "0.1": 0.1918518270050459, "0.15": 0.16601683423974845, "0.2": 0.14691378258203416, "0.25": 0.129407868152912, "0.3": 0.1135974905133178, "0.35": 0.09997098052711936, "0.4": 0.08723380479953498}, "9": {"0": 1.0, "0.05": 0.16192459952572913, "0.1": 0.0743608090334918, "0.15": 0.04507450216969168, "0.2": 0.030841483641834633, "0.25": 0.022515916864791003, "0.3": 0.017245607782661883, "0.35": 0.013477414475424051, "0.4": 0.010809226889450017}, "10": {"0": 1.0, "0.05": 0.11420781359209416, "0.1": 0.0462917117026508, "0.15": 0.02220871188293817, "0.2": 0.010662008481003021, "0.25": 0.005107861095752168, "0.3": 0.0022720122559192427, "0.35": 0.001104545521676605, "0.4": 0.0005439788573614205}, "11": {"0": 1.0, "0.05": 0.2207309219716153, "0.1": 0.19255234317219785, "0.15": 0.1747052121745408, "0.2": 0.1565737304898931, "0.25": 0.1390265881829597, "0.3": 0.12524281002733179, "0.35": 0.11636816876692134, "0.4": 0.10901609426508087}, "12": {"0": 1.0, "0.05": 0.11933895545971804, "0.1": 0.05426113386018189, "0.15": 0.029327976436338835, "0.2": 0.017789238342067148, "0.25": 0.011264623582632107, "0.3": 0.007437055909799522, "0.35": 0.0050027071304353425, "0.4": 0.00331552620966665}, "13": {"0": 1.0, "0.05": 0.030170415051745097, "0.1": 0.01690899676400396, "0.15": 0.011498906542908147, "0.2": 0.008068931831554695, "0.25": 0.005710076622383459, "0.3": 0.004044689751711934, "0.35": 0.002895427605414585, "0.4": 0.0019553811808646626}, "14": {"0": 1.0, "0.05": 0.04341890730495021, "0.1": 0.016390983742707928, "0.15": 0.007911075239220874, "0.2": 0.0041803648265955244, "0.25": 0.0023607265965642998, "0.3": 0.0013074629247690948, "0.35": 0.0008033665879991365,