{"fscore": {"0": {"0": 0.11396083236362174, "0.05": 0.09224054533846275, "0.1": 0.041621137971791206, "0.15": 0.02270479898401912, "0.2": 0.013302160448754747, "0.25": 0.008401800997206697, "0.3": 0.005542457270429329, "0.35": 0.003815073020656879, "0.4": 0.0026674045639471593}, "1": {"0": 0.11396083236362174, "0.05": 0.3116929718205214, "0.1": 0.2011984519690864, "0.15": 0.11472196651551313, "0.2": 0.06465560910787431, "0.25": 0.03658319675594461, "0.3": 0.020726734096694108, "0.35": 0.012083781422817274, "0.4": 0.006812780162575307}, "2": {"0": 0.11396083236362174, "0.05": 0.2093063448984544, "0.1": 0.11062079296058829, "0.15": 0.06151557499994, "0.2": 0.03628673327719628, "0.25": 0.022471330188951054, "0.3": 0.014614527579859983, "0.35": 0.009258640290089111, "0.4": 0.005973540784242849}, "3": {"0": 0.11396083236362174, "0.05": 0.2512638603593652, "0.1": 0.19009265876552695, "0.15": 0.14360219619481926, "0.2": 0.10780394407613157, "0.25": 0.08067083294104636, "0.3": 0.06073236350336348, "0.35": 0.0456007287174583, "0.4": 0.03341023721858225}, "4": {"0": 0.11396083236362174, "0.05": 0.026453459001177487, "0.1": 0.0035238876869417486, "0.15": 0.0006666057870470033, "0.2": 0.0001519728049856376, "0.25": 7.039277553894926e-05, "0.3": 2.6291517461443963e-05, "0.35": 6.976456666490047e-06, "0.4": 0.0}, "5": {"0": 0.11396083236362174, "0.05": 0.014954056025442732, "0.1": 0.007119199093767511, "0.15": 0.004121143389267446, "0.2": 0.0026691280263253987, "0.25": 0.0017895050660066767, "0.3": 0.0011899656806076868, "0.35": 0.0008149104314212627, "0.4": 0.00046241872882697667}, "6": {"0": 0.11396083236362174, "0.05": 0.327448501277504, "0.1": 0.20622218717357202, "0.15": 0.13498100584903247, "0.2": 0.09325430420104612, "0.25": 0.06744758579889247, "0.3": 0.049780274906312524, "0.35": 0.037286891968612346, "0.4": 0.027911219822034244}, "7": {"0": 0.11396083236362174, "0.05": 0.3227423416831174, "0.1": 0.26090979779453327, "0.15": 0.2090460362983247, "0.2": 0.1668070964294611, "0.25": 0.13368598462858075, "0.3": 0.10657541966936199, "0.35": 0.08404750266859198, "0.4": 0.0641256020358641}, "8": {"0": 0.11396083236362174, "0.05": 0.10857588156803168, "0.1": 0.05162947042049094, "0.15": 0.027746841320192738, "0.2": 0.01607552568502102, "0.25": 0.009546571169478582, "0.3": 0.005555026837083613, "0.35": 0.0031100920724551726, "0.4": 0.0016657622827134428}, "9": {"0": 0.11396083236362174, "0.05": 0.20003854948725044, "0.1": 0.14685599467552343, "0.15": 0.10629359015850022, "0.2": 0.07510879852952974, "0.25": 0.05226344161328194, "0.3": 0.03526420105851084, "0.35": 0.023018380785220713, "0.4": 0.014648480686169698}, "10": {"0": 0.11396083236362174, "0.05": 0.15286440360534814, "0.1": 0.055180757279917, "0.15": 0.016557225955323635, "0.2": 0.005013471641630634, "0.25": 0.0016831040853127377, "0.3": 0.0005929893795457723, "0.35": 0.00020979984752206003, "0.4": 5.3015004970703265e-05}, "11": {"0": 0.11396083236362174, "0.05": 0.022710155560089564, "0.1": 0.013910800247728842, "0.15": 0.010794587598749754, "0.2": 0.0077384512979909665, "0.25": 0.005075455030180019, "0.3": 0.002968652070270356, "0.35": 0.0017124854590830115, "0.4": 0.000951738554528696}}, "recall": {"0": {"0": 1.0, "0.05": 0.06227240412587649, "0.1": 0.02344733795267364, "0.15": 0.012096908853738203, "0.2": 0.006921332968348451, "0.25": 0.004323018044671998, "0.3": 0.002831612487897725, "0.35": 0.0019400067142648022, "0.4": 0.0013531771283582872}, "1": {"0": 1.0, "0.05": 0.30911642376381177, "0.1": 0.13875419488086627, "0.15": 0.0670487457197924, "0.2": 0.03495450051285611, "0.25": 0.01907261312603377, "0.3": 0.010616409933796214, "0.35": 0.006136745262698517, "0.4": 0.0034421964226615557}, "2": {"0": 1.0, "0.05": 0.1593245648689058, "0.1": 0.06713317467422461, "0.15": 0.034144696672244366, "0.2": 0.019312553652158997, "0.25": 0.011689084008668964, "0.3": 0.007503777660298674, "0.35": 0.004715442516632091, "0.4": 0.0030281202016436944}, "3": {"0": 1.0, "0.05": 0.17289591465249535, "0.1": 0.1184885931920847, "0.15": 0.08393916028986821, "0.2": 0.06047785931055436, "0.25": 0.04414318767206892, "0.3": 0.03263558258779816, "0.35": 0.02415588761044309, "0.4": 0.0174770733836952}, "4": {"0": 1.0, "0.05": 0.018919646891915935, "0.1": 0.0018965357055184817, "0.15": 0.00034110502915938196, "0.2": 7.667144568504324e-05, "0.25": 3.543909256136588e-05, "0.3": 1.324239185655118e-05, "0.35": 3.507174983936603e-06, "0.4": 0.0}, "5": {"0": 1.0, "0.05": 0.011736938375718152, "0.1": 0.004751347813006866, "0.15": 0.0025385799995778077, "0.2": 0.001559575786044286, "0.25": 0.0010095173754634625, "0.3": 0.0006534420247107477, "0.35": 0.0004386752296444841, "0.4": 0.0002453282756363043}, "6": {"0": 1.0, "0.05": 0.2560767939166365, "0.1": 0.1281356895076699, "0.15": 0.07675692179932925, "0.2": 0.050796410900775094, "0.25": 0.03585197138706974, "0.3": 0.026050925656681528, "0.35": 0.01931474277147094, "0.4": 0.01435059641550441}, "7": {"0": 1.0, "0.05": 0.23488605200376678, "0.1": 0.16766293573208427, "0.15": 0.1259847203635599, "0.2": 0.09635692907925443, "0.25": 0.07484075935987985, "0.3": 0.058229615119724354, "0.35": 0.045010914359047194, "0.4": 0.033766931525748375}, "8": {"0": 1.0, "0.05": 0.0863643173298175, "0.1": 0.030793291797545027, "0.15": 0.015055975244331115, "0.2": 0.008406794971341426, "0.25": 0.004904990753198194, "0.3": 0.0028320687909440486, "0.35": 0.001578103572267603, "0.4": 0.0008431806826163036}, "9": {"0": 1.0, "0.05": 0.18514930817109398, "0.1": 0.10003691868481739, "0.15": 0.06364098545867528, "0.2": 0.04209728497450448, "0.25": 0.028191127019822883, "0.3": 0.018564711884257647, "0.35": 0.011928819978395292, "0.4": 0.007514836834167672}, "10": {"0": 1.0, "0.05": 0.11982289717208153, "0.1": 0.031181598427224698, "0.15": 0.008655185109895961, "0.2": 0.0025571309409290134, "0.25": 0.0008511212345419216, "0.3": 0.00029867752664595277, "0.35": 0.000105482959025376, "0.4": 2.6616075247164233e-05}, "11": {"0": 1.0, "0.05": 0.014172601782390458, "0.1": 0.007889927433818672, "0.15": 0.005827359609887879, "0.2": 0.004054111899192564, "0.25": 0.0026175026157939335, "0.3": 0.0015187085684860572, "0.35": 0.0008713967446790977, "0.4": 0.0004824533094485372}}, "precision": {"0": {"0": 0.06218900307361576, "0.05": 0.19620056125763263, "0.1": 0.2146211367171707, "0.15": 0.23015961558316436, "0.2": 0.22531628903366632, "0.25": 0.20598709886362918, "0.3": 0.1863485618081569, "0.35": 0.1644091217524733, "0.4": 0.13912933037843983}, "1": {"0": 0.06218900307361576, "0.05": 0.33196419367104635, "0.1": 0.39802604326774577, "0.15": 0.4416464926064792, "0.2": 0.49075897492435583, "0.25": 0.5380366289549692, "0.3": 0.5572590431464421, "0.35": 0.5257750908133264, "0.4": 0.4448862865691813}, "2": {"0": 0.06218900307361576, "0.05": 0.33788865730898854, "0.1": 0.3689978538032801, "0.15": 0.38676434939487764, "0.2": 0.39372231488024817, "0.25": 0.3978317531736008, "0.3": 0.39312727355071503, "0.35": 0.3660769311012871, "0.4": 0.3214569687550728}, "3": {"0": 0.06218900307361576, "0.05": 0.4932126811919131, "0.1": 0.5265073207590074, "0.15": 0.5639227127780347, "0.2": 0.5901642657137399, "0.25": 0.5787460924423224, "0.3": 0.5578824924436342, "0.35": 0.5329559275022462, "0.4": 0.5076348014297942}, "4": {"0": 0.06218900307361576, "0.05": 0.05612564314378908, "0.1": 0.042353144958725504, "0.15": 0.02777486772486774, "0.2": 0.01177222222222222, "0.25": 0.007111111111111112, "0.3": 0.0023333333333333335, "0.35": 0.0006666666666666666, "0.4": 0.0}, "5": {"0": 0.06218900307361576, "0.05": 0.022823455588803828, "0.1": 0.015939734696968192, "0.15": 0.012460604858943555, "0.2": 0.01067482464920878, "0.25": 0.009300507296466315, "0.3": 0.007871299651601566, "0.35": 0.006704825980508666, "0.4": 0.0047019533113386485}, "6": {"0": 0.06218900307361576, "0.05": 0.4864118701978397, "0.1": 0.5800814766003594, "0.15": 0.6357112797774891, "0.2": 0.6715682897776316, "0.25": 0.7035435087530404, "0.3": 0.7163524833712731, "0.35": 0.7117544975158114,