{"fscore": {"0": {"0": 0.11396083236362174, "0.05": 0.038767505929181025, "0.1": 0.017071671944030312, "0.15": 0.00894489093982064, "0.2": 0.0051491771684237155, "0.25": 0.0032110398633943943, "0.3": 0.002051199330076374, "0.35": 0.0012699659372684728, "0.4": 0.0008888076615461114}, "1": {"0": 0.11396083236362174, "0.05": 0.04024778421694459, "0.1": 0.012736799938270938, "0.15": 0.0035172875911935646, "0.2": 0.0008534933741290393, "0.25": 0.00024277440693157575, "0.3": 6.903126030508384e-05, "0.35": 1.8790998802454397e-05, "0.4": 1.4255851410164147e-05}, "2": {"0": 0.11396083236362174, "0.05": 0.055905616787128284, "0.1": 0.02424235067132458, "0.15": 0.011482216404442084, "0.2": 0.00582713510764882, "0.25": 0.002968901454970155, "0.3": 0.0017135163677656515, "0.35": 0.001003467822748737, "0.4": 0.0005983094817880038}, "3": {"0": 0.11396083236362174, "0.05": 0.19332355407837934, "0.1": 0.16537482806561318, "0.15": 0.14567210668327724, "0.2": 0.1304405913739302, "0.25": 0.11789272817594093, "0.3": 0.1072690828929711, "0.35": 0.09759209864959462, "0.4": 0.08865459577748952}, "4": {"0": 0.11396083236362174, "0.05": 0.11608425436276275, "0.1": 0.05000102030819544, "0.15": 0.024236803940812998, "0.2": 0.012510046152219562, "0.25": 0.006731246314515674, "0.3": 0.0035809543306616026, "0.35": 0.001916443237506922, "0.4": 0.0009273090451414011}, "5": {"0": 0.11396083236362174, "0.05": 0.049087043047872425, "0.1": 0.01656564376808329, "0.15": 0.006496198164684639, "0.2": 0.0028683654305980775, "0.25": 0.0014943878086775208, "0.3": 0.0008375108187905186, "0.35": 0.0004855783370445298, "0.4": 0.00030636301019981726}, "6": {"0": 0.11396083236362174, "0.05": 0.1960304881753718, "0.1": 0.10438003836492364, "0.15": 0.06217637595233222, "0.2": 0.03971249056976661, "0.25": 0.026280068086519302, "0.3": 0.01783369712805926, "0.35": 0.012441322578622228, "0.4": 0.00889723280907208}, "7": {"0": 0.11396083236362174, "0.05": 0.23909541190720113, "0.1": 0.1461748781154754, "0.15": 0.09064590310060536, "0.2": 0.06071495117407586, "0.25": 0.043199051792707756, "0.3": 0.03195932002889494, "0.35": 0.024190073338086156, "0.4": 0.018040022287915094}, "8": {"0": 0.11396083236362174, "0.05": 0.29639559009944016, "0.1": 0.24945334819029732, "0.15": 0.21804369114866143, "0.2": 0.1918421772650307, "0.25": 0.1680972473941153, "0.3": 0.14615185315508145, "0.35": 0.12985865593687476, "0.4": 0.11550982868444502}, "9": {"0": 0.11396083236362174, "0.05": 0.021547874328707705, "0.1": 0.010995289188073987, "0.15": 0.00706588036325275, "0.2": 0.004693906447509662, "0.25": 0.003273485345747819, "0.3": 0.0022904312385904307, "0.35": 0.0015068854271702967, "0.4": 0.000996663310081984}, "10": {"0": 0.11396083236362174, "0.05": 0.08055341645477679, "0.1": 0.024388405141901198, "0.15": 0.008250517424949514, "0.2": 0.0029756441765369564, "0.25": 0.001153226876959813, "0.3": 0.00044556146977401843, "0.35": 0.00014525191941512395, "0.4": 5.985737155727708e-05}, "11": {"0": 0.11396083236362174, "0.05": 0.190429035283118, "0.1": 0.12314562048913937, "0.15": 0.07195570443826606, "0.2": 0.0396793165049108, "0.25": 0.02109757908957563, "0.3": 0.011134748959426932, "0.35": 0.006335201957814523, "0.4": 0.003601995789147535}, "12": {"0": 0.11396083236362174, "0.05": 0.02724437665434203, "0.1": 0.0028747135165360675, "0.15": 0.0006430480533389844, "0.2": 0.00020000504268021505, "0.25": 8.241064780932976e-05, "0.3": 3.659320219574459e-05, "0.35": 2.8099639097476e-05, "0.4": 2.4896251074874602e-05}, "13": {"0": 0.11396083236362174, "0.05": 0.19970017310950292, "0.1": 0.12008658959201773, "0.15": 0.07218051186288478, "0.2": 0.043803125888911824, "0.25": 0.027300989835528977, "0.3": 0.017504211352364143, "0.35": 0.011294199495009006, "0.4": 0.007342210620013416}, "14": {"0": 0.11396083236362174, "0.05": 0.26350232166836923, "0.1": 0.18356346519001301, "0.15": 0.13153754966938372, "0.2": 0.09859357244889914, "0.25": 0.07691638828688138, "0.3": 0.06144971701894994, "0.35": 0.050357750278931225, "0.4": 0.04175035325522127}, "15": {"0": 0.11396083236362174, "0.05": 0.29005855138124426, "0.1": 0.19289263352633249, "0.15": 0.11882406229249795, "0.2": 0.07130282704983698, "0.25": 0.041800934640710725, "0.3": 0.024723529678508688, "0.35": 0.014367992632362532, "0.4": 0.008338861249387423}}, "recall": {"0": {"0": 1.0, "0.05": 0.03638755898474079, "0.1": 0.012388420115311912, "0.15": 0.005797011732388733, "0.2": 0.003119537748456191, "0.25": 0.001864053285448397, "0.3": 0.0011523930605712388, "0.35": 0.0006965901134958708, "0.4": 0.0004774524355936883}, "1": {"0": 1.0, "0.05": 0.03633668813015224, "0.1": 0.008103893046733148, "0.15": 0.0019795442309346336, "0.2": 0.0004546599613332339, "0.25": 0.00012642565685353516, "0.3": 3.539039859931755e-05, "0.35": 9.493927594678533e-06, "0.4": 7.179112779863719e-06}, "2": {"0": 1.0, "0.05": 0.048530262911268246, "0.1": 0.01573653821348919, "0.15": 0.006614376167335485, "0.2": 0.003163211124077778, "0.25": 0.0015652770110799392, "0.3": 0.0008873891620567023, "0.35": 0.0005145253993860295, "0.4": 0.00030534939401232034}, "3": {"0": 1.0, "0.05": 0.18387200160524, "0.1": 0.12067342027970081, "0.15": 0.09458970783090438, "0.2": 0.07923990301934011, "0.25": 0.068570480032928, "0.3": 0.06055758300616056, "0.35": 0.05389678243053203, "0.4": 0.04815697547525989}, "4": {"0": 1.0, "0.05": 0.07847331222087875, "0.1": 0.02741661414388185, "0.15": 0.012636025399326881, "0.2": 0.0064008473180029914, "0.25": 0.0034166723217297903, "0.3": 0.0018111610060255919, "0.35": 0.0009670707986901782, "0.4": 0.000467263813066327}, "5": {"0": 1.0, "0.05": 0.03774544730503205, "0.1": 0.009947207725127517, "0.15": 0.0036049718641097037, "0.2": 0.0015305120359261923, "0.25": 0.0007813932938977437, "0.3": 0.00043314945318015163, "0.35": 0.0002485797522868164, "0.4": 0.00015584304954516449}, "6": {"0": 1.0, "0.05": 0.17094661387468568, "0.1": 0.06679205319613864, "0.15": 0.035652546902755856, "0.2": 0.021621024153126125, "0.25": 0.013914002622437454, "0.3": 0.009282390741836679, "0.35": 0.006408253336857544, "0.4": 0.004552308864870264}, "7": {"0": 1.0, "0.05": 0.20694090574201168, "0.1": 0.09530516609587399, "0.15": 0.05272832126164937, "0.2": 0.033410194653841464, "0.25": 0.023051758725620715, "0.3": 0.016745849187489625, "0.35": 0.012527686114099794, "0.4": 0.00926979470848348}, "8": {"0": 1.0, "0.05": 0.21699836728219948, "0.1": 0.16634183853552603, "0.15": 0.13784350624168645, "0.2": 0.11683807294441138, "0.25": 0.09977568059802493, "0.3": 0.0850623041769621, "0.35": 0.07440928241271244, "0.4": 0.06523680766407425}, "9": {"0": 1.0, "0.05": 0.016577034795763484, "0.1": 0.007244117372345299, "0.15": 0.004298375110280294, "0.2": 0.0027160472697500856, "0.25": 0.0018290599154673363, "0.3": 0.0012484713833411042, "0.35": 0.0008036638179220962, "0.4": 0.0005239530017244654}, "10": {"0": 1.0, "0.05": 0.05851596066985446, "0.1": 0.013689784383044648, "0.15": 0.004339629875213114, "0.2": 0.0015281727330825389, "0.25": 0.0005861530482344945, "0.3": 0.0002254580991044534, "0.35": 7.330395116372305e-05, "0.4": 3.016807877445773e-05}, "11": {"0": 1.0, "0.05": 0.18636265516816516, "0.1": 0.08355537510318367, "0.15": 0.042100440285775885, "0.2": 0.021606293682311074, "0.25": 0.011076870970140781, "0.3": 0.005740621973216157, "0.35": 0.0032347275537377017, "0.4": 0.0018289961498290724}, "12": {"0": 1.0, "0.05": 0.017503189680540224, "0.1": 0.0015285830422422416, "0.15": 0.0003305833316076743, "0.2": 0.0001016189655313132, "0.25": 4.1645548002777e-05, "0.3": 1.8531005935530448e-05, "0.35": 1.4194801032717023e-05, "0.4": 1.2572806401223446e-05}, "13": {"0": 1.0, "0.05": 0.17872952716756674, "0.1": 0.08057315518208581, "0.15": 0.042832313467154506, "0.2": 0.024394777893252492, "0.25": 0.014667662128611819, "0.3": 0.009203108072927032, "0.35": 0.005856182489975143, "0.4": 0.0037696905397354404}, "14": {"0": 1.0, "0.05": 0.2206134287327616, "0.1": 0.12018122980338919, "0.15": 0.07782560747246436, "0.2": 0.055358167695914236,