{"fscore": {"0": {"0": 0.11396083236362174, "0.05": 0.048380003662623336, "0.1": 0.023633576023895826, "0.15": 0.013205928519642354, "0.2": 0.007839685963509648, "0.25": 0.0046822712796661696, "0.3": 0.0029109743110619342, "0.35": 0.001763835048195969, "0.4": 0.0011108311701658314}, "1": {"0": 0.11396083236362174, "0.05": 0.06332222507384745, "0.1": 0.020080862628521084, "0.15": 0.006380230762152838, "0.2": 0.0022312625888180108, "0.25": 0.0008566013592026232, "0.3": 0.0003244824848173616, "0.35": 0.00014840795738551733, "0.4": 6.705141140733229e-05}, "2": {"0": 0.11396083236362174, "0.05": 0.06822254017383551, "0.1": 0.03700254217103453, "0.15": 0.021646354440456737, "0.2": 0.014759840012426894, "0.25": 0.010950828259443763, "0.3": 0.008561266696937367, "0.35": 0.00691931563340546, "0.4": 0.005556162034780594}, "3": {"0": 0.11396083236362174, "0.05": 0.16185414730584124, "0.1": 0.10595989007842575, "0.15": 0.0714147769168201, "0.2": 0.05016204253509761, "0.25": 0.036512119686450004, "0.3": 0.027320451422858317, "0.35": 0.020630873618447235, "0.4": 0.015644057939665636}, "4": {"0": 0.11396083236362174, "0.05": 0.3265359640897499, "0.1": 0.252304363576678, "0.15": 0.19544326642518908, "0.2": 0.1523105655237455, "0.25": 0.11813875873725654, "0.3": 0.09043456826971563, "0.35": 0.06820405845315701, "0.4": 0.049861707673563634}, "5": {"0": 0.11396083236362174, "0.05": 0.04827006776861445, "0.1": 0.02705035388873387, "0.15": 0.0175649511698522, "0.2": 0.012504109436779372, "0.25": 0.00925169803406578, "0.3": 0.00675110304862604, "0.35": 0.005134490662804926, "0.4": 0.003730256198006681}, "6": {"0": 0.11396083236362174, "0.05": 0.08815175168855846, "0.1": 0.04692906343637699, "0.15": 0.02892706117668299, "0.2": 0.018736720635709317, "0.25": 0.012709429296040154, "0.3": 0.00850086877963239, "0.35": 0.005589601962197322, "0.4": 0.0035038457400782008}, "7": {"0": 0.11396083236362174, "0.05": 0.09021519411013486, "0.1": 0.056337922648469874, "0.15": 0.04287706210444381, "0.2": 0.034943287117632525, "0.25": 0.02903318546911973, "0.3": 0.024209285923909016, "0.35": 0.020762962902905944, "0.4": 0.017655312472618326}, "8": {"0": 0.11396083236362174, "0.05": 0.06958327575276389, "0.1": 0.05028684231151902, "0.15": 0.04048809311059853, "0.2": 0.034367301696946184, "0.25": 0.030018014712955277, "0.3": 0.02680024800364947, "0.35": 0.023708363351877152, "0.4": 0.021415630990399434}, "9": {"0": 0.11396083236362174, "0.05": 0.05265017136589171, "0.1": 0.02854992225886229, "0.15": 0.020267053120028775, "0.2": 0.015373710978542426, "0.25": 0.011865552586380206, "0.3": 0.009091627024565228, "0.35": 0.006712654415098566, "0.4": 0.004865424285177846}, "10": {"0": 0.11396083236362174, "0.05": 0.056775789777274197, "0.1": 0.035515170727366104, "0.15": 0.028738217210372535, "0.2": 0.02485462456192107, "0.25": 0.02147802184765044, "0.3": 0.018433999012703286, "0.35": 0.015400031567334885, "0.4": 0.01282198436068589}, "11": {"0": 0.11396083236362174, "0.05": 0.2637286003251461, "0.1": 0.20909480705154404, "0.15": 0.14820420311739516, "0.2": 0.10010095930216954, "0.25": 0.06832651336807138, "0.3": 0.04800255475202464, "0.35": 0.03519096928096793, "0.4": 0.026736510562048694}, "12": {"0": 0.11396083236362174, "0.05": 0.11177152594932077, "0.1": 0.052192553186366016, "0.15": 0.03060100205252056, "0.2": 0.020312741506217275, "0.25": 0.015162723090775878, "0.3": 0.012337246179545291, "0.35": 0.010299047879423718, "0.4": 0.009110813920484968}, "13": {"0": 0.11396083236362174, "0.05": 0.1817703184669355, "0.1": 0.1404881547483502, "0.15": 0.10658569756018772, "0.2": 0.08122800039242703, "0.25": 0.06165687056936789, "0.3": 0.04751688086947465, "0.35": 0.036862980720958644, "0.4": 0.028644522941993177}, "14": {"0": 0.11396083236362174, "0.05": 0.154988046988408, "0.1": 0.10375412432458417, "0.15": 0.07440708911591586, "0.2": 0.05608544975558139, "0.25": 0.044629135815848174, "0.3": 0.035842495638677564, "0.35": 0.029195086812777306, "0.4": 0.02415466407447685}, "15": {"0": 0.11396083236362174, "0.05": 0.20833641377559983, "0.1": 0.14393337220004376, "0.15": 0.10011296613416516, "0.2": 0.07151049221515408, "0.25": 0.05224164933154909, "0.3": 0.03913596414494524, "0.35": 0.030196100443987434, "0.4": 0.024151786628378833}}, "recall": {"0": {"0": 1.0, "0.05": 0.03768709280214162, "0.1": 0.015153845153893, "0.15": 0.007995692602973429, "0.2": 0.00459590533263372, "0.25": 0.002669533135855917, "0.3": 0.001618016475166032, "0.35": 0.000956930934967133, "0.4": 0.0005883152576024321}, "1": {"0": 1.0, "0.05": 0.04362763504846714, "0.1": 0.011187162204378601, "0.15": 0.003344343506875545, "0.2": 0.0011420206544332794, "0.25": 0.0004336712283585303, "0.3": 0.00016360486741166423, "0.35": 7.473628599072852e-05, "0.4": 3.377954663896913e-05}, "2": {"0": 1.0, "0.05": 0.06320495027378188, "0.1": 0.025292848293577565, "0.15": 0.01333017495506789, "0.2": 0.008652281417411884, "0.25": 0.006230350328635897, "0.3": 0.0047633193064783984, "0.35": 0.0037842160214098222, "0.4": 0.002996020023226268}, "3": {"0": 1.0, "0.05": 0.15481643002170134, "0.1": 0.07397121797124603, "0.15": 0.043707502597863775, "0.2": 0.02868188158736753, "0.25": 0.020094642809505178, "0.3": 0.014672120998158043, "0.35": 0.01089741008732358, "0.4": 0.008172519788895074}, "4": {"0": 1.0, "0.05": 0.2779759198985291, "0.1": 0.16955128902989153, "0.15": 0.11937337142469753, "0.2": 0.08825824836795329, "0.25": 0.06599886320348025, "0.3": 0.04915618736143687, "0.35": 0.03630824720869785, "0.4": 0.026117985838665946}, "5": {"0": 1.0, "0.05": 0.0372211121397995, "0.1": 0.01823736962849726, "0.15": 0.011210758061878608, "0.2": 0.00767639156300354, "0.25": 0.005504110014627834, "0.3": 0.0039059393225352283, "0.35": 0.0029022531213390634, "0.4": 0.0020735629097272646}, "6": {"0": 1.0, "0.05": 0.0693867130895718, "0.1": 0.028920263105331412, "0.15": 0.016435484091153498, "0.2": 0.010210635223342474, "0.25": 0.006766794865813237, "0.3": 0.0044540696316918505, "0.35": 0.002895867474369828, "0.4": 0.0018026962019447351}, "7": {"0": 1.0, "0.05": 0.07312238007639627, "0.1": 0.03860287169137862, "0.15": 0.02727310913955317, "0.2": 0.021162222385695782, "0.25": 0.01699493362587515, "0.3": 0.013790317492132597, "0.35": 0.01156639802002317, "0.4": 0.00965483138747906}, "8": {"0": 1.0, "0.05": 0.05880127504587684, "0.1": 0.03703295011029622, "0.15": 0.02782240470531496, "0.2": 0.022592575343946018, "0.25": 0.01908000528297651, "0.3": 0.016580498504445103, "0.35": 0.014359624906703335, "0.4": 0.012708959893523695}, "9": {"0": 1.0, "0.05": 0.03951670435719569, "0.1": 0.018310852501263693, "0.15": 0.012168206255170143, "0.2": 0.008872409727368318, "0.25": 0.006667593167358121, "0.3": 0.004996582203704322, "0.35": 0.0036326211515215145, "0.4": 0.002603112122338078}, "10": {"0": 1.0, "0.05": 0.04539487386383081, "0.1": 0.024448878506747634, "0.15": 0.018870043837695517, "0.2": 0.01574254847354046, "0.25": 0.01319031521865032, "0.3": 0.011039611653620229, "0.35": 0.00903800173245184, "0.4": 0.007411219615483643}, "11": {"0": 1.0, "0.05": 0.2592859296477171, "0.1": 0.1583498774318763, "0.15": 0.09778819142388831, "0.2": 0.06091803221758106, "0.25": 0.039568362784750115, "0.3": 0.026964093235893487, "0.35": 0.01936971954673204, "0.4": 0.014519346579519012}, "12": {"0": 1.0, "0.05": 0.09005132252503131, "0.1": 0.03349012651188086, "0.15": 0.01829356244107525, "0.2": 0.011759153451509522, "0.25": 0.008629093576633749, "0.3": 0.006931518141260463, "0.35": 0.005725923799447595, "0.4": 0.005021148001726744}, "13": {"0": 1.0, "0.05": 0.15875704238911353, "0.1": 0.0967492448371515, "0.15": 0.06647759245473839, "0.2": 0.04794145571104718, "0.25": 0.03513818012143846, "0.3": 0.026426901799533414, "0.35": 0.020122591240889706, "0.4": 0.015421576112300613}, "14": {"0": 1.0, "0.05": 0.13179164269170124, "0.1": 0.07396246421305892, "0.15": 0.048700939166710526, "0.2": 0.03485894226315428, "0.25": 0.026757434572137244, "0.3": 0.020889740563967966, "0.35": 0.01665139314622659,