{"fscore": {"0": {"0": 0.0958002684513562, "0.05": 0.2685554570935637, "0.1": 0.2369390385166341, "0.15": 0.16692768400052582, "0.2": 0.11219457489857859, "0.25": 0.0756440322758332, "0.3": 0.052243816557780494, "0.35": 0.038366651463981626, "0.4": 0.02881587911936089}, "1": {"0": 0.0958002684513562, "0.05": 0.2328101837063886, "0.1": 0.19265582105869727, "0.15": 0.15179579682810357, "0.2": 0.11464143060927685, "0.25": 0.08794621240422361, "0.3": 0.06634588669294741, "0.35": 0.0491295954282338, "0.4": 0.037443637926718}, "2": {"0": 0.0958002684513562, "0.05": 0.1504321956169915, "0.1": 0.1048995114175805, "0.15": 0.07445646959325021, "0.2": 0.05797193721189147, "0.25": 0.04741479626764778, "0.3": 0.03921103442553845, "0.35": 0.03188179833737184, "0.4": 0.026215446133291416}, "3": {"0": 0.0958002684513562, "0.05": 0.3063536506403699, "0.1": 0.29287080886394257, "0.15": 0.2866908687256272, "0.2": 0.2689279901694091, "0.25": 0.23866976915705862, "0.3": 0.20388357088955528, "0.35": 0.15634483028095156, "0.4": 0.12207400648743238}, "4": {"0": 0.0958002684513562, "0.05": 0.22368898079046937, "0.1": 0.18576863805213692, "0.15": 0.1335979294603091, "0.2": 0.09184855732171393, "0.25": 0.06587905364011216, "0.3": 0.04901807768891975, "0.35": 0.037262266872007774, "0.4": 0.030042505740444734}, "5": {"0": 0.0958002684513562, "0.05": 0.1526621925537242, "0.1": 0.12373857062895618, "0.15": 0.10672520968233289, "0.2": 0.09565803625642731, "0.25": 0.08552610976504875, "0.3": 0.07389852052225986, "0.35": 0.06312013060595782, "0.4": 0.052970352753108}, "6": {"0": 0.0958002684513562, "0.05": 0.170108442918271, "0.1": 0.11821887921938394, "0.15": 0.07222729998875735, "0.2": 0.04748657203366241, "0.25": 0.03121840936991524, "0.3": 0.021633494484620763, "0.35": 0.014305760702794846, "0.4": 0.008511169786300753}, "7": {"0": 0.0958002684513562, "0.05": 0.21412469571974183, "0.1": 0.1546581037449436, "0.15": 0.11094585179167792, "0.2": 0.08477942566339279, "0.25": 0.06045917157720632, "0.3": 0.042705500382267725, "0.35": 0.03244451594240094, "0.4": 0.026696353959098675}, "8": {"0": 0.0958002684513562, "0.05": 0.2673989789070226, "0.1": 0.23636383892612425, "0.15": 0.1744804336572701, "0.2": 0.11713048816582484, "0.25": 0.0743635196588107, "0.3": 0.047989195229977966, "0.35": 0.03303065453679662, "0.4": 0.022456750097819583}, "9": {"0": 0.0958002684513562, "0.05": 0.14441654457218, "0.1": 0.08813928612102635, "0.15": 0.05878914507956041, "0.2": 0.04170786587678751, "0.25": 0.03065251941179463, "0.3": 0.02069526748029885, "0.35": 0.013373687668451937, "0.4": 0.008436207997163334}, "10": {"0": 0.0958002684513562, "0.05": 0.24497220592075622, "0.1": 0.20673380143000508, "0.15": 0.16023031436140878, "0.2": 0.12318414271237157, "0.25": 0.09606220637397576, "0.3": 0.07722844375140701, "0.35": 0.06187120893096075, "0.4": 0.04791817033490649}, "11": {"0": 0.0958002684513562, "0.05": 0.10906871154285083, "0.1": 0.08229975283033442, "0.15": 0.06070468817411392, "0.2": 0.04614357507972561, "0.25": 0.034974977014570724, "0.3": 0.023416173984471822, "0.35": 0.016002522038860243, "0.4": 0.010677758462740859}, "12": {"0": 0.0958002684513562, "0.05": 0.16012376723099786, "0.1": 0.1228240430612832, "0.15": 0.0950296249636852, "0.2": 0.07071200872912237, "0.25": 0.056025834908203474, "0.3": 0.04431958777751919, "0.35": 0.03690748159450483, "0.4": 0.02973892185536069}, "13": {"0": 0.0958002684513562, "0.05": 0.17280666907806208, "0.1": 0.09969401556913703, "0.15": 0.05846230923448485, "0.2": 0.03461250591942143, "0.25": 0.01993807659382298, "0.3": 0.011710645783461714, "0.35": 0.006776328049207584, "0.4": 0.004054319677284702}, "14": {"0": 0.0958002684513562, "0.05": 0.10755317046320038, "0.1": 0.07036520165403984, "0.15": 0.05199510855395068, "0.2": 0.040945443931127416, "0.25": 0.03202505840922005, "0.3": 0.024516259731616117, "0.35": 0.019290089819931668, "0.4": 0.016420908299127828}, "15": {"0": 0.0958002684513562, "0.05": 0.22432269233585553, "0.1": 0.1565456819550508, "0.15": 0.10396014713982549, "0.2": 0.07823597235957681, "0.25": 0.05989702549052159, "0.3": 0.04658567752002965, "0.35": 0.034169913951022216, "0.4": 0.024540723674099627}}, "recall": {"0": {"0": 0.4647533172052178, "0.05": 0.31518339028758413, "0.1": 0.19243883529967487, "0.15": 0.10964664999170354, "0.2": 0.06604390951037042, "0.25": 0.04185228453537744, "0.3": 0.02793241186526542, "0.35": 0.020158518294060287, "0.4": 0.014992714447463867}, "1": {"0": 0.4647533172052178, "0.05": 0.26346722844509035, "0.1": 0.15620990456409856, "0.15": 0.1040861405772071, "0.2": 0.07102472501301554, "0.25": 0.051012183158626524, "0.3": 0.036824758133971576, "0.35": 0.02651423183007513, "0.4": 0.019880056199872057}, "2": {"0": 0.4647533172052178, "0.05": 0.16323082679695425, "0.1": 0.08030986951678315, "0.15": 0.04850183586995622, "0.2": 0.034697210531592235, "0.25": 0.027002050002552683, "0.3": 0.02160625216548574, "0.35": 0.017153830523315722, "0.4": 0.013859678545093328}, "3": {"0": 0.4647533172052178, "0.05": 0.31952506165749134, "0.1": 0.25478543357045463, "0.15": 0.21859898638556963, "0.2": 0.18693820265476785, "0.25": 0.15723737500743837, "0.3": 0.12810295697336432, "0.35": 0.09362447187453554, "0.4": 0.07059613346821983}, "4": {"0": 0.4647533172052178, "0.05": 0.24335186499547623, "0.1": 0.14217724157361475, "0.15": 0.08581607981161062, "0.2": 0.053875204813290875, "0.25": 0.03680271849647639, "0.3": 0.026650257929546707, "0.35": 0.019884486816936595, "0.4": 0.0158250499635101}, "5": {"0": 0.4647533172052178, "0.05": 0.14920100076340928, "0.1": 0.08885060021092907, "0.15": 0.06820178566389024, "0.2": 0.05736969771666372, "0.25": 0.0493063619037876, "0.3": 0.041357760294382255, "0.35": 0.03453477761730789, "0.4": 0.02846287218206371}, "6": {"0": 0.4647533172052178, "0.05": 0.1922784979212214, "0.1": 0.08911231857016946, "0.15": 0.045197775086632454, "0.2": 0.027026206528983233, "0.25": 0.01694488004101275, "0.3": 0.011482602404652742, "0.35": 0.0074999171938337885, "0.4": 0.004431865776210389}, "7": {"0": 0.4647533172052178, "0.05": 0.24676808666085098, "0.1": 0.11110398817920819, "0.15": 0.06625793399010454, "0.2": 0.04720800946872146, "0.25": 0.03254011784686753, "0.3": 0.022521345961333174, "0.35": 0.016893585910907262, "0.4": 0.013798550170588236}, "8": {"0": 0.4647533172052178, "0.05": 0.2978349503824173, "0.1": 0.19213845442994407, "0.15": 0.11840451367645027, "0.2": 0.07142043634435061, "0.25": 0.042374504919871346, "0.3": 0.02623034368476326, "0.35": 0.01762476089224432, "0.4": 0.011786977029763264}, "9": {"0": 0.4647533172052178, "0.05": 0.14104828111491136, "0.1": 0.060228056164641906, "0.15": 0.035025031018616634, "0.2": 0.02335684871251741, "0.25": 0.01665060215111715, "0.3": 0.01104311481933008, "0.35": 0.0070582771147017455, "0.4": 0.004403651014919317}, "10": {"0": 0.4647533172052178, "0.05": 0.25390540524698973, "0.1": 0.1567319179699012, "0.15": 0.10370695540125541, "0.2": 0.07329113069122649, "0.25": 0.054390351760991426, "0.3": 0.04248708657229191, "0.35": 0.033432545785782086, "0.4": 0.025532436271938103}, "11": {"0": 0.4647533172052178, "0.05": 0.11454245292623351, "0.1": 0.05800733358009512, "0.15": 0.03674301546629101, "0.2": 0.02613154662517431, "0.25": 0.01901636174993592, "0.3": 0.01245152783699461, "0.35": 0.008402494595884717, "0.4": 0.0055484597707611966}, "12": {"0": 0.4647533172052178, "0.05": 0.17842742044104895, "0.1": 0.09639090836460769, "0.15": 0.06277440963180696, "0.2": 0.042313543245365716, "0.25": 0.031769938629759166, "0.3": 0.024304795481434816, "0.35": 0.019790618285944778, "0.4": 0.015706857370428467}, "13": {"0": 0.4647533172052178, "0.05": 0.1680914120413674, "0.1": 0.06563615862717626, "0.15": 0.033823881760480914, "0.2": 0.019026553399396462, "0.25": 0.010707802127211424, "0.3": 0.006177274877284509, "0.35": 0.003533311507978444, "0.4": 0.0020947019509936137}, "14": {"0": 0.4647533172052178, "0.05": 0.11337398386833746, "0.1": 0.05229356307039611, "0.15": 0.033499670947964244,