{"fscore": {"0": {"0": 0.11395796904718995, "0.05": 0.03308200641693833, "0.1": 0.01502175319672192, "0.15": 0.007279880673409517, "0.2": 0.004085286979762297, "0.25": 0.002595180774250059, "0.3": 0.0017807316533490645, "0.35": 0.0012610863154787395, "0.4": 0.0009294684483504422}, "1": {"0": 0.11396083236362174, "0.05": 0.23727622927076886, "0.1": 0.09976241531658592, "0.15": 0.03279348323771496, "0.2": 0.01129040845409383, "0.25": 0.004481951377047694, "0.3": 0.001973835976406543, "0.35": 0.0009721464707457848, "0.4": 0.00037454100137887725}, "2": {"0": 0.11396083236362174, "0.05": 0.3050955909150799, "0.1": 0.24226883858295595, "0.15": 0.17820788336497898, "0.2": 0.1321859281215368, "0.25": 0.0999198567011655, "0.3": 0.07518003793992938, "0.35": 0.054946162757227315, "0.4": 0.03914629295955609}, "3": {"0": 0.11396084256001822, "0.05": 0.3413284587818472, "0.1": 0.27522221941852515, "0.15": 0.21765893187740842, "0.2": 0.1763813695428064, "0.25": 0.1475436541952467, "0.3": 0.1288743518363189, "0.35": 0.11628181452820921, "0.4": 0.10512639407850098}, "4": {"0": 0.11396083236362174, "0.05": 0.030363078685187193, "0.1": 0.002074768744228107, "0.15": 0.0003971522453197037, "0.2": 0.00011539503954592491, "0.25": 3.971527630950093e-05, "0.3": 2.2724302505438513e-05, "0.35": 0.0, "0.4": 0.0}, "5": {"0": 0.1139615628545307, "0.05": 0.03419790114168059, "0.1": 0.015100632657130839, "0.15": 0.010180492648266015, "0.2": 0.008491290763106682, "0.25": 0.007327156020698786, "0.3": 0.006246713299505836, "0.35": 0.005326702959979228, "0.4": 0.004400321532947907}, "6": {"0": 0.11396083236362174, "0.05": 0.06766168163762352, "0.1": 0.03343633680086131, "0.15": 0.021130013184699738, "0.2": 0.014324219922489724, "0.25": 0.010508830031793455, "0.3": 0.008266956955723348, "0.35": 0.006622951309910529, "0.4": 0.005477131124966399}, "7": {"0": 0.11396083236362174, "0.05": 0.34005197280235006, "0.1": 0.29732459087982543, "0.15": 0.23811567444670334, "0.2": 0.1842638059737289, "0.25": 0.1445296553045364, "0.3": 0.11801169794548427, "0.35": 0.09668759835216127, "0.4": 0.07977525784187656}, "8": {"0": 0.11396083236362174, "0.05": 0.061548084285705316, "0.1": 0.03206590044341833, "0.15": 0.017344465365478134, "0.2": 0.009517406423411721, "0.25": 0.005659773592856751, "0.3": 0.0037016834490589423, "0.35": 0.0026287816638971735, "0.4": 0.0020066073253583276}, "9": {"0": 0.11396086049548405, "0.05": 0.1988669651645843, "0.1": 0.17093696958567814, "0.15": 0.13018765195146348, "0.2": 0.09143777861257325, "0.25": 0.06116304109228697, "0.3": 0.04064902278129973, "0.35": 0.028381124240521926, "0.4": 0.02080252302132903}, "10": {"0": 0.11396083505136287, "0.05": 0.1182945849999756, "0.1": 0.051046077124872, "0.15": 0.02276041568968093, "0.2": 0.014253793238057035, "0.25": 0.01058517759252305, "0.3": 0.008486135780905704, "0.35": 0.006852461753170188, "0.4": 0.005753555830870115}, "11": {"0": 0.11396083236362174, "0.05": 0.13371295292136806, "0.1": 0.05003935070238309, "0.15": 0.02012614665741314, "0.2": 0.008936081100615556, "0.25": 0.0049086323992633294, "0.3": 0.003136607118884906, "0.35": 0.0022497530318480023, "0.4": 0.0015795511147052533}}, "recall": {"0": {"0": 0.9999232282734991, "0.05": 0.02455210697036179, "0.1": 0.00948277659575179, "0.15": 0.004271504797161775, "0.2": 0.002292248552474568, "0.25": 0.0014148141827486536, "0.3": 0.0009525044346482182, "0.35": 0.0006662269934269542, "0.4": 0.0004868246686506476}, "1": {"0": 1.0, "0.05": 0.20118480898782415, "0.1": 0.058689699706507045, "0.15": 0.0173681291703322, "0.2": 0.005792513600656888, "0.25": 0.002275042650757873, "0.3": 0.0009979289446308682, "0.35": 0.0004909138769104781, "0.4": 0.00018890581506613124}, "2": {"0": 1.0, "0.05": 0.31312215495600343, "0.1": 0.18466072688655194, "0.15": 0.11574300673636186, "0.2": 0.07848332995463453, "0.25": 0.05625251640624017, "0.3": 0.04090100589940425, "0.35": 0.029204427349223194, "0.4": 0.020460678436046792}, "3": {"0": 1.0, "0.05": 0.26112739604155605, "0.1": 0.18104831131954496, "0.15": 0.1317576710682602, "0.2": 0.10211216680489438, "0.25": 0.08314678717892306, "0.3": 0.07141953281389975, "0.35": 0.0637339860721302, "0.4": 0.057117069499524956}, "4": {"0": 1.0, "0.05": 0.020955411169400192, "0.1": 0.0011189582653614875, "0.15": 0.00020652732094871313, "0.2": 5.868372518433459e-05, "0.25": 2.014465744939177e-05, "0.3": 1.152758010954414e-05, "0.35": 0.0, "0.4": 0.0}, "5": {"0": 0.9999996483825598, "0.05": 0.02784692936242725, "0.1": 0.009091245253489541, "0.15": 0.0055612574710007055, "0.2": 0.004465017685895982, "0.25": 0.0037859854933801596, "0.3": 0.003201108727258307, "0.35": 0.0027170522015168837, "0.4": 0.0022354649857593274}, "6": {"0": 1.0, "0.05": 0.04757433909160408, "0.1": 0.019303187735966877, "0.15": 0.011565997819998319, "0.2": 0.007639094431870922, "0.25": 0.005526369269496505, "0.3": 0.004306230026602595, "0.35": 0.0034257105918871207, "0.4": 0.002817934192575608}, "7": {"0": 1.0, "0.05": 0.2768721044061794, "0.1": 0.20670151686405439, "0.15": 0.14980124075890044, "0.2": 0.10903813675464329, "0.25": 0.08222564418402743, "0.3": 0.06540334826010709, "0.35": 0.05249954936772461, "0.4": 0.042625433722730484}, "8": {"0": 1.0, "0.05": 0.050678121148421004, "0.1": 0.019897275008449334, "0.15": 0.009808921363700969, "0.2": 0.0051610552061558, "0.25": 0.0030052231786429962, "0.3": 0.0019388947476251907, "0.35": 0.0013636809877459646, "0.4": 0.001033207404994602}, "9": {"0": 1.0, "0.05": 0.2056826094100741, "0.1": 0.12862797021980213, "0.15": 0.084363381297418, "0.2": 0.0542614676779315, "0.25": 0.03429764627163018, "0.3": 0.022020238068263177, "0.35": 0.015050245512068385, "0.4": 0.010877877826470718}, "10": {"0": 1.0, "0.05": 0.10922713996717882, "0.1": 0.032555416972812584, "0.15": 0.012816269194785472, "0.2": 0.007654614194662659, "0.25": 0.005558908175874025, "0.3": 0.004405875412174001, "0.35": 0.003532635475974429, "0.4": 0.0029530250569431023}, "11": {"0": 1.0, "0.05": 0.11148167642929224, "0.1": 0.029698379000158853, "0.15": 0.010871904666736694, "0.2": 0.0046486082744819895, "0.25": 0.0025091644087417036, "0.3": 0.0015904144507273067, "0.35": 0.0011363298199210737, "0.4": 0.0007964328022589869}}, "precision": {"0": {"0": 0.062187540085727, "0.05": 0.056886797705396036, "0.1": 0.041529355866116564, "0.15": 0.02955989123668219, "0.2": 0.02387150923004395, "0.25": 0.01990856317538206, "0.3": 0.018495644305907638, "0.35": 0.01675379057088017, "0.4": 0.015563347524616444}, "1": {"0": 0.06218900307361576, "0.05": 0.3178542201704285, "0.1": 0.39911943153828106, "0.15": 0.4043513081887237, "0.2": 0.3582792273450093, "0.25": 0.25188854016354045, "0.3": 0.14152857142857142, "0.35": 0.0786, "0.4": 0.03358333333333334}, "2": {"0": 0.06218900307361576, "0.05": 0.3117787672515723, "0.1": 0.37400455023210283, "0.15": 0.4157000686129392, "0.2": 0.45745388734230846, "0.25": 0.49865632761867135, "0.3": 0.5315994638636328, "0.35": 0.5517337862051858, "0.4": 0.5661528381630018}, "3": {"0": 0.06218900847057835, "0.05": 0.5169755093498263, "0.1": 0.6080127929228993, "0.15": 0.6748633569812362, "0.2": 0.7097052235533695, "0.25": 0.7261561305946062, "0.3": 0.7386367911478906, "0.35": 0.746015922141243, "0.4": 0.7498533150258475}, "4": {"0": 0.06218900307361576, "0.05": 0.10004255227963182, "0.1": 0.035615226598170194, "0.15": 0.015104413179413176, "0.2": 0.006050000000000001, "0.25": 0.0023333333333333335, "0.3": 0.0008333333333333334, "0.35": 0.0, "0.4": 0.0}, "5": {"0": 0.06218940355056881, "0.05": 0.052296031580808505, "0.1": 0.07511754077020005, "0.15": 0.14020193461619623, "0.2": 0.23093803417035433, "0.25": 0.29783800059968285, "0.3": 0.3176278254463751, "0.35": 0.3123402038006146, "0.4": 0.2858369429547064}, "6": {"0": 0.06218900307361576, "0.05": 0.137201005050064, "0.1": 0.16168316957616688, "0.15": 0.16770691970070742, "0.2": 0.16501433998104614, "0.25": 0.16414539369566244, "0.3": 0.1662354541133522, "0.35": 0.1722927061119699, "0.4": 0.18002737357957896},