{"fscore": {"0": {"0": 0.11396083236362174, "0.05": 0.0368374310693857, "0.1": 0.01007614317838908, "0.15": 0.0040085977960080555, "0.2": 0.001780276894017608, "0.25": 0.0006676462952339435, "0.3": 0.0002864451821078122, "0.35": 7.590040966161876e-05, "0.4": 1.0958162905408529e-05}, "1": {"0": 0.11396083236362174, "0.05": 0.0229137676492317, "0.1": 0.004740594357319712, "0.15": 0.0011443525211027727, "0.2": 0.0003120329567846947, "0.25": 0.0001311729703744915, "0.3": 4.693694377775043e-05, "0.35": 1.925791982374891e-05, "0.4": 8.764288770707256e-06}, "2": {"0": 0.11396083236362174, "0.05": 0.046392205434767776, "0.1": 0.020908093040486343, "0.15": 0.010354258269817866, "0.2": 0.005781870770417441, "0.25": 0.003498219410784647, "0.3": 0.0022734670312766587, "0.35": 0.0014926473156059907, "0.4": 0.0009292030739144343}, "3": {"0": 0.11396083236362174, "0.05": 0.1725284236878013, "0.1": 0.12428523091881727, "0.15": 0.08732074519977664, "0.2": 0.060640782624988086, "0.25": 0.041249190319926854, "0.3": 0.02780304177465046, "0.35": 0.018814431141762043, "0.4": 0.01247106595852253}, "4": {"0": 0.11396083236362174, "0.05": 0.2890011533049738, "0.1": 0.2710374614997537, "0.15": 0.25047238918258313, "0.2": 0.2283812257451189, "0.25": 0.20603242108862074, "0.3": 0.18605540193724096, "0.35": 0.16937003713842658, "0.4": 0.15323018286222947}, "5": {"0": 0.11396083236362174, "0.05": 0.06119826136767219, "0.1": 0.02725245725633937, "0.15": 0.013114754065071982, "0.2": 0.00651859227463462, "0.25": 0.0033920500750191204, "0.3": 0.0018823402278102849, "0.35": 0.0010063078621342185, "0.4": 0.0005738926833907828}, "6": {"0": 0.11396083236362174, "0.05": 0.11388951684081204, "0.1": 0.043173936679672974, "0.15": 0.018867401174726083, "0.2": 0.009511459508863057, "0.25": 0.005274358467350585, "0.3": 0.0030621551725514102, "0.35": 0.001849935379841469, "0.4": 0.0010607608815574041}, "7": {"0": 0.11396083236362174, "0.05": 0.13492513453147817, "0.1": 0.06370244291421612, "0.15": 0.03388188854067056, "0.2": 0.019951640345636436, "0.25": 0.012355227282594045, "0.3": 0.008229887568839243, "0.35": 0.005473003080023949, "0.4": 0.003658023154931786}, "8": {"0": 0.11396083236362174, "0.05": 0.09279571216055295, "0.1": 0.06285815952179301, "0.15": 0.04561212933247747, "0.2": 0.03426767810208985, "0.25": 0.02635661865514525, "0.3": 0.020565941968045006, "0.35": 0.01620452985631414, "0.4": 0.012782685652795039}, "9": {"0": 0.11396083236362174, "0.05": 0.08236622433202749, "0.1": 0.038957345110911576, "0.15": 0.022489999744173157, "0.2": 0.014251489882448265, "0.25": 0.009237608255346313, "0.3": 0.006096896477443487, "0.35": 0.003880429785768125, "0.4": 0.0024811889063829757}, "10": {"0": 0.11396083236362174, "0.05": 0.06219830962714226, "0.1": 0.03203871721791055, "0.15": 0.01779728354511905, "0.2": 0.010048545619930498, "0.25": 0.005700042801669912, "0.3": 0.0034043989653146436, "0.35": 0.002104570931458234, "0.4": 0.0012843379187435198}, "11": {"0": 0.11396083236362174, "0.05": 0.2763391654815179, "0.1": 0.2443422188172397, "0.15": 0.21138918163450024, "0.2": 0.17884247339383808, "0.25": 0.14951310933494527, "0.3": 0.12171316811186125, "0.35": 0.10148510579282768, "0.4": 0.08571318086265785}, "12": {"0": 0.11396083236362174, "0.05": 0.08774703205507567, "0.1": 0.03460321933448172, "0.15": 0.01871203022695061, "0.2": 0.011878842325607649, "0.25": 0.008373351339915737, "0.3": 0.0063460506530538625, "0.35": 0.004876443673570759, "0.4": 0.003823871128529123}, "13": {"0": 0.11396083236362174, "0.05": 0.19725234164795696, "0.1": 0.1569429202789314, "0.15": 0.12385777714758747, "0.2": 0.09809323998973135, "0.25": 0.07803919557602695, "0.3": 0.06243966931618267, "0.35": 0.049878644122602206, "0.4": 0.03967986286095535}, "14": {"0": 0.11396083236362174, "0.05": 0.18306339790956205, "0.1": 0.1311063306462392, "0.15": 0.09479003787492346, "0.2": 0.07031167243497112, "0.25": 0.05356335676093875, "0.3": 0.040950689244835775, "0.35": 0.03147812759550465, "0.4": 0.02422187104402559}, "15": {"0": 0.11396083236362174, "0.05": 0.20590484953431845, "0.1": 0.13916799061689986, "0.15": 0.09714600406956055, "0.2": 0.07027254033727727, "0.25": 0.0516124863506297, "0.3": 0.038476939407470705, "0.35": 0.02919948295872228, "0.4": 0.0220890736952831}}, "recall": {"0": {"0": 1.0, "0.05": 0.02926203159413865, "0.1": 0.005730361723396536, "0.15": 0.0021150741730339958, "0.2": 0.0009157228074149807, "0.25": 0.0003402860651871216, "0.3": 0.0001454981484254465, "0.35": 3.827777674960565e-05, "0.4": 5.505748938583668e-06}, "1": {"0": 1.0, "0.05": 0.01646795511587353, "0.1": 0.0026400563807901737, "0.15": 0.0006013745820581676, "0.2": 0.00016014594021784669, "0.25": 6.66929069030612e-05, "0.3": 2.3749610803305777e-05, "0.35": 9.687144875978643e-06, "0.4": 4.4029614212723505e-06}, "2": {"0": 1.0, "0.05": 0.04026277096523091, "0.1": 0.013705580701134087, "0.15": 0.0060920884937247346, "0.2": 0.003224816948497989, "0.25": 0.0018910551532288916, "0.3": 0.0012066527378257104, "0.35": 0.0007794853823393165, "0.4": 0.00047936319369317956}, "3": {"0": 1.0, "0.05": 0.1723846228865779, "0.1": 0.09194561361667142, "0.15": 0.055960339207766635, "0.2": 0.03577590702776985, "0.25": 0.023099820326721813, "0.3": 0.015055454166839476, "0.35": 0.009976272058158923, "0.4": 0.006521192916209883}, "4": {"0": 1.0, "0.05": 0.2387871021344658, "0.1": 0.1913928767134033, "0.15": 0.16428402722295674, "0.2": 0.14325209052749133, "0.25": 0.12547259094603785, "0.3": 0.11077549289735, "0.35": 0.0990040055945614, "0.4": 0.08808160604354934}, "5": {"0": 1.0, "0.05": 0.052210141602451035, "0.1": 0.0169005751216142, "0.15": 0.007235887467321955, "0.2": 0.0034295836981408745, "0.25": 0.0017482373389797715, "0.3": 0.0009608075428157102, "0.35": 0.0005111105901536265, "0.4": 0.00029104580519952785}, "6": {"0": 1.0, "0.05": 0.09376071057094848, "0.1": 0.025739204762200787, "0.15": 0.010281090740953893, "0.2": 0.0049875280470101264, "0.25": 0.0027207532590303855, "0.3": 0.001565478688150301, "0.35": 0.0009393540186887049, "0.4": 0.0005370104420176719}, "7": {"0": 1.0, "0.05": 0.1095633241005852, "0.1": 0.039141171891905004, "0.15": 0.018898956587761983, "0.2": 0.010686951058717463, "0.25": 0.006463737239517253, "0.3": 0.004250832355616889, "0.35": 0.0028044991247665615, "0.4": 0.0018637884457173447}, "8": {"0": 1.0, "0.05": 0.08879708740218042, "0.1": 0.04712775350184883, "0.15": 0.03021801724259348, "0.2": 0.02106811089846652, "0.25": 0.01542403834682286, "0.3": 0.011623457997322532, "0.35": 0.008934854077054513, "0.4": 0.006919611019051602}, "9": {"0": 1.0, "0.05": 0.07009815543741688, "0.1": 0.0245975596395294, "0.15": 0.012803792054515373, "0.2": 0.0077237906737822925, "0.25": 0.004870470742152504, "0.3": 0.0031622801790309745, "0.35": 0.0019930096562721044, "0.4": 0.0012660782454232856}, "10": {"0": 1.0, "0.05": 0.05454058239567295, "0.1": 0.021243246274680043, "0.15": 0.010499020801765386, "0.2": 0.00558796104033328, "0.25": 0.003057898034223262, "0.3": 0.0017885556549305521, "0.35": 0.0010916446020352714, "0.4": 0.0006587497833309245}, "11": {"0": 1.0, "0.05": 0.24884076179396705, "0.1": 0.18192752513788782, "0.15": 0.14147858602176347, "0.2": 0.11198509440530226, "0.25": 0.08942680265835055, "0.3": 0.07035174092415472, "0.35": 0.057162389605668815, "0.4": 0.04729779360846057}, "12": {"0": 1.0, "0.05": 0.07088517516314728, "0.1": 0.02217808361535583, "0.15": 0.011089913990065743, "0.2": 0.006763261393680923, "0.25": 0.00465919579895709, "0.3": 0.0034791865772320807, "0.35": 0.002640563796130866, "0.4": 0.0020523747183023417}, "13": {"0": 1.0, "0.05": 0.1877742483112762, "0.1": 0.11487703553370443, "0.15": 0.07978692556209482, "0.2": 0.05861637335959569, "0.25": 0.04446549350947487, "0.3": 0.03444798959179391, "0.35": 0.02690431866212087, "0.4": 0.021048343278533225}, "14": {"0": 1.0, "0.05": 0.1705243789940162, "0.1": 0.0949936200087307, "0.15": 0.06084623546735455, "0.2": 0.04202171848928289, "0.25": 0.030576695787301267,