{"fscore": {"0": {"0": 0.11396083236362174, "0.05": 0.014933390022986754, "0.1": 0.0016193954942938344, "0.15": 0.0002226463415650367, "0.2": 4.640737843982025e-05, "0.25": 1.9408478414963557e-05, "0.3": 1.5612802498048403e-06, "0.35": 0.0, "0.4": 0.0}, "1": {"0": 0.11396083236362174, "0.05": 0.03407029185967934, "0.1": 0.003941380231481398, "0.15": 0.00035539496730416557, "0.2": 1.1882973276247128e-05, "0.25": 0.0, "0.3": 0.0, "0.35": 0.0, "0.4": 0.0}, "2": {"0": 0.11396083236362174, "0.05": 0.06570985754437565, "0.1": 0.03747139980883, "0.15": 0.023391956739250125, "0.2": 0.015275876502755206, "0.25": 0.009525503453477835, "0.3": 0.006133790942914255, "0.35": 0.0037703044037352457, "0.4": 0.00214701021484644}, "3": {"0": 0.11396083236362174, "0.05": 0.13481777541016077, "0.1": 0.06246412893423288, "0.15": 0.03311624944747053, "0.2": 0.020054618614374856, "0.25": 0.012708096535670914, "0.3": 0.007939148285900057, "0.35": 0.004380499333899087, "0.4": 0.0023544718996509435}, "4": {"0": 0.11396083236362174, "0.05": 0.22994096357494093, "0.1": 0.16114304482427105, "0.15": 0.11007269763342989, "0.2": 0.0711410539044199, "0.25": 0.04422230448783361, "0.3": 0.026893610462155854, "0.35": 0.016260365364914424, "0.4": 0.009484863307488607}, "5": {"0": 0.11396083236362174, "0.05": 0.1110794414930182, "0.1": 0.06082909795494567, "0.15": 0.03696652517456696, "0.2": 0.024818446137960037, "0.25": 0.01699736285051904, "0.3": 0.01247043285389073, "0.35": 0.009217142372942891, "0.4": 0.006802582424870179}, "6": {"0": 0.11396083236362174, "0.05": 0.20243802213081638, "0.1": 0.16314328955575189, "0.15": 0.13385840438456303, "0.2": 0.11193056039375947, "0.25": 0.0939075740528527, "0.3": 0.07911970961187946, "0.35": 0.06628698875088936, "0.4": 0.05616742890200158}, "7": {"0": 0.11396083236362174, "0.05": 0.19185882068783114, "0.1": 0.12918165355782094, "0.15": 0.09706037845761625, "0.2": 0.07614883467545565, "0.25": 0.06079879076297788, "0.3": 0.049369282431165715, "0.35": 0.04050233289868883, "0.4": 0.033116680010271744}, "8": {"0": 0.11396083236362174, "0.05": 0.14571606652846877, "0.1": 0.09562980739476692, "0.15": 0.06861807784554196, "0.2": 0.0509870265625873, "0.25": 0.0387899992979377, "0.3": 0.03023696502866988, "0.35": 0.024297656347627206, "0.4": 0.019292129777045218}, "9": {"0": 0.11396083236362174, "0.05": 0.01713524619393526, "0.1": 0.0023276361286378227, "0.15": 0.0005500940235690393, "0.2": 0.00012656235836044243, "0.25": 3.8524062121762133e-05, "0.3": 1.1731966263989344e-05, "0.35": 7.246376811594204e-06, "0.4": 7.246376811594204e-06}, "10": {"0": 0.11396083236362174, "0.05": 0.028053677641953337, "0.1": 0.014309014943887994, "0.15": 0.009411851591302823, "0.2": 0.006687109607620904, "0.25": 0.005100475921931626, "0.3": 0.0038338398153350875, "0.35": 0.0029178088546699234, "0.4": 0.0021936284549899333}, "11": {"0": 0.11396083236362174, "0.05": 0.2077735791788453, "0.1": 0.14634391757136594, "0.15": 0.09693204926173313, "0.2": 0.06355803829424847, "0.25": 0.04336734545065494, "0.3": 0.030378004135171527, "0.35": 0.020920094249298367, "0.4": 0.014593759150278423}, "12": {"0": 0.11396083236362174, "0.05": 0.148055032430606, "0.1": 0.1129807410862902, "0.15": 0.09529180985578904, "0.2": 0.08265336737528037, "0.25": 0.07212979449521127, "0.3": 0.06278051808321773, "0.35": 0.054071111065052406, "0.4": 0.04637457637486741}, "13": {"0": 0.11396083236362174, "0.05": 0.2667912312503499, "0.1": 0.2049327876632138, "0.15": 0.16410914695716486, "0.2": 0.13465796633118698, "0.25": 0.1127394388259225, "0.3": 0.09555204386941349, "0.35": 0.08148316989725095, "0.4": 0.06991326373679838}, "14": {"0": 0.11396083236362174, "0.05": 0.11492690075212604, "0.1": 0.05305830431564913, "0.15": 0.02754594286618335, "0.2": 0.015469916708891699, "0.25": 0.009496093837899604, "0.3": 0.006271921504328523, "0.35": 0.004312091517152283, "0.4": 0.0029996239450509046}, "15": {"0": 0.11396083236362174, "0.05": 0.3364670995418038, "0.1": 0.20471104888396285, "0.15": 0.10305625249026877, "0.2": 0.05102891878514431, "0.25": 0.02577274822443684, "0.3": 0.013058140482421215, "0.35": 0.0068184730417128435, "0.4": 0.003604099500393568}}, "recall": {"0": {"0": 1.0, "0.05": 0.009237120246301819, "0.1": 0.0008666086557533145, "0.15": 0.00011415417813537722, "0.2": 2.38385885027811e-05, "0.25": 9.80091988848475e-06, "0.3": 7.82472613458529e-07, "0.35": 0.0, "0.4": 0.0}, "1": {"0": 1.0, "0.05": 0.02196753093393992, "0.1": 0.002067769854452769, "0.15": 0.00018085548397228329, "0.2": 5.981882775283063e-06, "0.25": 0.0, "0.3": 0.0, "0.35": 0.0, "0.4": 0.0}, "2": {"0": 1.0, "0.05": 0.05590100353803219, "0.1": 0.024429618363288136, "0.15": 0.013715588131499966, "0.2": 0.008493703303372232, "0.25": 0.005133700575300499, "0.3": 0.0032403221146390495, "0.35": 0.0019647873039778203, "0.4": 0.0011061093864466684}, "3": {"0": 1.0, "0.05": 0.11881768900938748, "0.1": 0.03860473524131667, "0.15": 0.018312362087494417, "0.2": 0.010612397477489375, "0.25": 0.006591438386768785, "0.3": 0.00407168208178793, "0.35": 0.0022329087933520386, "0.4": 0.0011969207972639456}, "4": {"0": 1.0, "0.05": 0.1635564010606467, "0.1": 0.09942310590090189, "0.15": 0.06381632729063054, "0.2": 0.03966391192962205, "0.25": 0.024003824632365466, "0.3": 0.014300580354757331, "0.35": 0.00852981485991518, "0.4": 0.004919458793534407}, "5": {"0": 1.0, "0.05": 0.0943413215835052, "0.1": 0.03944796265004886, "0.15": 0.021553183762910134, "0.2": 0.013710523089939562, "0.25": 0.009099713330995967, "0.3": 0.006550806438991597, "0.35": 0.004781199124662118, "0.4": 0.0034970122017794502}, "6": {"0": 1.0, "0.05": 0.1855617570689979, "0.1": 0.12172585915191737, "0.15": 0.0905203468184187, "0.2": 0.07130540197220624, "0.25": 0.057369572438422486, "0.3": 0.046845584774746034, "0.35": 0.03826419095149506, "0.4": 0.03178692750877714}, "7": {"0": 1.0, "0.05": 0.13041348187221827, "0.1": 0.07696694170960805, "0.15": 0.05453149527595086, "0.2": 0.041368857061820724, "0.25": 0.032357187898664125, "0.3": 0.025925819047508524, "0.35": 0.021085337841735018, "0.4": 0.01712034792768852}, "8": {"0": 1.0, "0.05": 0.08766306849869132, "0.1": 0.053172049891534935, "0.15": 0.03686005884028864, "0.2": 0.02686984046839408, "0.25": 0.020195716019878303, "0.3": 0.015619597845169116, "0.35": 0.012483996129957398, "0.4": 0.009866200095601942}, "9": {"0": 1.0, "0.05": 0.01194384531747492, "0.1": 0.0012549004880938646, "0.15": 0.0002823989269634363, "0.2": 6.42068840921028e-05, "0.25": 1.9457790535627008e-05, "0.3": 5.914536005005258e-06, "0.35": 3.663003663003663e-06, "0.4": 3.663003663003663e-06}, "10": {"0": 1.0, "0.05": 0.023348645749366147, "0.1": 0.009782900336744605, "0.15": 0.005840349096938898, "0.2": 0.00391381642345903, "0.25": 0.002871018174089511, "0.3": 0.0020956411959544806, "0.35": 0.0015606408442969614, "0.4": 0.001154748222855995}, "11": {"0": 1.0, "0.05": 0.20664104569046368, "0.1": 0.10385082675171829, "0.15": 0.05865641576705528, "0.2": 0.03551755334718694, "0.25": 0.023219646819588546, "0.3": 0.015876112291748037, "0.35": 0.01077118986450286, "0.4": 0.007447182809154362}, "12": {"0": 1.0, "0.05": 0.11081569709809608, "0.1": 0.06855119194512835, "0.15": 0.0537030398810571, "0.2": 0.044937569231460375, "0.25": 0.03840789828848901, "0.3": 0.03299940376296452, "0.35": 0.02816433046084821, "0.4": 0.02398575086394741}, "13": {"0": 1.0, "0.05": 0.19566431913132776, "0.1": 0.12974066014532637, "0.15": 0.09703156054029248, "0.2": 0.07656027135736605, "0.25": 0.06244143408600475, "0.3": 0.051966765041517524, "0.35": 0.04370311638320424, "0.4": 0.03710554790435863}, "14": {"0": 1.0, "0.05": 0.09190407394307946, "0.1": 0.03250172506317871, "0.15": 0.015331607724729142, "0.2": 0.008237099858207128, "0.25": 0.004941634094265021, "0.3": 0.0032209787544720853, "0.35": 0.0021972788174231196, "0.4": 0.0015213784165714558}, "15": {"0": 1.0, "0.05": 0.29630273628364145, "0.1": 0.1333707538469827, "0.15": 0.05861987026645665, "0.2": 0.027287488530890268,