{"fscore": {"0": {"0": 0.11398936436481887, "0.05": 0.015568584904327163, "0.1": 0.005150722112807128, "0.15": 0.002253921793268963, "0.2": 0.0008686333779138015, "0.25": 0.00025856856728088, "0.3": 6.770529531332965e-05, "0.35": 4.889692005565807e-05, "0.4": 2.9222522923309935e-05}, "1": {"0": 0.11398936436481887, "0.05": 0.04082773502425265, "0.1": 0.011309785515310845, "0.15": 0.0027027752868943903, "0.2": 0.0008582170835506527, "0.25": 0.00039644602390953815, "0.3": 0.0001916866503340386, "0.35": 0.0001067311122379245, "0.4": 5.8785753366295787e-05}, "2": {"0": 0.11398936436481887, "0.05": 0.014296057163094079, "0.1": 0.0019633231983579276, "0.15": 0.00035548055908881445, "0.2": 0.00015454674886624428, "0.25": 8.884948254173238e-05, "0.3": 4.627464400915708e-05, "0.35": 2.2662081075158398e-05, "0.4": 1.098946274674397e-05}, "3": {"0": 0.11398936436481887, "0.05": 0.18711442056832936, "0.1": 0.11006452824760848, "0.15": 0.048145823116426206, "0.2": 0.018269216325803327, "0.25": 0.005853847335655955, "0.3": 0.0021312128597629557, "0.35": 0.001032096888775464, "0.4": 0.0006296014500692029}, "4": {"0": 0.11398936436481887, "0.05": 0.31326194938891666, "0.1": 0.24999305153226486, "0.15": 0.19009459706498338, "0.2": 0.132116651926464, "0.25": 0.0828296130514619, "0.3": 0.04696674512667554, "0.35": 0.02407962512018866, "0.4": 0.010182503826579183}, "5": {"0": 0.11398936436481887, "0.05": 0.01316552470262767, "0.1": 7.751937984496124e-06, "0.15": 0.0, "0.2": 0.0, "0.25": 0.0, "0.3": 0.0, "0.35": 0.0, "0.4": 0.0}, "6": {"0": 0.11398936436481887, "0.05": 0.05778676875770386, "0.1": 0.0029900666332257496, "0.15": 0.00037481114849039464, "0.2": 0.00010512345495888283, "0.25": 4.512995553051704e-05, "0.3": 3.278581426232787e-05, "0.35": 1.573138893503446e-05, "0.4": 1.573138893503446e-05}, "7": {"0": 0.11398936436481887, "0.05": 0.22780448799476455, "0.1": 0.09937593039486285, "0.15": 0.04060524470902533, "0.2": 0.012551450139622933, "0.25": 0.0034495544154023155, "0.3": 0.0014628188901220005, "0.35": 0.0008952688263125501, "0.4": 0.000586478610970535}, "8": {"0": 0.11398936436481887, "0.05": 0.25358502338079447, "0.1": 0.17644461132133013, "0.15": 0.12613684132426164, "0.2": 0.09161410478069977, "0.25": 0.0667931762797128, "0.3": 0.04690583619906102, "0.35": 0.03232145611810245, "0.4": 0.022079356473455856}, "9": {"0": 0.11398936436481887, "0.05": 0.013089504990263618, "0.1": 1.0149028485191474e-05, "0.15": 0.0, "0.2": 0.0, "0.25": 0.0, "0.3": 0.0, "0.35": 0.0, "0.4": 0.0}, "10": {"0": 0.11398936436481887, "0.05": 0.08380102402253924, "0.1": 0.032896319256269735, "0.15": 0.009981958634966223, "0.2": 0.003051389856530572, "0.25": 0.0013809518583123269, "0.3": 0.000813562024832811, "0.35": 0.000558173000853256, "0.4": 0.0003743235931378525}, "11": {"0": 0.11398936436481887, "0.05": 0.27666790224024024, "0.1": 0.1463175317069015, "0.15": 0.07250715726861849, "0.2": 0.029129668262227928, "0.25": 0.012919870985661734, "0.3": 0.009270832843407885, "0.35": 0.006385882423692165, "0.4": 0.0030175275895213986}, "12": {"0": 0.11398936436481887, "0.05": 0.0413560022378091, "0.1": 0.0037113076731403343, "0.15": 0.0004917376109794481, "0.2": 0.00010137213058864124, "0.25": 7.399498791464626e-06, "0.3": 1.7497812773403327e-06, "0.35": 0.0, "0.4": 0.0}, "13": {"0": 0.11398936436481887, "0.05": 0.10094861005720959, "0.1": 0.02116753624045151, "0.15": 0.003265547934060668, "0.2": 0.0010634353889331547, "0.25": 0.0006407401747446301, "0.3": 0.00028652087376963554, "0.35": 0.0001696849366432492, "0.4": 0.00010303445169039207}, "14": {"0": 0.11398936436481887, "0.05": 0.1303297066381675, "0.1": 0.04890943159091904, "0.15": 0.018366161980640124, "0.2": 0.005358451021925002, "0.25": 0.00249160588322304, "0.3": 0.001742037964414999, "0.35": 0.0013190979512417793, "0.4": 0.0010133479476724075}, "15": {"0": 0.11398936436481887, "0.05": 0.30213646839517255, "0.1": 0.18256216425334226, "0.15": 0.10257359540802309, "0.2": 0.05549986267613398, "0.25": 0.027768369862736616, "0.3": 0.010840179069708019, "0.35": 0.004710869512459011, "0.4": 0.003244713274090682}}, "recall": {"0": {"0": 1.0, "0.05": 0.012480237081987365, "0.1": 0.003180926208162085, "0.15": 0.0012673548013863636, "0.2": 0.0004660504721893973, "0.25": 0.00013569049849079367, "0.3": 3.4911278735136594e-05, "0.35": 2.5168627147775237e-05, "0.4": 1.4856994517633776e-05}, "1": {"0": 1.0, "0.05": 0.030806316233696753, "0.1": 0.006486060192612289, "0.15": 0.001440255801402288, "0.2": 0.00044459195349724973, "0.25": 0.0002030641222600326, "0.3": 9.75490270567391e-05, "0.35": 5.419270188408013e-05, "0.4": 2.9733969337215853e-05}, "2": {"0": 1.0, "0.05": 0.010834063442740549, "0.1": 0.0010910530511906813, "0.15": 0.00018669693567863603, "0.2": 8.011475338052856e-05, "0.25": 4.565954778376963e-05, "0.3": 2.377610028132955e-05, "0.35": 1.1560123749342228e-05, "0.4": 5.551057730470684e-06}, "3": {"0": 1.0, "0.05": 0.18068636878345523, "0.1": 0.07021904132077639, "0.15": 0.026623238642257928, "0.2": 0.009572196731566666, "0.25": 0.0030059483959022043, "0.3": 0.0010833814577069125, "0.35": 0.0005216415327216762, "0.4": 0.0003172885176279688}, "4": {"0": 1.0, "0.05": 0.23107792287866477, "0.1": 0.15920874177145175, "0.15": 0.11537072066144795, "0.2": 0.07734056514869377, "0.25": 0.0467427200547421, "0.3": 0.02549584093844589, "0.35": 0.012649438836262895, "0.4": 0.005239171803518668}, "5": {"0": 1.0, "0.05": 0.008173578435766889, "0.1": 4.219409282700422e-06, "0.15": 0.0, "0.2": 0.0, "0.25": 0.0, "0.3": 0.0, "0.35": 0.0, "0.4": 0.0}, "6": {"0": 1.0, "0.05": 0.04180638574217604, "0.1": 0.0015657954596935352, "0.15": 0.00019001113734333285, "0.2": 5.324829536232623e-05, "0.25": 2.281821900514935e-05, "0.3": 1.659645523576763e-05, "0.35": 7.950695277371282e-06, "0.4": 7.950695277371282e-06}, "7": {"0": 1.0, "0.05": 0.16994962466981803, "0.1": 0.05849957206501032, "0.15": 0.02234683147033979, "0.2": 0.006588231076134659, "0.25": 0.001763335163733785, "0.3": 0.0007405433754000467, "0.35": 0.00045210867043280487, "0.4": 0.00029608529025190776}, "8": {"0": 1.0, "0.05": 0.1783557575149153, "0.1": 0.10815671644312035, "0.15": 0.07328336712264312, "0.2": 0.051570826411109286, "0.25": 0.03671338286604072, "0.3": 0.025130724442145796, "0.35": 0.016955649164870898, "0.4": 0.011433085331635093}, "9": {"0": 1.0, "0.05": 0.008791642860640683, "0.1": 5.1285017448473985e-06, "0.15": 0.0, "0.2": 0.0, "0.25": 0.0, "0.3": 0.0, "0.35": 0.0, "0.4": 0.0}, "10": {"0": 1.0, "0.05": 0.06508798411620915, "0.1": 0.018553406658563993, "0.15": 0.005248236034246537, "0.2": 0.0015790703154790347, "0.25": 0.0007117918427218074, "0.3": 0.0004171580287537279, "0.35": 0.0002852646828457234, "0.4": 0.00019110098887739808}, "11": {"0": 1.0, "0.05": 0.2698586453780517, "0.1": 0.10014465748600274, "0.15": 0.04272305166831172, "0.2": 0.01564944748774407, "0.25": 0.006649600299389261, "0.3": 0.004715424704545595, "0.35": 0.0032362016246867487, "0.4": 0.0015300446282068853}, "12": {"0": 1.0, "0.05": 0.02986625222975044, "0.1": 0.0020068080999422035, "0.15": 0.00025681288480743943, "0.2": 5.216649542454771e-05, "0.25": 3.750756200846945e-06, "0.3": 8.771929824561404e-07, "0.35": 0.0, "0.4": 0.0}, "13": {"0": 1.0, "0.05": 0.07319782867732039, "0.1": 0.011851044644884135, "0.15": 0.0016930752631262149, "0.2": 0.0005413708433142725, "0.25": 0.000324851285627179, "0.3": 0.00014477528180381778, "0.35": 8.562753625313814e-05, "0.4": 5.1894283144248494e-05}, "14": {"0": 1.0, "0.05": 0.09246624586279589, "0.1": 0.027823179013203973, "0.15": 0.00979345816644329, "0.2": 0.002756928986817129, "0.25": 0.0012690061259800895, "0.3": 0.0008844514225504573, "0.35": 0.0006675986727617939, "0.4": 0.0005122727903800275}, "15": {"0": 1.0, "0.05": 0.280583951937291, "0.1": 0.12121418675149806, "0.15": 0.058734939541262944, "0.2": 0.029689465866213523, "0.25": 0.014400712116611406, "0.3": 0.005519724078606772, "0.35": 0.0023820265035275788, "0.4": 0.001638952268701575}},