{"fscore": {"0": {"0": 0.11396083236362174, "0.05": 0.06474825660955219, "0.1": 0.035155830713494825, "0.15": 0.01766101310468953, "0.2": 0.010236665659230452, "0.25": 0.006954501203451351, "0.3": 0.004922339546952689, "0.35": 0.0033914732617122117, "0.4": 0.0020681426893236913}, "1": {"0": 0.11396083236362174, "0.05": 0.12552229674375517, "0.1": 0.07992503265137316, "0.15": 0.054267886330508955, "0.2": 0.0396630343929684, "0.25": 0.028543692775281806, "0.3": 0.019710939552768394, "0.35": 0.013198362058150833, "0.4": 0.008520007168063594}, "2": {"0": 0.11396083236362174, "0.05": 0.08558423554027987, "0.1": 0.03897578438701412, "0.15": 0.01809244462553756, "0.2": 0.008461870956498547, "0.25": 0.003974384208419922, "0.3": 0.0016728226647323842, "0.35": 0.0007586215228406647, "0.4": 0.0003177218263124504}, "3": {"0": 0.11396083236362174, "0.05": 0.209230239564964, "0.1": 0.13190399877858783, "0.15": 0.08419468514440266, "0.2": 0.04998148044256379, "0.25": 0.02834674396628113, "0.3": 0.01574378672585897, "0.35": 0.009806980743183445, "0.4": 0.006865149363493708}, "4": {"0": 0.11396083236362174, "0.05": 0.3335297299169988, "0.1": 0.27416885931059115, "0.15": 0.2292849718327658, "0.2": 0.19677839170870892, "0.25": 0.15314491709743352, "0.3": 0.10252024465985018, "0.35": 0.0594506502368772, "0.4": 0.02961215546557225}, "5": {"0": 0.11396083236362174, "0.05": 0.09771994198239387, "0.1": 0.03909855091966875, "0.15": 0.019434397098236324, "0.2": 0.013558903481560176, "0.25": 0.011461901983167566, "0.3": 0.010607572979293642, "0.35": 0.010091849966685829, "0.4": 0.00959339918069472}, "6": {"0": 0.11396083236362174, "0.05": 0.1296312300614761, "0.1": 0.06584666840507265, "0.15": 0.03461930307806553, "0.2": 0.019803908121497082, "0.25": 0.01245329884896181, "0.3": 0.008556594488456436, "0.35": 0.005980417631070601, "0.4": 0.004157323151636329}, "7": {"0": 0.11396083236362174, "0.05": 0.23859268451091567, "0.1": 0.09293850456688152, "0.15": 0.031694239341523565, "0.2": 0.008702938888663966, "0.25": 0.002433923086747315, "0.3": 0.0008517482347097074, "0.35": 0.00029476143435695843, "0.4": 0.00010136059272275276}, "8": {"0": 0.11396083236362174, "0.05": 0.29145254370573365, "0.1": 0.22164138078449264, "0.15": 0.17824445634138825, "0.2": 0.14405351758831197, "0.25": 0.10974226860761817, "0.3": 0.07828551906167054, "0.35": 0.051965888162046496, "0.4": 0.03219325310642904}, "9": {"0": 0.11396083236362174, "0.05": 0.03588617594435757, "0.1": 0.013687582952120487, "0.15": 0.0067940176133965075, "0.2": 0.0023060810939944565, "0.25": 0.0008036977275003771, "0.3": 0.00035019575418046805, "0.35": 0.00023450671919893673, "0.4": 0.00016083514498472964}, "10": {"0": 0.11396083236362174, "0.05": 0.06782828577908318, "0.1": 0.011232569743132559, "0.15": 0.0027914754613896993, "0.2": 0.0011347371159627505, "0.25": 0.0005365892444812278, "0.3": 0.00033370098734465296, "0.35": 0.00019113925960409392, "0.4": 0.00010731479185528697}, "11": {"0": 0.11396083236362174, "0.05": 0.32200993764828745, "0.1": 0.21075201367680363, "0.15": 0.10568563190491762, "0.2": 0.04434985291420369, "0.25": 0.013428274185962399, "0.3": 0.0043360978569991025, "0.35": 0.0019344239340699334, "0.4": 0.0009747795326778003}, "12": {"0": 0.11396083236362174, "0.05": 0.060302959406828345, "0.1": 0.01575231882653701, "0.15": 0.005479908284661838, "0.2": 0.0024903480303190245, "0.25": 0.0013427741456983491, "0.3": 0.000780338287574859, "0.35": 0.0004262018376734042, "0.4": 0.000236880346019377}, "13": {"0": 0.11396083236362174, "0.05": 0.2891800572213227, "0.1": 0.175311030455527, "0.15": 0.10641316877868426, "0.2": 0.06735900210267343, "0.25": 0.04649112807749268, "0.3": 0.0340362720234049, "0.35": 0.025893554835692324, "0.4": 0.019947743154508896}, "14": {"0": 0.11396083236362174, "0.05": 0.19630743026515113, "0.1": 0.08842907720377534, "0.15": 0.04505211813883575, "0.2": 0.024349901975812244, "0.25": 0.014925320774775772, "0.3": 0.009943887799740384, "0.35": 0.007041154582039357, "0.4": 0.00524209183682712}, "15": {"0": 0.11396083236362174, "0.05": 0.28326380802404266, "0.1": 0.1753208205788659, "0.15": 0.09147896638763685, "0.2": 0.03497635708074498, "0.25": 0.009390780714974113, "0.3": 0.0019854095650898426, "0.35": 0.0003435534189610995, "0.4": 6.008249705111913e-05}}, "recall": {"0": {"0": 1.0, "0.05": 0.05707694800466136, "0.1": 0.023050348596878985, "0.15": 0.010360866800640522, "0.2": 0.0056869211919983315, "0.25": 0.0037507867948220123, "0.3": 0.002605837630655893, "0.35": 0.0017732475852334328, "0.4": 0.0010717915651546916}, "1": {"0": 1.0, "0.05": 0.09935337073528318, "0.1": 0.0462970107751771, "0.15": 0.029055140532233306, "0.2": 0.02065733499075127, "0.25": 0.014689366652698065, "0.3": 0.01007154927894699, "0.35": 0.006710222362067079, "0.4": 0.004316043350925873}, "2": {"0": 1.0, "0.05": 0.0766366200964327, "0.1": 0.025296999616402683, "0.15": 0.010427122841507704, "0.2": 0.004604446186398785, "0.25": 0.0020999566080540967, "0.3": 0.0008687003641266676, "0.35": 0.000389121282657801, "0.4": 0.0001615026607984185}, "3": {"0": 1.0, "0.05": 0.20426184756677673, "0.1": 0.08611985662522413, "0.15": 0.04773086079397967, "0.2": 0.026696339833393375, "0.25": 0.014728605049503851, "0.3": 0.008067171447368486, "0.35": 0.004990483203933529, "0.4": 0.0034796384675778334}, "4": {"0": 1.0, "0.05": 0.2549657829608753, "0.1": 0.17859753168110096, "0.15": 0.1424864193039614, "0.2": 0.11895261320373365, "0.25": 0.08959165995744013, "0.3": 0.057814875684933646, "0.35": 0.032363102573532504, "0.4": 0.01558450455531023}, "5": {"0": 1.0, "0.05": 0.0893165648106655, "0.1": 0.02525818570058929, "0.15": 0.011256572127703007, "0.2": 0.007473195626084423, "0.25": 0.006155868922485423, "0.3": 0.005604544803028164, "0.35": 0.005277401613710012, "0.4": 0.004977099419182439}, "6": {"0": 1.0, "0.05": 0.10028663948974118, "0.1": 0.03889541883898074, "0.15": 0.018926796968206802, "0.2": 0.010468833109908383, "0.25": 0.0064610638646698, "0.3": 0.004395868143930601, "0.35": 0.0030534981567204955, "0.4": 0.0021151319154809655}, "7": {"0": 1.0, "0.05": 0.17227566162401567, "0.1": 0.05349567668626181, "0.15": 0.016987282143848637, "0.2": 0.0044943479406366295, "0.25": 0.0012363278309708257, "0.3": 0.0004310447097168083, "0.35": 0.00014904037240243224, "0.4": 5.1163820205863546e-05}, "8": {"0": 1.0, "0.05": 0.20897533165217086, "0.1": 0.13921434782440495, "0.15": 0.106871526265741, "0.2": 0.08350952303966469, "0.25": 0.061550200667564815, "0.3": 0.04263737656784988, "0.35": 0.027657353601487085, "0.4": 0.016842738240829155}, "9": {"0": 1.0, "0.05": 0.02476057426013911, "0.1": 0.007371194516329503, "0.15": 0.003529904206959433, "0.2": 0.0011859509826748962, "0.25": 0.0004126744168194784, "0.3": 0.00018067517324004187, "0.35": 0.0001208200250466889, "0.4": 8.242853693448794e-05}, "10": {"0": 1.0, "0.05": 0.052077006204154966, "0.1": 0.006124128937389081, "0.15": 0.0014509922765026096, "0.2": 0.0005837833521246702, "0.25": 0.0002760609908939965, "0.3": 0.00017098579463086332, "0.35": 9.800311050781868e-05, "0.4": 5.496368045645366e-05}, "11": {"0": 1.0, "0.05": 0.31487796750037544, "0.1": 0.14684394123235234, "0.15": 0.06213046449803806, "0.2": 0.023771761444223057, "0.25": 0.006893462724671603, "0.3": 0.0021957458676008126, "0.35": 0.0009758668649357959, "0.4": 0.000491439740984244}, "12": {"0": 1.0, "0.05": 0.04502845055924175, "0.1": 0.008868467193674772, "0.15": 0.0028932515555798416, "0.2": 0.0012869512441177316, "0.25": 0.0006870724354686703, "0.3": 0.0003976583593700962, "0.35": 0.00021601881473673877, "0.4": 0.00011976303239377184}, "13": {"0": 1.0, "0.05": 0.2393335272524012, "0.1": 0.11034159076360837, "0.15": 0.06054413161214546, "0.2": 0.03636694529666632, "0.25": 0.024445046973676245, "0.3": 0.017645607368728732, "0.35": 0.013312009239833958, "0.4": 0.010194503921139566}, "14": {"0": 1.0, "0.05": 0.13223448764160925, "0.1": 0.04978223992730406, "0.15": 0.023916763287691187, "0.2": 0.012598225704323899,