{"fscore": {"0": {"0": 0.1139614504917047, "0.05": 0.02340908976383865, "0.1": 0.008291050566482975, "0.15": 0.0037406078878668043, "0.2": 0.0019428768877592225, "0.25": 0.0010672722325850324, "0.3": 0.000678084953466811, "0.35": 0.000474659105024905, "0.4": 0.0002851053635251462}, "1": {"0": 0.1137105547697654, "0.05": 0.25442877107184725, "0.1": 0.17807055636921804, "0.15": 0.12106224159650854, "0.2": 0.08306269684156171, "0.25": 0.05794173666762139, "0.3": 0.04010269564096857, "0.35": 0.02783505059176852, "0.4": 0.019007928521515283}, "2": {"0": 0.10849733531455033, "0.05": 0.11802224159959285, "0.1": 0.07391776325037114, "0.15": 0.05036147032386811, "0.2": 0.03598056908781404, "0.25": 0.02656112132229614, "0.3": 0.01978132264409439, "0.35": 0.014945213483619886, "0.4": 0.011294384359769045}, "3": {"0": 0.11425528999780382, "0.05": 0.24504585609179227, "0.1": 0.20596904993783843, "0.15": 0.17765521893138783, "0.2": 0.1538569721371624, "0.25": 0.13298218030027345, "0.3": 0.11337220003005193, "0.35": 0.0975320253281024, "0.4": 0.08596624039497783}, "4": {"0": 0.11396083236362174, "0.05": 0.03884139855079182, "0.1": 0.011753911433115313, "0.15": 0.004906744743419519, "0.2": 0.0026776714577091353, "0.25": 0.0017538878065628117, "0.3": 0.0012816751244470602, "0.35": 0.001005799622185776, "0.4": 0.0007487088415245762}, "5": {"0": 0.11396087536188573, "0.05": 0.053837119050183235, "0.1": 0.03539665896709939, "0.15": 0.023001867376897325, "0.2": 0.013802401671347778, "0.25": 0.008074601566632493, "0.3": 0.004386859882189282, "0.35": 0.00227525230182882, "0.4": 0.0011761411918126221}, "6": {"0": 0.11396083236362174, "0.05": 0.10508952186410174, "0.1": 0.04050584388847893, "0.15": 0.017991104465746983, "0.2": 0.008758442985238818, "0.25": 0.004478278077495881, "0.3": 0.0023237694849066134, "0.35": 0.0013576696375180173, "0.4": 0.0007478919373374945}, "7": {"0": 0.11515478766359685, "0.05": 0.1561242921638662, "0.1": 0.12763966364103763, "0.15": 0.10778595018528783, "0.2": 0.0922321941581755, "0.25": 0.0794351103724438, "0.3": 0.06866769114942002, "0.35": 0.05957935838522371, "0.4": 0.05341606522068494}, "8": {"0": 0.11396083236362174, "0.05": 0.03147175079568927, "0.1": 0.003896054992673737, "0.15": 0.001176056794973854, "0.2": 0.0004849925478503371, "0.25": 0.00025874472955550763, "0.3": 0.00011487568641729921, "0.35": 3.3371760952829594e-05, "0.4": 1.7590149516270887e-06}, "9": {"0": 0.11398205907886336, "0.05": 0.18443661891674723, "0.1": 0.14534519937591595, "0.15": 0.1091093410016328, "0.2": 0.07953437012765353, "0.25": 0.057876110696688625, "0.3": 0.042222303244789414, "0.35": 0.031412312785401346, "0.4": 0.02407822529752475}, "10": {"0": 0.11396084370335785, "0.05": 0.07854576210881534, "0.1": 0.041354288073832006, "0.15": 0.019942223884021937, "0.2": 0.010152854595138192, "0.25": 0.005951961876629856, "0.3": 0.0036265491650286754, "0.35": 0.0022375701428629774, "0.4": 0.001408858758851209}, "11": {"0": 0.11163602962800387, "0.05": 0.04857991591358076, "0.1": 0.01962961197910575, "0.15": 0.011969924820874094, "0.2": 0.008997290244338254, "0.25": 0.007211358747767874, "0.3": 0.006016779283987228, "0.35": 0.005267208763035623, "0.4": 0.004598965789923946}}, "recall": {"0": {"0": 1.0, "0.05": 0.015597768801110135, "0.1": 0.004680006346379385, "0.15": 0.0020031281935330245, "0.2": 0.001013505489095114, "0.25": 0.000549517475330857, "0.3": 0.00034694702589553166, "0.35": 0.00024192500686294742, "0.4": 0.00014470745109729032}, "1": {"0": 0.9367008490096022, "0.05": 0.2585541901289205, "0.1": 0.12904154850185962, "0.15": 0.07528474293085058, "0.2": 0.04765629376405195, "0.25": 0.031731971067988585, "0.3": 0.021348622509335422, "0.35": 0.014561805638401917, "0.4": 0.009828057660925796}, "2": {"0": 0.9319570902401545, "0.05": 0.08199279491286604, "0.1": 0.044851286107413235, "0.15": 0.02874854648041692, "0.2": 0.019830193189155215, "0.25": 0.014306580498915972, "0.3": 0.010489334194187778, "0.35": 0.007834060642838425, "0.4": 0.005868057124274647}, "3": {"0": 0.9993015061915131, "0.05": 0.1616297221137316, "0.1": 0.1262769131156537, "0.15": 0.1039601270345008, "0.2": 0.0871770716403981, "0.25": 0.07376754524063737, "0.3": 0.06191662875489214, "0.35": 0.052632400819412166, "0.4": 0.045967363252292545}, "4": {"0": 1.0, "0.05": 0.029524916959982852, "0.1": 0.006898728218417155, "0.15": 0.0026920706994637716, "0.2": 0.0014255291760823256, "0.25": 0.000919457927737185, "0.3": 0.0006655605624623969, "0.35": 0.0005189187361670433, "0.4": 0.0003837999991079457}, "5": {"0": 1.0, "0.05": 0.050817400707961424, "0.1": 0.02520707882359164, "0.15": 0.014404541077350794, "0.2": 0.008036353516744752, "0.25": 0.004489313910216629, "0.3": 0.002364230024229064, "0.35": 0.0012030786552338338, "0.4": 0.0006139563656705113}, "6": {"0": 1.0, "0.05": 0.08414503029775888, "0.1": 0.024155882046882952, "0.15": 0.009824013270231285, "0.2": 0.004618290159135087, "0.25": 0.002318761999731225, "0.3": 0.0011910963425179803, "0.35": 0.0006929040924753888, "0.4": 0.0003799275955224844}, "7": {"0": 0.9894681152631708, "0.05": 0.12638854694152807, "0.1": 0.09049151142419722, "0.15": 0.07101734486831755, "0.2": 0.057887256532459255, "0.25": 0.04808305851932652, "0.3": 0.04048441025146549, "0.35": 0.03444507436248222, "0.4": 0.03040808843596113}, "8": {"0": 1.0, "0.05": 0.023628592547505184, "0.1": 0.0021502795051002934, "0.15": 0.0006141589544366692, "0.2": 0.00024904258944955887, "0.25": 0.00013154590702777415, "0.3": 5.836966665981843e-05, "0.35": 1.6895820229153563e-05, "0.4": 8.818342151675484e-07}, "9": {"0": 0.9997873993073654, "0.05": 0.16574041478648835, "0.1": 0.10084814611443418, "0.15": 0.06698048192605698, "0.2": 0.04561119742938791, "0.25": 0.031834537379608646, "0.3": 0.022624292969162827, "0.35": 0.016554636987548325, "0.4": 0.012543446560078041}, "10": {"0": 1.0, "0.05": 0.07240999779853545, "0.1": 0.027192718953964107, "0.15": 0.011472845270568771, "0.2": 0.005505109031620965, "0.25": 0.003131717632293179, "0.3": 0.0018814727678944745, "0.35": 0.0011515895540816052, "0.4": 0.0007211273404964643}, "11": {"0": 0.9707880719404686, "0.05": 0.037106822788169895, "0.1": 0.012564187905659961, "0.15": 0.007138320228398963, "0.2": 0.005153560881955612, "0.25": 0.004024111785412704, "0.3": 0.0032973978035625356, "0.35": 0.0028481934873749483, "0.4": 0.0024616002024417712}}, "precision": {"0": {"0": 0.062189374445944225, "0.05": 0.05550570718240231, "0.1": 0.05128481757873786, "0.15": 0.04391018242614504, "0.2": 0.038711587177529067, "0.25": 0.03104022950733479, "0.3": 0.02731105775316302, "0.35": 0.02379133597883599, "0.4": 0.016023953823953826}, "1": {"0": 0.062436002540274815, "0.05": 0.2646630895074762, "0.1": 0.31313212295431747, "0.15": 0.3473061540403595, "0.2": 0.374124492952371, "0.25": 0.3980159074945722, "0.3": 0.410747847232707, "0.35": 0.412831093918756, "0.4": 0.39905957569119277}, "2": {"0": 0.05934693591328725, "0.05": 0.2323362957631385, "0.1": 0.23765869090294184, "0.15": 0.23429928218167845, "0.2": 0.2289494083917292, "0.25": 0.2250775034481563, "0.3": 0.2137515461802506, "0.35": 0.2038700054671392, "0.4": 0.19281765924426103}, "3": {"0": 0.06235396995585349, "0.05": 0.5400481516982905, "0.1": 0.6019059352081398, "0.15": 0.6670747929157762, "0.2": 0.7308341577224231, "0.25": 0.7718944277292242, "0.3": 0.7861223233940873, "0.35": 0.7976066143900039, "0.4": 0.8091445805332047}, "4": {"0": 0.06218900307361576, "0.05": 0.06565047415041356, "0.1": 0.04993611099937762, "0.15": 0.03679694916681176, "0.2": 0.031404756814501056, "0.25": 0.027737650706420123, "0.3": 0.025539039201539243, "0.35": 0.025378318903318927, "0.4": 0.022725673400673416}, "5": {"0": 0.06218902579038348, "0.05": 0.06133052301110028, "0.1": 0.06713167801740208, "0.15": 0.06819287143303625, "0.2": 0.06285257027737243, "0.25": 0.056667259438873525, "0.3": 0.04645007972381562, "0.35": 0.03499683274242103, "0.4": 0.025940684315684328}, "6": {"0": 0.06218900307361576, "0.05": 0.17321343976321338,