{"fscore": {"0": {"0": 0.11396083236362174, "0.05": 0.04611500821157732, "0.1": 0.022749309897761815, "0.15": 0.01265593221812285, "0.2": 0.0075574716931340324, "0.25": 0.004664494710639647, "0.3": 0.003151492727703066, "0.35": 0.002101672059537111, "0.4": 0.0014418756063555966}, "1": {"0": 0.11396083236362174, "0.05": 0.3215922071884835, "0.1": 0.25433975249720847, "0.15": 0.18277461205694673, "0.2": 0.12364642028237893, "0.25": 0.07890066020419728, "0.3": 0.048692012686752446, "0.35": 0.02950663628407238, "0.4": 0.017872740461473996}, "2": {"0": 0.11396083236362174, "0.05": 0.04310845645373911, "0.1": 0.017132597810793043, "0.15": 0.009159290645270442, "0.2": 0.005696204782138087, "0.25": 0.003865717904717735, "0.3": 0.0027883560348190657, "0.35": 0.0019902279969721726, "0.4": 0.0015691193815907901}, "3": {"0": 0.11396083236362174, "0.05": 0.2774322636752867, "0.1": 0.25116118671798876, "0.15": 0.22996306162178923, "0.2": 0.20969429555631033, "0.25": 0.19120208725568977, "0.3": 0.1708532985502351, "0.35": 0.15589529437552516, "0.4": 0.14347115831060164}, "4": {"0": 0.11396083236362174, "0.05": 0.0636119100060847, "0.1": 0.016902149837167507, "0.15": 0.005666822088738802, "0.2": 0.0019831902407965543, "0.25": 0.0008147063770063706, "0.3": 0.0003337642803700068, "0.35": 0.00016205127252027807, "0.4": 2.5946305660019914e-05}, "5": {"0": 0.11396083236362174, "0.05": 0.014486559536872383, "0.1": 0.0052246292073066325, "0.15": 0.0025006774573044055, "0.2": 0.0013451000554691346, "0.25": 0.0008004621909316089, "0.3": 0.0005310522411225197, "0.35": 0.0003528264699408424, "0.4": 0.00021936850950000987}, "6": {"0": 0.11396083236362174, "0.05": 0.16956762510211373, "0.1": 0.07296147906009831, "0.15": 0.03638087846114571, "0.2": 0.020334616508326755, "0.25": 0.01195178259852138, "0.3": 0.007514654337510818, "0.35": 0.004822755176691515, "0.4": 0.003285499725358939}, "7": {"0": 0.11396083236362174, "0.05": 0.3313049816841407, "0.1": 0.2677328462754786, "0.15": 0.21109973019742867, "0.2": 0.16378765774233023, "0.25": 0.125554884935692, "0.3": 0.09620995504953599, "0.35": 0.07367939869157203, "0.4": 0.056000605224108845}, "8": {"0": 0.11396083236362174, "0.05": 0.02383323017636398, "0.1": 0.0037017927337968867, "0.15": 0.000539499482421481, "0.2": 8.926923112423141e-05, "0.25": 6.520439767437649e-06, "0.3": 4.8661800486618e-06, "0.35": 4.8661800486618e-06, "0.4": 0.0}, "9": {"0": 0.11396083236362174, "0.05": 0.16436731470491225, "0.1": 0.10299228184614326, "0.15": 0.06181670056452044, "0.2": 0.03687314539250274, "0.25": 0.023365057768817095, "0.3": 0.015623317719634832, "0.35": 0.011755286894704411, "0.4": 0.009387850677359411}, "10": {"0": 0.11396083236362174, "0.05": 0.11495761216341265, "0.1": 0.04550300448823446, "0.15": 0.020094156936061362, "0.2": 0.009956169483082622, "0.25": 0.005257141833495934, "0.3": 0.003123739431149625, "0.35": 0.001940526228186656, "0.4": 0.0011247937747211612}, "11": {"0": 0.11396083236362174, "0.05": 0.03853200009848277, "0.1": 0.015223687350989593, "0.15": 0.007698011601651475, "0.2": 0.004686673021919733, "0.25": 0.00311141594333423, "0.3": 0.002159636578279693, "0.35": 0.0015655615661194539, "0.4": 0.0012758096416723027}}, "recall": {"0": {"0": 1.0, "0.05": 0.036172674050989374, "0.1": 0.01459172715910087, "0.15": 0.007472014352049435, "0.2": 0.004253554004078427, "0.25": 0.0025470155493547563, "0.3": 0.0016868423944284773, "0.35": 0.0011095551841343735, "0.4": 0.0007529283274541803}, "1": {"0": 1.0, "0.05": 0.3448499547643116, "0.1": 0.19666531686659375, "0.15": 0.1192512267990565, "0.2": 0.07308917523856844, "0.25": 0.043835704449684224, "0.3": 0.026002182876523568, "0.35": 0.015373956717861709, "0.4": 0.009173782879441402}, "2": {"0": 1.0, "0.05": 0.029257604594847872, "0.1": 0.010195428875001602, "0.15": 0.005168614673247338, "0.2": 0.00312305310749477, "0.25": 0.0020799054467145303, "0.3": 0.0014799734961758262, "0.35": 0.0010446121597276596, "0.4": 0.0008174705014237147}, "3": {"0": 1.0, "0.05": 0.1949028743095336, "0.1": 0.16628003979173134, "0.15": 0.14663724730600208, "0.2": 0.12984723844898627, "0.25": 0.11548857650705098, "0.3": 0.10144604356700576, "0.35": 0.0913677675679164, "0.4": 0.08316603738258053}, "4": {"0": 1.0, "0.05": 0.04654128411845654, "0.1": 0.00940162685078193, "0.15": 0.0029599553386038245, "0.2": 0.0010150419880234662, "0.25": 0.0004137011310876825, "0.3": 0.00016865497903103296, "0.35": 8.185379425867565e-05, "0.4": 1.3095334134317615e-05}, "5": {"0": 1.0, "0.05": 0.011053215677829974, "0.1": 0.00324182414701964, "0.15": 0.0014271021172072632, "0.2": 0.000736556948142329, "0.25": 0.0004278155827853815, "0.3": 0.00027947175799566135, "0.35": 0.000183740808451869, "0.4": 0.00011343430673022623}, "6": {"0": 1.0, "0.05": 0.130721369801887, "0.1": 0.042252059298542734, "0.15": 0.01955405266456355, "0.2": 0.010606342697965168, "0.25": 0.0061525015497647445, "0.3": 0.0038416823962466036, "0.35": 0.0024550231541250744, "0.4": 0.0016673521476023622}, "7": {"0": 1.0, "0.05": 0.25566189784484294, "0.1": 0.17723016738135125, "0.15": 0.128183548293359, "0.2": 0.09416998391907497, "0.25": 0.06958159221460009, "0.3": 0.05199094053035787, "0.35": 0.03908278638680108, "0.4": 0.029291232347617574}, "8": {"0": 1.0, "0.05": 0.01477370276655406, "0.1": 0.0019305223614093311, "0.15": 0.0002755232558471226, "0.2": 4.517050145006083e-05, "0.25": 3.2801677885084383e-06, "0.3": 2.450980392156863e-06, "0.35": 2.450980392156863e-06, "0.4": 0.0}, "9": {"0": 1.0, "0.05": 0.16315477718630292, "0.1": 0.07201382377354253, "0.15": 0.03725683889903702, "0.2": 0.02070057268486321, "0.25": 0.012631914020617075, "0.3": 0.008253637145222745, "0.35": 0.006122998861434204, "0.4": 0.004841705801068047}, "10": {"0": 1.0, "0.05": 0.08964833105407777, "0.1": 0.02649460531374093, "0.15": 0.01080593752147796, "0.2": 0.005189737437354627, "0.25": 0.0026990010085874956, "0.3": 0.0015912385848853728, "0.35": 0.0009843192057991284, "0.4": 0.0005683516281475359}, "11": {"0": 1.0, "0.05": 0.025769384639215038, "0.1": 0.008679090336669965, "0.15": 0.004171441819980168, "0.2": 0.0024794902798756942, "0.25": 0.0016266359417896371, "0.3": 0.0011219007551967878, "0.35": 0.0008098446627441567, "0.4": 0.0006574499236283142}}, "precision": {"0": {"0": 0.06218900307361576, "0.05": 0.07257594156905207, "0.1": 0.06185864276205506, "0.15": 0.05159681090872653, "0.2": 0.043723838206538, "0.25": 0.036417011155870864, "0.3": 0.03284953089164151, "0.35": 0.029029650649864194, "0.4": 0.02626243816343297}, "1": {"0": 0.06218900307361576, "0.05": 0.31490986368910723, "0.1": 0.38172917060042927, "0.15": 0.4219211545612196, "0.2": 0.4426375250314222, "0.25": 0.4504863616318901, "0.3": 0.45933624200684425, "0.35": 0.47399366788223213, "0.4": 0.48745873689877145}, "2": {"0": 0.06218900307361576, "0.05": 0.09303147328184166, "0.1": 0.06256667978378784, "0.15": 0.04778088511887492, "0.2": 0.03898001148885578, "0.25": 0.033334742286390065, "0.3": 0.030300190771954925, "0.35": 0.026706617357280204, "0.4": 0.025252504855861387}, "3": {"0": 0.06218900307361576, "0.05": 0.5087693339991683, "0.1": 0.544190321036105, "0.15": 0.5696702079399238, "0.2": 0.5897115893358073, "0.25": 0.6092495807366359, "0.3": 0.6007515456677238, "0.35": 0.5953362863681076, "0.4": 0.5902311501940436}, "4": {"0": 0.06218900307361576, "0.05": 0.11507232974442977, "0.1": 0.1127583924975188, "0.15": 0.10677181437489988, "0.2": 0.07876469178969171, "0.25": 0.04795357142857142, "0.3": 0.02306666666666667, "0.35": 0.012027777777777778, "0.4": 0.0021666666666666666}, "5": {"0": 0.06218900307361576, "0.05": 0.02393307942506472, "0.1": 0.01583424574718094, "0.15": 0.012332572918066904, "0.2": 0.009544402734739723, "0.25": 0.008162126356768735, "0.3": 0.007563097729582792, "0.35": 0.006889920859550487, "0.4": 0.005734107660016792}, "6": {"0": 0.06218900307361576, "0.05": 0.278519393612486, "0.1": 0.3569097914892604, "0.15": 0.3921629107524485, "0.2": 0.3973354346487375, "0.25": 0.36023852420597624,