{"fscore": {"0": {"0": 0.11398936436481887, "0.05": 0.04792721287815396, "0.1": 0.020049915553840097, "0.15": 0.009436046017842896, "0.2": 0.006015622898113238, "0.25": 0.004081811578835046, "0.3": 0.002622078143955681, "0.35": 0.0013930166426098217, "0.4": 0.0006102913041032353}, "1": {"0": 0.11398936436481887, "0.05": 0.11375939379125839, "0.1": 0.07102444613238959, "0.15": 0.04667344555771971, "0.2": 0.031128549947427225, "0.25": 0.019390796655121133, "0.3": 0.010995828937218559, "0.35": 0.006054458783697225, "0.4": 0.0033300483414060093}, "2": {"0": 0.11398936436481887, "0.05": 0.05711070665205302, "0.1": 0.019179221279574266, "0.15": 0.006454734049774832, "0.2": 0.002232825749056427, "0.25": 0.0008925906928598674, "0.3": 0.0004059282414619927, "0.35": 0.00016888761433255653, "0.4": 7.873850794796868e-05}, "3": {"0": 0.11398936436481887, "0.05": 0.19746694384468813, "0.1": 0.1166070283780814, "0.15": 0.06917536220096177, "0.2": 0.0358501961909875, "0.25": 0.0178977259746609, "0.3": 0.009657601196043331, "0.35": 0.006215307974723881, "0.4": 0.004078023338937536}, "4": {"0": 0.11398936436481887, "0.05": 0.33125970334581406, "0.1": 0.2624935999422177, "0.15": 0.21925186462452093, "0.2": 0.18138257512314884, "0.25": 0.1260461591631409, "0.3": 0.07087159938861635, "0.35": 0.03197461466289508, "0.4": 0.012238286346825613}, "5": {"0": 0.11398936436481887, "0.05": 0.06864764023240419, "0.1": 0.028623446526866256, "0.15": 0.015611153814359971, "0.2": 0.011472522651354206, "0.25": 0.010600548144569585, "0.3": 0.01041311984845482, "0.35": 0.010253009330788909, "0.4": 0.010015117511172865}, "6": {"0": 0.11398936436481887, "0.05": 0.11245848609858848, "0.1": 0.05377282578710448, "0.15": 0.02517920209095444, "0.2": 0.013185811018593759, "0.25": 0.0077220549292758385, "0.3": 0.004780268047150925, "0.35": 0.002949847330412971, "0.4": 0.0017569657000837766}, "7": {"0": 0.11398936436481887, "0.05": 0.2306014546928393, "0.1": 0.09159889891691463, "0.15": 0.03004080400308049, "0.2": 0.007915501358649633, "0.25": 0.002675535969779958, "0.3": 0.0009732010917119295, "0.35": 0.00033602522233711627, "0.4": 0.00010463681700783441}, "8": {"0": 0.11398936436481887, "0.05": 0.26406057554867696, "0.1": 0.18313404250444354, "0.15": 0.13977748071940757, "0.2": 0.09918761276998511, "0.25": 0.06380954858137262, "0.3": 0.037986108788793355, "0.35": 0.01944633593571495, "0.4": 0.008983653113776394}, "9": {"0": 0.11398936436481887, "0.05": 0.03003928246399898, "0.1": 0.009357448447309827, "0.15": 0.0021959770654130565, "0.2": 0.0007404508441849254, "0.25": 0.00042615198131143586, "0.3": 0.00030369942504256955, "0.35": 0.0002215367673427723, "0.4": 0.00013466971203149195}, "10": {"0": 0.11398936436481887, "0.05": 0.06314129072912501, "0.1": 0.009319750748503943, "0.15": 0.00218593989711248, "0.2": 0.000953259812133707, "0.25": 0.00044159576121573517, "0.3": 0.0002224027357829151, "0.35": 0.0001253727604052609, "0.4": 8.114160206965656e-05}, "11": {"0": 0.11398936436481887, "0.05": 0.3200842220964987, "0.1": 0.1840975201010406, "0.15": 0.06860096243088525, "0.2": 0.0176395701510947, "0.25": 0.0030498304045246828, "0.3": 0.0009952131952358104, "0.35": 0.00027142987619441754, "0.4": 3.460155706220896e-05}, "12": {"0": 0.11398936436481887, "0.05": 0.050035648795558656, "0.1": 0.011545459413209069, "0.15": 0.003611614710889602, "0.2": 0.001569294764127997, "0.25": 0.0008215146961240692, "0.3": 0.000489502218104263, "0.35": 0.00024977688587198623, "0.4": 0.0001452856658794952}, "13": {"0": 0.11398936436481887, "0.05": 0.2444273979554543, "0.1": 0.13467657032395566, "0.15": 0.07569232072776629, "0.2": 0.04722948997080086, "0.25": 0.032868589449475336, "0.3": 0.025365211359083817, "0.35": 0.019557770613652943, "0.4": 0.015286462176688186}, "14": {"0": 0.11398936436481887, "0.05": 0.14766988826370495, "0.1": 0.05254130412381161, "0.15": 0.021971853704945598, "0.2": 0.011727662966675666, "0.25": 0.007381584985697422, "0.3": 0.00519879033936665, "0.35": 0.0038659887321475656, "0.4": 0.0028073510391096114}, "15": {"0": 0.11398936436481887, "0.05": 0.25651797855263003, "0.1": 0.1363855938452135, "0.15": 0.05837487575704069, "0.2": 0.01692479294509015, "0.25": 0.002447880171994068, "0.3": 0.00043934064362713063, "0.35": 7.510782317820671e-05, "0.4": 1.95328021414978e-05}}, "recall": {"0": {"0": 1.0, "0.05": 0.04037200519881933, "0.1": 0.012575807868104057, "0.15": 0.005316486063634999, "0.2": 0.0032411085366781467, "0.25": 0.002148345439208598, "0.3": 0.0013599926864363038, "0.35": 0.0007162533955806327, "0.4": 0.00031195400971462133}, "1": {"0": 1.0, "0.05": 0.08627460884883682, "0.1": 0.03999825602577389, "0.15": 0.024619345280456277, "0.2": 0.016066615523322617, "0.25": 0.009900813684649847, "0.3": 0.005578225246329784, "0.35": 0.003062228536082915, "0.4": 0.0016820976575341673}, "2": {"0": 1.0, "0.05": 0.048953786672657686, "0.1": 0.011852568576176312, "0.15": 0.003599426663875938, "0.2": 0.0011857721875847952, "0.25": 0.00046191404021570247, "0.3": 0.00020731688279564426, "0.35": 8.555673217700688e-05, "0.4": 3.9802234854175694e-05}, "3": {"0": 1.0, "0.05": 0.1897274818197682, "0.1": 0.07420953939178192, "0.15": 0.03833273881349155, "0.2": 0.018857760277756836, "0.25": 0.009210078585970866, "0.3": 0.004920507791649249, "0.35": 0.003150297413455178, "0.4": 0.002061094091718583}, "4": {"0": 1.0, "0.05": 0.2499885461473731, "0.1": 0.16855964793802888, "0.15": 0.13508160851786505, "0.2": 0.1086732727641133, "0.25": 0.07292012905132504, "0.3": 0.03934910427233591, "0.35": 0.017018502051886833, "0.4": 0.006301613103932968}, "5": {"0": 1.0, "0.05": 0.06300988036296404, "0.1": 0.0187510492808365, "0.15": 0.009270425907722792, "0.2": 0.006485463387951072, "0.25": 0.005820217197220221, "0.3": 0.005598476418510536, "0.35": 0.005428365576489759, "0.4": 0.005235229052341768}, "6": {"0": 1.0, "0.05": 0.08483098741561271, "0.1": 0.031132388219497632, "0.15": 0.013574450023550943, "0.2": 0.0068922100623515425, "0.25": 0.0039763128620914166, "0.3": 0.0024408162783069536, "0.35": 0.0014991834422225438, "0.4": 0.0008901321803092775}, "7": {"0": 1.0, "0.05": 0.16111442355313432, "0.1": 0.052459018030403134, "0.15": 0.0160205050839427, "0.2": 0.004056774769044689, "0.25": 0.001357376601926734, "0.3": 0.0004925810467680656, "0.35": 0.00016996398183332772, "0.4": 5.2824771069050746e-05}, "8": {"0": 1.0, "0.05": 0.176482370838373, "0.1": 0.10973118061659108, "0.15": 0.07957321245896941, "0.2": 0.05414952406664786, "0.25": 0.03388111649300692, "0.3": 0.019793111337008062, "0.35": 0.009978165575455684, "0.4": 0.004560395589944202}, "9": {"0": 1.0, "0.05": 0.019195959686966076, "0.1": 0.00496562954718539, "0.15": 0.0011385909035234178, "0.2": 0.00038294407693342277, "0.25": 0.00021928960658631162, "0.3": 0.0001555937638235514, "0.35": 0.00011343665840373715, "0.4": 6.909647520690432e-05}, "10": {"0": 1.0, "0.05": 0.04741157487543848, "0.1": 0.005002010792332658, "0.15": 0.0011344787923391628, "0.2": 0.0004914063582057749, "0.25": 0.00022671515999381727, "0.3": 0.00011375059333477972, "0.35": 6.426983504674967e-05, "0.4": 4.143176709293001e-05}, "11": {"0": 1.0, "0.05": 0.3037131716966427, "0.1": 0.12372661328395225, "0.15": 0.038788511787978056, "0.2": 0.009166406473854785, "0.25": 0.001544177327633435, "0.3": 0.0005020011050971009, "0.35": 0.00013688828073396943, "0.4": 1.7449204374068977e-05}, "12": {"0": 1.0, "0.05": 0.03428920272404728, "0.1": 0.006241680180048302, "0.15": 0.0018717911929026138, "0.2": 0.0008035360227665745, "0.25": 0.00041776045851393205, "0.3": 0.0002480818532279065, "0.35": 0.00012624588137219114, "0.4": 7.337847546671948e-05}, "13": {"0": 1.0, "0.05": 0.1926899219271148, "0.1": 0.08173528359241677, "0.15": 0.04186571920093362, "0.2": 0.025029782286119365, "0.25": 0.017059361024656817, "0.3": 0.013036098408387155, "0.35": 0.009991685243120267, "0.4": 0.007774327492113508}, "14": {"0": 1.0, "0.05": 0.09259500635225466, "0.1": 0.02833340812678017, "0.15": 0.011364623897995151,