{"fscore": {"0": {"0": 0.0958002684513562, "0.05": 0.05968890015353629, "0.1": 0.03330338508616526, "0.15": 0.02450142872853949, "0.2": 0.020803998391315987, "0.25": 0.01920110125308302, "0.3": 0.01835278764777739, "0.35": 0.0180043741840766, "0.4": 0.017917156084601895}, "1": {"0": 0.0958002684513562, "0.05": 0.0556703792301542, "0.1": 0.03363787813392878, "0.15": 0.025891046009264344, "0.2": 0.022448526681984785, "0.25": 0.02072006473488279, "0.3": 0.019668488893873046, "0.35": 0.018996426294379823, "0.4": 0.018640845569135332}, "2": {"0": 0.0958002684513562, "0.05": 0.06249796032474931, "0.1": 0.038993641281599864, "0.15": 0.03017163311973037, "0.2": 0.025813191942635597, "0.25": 0.023115441630508334, "0.3": 0.02132996371238869, "0.35": 0.019679074510905014, "0.4": 0.01831356213344634}, "3": {"0": 0.0958002684513562, "0.05": 0.09441661867310502, "0.1": 0.05130899279201663, "0.15": 0.031634609690544914, "0.2": 0.02200075236247278, "0.25": 0.017935921838959513, "0.3": 0.016767684610689025, "0.35": 0.01607448129629709, "0.4": 0.015150445344741735}, "4": {"0": 0.0958002684513562, "0.05": 0.016391256340379867, "0.1": 0.016415705571088894, "0.15": 0.016483382512182274, "0.2": 0.016530682601248785, "0.25": 0.016564213014741837, "0.3": 0.016588878728503325, "0.35": 0.01660907287089227, "0.4": 0.01663013838921581}, "5": {"0": 0.0958002684513562, "0.05": 0.016673398055844453, "0.1": 0.01624958892266836, "0.15": 0.016276388224665383, "0.2": 0.016373321323553843, "0.25": 0.016470072552322752, "0.3": 0.016553820874484423, "0.35": 0.01664003281388178, "0.4": 0.01672444905225009}, "6": {"0": 0.0958002684513562, "0.05": 0.01880287466858002, "0.1": 0.017334846535770578, "0.15": 0.016910014344464194, "0.2": 0.016742337624847038, "0.25": 0.01670739979142049, "0.3": 0.016671694240070097, "0.35": 0.016666859545077236, "0.4": 0.016693693861139423}, "7": {"0": 0.0958002684513562, "0.05": 0.09280880859193504, "0.1": 0.060969732758892926, "0.15": 0.0433735987597697, "0.2": 0.03233999904628655, "0.25": 0.02559092388612765, "0.3": 0.021054073329573722, "0.35": 0.018188024556406134, "0.4": 0.01610822448274734}, "8": {"0": 0.0958002684513562, "0.05": 0.025998944397694408, "0.1": 0.02134591881688068, "0.15": 0.019033711348236768, "0.2": 0.017578861455840616, "0.25": 0.017013906244540085, "0.3": 0.01679500089383648, "0.35": 0.016749429359898167, "0.4": 0.016748049364867793}, "9": {"0": 0.0958002684513562, "0.05": 0.023528347931580765, "0.1": 0.019477960904225253, "0.15": 0.01808928922603166, "0.2": 0.017590477018366236, "0.25": 0.017425873278780403, "0.3": 0.017378659534693378, "0.35": 0.01736154929311879, "0.4": 0.017351353238903418}, "10": {"0": 0.0958002684513562, "0.05": 0.01961821269079762, "0.1": 0.017302526655856763, "0.15": 0.016985451990140815, "0.2": 0.016965546152367016, "0.25": 0.01696482667155643, "0.3": 0.017001393547957218, "0.35": 0.017086705059592814, "0.4": 0.01715559007737853}, "11": {"0": 0.0958002684513562, "0.05": 0.04125639423411575, "0.1": 0.024069931974792208, "0.15": 0.016283304432412684, "0.2": 0.01139470819364782, "0.25": 0.007497301211481871, "0.3": 0.004757324127016071, "0.35": 0.003039543288224611, "0.4": 0.0020165896688264648}, "12": {"0": 0.0958002684513562, "0.05": 0.05080903407963803, "0.1": 0.027881757466657924, "0.15": 0.021865058060955057, "0.2": 0.01955912844074158, "0.25": 0.018645812112644572, "0.3": 0.0182272905251997, "0.35": 0.018006515945782498, "0.4": 0.017903699507701175}, "13": {"0": 0.0958002684513562, "0.05": 0.05002319702442634, "0.1": 0.034822720373280144, "0.15": 0.02754488946585587, "0.2": 0.023676172245726247, "0.25": 0.02143955632146111, "0.3": 0.019907787185415356, "0.35": 0.019042368337206197, "0.4": 0.018516490226374496}, "14": {"0": 0.0958002684513562, "0.05": 0.17715995162118184, "0.1": 0.1270377562060079, "0.15": 0.09259823432557794, "0.2": 0.06994180942434056, "0.25": 0.05519963251390526, "0.3": 0.04495103771615669, "0.35": 0.03759935443921506, "0.4": 0.031752550665174274}, "15": {"0": 0.0958002684513562, "0.05": 0.03921942229638123, "0.1": 0.01991976477983828, "0.15": 0.017155383935732085, "0.2": 0.016750434199822598, "0.25": 0.01675876360832537, "0.3": 0.016831223838140723, "0.35": 0.016907771472494674, "0.4": 0.017030345557552933}}, "recall": {"0": {"0": 0.4647533172052178, "0.05": 0.04954423847131305, "0.1": 0.023332056647702392, "0.15": 0.016443066270406915, "0.2": 0.013687320011253683, "0.25": 0.012452331876914182, "0.3": 0.011738961991379096, "0.35": 0.011358452303408014, "0.4": 0.01113811425927454}, "1": {"0": 0.4647533172052178, "0.05": 0.04496913252313789, "0.1": 0.02392257481467357, "0.15": 0.017651655043894494, "0.2": 0.014968151678693403, "0.25": 0.01361374460887375, "0.3": 0.012766372639561274, "0.35": 0.012190497714469853, "0.4": 0.01183572075331552}, "2": {"0": 0.4647533172052178, "0.05": 0.05414954706625393, "0.1": 0.02895166924371886, "0.15": 0.021141723092624305, "0.2": 0.017496034229165278, "0.25": 0.015295513559637819, "0.3": 0.013845248037628693, "0.35": 0.012557375251515674, "0.4": 0.011492343203274016}, "3": {"0": 0.4647533172052178, "0.05": 0.08002068666364544, "0.1": 0.03640240379973656, "0.15": 0.021490974333184434, "0.2": 0.014627349624250587, "0.25": 0.01178854719417607, "0.3": 0.010893188824062108, "0.35": 0.01025023278510714, "0.4": 0.009398814064255764}, "4": {"0": 0.4647533172052178, "0.05": 0.01120630514128338, "0.1": 0.011003749341366841, "0.15": 0.010973894036373267, "0.2": 0.01096860371485765, "0.25": 0.01096679189033471, "0.3": 0.010966049622171037, "0.35": 0.010964925048665539, "0.4": 0.010964925048665539}, "5": {"0": 0.4647533172052178, "0.05": 0.01221241567638147, "0.1": 0.011301518801149083, "0.15": 0.011087261644450522, "0.2": 0.01101540543641446, "0.25": 0.010989166499010277, "0.3": 0.010972689286369982, "0.35": 0.010968662727653922, "0.4": 0.010966450573192451}, "6": {"0": 0.4647533172052178, "0.05": 0.012996920683738492, "0.1": 0.011751069321437218, "0.15": 0.011366677541908565, "0.2": 0.011192419533714226, "0.25": 0.011124885501745325, "0.3": 0.011063498394024453, "0.35": 0.011028229362430305, "0.4": 0.011017847070589884}, "7": {"0": 0.4647533172052178, "0.05": 0.09105931292182451, "0.1": 0.0495423076432179, "0.15": 0.032137969400208986, "0.2": 0.022516992412524743, "0.25": 0.016992115391070924, "0.3": 0.013441422508756993, "0.35": 0.011216112987534624, "0.4": 0.009627653084735973}, "8": {"0": 0.4647533172052178, "0.05": 0.01907489587487189, "0.1": 0.014851425625293046, "0.15": 0.012960383877844171, "0.2": 0.011835667454922462, "0.25": 0.011380606241297024, "0.3": 0.011173164205122064, "0.35": 0.011092467035752594, "0.4": 0.011041487034086158}, "9": {"0": 0.4647533172052178, "0.05": 0.017800855137665106, "0.1": 0.013913670954622676, "0.15": 0.012568656098867701, "0.2": 0.012002307681230085, "0.25": 0.011731604269395613, "0.3": 0.011569231840839073, "0.35": 0.011444534670965872, "0.4": 0.011331212936928747}, "10": {"0": 0.4647533172052178, "0.05": 0.014843817056723604, "0.1": 0.012226521911683046, "0.15": 0.011663045208264042, "0.2": 0.011436387255894147, "0.25": 0.011289209578132866, "0.3": 0.011199703672442876, "0.35": 0.011154891455307804, "0.4": 0.011120424608486596}, "11": {"0": 0.4647533172052178, "0.05": 0.03545805968364758, "0.1": 0.01869323612513144, "0.15": 0.011885879394857558, "0.2": 0.007934077013778218, "0.25": 0.005031106130010431, "0.3": 0.0031000808238755436, "0.35": 0.0019331060290745667, "0.4": 0.0012558137598331803}, "12": {"0": 0.4647533172052178, "0.05": 0.040599312809525355, "0.1": 0.01983236100373551, "0.15": 0.014877572872426699, "0.2": 0.012992269226878225, "0.25": 0.01218994496566932, "0.3": 0.011773487788395978, "0.35": 0.01151549819779667, "0.4": 0.011345252999587628}, "13": {"0": 0.4647533172052178, "0.05": 0.04282113658791403, "0.1": 0.025993550722683553, "0.15": 0.019476839470260597, "0.2": 0.016241342231794735, "0.25": 0.01441695873647387, "0.3": 0.013174041131519248, "0.35": 0.012419758496309193, "0.4": 0.011911354728556032},