{"fscore": {"0": {"0": 0.11396083236362174, "0.05": 0.015929247998230495, "0.1": 0.007699456832262694, "0.15": 0.004926508294506218, "0.2": 0.0018407858692516856, "0.25": 0.0003717780613150158, "0.3": 1.7265105281543725e-05, "0.35": 3.8095238095238094e-06, "0.4": 3.8095238095238094e-06}, "1": {"0": 0.11396083236362174, "0.05": 0.012408717483473417, "0.1": 0.0005514647250179248, "0.15": 1.7489687927596684e-05, "0.2": 0.0, "0.25": 0.0, "0.3": 0.0, "0.35": 0.0, "0.4": 0.0}, "2": {"0": 0.11396083236362174, "0.05": 0.02933013438663698, "0.1": 0.00788556037806784, "0.15": 0.0022727520421483207, "0.2": 0.0007515139861403738, "0.25": 0.0003473248582633609, "0.3": 0.0001978865691548517, "0.35": 0.00015491265053561057, "0.4": 9.900539474864308e-05}, "3": {"0": 0.11396083236362174, "0.05": 0.17179488098291165, "0.1": 0.10404149106539502, "0.15": 0.049218773618286214, "0.2": 0.023308453040181656, "0.25": 0.012153337729184558, "0.3": 0.006105765207281004, "0.35": 0.0024085692381080473, "0.4": 0.0007162127486262157}, "4": {"0": 0.11396083236362174, "0.05": 0.30283984158710275, "0.1": 0.21677864329835161, "0.15": 0.15221558152850787, "0.2": 0.10903192934508532, "0.25": 0.07093874893776747, "0.3": 0.039554274542482094, "0.35": 0.02113601021722793, "0.4": 0.00881784494415004}, "5": {"0": 0.11396083236362174, "0.05": 0.01362899080186384, "0.1": 0.0006611063902130146, "0.15": 0.00023571449109320282, "0.2": 7.81182614453573e-05, "0.25": 4.923854519225216e-05, "0.3": 1.632503823885162e-05, "0.35": 6.5359477124183e-06, "0.4": 6.5359477124183e-06}, "6": {"0": 0.11396083236362174, "0.05": 0.06166801755411632, "0.1": 0.003232338982886054, "0.15": 5.478962392870738e-05, "0.2": 5.77942205779422e-06, "0.25": 0.0, "0.3": 0.0, "0.35": 0.0, "0.4": 0.0}, "7": {"0": 0.11396083236362174, "0.05": 0.2308943842795895, "0.1": 0.09402733889222856, "0.15": 0.0381427697732836, "0.2": 0.009011783856744334, "0.25": 0.0011251781021263728, "0.3": 8.37691228603488e-05, "0.35": 1.6531165311653114e-05, "0.4": 0.0}, "8": {"0": 0.11396083236362174, "0.05": 0.23440405219019356, "0.1": 0.15695090068636625, "0.15": 0.11437443304075985, "0.2": 0.0845142910887949, "0.25": 0.0570255405987125, "0.3": 0.03579355447097777, "0.35": 0.021214445757100152, "0.4": 0.01336321215723565}, "9": {"0": 0.11396083236362174, "0.05": 0.03240511531594699, "0.1": 0.006188665126640537, "0.15": 0.0011372034142465746, "0.2": 0.00023727350373435455, "0.25": 9.26384225086226e-05, "0.3": 5.6201954121654744e-05, "0.35": 4.34833865232133e-05, "0.4": 1.7743918492045926e-05}, "10": {"0": 0.11396083236362174, "0.05": 0.07140835070164032, "0.1": 0.024158538650918934, "0.15": 0.01093604168053619, "0.2": 0.005558617569002269, "0.25": 0.0028152121444945813, "0.3": 0.0012735560182379573, "0.35": 0.0003502997366859133, "0.4": 3.978257126315232e-05}, "11": {"0": 0.11396083236362174, "0.05": 0.2597199441731734, "0.1": 0.20284385905878663, "0.15": 0.13255783877371533, "0.2": 0.08155465704761855, "0.25": 0.052720260005764914, "0.3": 0.03156534649203041, "0.35": 0.014684770884651987, "0.4": 0.0034663930480120443}, "12": {"0": 0.11396083236362174, "0.05": 0.02798997147085917, "0.1": 9.749379660498475e-05, "0.15": 3.5235772569521714e-05, "0.2": 1.2384452611649405e-05, "0.25": 0.0, "0.3": 0.0, "0.35": 0.0, "0.4": 0.0}, "13": {"0": 0.11396083236362174, "0.05": 0.1322830369582749, "0.1": 0.021771138098741323, "0.15": 0.004176264351272157, "0.2": 0.001287033600607694, "0.25": 0.0005411195551953112, "0.3": 0.0002595767053002551, "0.35": 0.00010676126124946335, "0.4": 4.9266466615039426e-05}, "14": {"0": 0.11396083236362174, "0.05": 0.1429702618685426, "0.1": 0.05574944191512987, "0.15": 0.02081776497422976, "0.2": 0.0074155333476167646, "0.25": 0.0022928253979525447, "0.3": 0.00084714522532817, "0.35": 0.00038475988687059094, "0.4": 0.00025455453751104993}, "15": {"0": 0.11396083236362174, "0.05": 0.3244266287034482, "0.1": 0.18353943291978111, "0.15": 0.08358032244844756, "0.2": 0.03669773390428375, "0.25": 0.01565873606799444, "0.3": 0.0083038395231998, "0.35": 0.005426765064643898, "0.4": 0.003628227378943533}}, "recall": {"0": {"0": 1.0, "0.05": 0.011301373825952223, "0.1": 0.00433207596718665, "0.15": 0.002609879077621016, "0.2": 0.0009490478411246784, "0.25": 0.00018968373056928067, "0.3": 8.70744091898773e-06, "0.35": 1.9157088122605362e-06, "0.4": 1.9157088122605362e-06}, "1": {"0": 1.0, "0.05": 0.008297080672297834, "0.1": 0.00028872863431518293, "0.15": 8.855983561237307e-06, "0.2": 0.0, "0.25": 0.0, "0.3": 0.0, "0.35": 0.0, "0.4": 0.0}, "2": {"0": 1.0, "0.05": 0.022297557094759845, "0.1": 0.004657936376024071, "0.15": 0.001226652494677307, "0.2": 0.0003939936854001782, "0.25": 0.0001795760097666624, "0.3": 0.0001014051499602968, "0.35": 7.918441495591095e-05, "0.4": 5.0351082882220455e-05}, "3": {"0": 1.0, "0.05": 0.158960411534504, "0.1": 0.06356969526752974, "0.15": 0.026530153145071414, "0.2": 0.012105856883304502, "0.25": 0.006216227125293688, "0.3": 0.0030963183689444247, "0.35": 0.001215965913868469, "0.4": 0.0003606340203172132}, "4": {"0": 1.0, "0.05": 0.2189657759774432, "0.1": 0.13463679031589137, "0.15": 0.08902508504320669, "0.2": 0.06138039076088135, "0.25": 0.038475090388206824, "0.3": 0.020736367112728114, "0.35": 0.01090384094693484, "0.4": 0.004493969908072828}, "5": {"0": 1.0, "0.05": 0.008391707065866859, "0.1": 0.0003385421155817513, "0.15": 0.00011978209760778125, "0.2": 3.949729493275247e-05, "0.25": 2.493288779747035e-05, "0.3": 8.238816306742802e-06, "0.35": 3.3003300330033004e-06, "0.4": 3.3003300330033004e-06}, "6": {"0": 1.0, "0.05": 0.04519674566692016, "0.1": 0.0017071201090448653, "0.15": 2.7626648315860143e-05, "0.2": 2.9082277629844806e-06, "0.25": 0.0, "0.3": 0.0, "0.35": 0.0, "0.4": 0.0}, "7": {"0": 1.0, "0.05": 0.16141140347694247, "0.1": 0.054239166875278924, "0.15": 0.02093817806032655, "0.2": 0.004715804905318515, "0.25": 0.0005762023274680289, "0.3": 4.2553665013617745e-05, "0.35": 8.404538450763412e-06, "0.4": 0.0}, "8": {"0": 1.0, "0.05": 0.15460890445903597, "0.1": 0.0931138519755617, "0.15": 0.06483785031277191, "0.2": 0.046337955338963316, "0.25": 0.03040713847204885, "0.3": 0.01873389519282266, "0.35": 0.010905158986524159, "0.4": 0.006806654123923504}, "9": {"0": 1.0, "0.05": 0.022835048034283087, "0.1": 0.003232508433339288, "0.15": 0.000583437708683429, "0.2": 0.00012127665093011631, "0.25": 4.703774017438942e-05, "0.3": 2.8509180727370987e-05, "0.35": 2.208144754677545e-05, "0.4": 8.963849193161255e-06}, "10": {"0": 1.0, "0.05": 0.05443811164577268, "0.1": 0.01355082649512951, "0.15": 0.005727871234083588, "0.2": 0.0028535256373201727, "0.25": 0.0014318268882929776, "0.3": 0.0006452661634060795, "0.35": 0.0001771645419275217, "0.4": 2.0075077088563303e-05}, "11": {"0": 1.0, "0.05": 0.2577114938936222, "0.1": 0.14525487942948279, "0.15": 0.08171206447834123, "0.2": 0.04603505177489389, "0.25": 0.02840208937838096, "0.3": 0.01652777112995109, "0.35": 0.007551855797909543, "0.4": 0.0017632483897926403}, "12": {"0": 1.0, "0.05": 0.019007295391222853, "0.1": 4.9407093474449226e-05, "0.15": 1.7790488501101797e-05, "0.2": 6.271665754424375e-06, "0.25": 0.0, "0.3": 0.0, "0.35": 0.0, "0.4": 0.0}, "13": {"0": 1.0, "0.05": 0.09462232860071873, "0.1": 0.01186489105667665, "0.15": 0.0021408262980060827, "0.2": 0.000652263124127229, "0.25": 0.00027337060544378966, "0.3": 0.00013092898868899544, "0.35": 5.3772044165831256e-05, "0.4": 2.4786730495137707e-05}, "14": {"0": 1.0, "0.05": 0.10040416315373936, "0.1": 0.03159920418202664, "0.15": 0.011131517576862591, "0.2": 0.0038637954261314307, "0.25": 0.0011778159491128216, "0.3": 0.00043096977875602425, "0.35": 0.0001948534058856951, "0.4": 0.00012839879870526994}, "15": {"0": 1.0, "0.05": 0.3004613854517576, "0.1": 0.12122445769549976, "0.15": 0.04722136092484691, "0.2": 0.019366711256546477, "0.25": 0.008011203391746246, "0.3": 0.004208272758882956, "0.35": 0.002741925645739612, "0.4": 0.0018299612391667907}}, "precision": {"0": {"0": 0.06218900307361576,