{"fscore": {"0": {"0": 0.11398936436481887, "0.05": 0.07614522789499487, "0.1": 0.049615179644009515, "0.15": 0.02980869207571171, "0.2": 0.016672435910214712, "0.25": 0.009540550705162004, "0.3": 0.005233348590025433, "0.35": 0.0028632210284910684, "0.4": 0.0017491294621628374}, "1": {"0": 0.11398936436481887, "0.05": 0.06466558155689055, "0.1": 0.016674054866321106, "0.15": 0.0034230101903082893, "0.2": 0.0008595374052300034, "0.25": 0.00040180808379212496, "0.3": 0.00020471467181611055, "0.35": 8.375741045307118e-05, "0.4": 4.327268088743291e-05}, "2": {"0": 0.11398936436481887, "0.05": 0.02168295678640585, "0.1": 0.0003778479093886368, "0.15": 7.070707070707071e-06, "0.2": 3.418803418803419e-06, "0.25": 0.0, "0.3": 0.0, "0.35": 0.0, "0.4": 0.0}, "3": {"0": 0.11398936436481887, "0.05": 0.20000288599694094, "0.1": 0.11794198069665668, "0.15": 0.065214341781852, "0.2": 0.03485340093247695, "0.25": 0.017625062968703573, "0.3": 0.008704755126771347, "0.35": 0.004598339995607641, "0.4": 0.002486714338299878}, "4": {"0": 0.11398936436481887, "0.05": 0.34022518150384873, "0.1": 0.265602223771821, "0.15": 0.22245524875574502, "0.2": 0.18873997143802243, "0.25": 0.1496238918066555, "0.3": 0.11146318648118596, "0.35": 0.07864475664582894, "0.4": 0.05155098304436136}, "5": {"0": 0.11398936436481887, "0.05": 0.1224524496885756, "0.1": 0.0431312621202375, "0.15": 0.015313332141936802, "0.2": 0.005930296720388694, "0.25": 0.0031905968865339803, "0.3": 0.001904055432612849, "0.35": 0.0011906862799608013, "0.4": 0.0007843862283367282}, "6": {"0": 0.11398936436481887, "0.05": 0.17357745275333697, "0.1": 0.09701514213252116, "0.15": 0.05303104556149132, "0.2": 0.032495391905209225, "0.25": 0.021591299503462332, "0.3": 0.01571072183646469, "0.35": 0.012197038830742118, "0.4": 0.00997653226780063}, "7": {"0": 0.11398936436481887, "0.05": 0.23036988479940218, "0.1": 0.10059248139630951, "0.15": 0.04167577867034588, "0.2": 0.01570397583547533, "0.25": 0.004134521998084304, "0.3": 0.0009293496731054256, "0.35": 0.00023314676701394218, "0.4": 2.5583308546017693e-05}, "8": {"0": 0.11398936436481887, "0.05": 0.2580478701934392, "0.1": 0.194169785477565, "0.15": 0.1490657877147237, "0.2": 0.10962792218651175, "0.25": 0.07665754352648137, "0.3": 0.05312891926816697, "0.35": 0.03868437497999709, "0.4": 0.03114189210153514}, "9": {"0": 0.11398936436481887, "0.05": 0.059146421162078536, "0.1": 0.01244411465277394, "0.15": 0.002800801560152846, "0.2": 0.0005910403046511002, "0.25": 9.922442998172134e-05, "0.3": 1.335774822643241e-05, "0.35": 6.332623002676739e-06, "0.4": 6.594131223211342e-07}, "10": {"0": 0.11398936436481887, "0.05": 0.07052706174394997, "0.1": 0.019575672516127053, "0.15": 0.007457279405539871, "0.2": 0.003694405798982886, "0.25": 0.002067152200272381, "0.3": 0.0013405745382967732, "0.35": 0.0008735906932372348, "0.4": 0.0005201918594302551}, "11": {"0": 0.11398936436481887, "0.05": 0.19583529661337734, "0.1": 0.07653513293863043, "0.15": 0.02641867603526184, "0.2": 0.008783525107227394, "0.25": 0.0030115896374672923, "0.3": 0.0010467684158248201, "0.35": 0.0002982766001461375, "0.4": 6.002802036419448e-05}, "12": {"0": 0.11398936436481887, "0.05": 0.1266632333741234, "0.1": 0.05115776054587236, "0.15": 0.0287741844479241, "0.2": 0.019175792411375646, "0.25": 0.013611898420156967, "0.3": 0.010008369609323234, "0.35": 0.007458349343157501, "0.4": 0.005707652898850791}, "13": {"0": 0.11398936436481887, "0.05": 0.05676477483142428, "0.1": 0.03604224196464413, "0.15": 0.027824737816186135, "0.2": 0.021430129947403943, "0.25": 0.016615668722177, "0.3": 0.013166576755267568, "0.35": 0.010192202310841088, "0.4": 0.007942815140057357}, "14": {"0": 0.11398936436481887, "0.05": 0.05639765375145661, "0.1": 0.0195880162765305, "0.15": 0.008357172869947603, "0.2": 0.0034678128845914897, "0.25": 0.0012216111190652091, "0.3": 0.0004676338776631513, "0.35": 0.00011034350883717484, "0.4": 3.647766712749158e-05}, "15": {"0": 0.11398936436481887, "0.05": 0.35354803572247495, "0.1": 0.20308234322158672, "0.15": 0.08243422103345546, "0.2": 0.02829675026364189, "0.25": 0.010117332207014232, "0.3": 0.0034363215150536508, "0.35": 0.0008667065530841547, "0.4": 0.00022762789658294037}}, "recall": {"0": {"0": 1.0, "0.05": 0.06155029620233474, "0.1": 0.02940131360102563, "0.15": 0.016110957948695354, "0.2": 0.008675918556108076, "0.25": 0.004882924392704307, "0.3": 0.002657661463901985, "0.35": 0.001448933219934082, "0.4": 0.000883674887951528}, "1": {"0": 1.0, "0.05": 0.046015862937577236, "0.1": 0.009100343511367024, "0.15": 0.0017760159657831665, "0.2": 0.0004387469167449194, "0.25": 0.00020371041368102963, "0.3": 0.0001037080170665047, "0.35": 4.253769246446e-05, "0.4": 2.202057756425955e-05}, "2": {"0": 1.0, "0.05": 0.015073703394610343, "0.1": 0.00019528117473820421, "0.15": 3.6103548881277872e-06, "0.2": 1.7271157167530224e-06, "0.25": 0.0, "0.3": 0.0, "0.35": 0.0, "0.4": 0.0}, "3": {"0": 1.0, "0.05": 0.19731637855284248, "0.1": 0.07991711431968133, "0.15": 0.037830169714531084, "0.2": 0.018806324420913248, "0.25": 0.009208351180017902, "0.3": 0.004469353864223506, "0.35": 0.002342803673132176, "0.4": 0.0012618965294409982}, "4": {"0": 1.0, "0.05": 0.26449923278355086, "0.1": 0.17321965952304105, "0.15": 0.13744350987372736, "0.2": 0.11286104966131635, "0.25": 0.08661185666605847, "0.3": 0.06249241952603485, "0.35": 0.04282770563611308, "0.4": 0.027374371730314807}, "5": {"0": 1.0, "0.05": 0.10346711499101138, "0.1": 0.025561542579193765, "0.15": 0.0082050285509113, "0.2": 0.0030710924548144115, "0.25": 0.0016290781385761778, "0.3": 0.0009669789683435062, "0.35": 0.0006028517735062462, "0.4": 0.0003964760492161131}, "6": {"0": 1.0, "0.05": 0.15595207733810917, "0.1": 0.06215142108576356, "0.15": 0.030228734550485838, "0.2": 0.01763028905201216, "0.25": 0.011423250757407232, "0.3": 0.008179962858590378, "0.35": 0.006281892262795584, "0.4": 0.005098006270307757}, "7": {"0": 1.0, "0.05": 0.16114193101285829, "0.1": 0.0578481267810202, "0.15": 0.022456771314596637, "0.2": 0.008201642467021094, "0.25": 0.0021173929412287578, "0.3": 0.0004699958817450406, "0.35": 0.00011788073915147435, "0.4": 1.2890663971406382e-05}, "8": {"0": 1.0, "0.05": 0.1766829836540701, "0.1": 0.11869947882681808, "0.15": 0.0869141081428909, "0.2": 0.06146748161087052, "0.25": 0.04156607607955806, "0.3": 0.028094685477534038, "0.35": 0.02010426285570563, "0.4": 0.01603712903953852}, "9": {"0": 1.0, "0.05": 0.04306909817757857, "0.1": 0.007014101806496526, "0.15": 0.001475397508364019, "0.2": 0.00030302287910665885, "0.25": 5.028859999078708e-05, "0.3": 6.7009193111574295e-06, "0.35": 3.1751989308131133e-06, "0.4": 3.3003300330033e-07}, "10": {"0": 1.0, "0.05": 0.05866963144886142, "0.1": 0.011386137892326285, "0.15": 0.003990480330402607, "0.2": 0.0019229443389519308, "0.25": 0.001061734639520318, "0.3": 0.0006841579078178764, "0.35": 0.000443252916726661, "0.4": 0.00026307626047019934}, "11": {"0": 1.0, "0.05": 0.15273821104286675, "0.1": 0.04543934800182444, "0.15": 0.014288925509381985, "0.2": 0.0045603288490679746, "0.25": 0.0015314897684783372, "0.3": 0.000528001331061247, "0.35": 0.0001499593839277062, "0.4": 3.0138075473829858e-05}, "12": {"0": 1.0, "0.05": 0.08950162678303321, "0.1": 0.028772623731824272, "0.15": 0.015300553754565897, "0.2": 0.00997226702705202, "0.25": 0.006998842159440779, "0.3": 0.005111146033920463, "0.35": 0.0037918956369174866, "0.4": 0.002893882618460252}, "13": {"0": 1.0, "0.05": 0.05011455158631514, "0.1": 0.025254976156225857, "0.15": 0.01722990999485187, "0.2": 0.012360643875218201, "0.25": 0.009171997505457437, "0.3": 0.007067958575342866, "0.35": 0.005372169419840583, "0.4": 0.004137193601671296}, "14": {"0": 1.0, "0.05": 0.040472578672376774, "0.1": 0.010981303081160633, "0.15": 0.00439412281419621, "0.2": 0.0017814374542142138, "0.25": 0.0006219682043085206, "0.3": 0.00023689869762075007, "0.35": 5.5850298291192964e-05, "0.4": 1.852247623010878e-05}, "15": {"0": 1.0,