{"fscore": {"0": {"0": 0.11417371328155831, "0.05": 0.1197498976959828, "0.1": 0.06932747483711703, "0.15": 0.045865911669087586, "0.2": 0.03191824981670195, "0.25": 0.023739365868493074, "0.3": 0.01856746968902272, "0.35": 0.01569488717917197, "0.4": 0.01360904186938019}, "1": {"0": 0.1141735141490993, "0.05": 0.08964042492954104, "0.1": 0.057867041049089185, "0.15": 0.03853274580328783, "0.2": 0.026637124487224953, "0.25": 0.01862238551192844, "0.3": 0.012761326352833493, "0.35": 0.008574894408527916, "0.4": 0.005818433648385078}, "2": {"0": 0.11456042525113751, "0.05": 0.25505754675669223, "0.1": 0.24443322834323927, "0.15": 0.23203276737630718, "0.2": 0.21684997307762022, "0.25": 0.20108022767661135, "0.3": 0.1849750110422196, "0.35": 0.16502422113343368, "0.4": 0.1533688603432305}, "3": {"0": 0.114173669206741, "0.05": 0.10071615164300475, "0.1": 0.06353289262647517, "0.15": 0.040107882849242465, "0.2": 0.025050864178933353, "0.25": 0.016184384306777832, "0.3": 0.010596626091156825, "0.35": 0.006930807486065105, "0.4": 0.004679951594898643}, "4": {"0": 0.11419251146147366, "0.05": 0.29243732251566423, "0.1": 0.2318519260178411, "0.15": 0.18589758175351465, "0.2": 0.15062233076457, "0.25": 0.12377079172000996, "0.3": 0.10316658052356185, "0.35": 0.08773493779058855, "0.4": 0.07555160598144933}, "5": {"0": 0.11417351022905459, "0.05": 0.05606302292293341, "0.1": 0.014973554847830799, "0.15": 0.0050621329946318, "0.2": 0.0016844729997174317, "0.25": 0.0007737674978830658, "0.3": 0.0003448841916781691, "0.35": 0.0001439928170914827, "0.4": 7.069066872790777e-05}, "6": {"0": 0.11417351022905459, "0.05": 0.04658875726005357, "0.1": 0.008515013855354114, "0.15": 0.0016177161961215048, "0.2": 0.00038225187561840673, "0.25": 0.00012046416985324516, "0.3": 3.9525797144405476e-05, "0.35": 1.3919131710214297e-05, "0.4": 6.593087806743412e-06}, "7": {"0": 0.1153149976943917, "0.05": 0.25154126546775485, "0.1": 0.2473339800722207, "0.15": 0.24162455601297514, "0.2": 0.23217043060984796, "0.25": 0.21917084255337785, "0.3": 0.20303462314539203, "0.35": 0.18592599380500888, "0.4": 0.17090862918104116}, "8": {"0": 0.12539488412653668, "0.05": 0.2766192189511886, "0.1": 0.2766432563140782, "0.15": 0.2728165056073077, "0.2": 0.2640806626542021, "0.25": 0.25561265686876805, "0.3": 0.25252665670669805, "0.35": 0.22092131982048763, "0.4": 0.21927742376446105}, "9": {"0": 0.11932975660068919, "0.05": 0.26260716703561376, "0.1": 0.26402481648441917, "0.15": 0.2602169017390032, "0.2": 0.25147098634810067, "0.25": 0.2422739261852457, "0.3": 0.23664731470053804, "0.35": 0.20903240094345424, "0.4": 0.20541133530821543}, "10": {"0": 0.11417356398242755, "0.05": 0.26236829574788806, "0.1": 0.1955668830843915, "0.15": 0.13542607732877268, "0.2": 0.09459725629766688, "0.25": 0.06686498603878999, "0.3": 0.04855202885714799, "0.35": 0.03621814376424302, "0.4": 0.02760888305582929}, "11": {"0": 0.11417993148608034, "0.05": 0.25916771200717403, "0.1": 0.21824545268751186, "0.15": 0.18768186963068348, "0.2": 0.16571446836440465, "0.25": 0.14905335559943142, "0.3": 0.13522189841540666, "0.35": 0.1225927112768714, "0.4": 0.11118660316424697}, "12": {"0": 0.11417351022905459, "0.05": 0.13978432921375855, "0.1": 0.07448662257615335, "0.15": 0.04171968678713758, "0.2": 0.026558514190736224, "0.25": 0.018509493717407843, "0.3": 0.013565672127874708, "0.35": 0.009983131295762152, "0.4": 0.007500507822375211}, "13": {"0": 0.11417351022905459, "0.05": 0.09840452820710173, "0.1": 0.04810765948761299, "0.15": 0.024755167934319693, "0.2": 0.01413901519010761, "0.25": 0.008515727209904164, "0.3": 0.005310199927815101, "0.35": 0.0034723886255906503, "0.4": 0.00227633385575361}, "14": {"0": 0.11417826731776264, "0.05": 0.22816820172308744, "0.1": 0.1946476194282406, "0.15": 0.15986025435502027, "0.2": 0.13021902832111046, "0.25": 0.1064407093049356, "0.3": 0.08742725914620443, "0.35": 0.07197391510125781, "0.4": 0.059942601553111825}, "15": {"0": 0.11419673261147663, "0.05": 0.21488865777479255, "0.1": 0.19623266917901588, "0.15": 0.17931872579296187, "0.2": 0.16389013684136136, "0.25": 0.1504482163739507, "0.3": 0.13825190773002458, "0.35": 0.12669736781658797, "0.4": 0.11731620229292347}}, "recall": {"0": {"0": 0.9999995510714577, "0.05": 0.11308915050565832, "0.1": 0.0464778635090832, "0.15": 0.027221913681845455, "0.2": 0.017867055277176427, "0.25": 0.012877100309488274, "0.3": 0.009887684827109059, "0.35": 0.008264692693000151, "0.4": 0.0071077006673589405}, "1": {"0": 1.0, "0.05": 0.09678582516426804, "0.1": 0.04353102810535054, "0.15": 0.02467286114253847, "0.2": 0.015659127474694813, "0.25": 0.010433017339137499, "0.3": 0.006928911607127996, "0.35": 0.004556890355913486, "0.4": 0.003052961385389127}, "2": {"0": 0.9955604647005684, "0.05": 0.2283656680921322, "0.1": 0.18393028626920838, "0.15": 0.1596169420673857, "0.2": 0.14051963023437572, "0.25": 0.12467480987851355, "0.3": 0.11109067511345802, "0.35": 0.0968207113513941, "0.4": 0.08857941425251561}, "3": {"0": 1.0, "0.05": 0.10599972127187748, "0.1": 0.04524675139520763, "0.15": 0.024437837286700976, "0.2": 0.01412091743547937, "0.25": 0.008742512100383603, "0.3": 0.005584821946289917, "0.35": 0.0035983678489061605, "0.4": 0.0024078519453149525}, "4": {"0": 0.9999993344928686, "0.05": 0.291201124483363, "0.1": 0.17823670352322674, "0.15": 0.12565497744231838, "0.2": 0.09428985876025552, "0.25": 0.07372881334994878, "0.3": 0.05937095167278246, "0.35": 0.0492572112648549, "0.4": 0.04161428847650374}, "5": {"0": 1.0, "0.05": 0.047542218445231786, "0.1": 0.008717380045807143, "0.15": 0.002706327401735747, "0.2": 0.0008782133909343499, "0.25": 0.0003987349210564181, "0.3": 0.00017702768502355325, "0.35": 7.332348970783288e-05, "0.4": 3.5781558677043126e-05}, "6": {"0": 1.0, "0.05": 0.03657411251804904, "0.1": 0.004777702604494201, "0.15": 0.0008481711221563409, "0.2": 0.00019788645285312738, "0.25": 6.142365471772716e-05, "0.3": 2.0093434217762816e-05, "0.35": 7.132522263658781e-06, "0.4": 3.396439173170848e-06}, "7": {"0": 0.9987458446963612, "0.05": 0.21838516412922482, "0.1": 0.18627730557219577, "0.15": 0.1679106276175421, "0.2": 0.15332745915991375, "0.25": 0.1394449048557357, "0.3": 0.12570118270447178, "0.35": 0.11252920817868713, "0.4": 0.10147450738912152}, "8": {"0": 0.8694581529918927, "0.05": 0.20206905447921145, "0.1": 0.19380716121082617, "0.15": 0.1865119571873316, "0.2": 0.17564075210496186, "0.25": 0.16443099379943305, "0.3": 0.16015413402771772, "0.35": 0.13667035052524024, "0.4": 0.1352396681118996}, "9": {"0": 0.9454647113639644, "0.05": 0.2058015638790357, "0.1": 0.18962469297305787, "0.15": 0.1791910761284383, "0.2": 0.16734383187305577, "0.25": 0.15562685435707854, "0.3": 0.1492454872401341, "0.35": 0.12874500138573877, "0.4": 0.12560044478040538}, "10": {"0": 1.0, "0.05": 0.2642215157287222, "0.1": 0.13914070100644418, "0.15": 0.08308448960484473, "0.2": 0.05389977846742316, "0.25": 0.03650451847793662, "0.3": 0.025832715458476287, "0.35": 0.01895085879440056, "0.4": 0.014288792631176963}, "11": {"0": 0.9999998336232172, "0.05": 0.24387185427417263, "0.1": 0.1627979490769645, "0.15": 0.12627892969701376, "0.2": 0.10539125454743875, "0.25": 0.09142065640553815, "0.3": 0.08072406408010799, "0.35": 0.07154567213189228, "0.4": 0.06366789248740486}, "12": {"0": 1.0, "0.05": 0.12843104121478666, "0.1": 0.04863543399513356, "0.15": 0.023926137405318123, "0.2": 0.01440749541146131, "0.25": 0.00978612390421784, "0.3": 0.007069215675447154, "0.35": 0.005147851420053023, "0.4": 0.0038429201587541198}, "13": {"0": 1.0, "0.05": 0.10414020702125129, "0.1": 0.03425934279933785, "0.15": 0.01511895863604272, "0.2": 0.008028698656576572, "0.25": 0.004631265491920678, "0.3": 0.0028126604152217036, "0.35": 0.0018091824727623747, "0.4": 0.0011735397290140578}, "14": {"0": 0.9999694512385225, "0.05": 0.22285867406844084, "0.1": 0.14119471600739725, "0.15": 0.10142355325435458, "0.2": 0.076930638156626, "0.25": 0.060186947247831454,