{"fscore": {"0": {"0": 0.11396083236362174, "0.05": 0.02756245506826154, "0.1": 0.0124233629953219, "0.15": 0.006225404852004439, "0.2": 0.0027779497248689848, "0.25": 0.0012841532660355054, "0.3": 0.0006084856349104006, "0.35": 0.00029932384376213676, "0.4": 0.00015615383582355947}, "1": {"0": 0.11396083236362174, "0.05": 0.12443026830897022, "0.1": 0.03027391077040204, "0.15": 0.006308978425374195, "0.2": 0.0013822838492303358, "0.25": 0.00026153895316187345, "0.3": 4.769195636620984e-05, "0.35": 8.91684215983595e-06, "0.4": 0.0}, "2": {"0": 0.11396083236362174, "0.05": 0.04916676755755946, "0.1": 0.021816115753414397, "0.15": 0.011997713697895658, "0.2": 0.007070766999705427, "0.25": 0.0043980802363569075, "0.3": 0.00270328823113272, "0.35": 0.0016674730749539745, "0.4": 0.0009887627845591644}, "3": {"0": 0.11396083236362174, "0.05": 0.1891419097739467, "0.1": 0.1340287280708025, "0.15": 0.09066219143189318, "0.2": 0.05924145965511124, "0.25": 0.03815130012602759, "0.3": 0.02460831127197377, "0.35": 0.015367892653694771, "0.4": 0.009511039549955974}, "4": {"0": 0.11396083236362174, "0.05": 0.26434974328818883, "0.1": 0.22826406920019307, "0.15": 0.19901066376788754, "0.2": 0.17337348323773782, "0.25": 0.15181733460114402, "0.3": 0.13371291490196283, "0.35": 0.11785604681688316, "0.4": 0.10351396837646158}, "5": {"0": 0.11396083236362174, "0.05": 0.027349742409129824, "0.1": 0.005748231624335588, "0.15": 0.0024664122066089668, "0.2": 0.001268109851334691, "0.25": 0.0005683297855019738, "0.3": 0.0002421241857588848, "0.35": 0.00010939954717024912, "0.4": 4.861656181712294e-05}, "6": {"0": 0.11396083236362174, "0.05": 0.043493596857154405, "0.1": 0.015206167212726834, "0.15": 0.008553122366616947, "0.2": 0.0055976999669763924, "0.25": 0.004010199115234816, "0.3": 0.002775127972363275, "0.35": 0.0018435345444981846, "0.4": 0.0012698125579613199}, "7": {"0": 0.11396083236362174, "0.05": 0.11046507657073387, "0.1": 0.054904147137548986, "0.15": 0.03166740106963366, "0.2": 0.01967868888571151, "0.25": 0.012566011849953929, "0.3": 0.008483495777460898, "0.35": 0.0056392727254796805, "0.4": 0.003656135062073327}, "8": {"0": 0.11396083236362174, "0.05": 0.09285988411887844, "0.1": 0.05311357105998737, "0.15": 0.029844112479944555, "0.2": 0.01735874692875375, "0.25": 0.010725840116619279, "0.3": 0.006838183189944153, "0.35": 0.0043542700547690265, "0.4": 0.002743794580333353}, "9": {"0": 0.11396083236362174, "0.05": 0.03913842047355684, "0.1": 0.016309257960232276, "0.15": 0.008535651978984557, "0.2": 0.005226045740731867, "0.25": 0.0033308007184905185, "0.3": 0.0021329459157011714, "0.35": 0.0013707879997358204, "0.4": 0.0008883594259551575}, "10": {"0": 0.11396083236362174, "0.05": 0.0859518015589986, "0.1": 0.03766967126765994, "0.15": 0.020029285750615862, "0.2": 0.011310085184647732, "0.25": 0.006346991008690961, "0.3": 0.0035502752935740478, "0.35": 0.002050128084454487, "0.4": 0.001239910322145981}, "11": {"0": 0.11396083236362174, "0.05": 0.26040765049674597, "0.1": 0.201382664528215, "0.15": 0.1467041119994496, "0.2": 0.10650308279513707, "0.25": 0.07817726750975353, "0.3": 0.057996987083210216, "0.35": 0.043391043247379885, "0.4": 0.032908543949442724}, "12": {"0": 0.11396083236362174, "0.05": 0.08710437570992147, "0.1": 0.03905337898275317, "0.15": 0.02072184960292699, "0.2": 0.012148329645186147, "0.25": 0.007540840067968672, "0.3": 0.004779464310858057, "0.35": 0.00297532006367239, "0.4": 0.0019178191419934086}, "13": {"0": 0.11396083236362174, "0.05": 0.04644745520283096, "0.1": 0.014099359336007016, "0.15": 0.006190134722137876, "0.2": 0.0030522254320969502, "0.25": 0.0014678620932105702, "0.3": 0.0006569512831842324, "0.35": 0.0002672346975486692, "0.4": 0.0001457077957461972}, "14": {"0": 0.11396083236362174, "0.05": 0.056306141207354936, "0.1": 0.025534734920641754, "0.15": 0.013508203361435099, "0.2": 0.007515386228162103, "0.25": 0.00434645723988608, "0.3": 0.00268626634313448, "0.35": 0.001609411009299224, "0.4": 0.000999262260176276}, "15": {"0": 0.11396083236362174, "0.05": 0.22081515636796037, "0.1": 0.11877636588251435, "0.15": 0.06696573307783621, "0.2": 0.0406910113042416, "0.25": 0.026058590274306903, "0.3": 0.017885128568681755, "0.35": 0.012258500154581744, "0.4": 0.008470913628842338}}, "recall": {"0": {"0": 1.0, "0.05": 0.024734095151702173, "0.1": 0.007724091556420731, "0.15": 0.0034502311973434166, "0.2": 0.001486514058114878, "0.25": 0.0006777169567280356, "0.3": 0.00031789247057631436, "0.35": 0.0001548501049593177, "0.4": 8.024523334431868e-05}, "1": {"0": 1.0, "0.05": 0.11263379363496757, "0.1": 0.018664156289296664, "0.15": 0.0034816919606388014, "0.2": 0.0007321628879150584, "0.25": 0.00013542089456952046, "0.3": 2.4176898545947815e-05, "0.35": 4.490440966669509e-06, "0.4": 0.0}, "2": {"0": 1.0, "0.05": 0.041039060029543835, "0.1": 0.013865559424516286, "0.15": 0.0069387982490399635, "0.2": 0.003890272963007687, "0.25": 0.0023573173418942367, "0.3": 0.001428946255598059, "0.35": 0.000871797353561412, "0.4": 0.0005113314377255298}, "3": {"0": 1.0, "0.05": 0.19844267122453596, "0.1": 0.10284158625680688, "0.15": 0.05910321417788713, "0.2": 0.03509537509173668, "0.25": 0.02132444478623726, "0.3": 0.013274052171624206, "0.35": 0.008110765513970525, "0.4": 0.004950669980334798}, "4": {"0": 1.0, "0.05": 0.22020325790597148, "0.1": 0.16129644536599977, "0.15": 0.12958124711365876, "0.2": 0.10703966866620933, "0.25": 0.0901641020205187, "0.3": 0.0771009253154287, "0.35": 0.06643188011368126, "0.4": 0.05726052099879961}, "5": {"0": 1.0, "0.05": 0.01804305102270088, "0.1": 0.0033603938145776295, "0.15": 0.001386933625373955, "0.2": 0.0006869364501272056, "0.25": 0.00029851473523548864, "0.3": 0.00012423420133799635, "0.35": 5.56362636572161e-05, "0.4": 2.4634902585599873e-05}, "6": {"0": 1.0, "0.05": 0.03216819315042522, "0.1": 0.009384545390300156, "0.15": 0.005012354231521922, "0.2": 0.0031804253314886366, "0.25": 0.0022130797131763003, "0.3": 0.0014913016363836476, "0.35": 0.0009747172168847915, "0.4": 0.00066256459432053}, "7": {"0": 1.0, "0.05": 0.09529569001504344, "0.1": 0.039492728269048524, "0.15": 0.021069861929362818, "0.2": 0.01245862949812117, "0.25": 0.007664982296917652, "0.3": 0.005027463645414944, "0.35": 0.0032678315257706285, "0.4": 0.002071630187237316}, "8": {"0": 1.0, "0.05": 0.07490404884258353, "0.1": 0.03183639325802986, "0.15": 0.016277326357508903, "0.2": 0.009118052154519305, "0.25": 0.005535059945316875, "0.3": 0.0034972378435361583, "0.35": 0.0022157020977856, "0.4": 0.001390769463060479}, "9": {"0": 1.0, "0.05": 0.029261347001902895, "0.1": 0.00978012074374561, "0.15": 0.004769250227354523, "0.2": 0.00283317389113258, "0.25": 0.0017690541710991847, "0.3": 0.0011176348798995074, "0.35": 0.0007104916071517097, "0.4": 0.0004577249945372576}, "10": {"0": 1.0, "0.05": 0.07306280425233364, "0.1": 0.024860131642310424, "0.15": 0.011844869934476905, "0.2": 0.0063161625933775365, "0.25": 0.0034195230742807064, "0.3": 0.0018666384015279048, "0.35": 0.0010611359134542191, "0.4": 0.0006347383095914493}, "11": {"0": 1.0, "0.05": 0.2588218310693142, "0.1": 0.1567257012703082, "0.15": 0.09964236007548621, "0.2": 0.06638844019002796, "0.25": 0.04600993750353564, "0.3": 0.0328321875369549, "0.35": 0.023861526307709557, "0.4": 0.01773639129997198}, "12": {"0": 1.0, "0.05": 0.06309266913368299, "0.1": 0.022829248672639243, "0.15": 0.0112617131284315, "0.2": 0.006390380047573261, "0.25": 0.003898435816087552, "0.3": 0.0024464767931971663, "0.35": 0.0015147890077734333, "0.4": 0.0009724759305636074}, "13": {"0": 1.0, "0.05": 0.03483555374530012, "0.1": 0.008586090220394436, "0.15": 0.003545146845458067, "0.2": 0.0016783319179841847, "0.25": 0.0007873458598730355, "0.3": 0.000343298690710315, "0.35": 0.00013891526429429663, "0.4": 7.475215042404528e-05}, "14": {"0": 1.0, "0.05": 0.04553406831105756, "0.1": 0.01638794296770206, "0.15": 0.007897371474020535, "0.2": 0.00419040054200183, "0.25": 0.0023561818230908244,