{"fscore": {"0": {"0": 0.11417351022905459, "0.05": 0.030950648592251617, "0.1": 0.018791526624373413, "0.15": 0.013429298593138388, "0.2": 0.009714107682257535, "0.25": 0.006871077539235056, "0.3": 0.004708107066280764, "0.35": 0.0030287859334369696, "0.4": 0.001985762244930252}, "1": {"0": 0.11417351022905459, "0.05": 0.054258769814301555, "0.1": 0.02087487793017162, "0.15": 0.008044120645975032, "0.2": 0.0032915048902905386, "0.25": 0.001584952157952267, "0.3": 0.0007802566216738745, "0.35": 0.00044770623263676773, "0.4": 0.0002819837869140494}, "2": {"0": 0.11420597041742624, "0.05": 0.23757570059334293, "0.1": 0.20987958425926947, "0.15": 0.18197732929235294, "0.2": 0.15720504554963688, "0.25": 0.13612267857788227, "0.3": 0.11744240446536204, "0.35": 0.10091974091063331, "0.4": 0.08767730831359598}, "3": {"0": 0.11417427908430222, "0.05": 0.14109935477613192, "0.1": 0.08473942921835445, "0.15": 0.05614054932087157, "0.2": 0.04060359404161071, "0.25": 0.030454727904479482, "0.3": 0.023506893818133694, "0.35": 0.018356647962406984, "0.4": 0.015430622992770524}, "4": {"0": 0.11417351247787913, "0.05": 0.09798786679967876, "0.1": 0.060604334505044, "0.15": 0.036920091954713886, "0.2": 0.023569791023314732, "0.25": 0.015596753371824645, "0.3": 0.010235045262751125, "0.35": 0.006623959784836519, "0.4": 0.004461314538365493}, "5": {"0": 0.11423267275557103, "0.05": 0.13649724467326993, "0.1": 0.10056581633905509, "0.15": 0.07780162954944649, "0.2": 0.06307223069391661, "0.25": 0.053025284682563525, "0.3": 0.04572692772893399, "0.35": 0.03831077823651426, "0.4": 0.03444205514650922}, "6": {"0": 0.11417351022905459, "0.05": 0.10246420955655344, "0.1": 0.06015813696229574, "0.15": 0.038904687253547815, "0.2": 0.0274371557545169, "0.25": 0.02033103836248332, "0.3": 0.015497655921941406, "0.35": 0.011573453037224119, "0.4": 0.008525152579804423}, "7": {"0": 0.11417351022905459, "0.05": 0.1409731018340198, "0.1": 0.08042641436442094, "0.15": 0.043967274548081546, "0.2": 0.024562960939298644, "0.25": 0.014393643583262193, "0.3": 0.008759317145778924, "0.35": 0.005487381163250974, "0.4": 0.003484452424873163}, "8": {"0": 0.11417351022905459, "0.05": 0.03392683843893006, "0.1": 0.012938256659227185, "0.15": 0.0063671055586026265, "0.2": 0.0031088018068060126, "0.25": 0.0014864256022013174, "0.3": 0.000706391536572803, "0.35": 0.0003514148074456121, "0.4": 0.00014586173138907767}, "9": {"0": 0.11417405483519132, "0.05": 0.13404143162801696, "0.1": 0.08518115903638755, "0.15": 0.05360434468992926, "0.2": 0.03561859841760519, "0.25": 0.024270717689862928, "0.3": 0.017738292920891727, "0.35": 0.01304643848011204, "0.4": 0.010198594706579899}, "10": {"0": 0.11417351022905459, "0.05": 0.11102204900649108, "0.1": 0.05215015713409214, "0.15": 0.02401848092582563, "0.2": 0.011510101322848496, "0.25": 0.006026706658961394, "0.3": 0.0031560912088890824, "0.35": 0.0016318868011190384, "0.4": 0.0009005058412585931}, "11": {"0": 0.11417351161911383, "0.05": 0.08576400439772572, "0.1": 0.039863201162569514, "0.15": 0.01924307309965283, "0.2": 0.010018248273758641, "0.25": 0.005415503606048681, "0.3": 0.0028889508192310063, "0.35": 0.0015496879671305088, "0.4": 0.0007941024835056567}, "12": {"0": 0.11417351022905459, "0.05": 0.028496628534339503, "0.1": 0.009041563658718194, "0.15": 0.0038053144687188074, "0.2": 0.0019484715177894483, "0.25": 0.0008660059929339876, "0.3": 0.00041557841790637227, "0.35": 0.00017403909337501051, "0.4": 0.00011701725557481791}, "13": {"0": 0.11417351022905459, "0.05": 0.06359434969114133, "0.1": 0.03048091426092592, "0.15": 0.021974639639525416, "0.2": 0.018878265136299272, "0.25": 0.016930300046656372, "0.3": 0.014932436224263605, "0.35": 0.01291069893725467, "0.4": 0.010678418450476134}, "14": {"0": 0.114173562603344, "0.05": 0.11108215023204844, "0.1": 0.0724153493500816, "0.15": 0.04929539013146344, "0.2": 0.036530112221520146, "0.25": 0.02809516996054674, "0.3": 0.021916931330720972, "0.35": 0.016932183194370155, "0.4": 0.012676858031521585}, "15": {"0": 0.11417355576780878, "0.05": 0.14649948311466487, "0.1": 0.09949005611667344, "0.15": 0.06593152886010337, "0.2": 0.04421511057517935, "0.25": 0.029634747126966014, "0.3": 0.01981526964417901, "0.35": 0.01318878457120568, "0.4": 0.008898371559143187}}, "recall": {"0": {"0": 1.0, "0.05": 0.033116195752710305, "0.1": 0.01375022334721503, "0.15": 0.008689187931963653, "0.2": 0.005923414473803733, "0.25": 0.00405564094233812, "0.3": 0.002711842701234913, "0.35": 0.0017154478952972054, "0.4": 0.0011093771012589506}, "1": {"0": 1.0, "0.05": 0.05852091141246517, "0.1": 0.013720138724039346, "0.15": 0.004510496065857097, "0.2": 0.0017450705866306686, "0.25": 0.0008253192458761471, "0.3": 0.0004025244211886249, "0.35": 0.00023019164083444742, "0.4": 0.00014461311897208048}, "2": {"0": 0.9999950340721757, "0.05": 0.2408619244648922, "0.1": 0.16454813618957892, "0.15": 0.1254515784056328, "0.2": 0.10001021151713539, "0.25": 0.08197095870288977, "0.3": 0.06792143373678858, "0.35": 0.05665600605365973, "0.4": 0.04816332818847375}, "3": {"0": 1.0, "0.05": 0.1345094516219882, "0.1": 0.05533631420882687, "0.15": 0.03209491771599435, "0.2": 0.021928630022530333, "0.25": 0.01600003271860287, "0.3": 0.012168503533953042, "0.35": 0.009424169678288035, "0.4": 0.007882642698363246}, "4": {"0": 1.0, "0.05": 0.10060567626307614, "0.1": 0.04409327367320077, "0.15": 0.023346458089769217, "0.2": 0.013857281292795601, "0.25": 0.008796826916453414, "0.3": 0.005621012615974813, "0.35": 0.0035781483588760645, "0.4": 0.00238114682561359}, "5": {"0": 0.9996663172591841, "0.05": 0.14109810434156184, "0.1": 0.07015724389715643, "0.15": 0.046913051421643814, "0.2": 0.03551842626761738, "0.25": 0.02880639731027874, "0.3": 0.02433433554818388, "0.35": 0.02012288809218493, "0.4": 0.01795009941007353}, "6": {"0": 1.0, "0.05": 0.11201483456530088, "0.1": 0.04405871647785242, "0.15": 0.024165805076517055, "0.2": 0.015661214201537894, "0.25": 0.01107189487965252, "0.3": 0.00819795995127079, "0.35": 0.0060214862718514965, "0.4": 0.004383309634076393}, "7": {"0": 1.0, "0.05": 0.14790755427891544, "0.1": 0.0541356056261401, "0.15": 0.025226563696954713, "0.2": 0.013162416393675486, "0.25": 0.00747382677385362, "0.3": 0.004480041426833273, "0.35": 0.0027862442306343244, "0.4": 0.0017628680346860519}, "8": {"0": 1.0, "0.05": 0.032345277509601984, "0.1": 0.008442163335026287, "0.15": 0.003688575328842397, "0.2": 0.0017188075412308866, "0.25": 0.0007985927728114531, "0.3": 0.0003749135306669037, "0.35": 0.00018392483872832667, "0.4": 7.548186263643939e-05}, "9": {"0": 0.9999976490926836, "0.05": 0.15002689387573556, "0.1": 0.06198639403864434, "0.15": 0.032589772227515655, "0.2": 0.019918178679130708, "0.25": 0.01298072623432215, "0.3": 0.009269433934145272, "0.35": 0.006723845201491145, "0.4": 0.005216959922038409}, "10": {"0": 1.0, "0.05": 0.11392668111623329, "0.1": 0.036551553204232215, "0.15": 0.014598516096550886, "0.2": 0.006536825695201515, "0.25": 0.0032997133509842683, "0.3": 0.001690530833007423, "0.35": 0.0008607902820717255, "0.4": 0.0004699654633742262}, "11": {"0": 1.0, "0.05": 0.08906535881123269, "0.1": 0.027913873428537007, "0.15": 0.011563306552962052, "0.2": 0.0056073739064932925, "0.25": 0.0029206736985021246, "0.3": 0.0015208934953848353, "0.35": 0.0008048442549294924, "0.4": 0.0004096651496758002}, "12": {"0": 1.0, "0.05": 0.027703274672497166, "0.1": 0.005687608750689014, "0.15": 0.0021322604399258392, "0.2": 0.0010432957777895898, "0.25": 0.0004553136687577737, "0.3": 0.00021516933745095712, "0.35": 8.984372529322297e-05, "0.4": 5.967767894099765e-05}, "13": {"0": 1.0, "0.05": 0.06072723571355763, "0.1": 0.02176549152408793, "0.15": 0.01418606874195825, "0.2": 0.011572319739458608, "0.25": 0.010024925089873698, "0.3": 0.00861325324465064, "0.35": 0.007286181018965482, "0.4": 0.005921472421980741}, "14": {"0": 1.0, "0.05": 0.12918265552482244, "0.1": 0.057540545897832106, "0.15": 0.0326729006881893,