{"fscore": {"0": {"0": 0.11396083236362174, "0.05": 0.047501590601679945, "0.1": 0.008084467860681104, "0.15": 0.0020604455724339012, "0.2": 0.0008159856553918824, "0.25": 0.00037061004641321437, "0.3": 0.00017391425896549244, "0.35": 9.150916703323423e-05, "0.4": 4.863572639320592e-05}, "1": {"0": 0.11396083236362174, "0.05": 0.04031774288244785, "0.1": 0.0061754141007786525, "0.15": 0.0015447129436793126, "0.2": 0.0004995568630642177, "0.25": 0.00017169475785621302, "0.3": 3.520230394051201e-05, "0.35": 8.770664586267423e-06, "0.4": 4.963181934651672e-06}, "2": {"0": 0.11396083236362174, "0.05": 0.010468376008144336, "0.1": 0.0018731607092135217, "0.15": 0.0006003879924774341, "0.2": 0.00020538953922736805, "0.25": 8.049027411543869e-05, "0.3": 4.410000690553495e-05, "0.35": 1.3831599403355206e-05, "0.4": 2.8722600151171577e-06}, "3": {"0": 0.11396083236362174, "0.05": 0.19177862083465888, "0.1": 0.13014908902110361, "0.15": 0.0878578212716403, "0.2": 0.05970707259595364, "0.25": 0.04075585985554542, "0.3": 0.027404023034578784, "0.35": 0.018177699089216286, "0.4": 0.011839203717853825}, "4": {"0": 0.11396083236362174, "0.05": 0.09893348402766906, "0.1": 0.06339085651710732, "0.15": 0.04277785751902414, "0.2": 0.02947168518501649, "0.25": 0.019602075255558765, "0.3": 0.012955830006297577, "0.35": 0.008586901658128704, "0.4": 0.005725704411011985}, "5": {"0": 0.11396083236362174, "0.05": 0.1916314679616797, "0.1": 0.12940549982523974, "0.15": 0.08799050477568196, "0.2": 0.062458041516886366, "0.25": 0.04521176286194434, "0.3": 0.03341859196896142, "0.35": 0.02511206964054415, "0.4": 0.019001301069241725}, "6": {"0": 0.11396083236362174, "0.05": 0.10277897817160218, "0.1": 0.03221036980165358, "0.15": 0.01131578267012749, "0.2": 0.004589372435466714, "0.25": 0.002209369242919463, "0.3": 0.0011728870661327944, "0.35": 0.0006024110125795787, "0.4": 0.00035500165304088127}, "7": {"0": 0.11396083236362174, "0.05": 0.16427818104644962, "0.1": 0.09026633470555102, "0.15": 0.05477797015174332, "0.2": 0.03618502789533601, "0.25": 0.02570107955031401, "0.3": 0.018787107177135283, "0.35": 0.01391540863202883, "0.4": 0.010199249007367838}, "8": {"0": 0.11396083236362174, "0.05": 0.2968709161310954, "0.1": 0.24392981918870135, "0.15": 0.20115223638480412, "0.2": 0.16707525113633442, "0.25": 0.13885086700175112, "0.3": 0.11500575081590216, "0.35": 0.09474156653824095, "0.4": 0.0771743067667884}, "9": {"0": 0.11396083236362174, "0.05": 0.10106878300182304, "0.1": 0.046621956329535114, "0.15": 0.019770058997120452, "0.2": 0.008342931064542895, "0.25": 0.003530096331413214, "0.3": 0.0017735655288754534, "0.35": 0.000945501035846346, "0.4": 0.000481223332492903}, "10": {"0": 0.11396083236362174, "0.05": 0.22874404411786256, "0.1": 0.1097598025146234, "0.15": 0.05673993605043642, "0.2": 0.031477193318685696, "0.25": 0.018853837453851434, "0.3": 0.011583979518377068, "0.35": 0.007352936794923503, "0.4": 0.004838955107904386}, "11": {"0": 0.11396083236362174, "0.05": 0.309457938385027, "0.1": 0.26865196597966706, "0.15": 0.2063518526369283, "0.2": 0.1442381193045355, "0.25": 0.09387910737920101, "0.3": 0.05779042321559875, "0.35": 0.03368617917809737, "0.4": 0.019110966246448424}, "12": {"0": 0.11396083236362174, "0.05": 0.3015941738351996, "0.1": 0.2193320401527113, "0.15": 0.15920722692885175, "0.2": 0.11672861554295288, "0.25": 0.08633489000980783, "0.3": 0.0651163710335047, "0.35": 0.05027849504920305, "0.4": 0.0392324560402287}, "13": {"0": 0.11396083236362174, "0.05": 0.03383241136981132, "0.1": 0.015931480685480167, "0.15": 0.00884043462774389, "0.2": 0.005228270641606552, "0.25": 0.0033256302362849343, "0.3": 0.002129856370419741, "0.35": 0.0013994680494866067, "0.4": 0.0008559578040115247}, "14": {"0": 0.11396083236362174, "0.05": 0.097697542673902, "0.1": 0.046838423553476956, "0.15": 0.02636548419441824, "0.2": 0.015103888970222318, "0.25": 0.009013740489134782, "0.3": 0.005780100221424134, "0.35": 0.004051563468353677, "0.4": 0.0031241242369962276}, "15": {"0": 0.11396083236362174, "0.05": 0.09949824931948104, "0.1": 0.0561929326836438, "0.15": 0.0330137679998088, "0.2": 0.01903040168831465, "0.25": 0.011408648852149525, "0.3": 0.006966377345002579, "0.35": 0.004037481289751578, "0.4": 0.00204401032788299}}, "recall": {"0": {"0": 1.0, "0.05": 0.029682014794942195, "0.1": 0.004264166290698855, "0.15": 0.0010534892972713578, "0.2": 0.00041302017678782076, "0.25": 0.0001867737682676513, "0.3": 8.750692717182368e-05, "0.35": 4.605206008379615e-05, "0.4": 2.4441568929740225e-05}, "1": {"0": 1.0, "0.05": 0.02663265289244661, "0.1": 0.0033046540430837212, "0.15": 0.0007934318954766205, "0.2": 0.00025368380170409346, "0.25": 8.688253325765585e-05, "0.3": 1.7772922300250907e-05, "0.35": 4.4066370171721436e-06, "0.4": 2.4909282049116073e-06}, "2": {"0": 1.0, "0.05": 0.005811700141114999, "0.1": 0.0009627192113478111, "0.15": 0.0003051268441805852, "0.2": 0.00010424975903316032, "0.25": 4.082296678370922e-05, "0.3": 2.2267377077262293e-05, "0.35": 6.9576845479898176e-06, "0.4": 1.4392390159261326e-06}, "3": {"0": 1.0, "0.05": 0.17880817527363713, "0.1": 0.08659823730947308, "0.15": 0.051535378324056504, "0.2": 0.03299151833060868, "0.25": 0.02180033287978559, "0.3": 0.014362352051916365, "0.35": 0.009405638127939372, "0.4": 0.006073597396821738}, "4": {"0": 1.0, "0.05": 0.08991112333908939, "0.1": 0.044624585642719754, "0.15": 0.026816908591119567, "0.2": 0.017296068188290076, "0.25": 0.011031393926449749, "0.3": 0.007079687988391071, "0.35": 0.004595649602965717, "0.4": 0.0030182093290304123}, "5": {"0": 1.0, "0.05": 0.17246111143261256, "0.1": 0.0852641180323751, "0.15": 0.05172127618461528, "0.2": 0.03476456221040258, "0.25": 0.024413350344001876, "0.3": 0.017708876517315897, "0.35": 0.013153833517995253, "0.4": 0.00988232047214606}, "6": {"0": 1.0, "0.05": 0.07950366245817203, "0.1": 0.01810641925212473, "0.15": 0.00590542772630305, "0.2": 0.0023420393174384316, "0.25": 0.0011194278092676716, "0.3": 0.0005927303896036419, "0.35": 0.0003040085113235245, "0.4": 0.00017904680130874544}, "7": {"0": 1.0, "0.05": 0.1159882258113811, "0.1": 0.0525113848108492, "0.15": 0.02978429561373664, "0.2": 0.019082223907479944, "0.25": 0.013348157336678018, "0.3": 0.009662030675882324, "0.35": 0.007114976346204935, "0.4": 0.005193815012697273}, "8": {"0": 1.0, "0.05": 0.2669430361543171, "0.1": 0.17571816897661555, "0.15": 0.13095657787304807, "0.2": 0.1024275591091815, "0.25": 0.08164913917400224, "0.3": 0.06560294627910358, "0.35": 0.052799479888061454, "0.4": 0.04221116218829354}, "9": {"0": 1.0, "0.05": 0.09578026396237026, "0.1": 0.02938595397514033, "0.15": 0.010967155256288592, "0.2": 0.004409468163479576, "0.25": 0.001829092185276626, "0.3": 0.0009103519998284697, "0.35": 0.0004834821274497266, "0.4": 0.0002451937531550453}, "10": {"0": 1.0, "0.05": 0.1936265555897627, "0.1": 0.06696268910597511, "0.15": 0.03141179406069084, "0.2": 0.016714263524647784, "0.25": 0.009810904383359421, "0.3": 0.005956777900067641, "0.35": 0.003755287211020423, "0.4": 0.002460297984850446}, "11": {"0": 1.0, "0.05": 0.3219899335287485, "0.1": 0.2159756478818842, "0.15": 0.14451292871137278, "0.2": 0.09155752558840247, "0.25": 0.055375580554178384, "0.3": 0.03231579363129758, "0.35": 0.018157242675035407, "0.4": 0.010054121308276823}, "12": {"0": 1.0, "0.05": 0.24674842807132352, "0.1": 0.1427625523547203, "0.15": 0.09385330068119979, "0.2": 0.06519735808435127, "0.25": 0.04673540460310653, "0.3": 0.034590768733587615, "0.35": 0.026376214865783797, "0.4": 0.020393876017967157}, "13": {"0": 1.0, "0.05": 0.027497089630725738, "0.1": 0.010874983720726377, "0.15": 0.005511768561926136, "0.2": 0.0030780500570875735, "0.25": 0.0018870284074575968, "0.3": 0.0011774954461580564, "0.35": 0.0007583435842441952, "0.4": 0.0004559663151420332}, "14": {"0": 1.0, "0.05": 0.06051670310088828, "0.1": 0.025305148416276985, "0.15": 0.013712965683408202, "0.2": 0.007739302705660845, "0.25": 0.004585796823319967,