{"fscore": {"0": {"0": 0.11396083236362174, "0.05": 0.056710377959970484, "0.1": 0.01795555822926608, "0.15": 0.005424423158591595, "0.2": 0.00151653119307655, "0.25": 0.0005197235271077674, "0.3": 0.00020268111195394844, "0.35": 0.00010638798128763139, "0.4": 6.035781995237096e-05}, "1": {"0": 0.11396083236362174, "0.05": 0.024309655409054547, "0.1": 0.004091267587834514, "0.15": 0.0004032681429966251, "0.2": 0.00010013520915861681, "0.25": 2.6345509147750134e-05, "0.3": 3.7145241796226818e-06, "0.35": 0.0, "0.4": 0.0}, "2": {"0": 0.11396083236362174, "0.05": 0.03406517448007781, "0.1": 0.004460850253260541, "0.15": 0.0007761265133996778, "0.2": 0.0003377666965635083, "0.25": 0.00016646524500327055, "0.3": 8.36801430193376e-05, "0.35": 4.419869055472648e-05, "0.4": 1.760393233704173e-05}, "3": {"0": 0.11396083236362174, "0.05": 0.1564890920078252, "0.1": 0.05084004019056558, "0.15": 0.018105822912920816, "0.2": 0.00896676043614873, "0.25": 0.004486751327599641, "0.3": 0.0019209500294836046, "0.35": 0.0007844136374106706, "0.4": 0.00026392688227145413}, "4": {"0": 0.11396083236362174, "0.05": 0.31960864725172694, "0.1": 0.26280491334570383, "0.15": 0.21783037475015737, "0.2": 0.17520889277098867, "0.25": 0.12487994856528424, "0.3": 0.07620709289162239, "0.35": 0.037326032815997244, "0.4": 0.013451220645992853}, "5": {"0": 0.11396083236362174, "0.05": 0.0406946426924486, "0.1": 0.02956557335732279, "0.15": 0.020059566504597722, "0.2": 0.013007139559815495, "0.25": 0.00840731141470484, "0.3": 0.005569178815441371, "0.35": 0.003772904023908827, "0.4": 0.0026001840453797696}, "6": {"0": 0.11396083236362174, "0.05": 0.17890520130326, "0.1": 0.06734755115476013, "0.15": 0.02338108637372851, "0.2": 0.008944570187547884, "0.25": 0.003760697600539518, "0.3": 0.0018401062134235232, "0.35": 0.0010885234692160617, "0.4": 0.0007635235773890853}, "7": {"0": 0.11396083236362174, "0.05": 0.22819633763935793, "0.1": 0.08673283587824075, "0.15": 0.034131455008286155, "0.2": 0.012124592812989079, "0.25": 0.0029371432273682654, "0.3": 0.00041358616618993044, "0.35": 6.256084175486438e-05, "0.4": 1.1904761904761907e-05}, "8": {"0": 0.11396083236362174, "0.05": 0.2985595982225667, "0.1": 0.2343175286972847, "0.15": 0.18267317075019693, "0.2": 0.13532753367990288, "0.25": 0.08805450704386177, "0.3": 0.05131195012140474, "0.35": 0.02558572583523825, "0.4": 0.009567243947009977}, "9": {"0": 0.11396083236362174, "0.05": 0.014474463577948913, "0.1": 0.0015090035980085542, "0.15": 0.0004320663895530763, "0.2": 0.0001491184933355103, "0.25": 5.081933086932378e-05, "0.3": 2.8355911572657767e-05, "0.35": 1.7408467347821843e-05, "0.4": 6.63977965768247e-06}, "10": {"0": 0.11396083236362174, "0.05": 0.046403865004441096, "0.1": 0.01636428240520098, "0.15": 0.005161644867846612, "0.2": 0.001875123937740343, "0.25": 0.0007457037176744099, "0.3": 0.00036133332811535566, "0.35": 0.00013195278987520998, "0.4": 3.437897576755676e-05}, "11": {"0": 0.11396083236362174, "0.05": 0.28195868226284837, "0.1": 0.21432180521507438, "0.15": 0.14375010260089988, "0.2": 0.08845095707600588, "0.25": 0.050451328890857725, "0.3": 0.026865958169192742, "0.35": 0.013432398982950067, "0.4": 0.007181359550404263}, "12": {"0": 0.11396083236362174, "0.05": 0.08631206491230298, "0.1": 0.022636121255820357, "0.15": 0.008702008768527265, "0.2": 0.00464341347201647, "0.25": 0.00287193702598081, "0.3": 0.0019037742338606, "0.35": 0.0014040934261603064, "0.4": 0.0010810497602497006}, "13": {"0": 0.11396083236362174, "0.05": 0.1808761378398676, "0.1": 0.05973711653865092, "0.15": 0.02071934838220512, "0.2": 0.007881740956168684, "0.25": 0.003884656293735095, "0.3": 0.002104054240195174, "0.35": 0.0012728556682501174, "0.4": 0.0008411542139357066}, "14": {"0": 0.11396083236362174, "0.05": 0.20912667354120917, "0.1": 0.09879284983879372, "0.15": 0.04388626230194267, "0.2": 0.01898018413157768, "0.25": 0.00870889050834336, "0.3": 0.004403331638829019, "0.35": 0.0023161412495876677, "0.4": 0.0012917842709264115}, "15": {"0": 0.11396083236362174, "0.05": 0.32399535958855313, "0.1": 0.20999849225173928, "0.15": 0.10093491427771971, "0.2": 0.03321405993279397, "0.25": 0.00840109983399895, "0.3": 0.0020521605086913307, "0.35": 0.0004568181914284562, "0.4": 8.074903983989388e-05}}, "recall": {"0": {"0": 1.0, "0.05": 0.04348366442910053, "0.1": 0.010175845802252725, "0.15": 0.0028776696345548885, "0.2": 0.0007850326912111032, "0.25": 0.0002657169648587476, "0.3": 0.00010325297731787899, "0.35": 5.3933780831388974e-05, "0.4": 3.044055197238242e-05}, "1": {"0": 1.0, "0.05": 0.017203856937199107, "0.1": 0.002182112913149191, "0.15": 0.00020708197308778802, "0.2": 5.056410489909988e-05, "0.25": 1.3259821585140682e-05, "0.3": 1.8615006599994333e-06, "0.35": 0.0, "0.4": 0.0}, "2": {"0": 1.0, "0.05": 0.024355464651775197, "0.1": 0.002388924301665294, "0.15": 0.00039676610986854325, "0.2": 0.0001709702081631323, "0.25": 8.40775403123778e-05, "0.3": 4.224333972860067e-05, "0.35": 2.2245080129636695e-05, "0.4": 8.840338822647063e-06}, "3": {"0": 1.0, "0.05": 0.14919010584745143, "0.1": 0.03138413331979131, "0.15": 0.009768359991062334, "0.2": 0.004631418774252053, "0.25": 0.002283007871817386, "0.3": 0.0009716649259262806, "0.35": 0.00039630672773205314, "0.4": 0.0001333045029007616}, "4": {"0": 1.0, "0.05": 0.24031159564476612, "0.1": 0.16887460848963018, "0.15": 0.1341501494437463, "0.2": 0.10455039653315637, "0.25": 0.07205941236032808, "0.3": 0.04238124902661021, "0.35": 0.02000490518165856, "0.4": 0.006982874491001757}, "5": {"0": 1.0, "0.05": 0.03624367529859069, "0.1": 0.021077880124176017, "0.15": 0.012692454052158433, "0.2": 0.0076616653833008, "0.25": 0.0047333650090988395, "0.3": 0.003043834460073947, "0.35": 0.00201824425533246, "0.4": 0.0013673436969750255}, "6": {"0": 1.0, "0.05": 0.14862306689969623, "0.1": 0.038585298453831705, "0.15": 0.012243677503604534, "0.2": 0.004575462456411107, "0.25": 0.0019052109261756185, "0.3": 0.000929124975248454, "0.35": 0.0005488616404528379, "0.4": 0.00038474363285841774}, "7": {"0": 1.0, "0.05": 0.15242247107657353, "0.1": 0.047953514724547217, "0.15": 0.017961829055812503, "0.2": 0.00623159299398644, "0.25": 0.0014950193181080143, "0.3": 0.00020997266926845514, "0.35": 3.187370056267115e-05, "0.4": 6.06060606060606e-06}, "8": {"0": 1.0, "0.05": 0.21692577482070438, "0.1": 0.1494988232699149, "0.15": 0.11099654257433783, "0.2": 0.07943369713111505, "0.25": 0.050188402433051955, "0.3": 0.0285014772335194, "0.35": 0.013810492126260286, "0.4": 0.00499887034415081}, "9": {"0": 1.0, "0.05": 0.011060365626924548, "0.1": 0.0008167263021315231, "0.15": 0.00022486112901432543, "0.2": 7.701432349537506e-05, "0.25": 2.5989173323190196e-05, "0.3": 1.4464403609557389e-05, "0.35": 8.91930150568547e-06, "0.4": 3.3366451399238287e-06}, "10": {"0": 1.0, "0.05": 0.03949123375402776, "0.1": 0.010971345421220887, "0.15": 0.0031392198547952194, "0.2": 0.0010762731467062095, "0.25": 0.0004066773385591866, "0.3": 0.00018986997796242473, "0.35": 6.850519498929588e-05, "0.4": 1.7796868613775264e-05}, "11": {"0": 1.0, "0.05": 0.28089086483490444, "0.1": 0.15535522900410767, "0.15": 0.08938373100641708, "0.2": 0.05024140430552998, "0.25": 0.02721861459317074, "0.3": 0.014016769120500245, "0.35": 0.006879640330067145, "0.4": 0.003644950134314616}, "12": {"0": 1.0, "0.05": 0.06836251552240104, "0.1": 0.012905497971110694, "0.15": 0.004649649898077172, "0.2": 0.002419149506842969, "0.25": 0.001478381760965896, "0.3": 0.0009739965255294344, "0.35": 0.000715203621441279, "0.4": 0.0005496942988639017}, "13": {"0": 1.0, "0.05": 0.13472278145218203, "0.1": 0.03407952746292912, "0.15": 0.010916512058792002, "0.2": 0.004043253845322305, "0.25": 0.0019743573891398995, "0.3": 0.0010653969542110003, "0.35": 0.000643245377873192, "0.4": 0.0004245685891910252}, "14": {"0": 1.0, "0.05": 0.14523048101526656, "0.1": 0.05693478837414888, "0.15": 0.02375560698184417, "0.2": 0.009907293669828045, "0.25": 0.004458044225653133,