{"fscore": {"0": {"0": 0.11396083236362174, "0.05": 0.14240001504633054, "0.1": 0.109136246495693, "0.15": 0.08532480468380901, "0.2": 0.06841303466729429, "0.25": 0.0555142175055932, "0.3": 0.04491707541423143, "0.35": 0.036570160597775604, "0.4": 0.029955494254530052}, "1": {"0": 0.11396083236362174, "0.05": 0.2755881364613587, "0.1": 0.2522302596329156, "0.15": 0.22864493224063445, "0.2": 0.20852407739821743, "0.25": 0.19071408099081857, "0.3": 0.1749393195371633, "0.35": 0.159179555720032, "0.4": 0.14412437879705897}, "2": {"0": 0.11396083236362174, "0.05": 0.08576376951270824, "0.1": 0.02229998012711997, "0.15": 0.005838148352516373, "0.2": 0.0018055666475801967, "0.25": 0.0007122986194335317, "0.3": 0.0002675374017364809, "0.35": 0.00012799124394777871, "0.4": 6.410448589419202e-05}, "3": {"0": 0.11396083236362174, "0.05": 0.1788106571260612, "0.1": 0.11495646093759128, "0.15": 0.07095901951021427, "0.2": 0.04456163073396746, "0.25": 0.02932882041675769, "0.3": 0.019191114349020922, "0.35": 0.013064446893587489, "0.4": 0.008654917878113937}, "4": {"0": 0.11396083236362174, "0.05": 0.15708947539484094, "0.1": 0.09746194542714365, "0.15": 0.06709816474032648, "0.2": 0.049525899319683, "0.25": 0.03879257415149763, "0.3": 0.031916872539664944, "0.35": 0.026272615103890663, "0.4": 0.02167097370692267}, "5": {"0": 0.11396083236362174, "0.05": 0.25655291450451195, "0.1": 0.17902098760455495, "0.15": 0.1189794084998135, "0.2": 0.07862698765379919, "0.25": 0.05125396320597242, "0.3": 0.03347408209968152, "0.35": 0.021850843561402968, "0.4": 0.014592773317185692}, "6": {"0": 0.11396083236362174, "0.05": 0.1422293949426621, "0.1": 0.08366406120024313, "0.15": 0.055468093287069614, "0.2": 0.03887254312628953, "0.25": 0.02687577333740257, "0.3": 0.018594406696696417, "0.35": 0.012770777324464634, "0.4": 0.008818817764974646}, "7": {"0": 0.11396083236362174, "0.05": 0.2794130287323978, "0.1": 0.19545618391464875, "0.15": 0.14335875156091338, "0.2": 0.1084992951251414, "0.25": 0.08410944919761383, "0.3": 0.0668167243532173, "0.35": 0.05509678630509941, "0.4": 0.04544158564819994}, "8": {"0": 0.11396083236362174, "0.05": 0.17865735393550833, "0.1": 0.15265756676094902, "0.15": 0.12155472351575014, "0.2": 0.0917366601495719, "0.25": 0.06737607396020781, "0.3": 0.05009074366769034, "0.35": 0.03868371255765125, "0.4": 0.03005716326269961}, "9": {"0": 0.11396083236362174, "0.05": 0.12381308398447997, "0.1": 0.055568168407611855, "0.15": 0.029993777941745434, "0.2": 0.01830481314045177, "0.25": 0.011789267709862234, "0.3": 0.007759348704241456, "0.35": 0.005155149999938965, "0.4": 0.0035242954882343204}, "10": {"0": 0.11396083236362174, "0.05": 0.21166163492700363, "0.1": 0.11593824661036031, "0.15": 0.06548258179937126, "0.2": 0.03776206375348242, "0.25": 0.022516384102818976, "0.3": 0.014087339807896984, "0.35": 0.009162708535551263, "0.4": 0.0060319115344232635}, "11": {"0": 0.11396083236362174, "0.05": 0.29234294981672937, "0.1": 0.25616224063346643, "0.15": 0.22408518468394437, "0.2": 0.19179419542765935, "0.25": 0.15981730637562622, "0.3": 0.1291398720618426, "0.35": 0.10829841698791597, "0.4": 0.08987450840506947}, "12": {"0": 0.11396083236362174, "0.05": 0.060909410969121315, "0.1": 0.015354710494838024, "0.15": 0.006468838582377815, "0.2": 0.003483079613535978, "0.25": 0.0020824765210637557, "0.3": 0.0014241834638567305, "0.35": 0.0010105660478991257, "0.4": 0.0007353193601797309}, "13": {"0": 0.11396083236362174, "0.05": 0.2659438515896189, "0.1": 0.21587346415922007, "0.15": 0.1824815332460167, "0.2": 0.15564551876678173, "0.25": 0.13430184266343723, "0.3": 0.11670870242168793, "0.35": 0.10260328406309012, "0.4": 0.09277326586219861}, "14": {"0": 0.11396083236362174, "0.05": 0.27753181200025867, "0.1": 0.19744001085768192, "0.15": 0.1410256649123817, "0.2": 0.10157481386163213, "0.25": 0.07408340181708903, "0.3": 0.05436692867761025, "0.35": 0.04026188323797754, "0.4": 0.030473861581419126}, "15": {"0": 0.11396083236362174, "0.05": 0.2414877991340897, "0.1": 0.17592700411228387, "0.15": 0.12640502586684832, "0.2": 0.09311438425330516, "0.25": 0.07129166699807406, "0.3": 0.055021551075291344, "0.35": 0.041936364791422716, "0.4": 0.031089460740818902}}, "recall": {"0": {"0": 1.0, "0.05": 0.1204973983065053, "0.1": 0.07286396898886532, "0.15": 0.05163615130338451, "0.2": 0.039263356009852556, "0.25": 0.030817941839116382, "0.3": 0.024384611735347905, "0.35": 0.019533492454003362, "0.4": 0.015808922334521712}, "1": {"0": 1.0, "0.05": 0.2475582401003652, "0.1": 0.18629274875560042, "0.15": 0.15556433885174234, "0.2": 0.13511388151445197, "0.25": 0.11935415712798149, "0.3": 0.10652038702267463, "0.35": 0.094659966231276, "0.4": 0.08397752249552241}, "2": {"0": 1.0, "0.05": 0.06575156598269462, "0.1": 0.01240936204282107, "0.15": 0.003036353300573677, "0.2": 0.0009216417360604468, "0.25": 0.000360637784176005, "0.3": 0.0001352167712355017, "0.35": 6.460529552695467e-05, "0.4": 3.2363970389359316e-05}, "3": {"0": 1.0, "0.05": 0.15657706642963892, "0.1": 0.07250240381433805, "0.15": 0.03970337970614288, "0.2": 0.023663395071974014, "0.25": 0.015194883913346805, "0.3": 0.009815531270572938, "0.35": 0.006636207410233825, "0.4": 0.004377910891764675}, "4": {"0": 1.0, "0.05": 0.10686816683376389, "0.1": 0.05788371896397081, "0.15": 0.037704485125125496, "0.2": 0.027085339983754484, "0.25": 0.02086129116491378, "0.3": 0.016977469402836797, "0.35": 0.01384742207010747, "0.4": 0.011333408425122702}, "5": {"0": 1.0, "0.05": 0.22983290118699365, "0.1": 0.11886310144286032, "0.15": 0.07002313080001794, "0.2": 0.04347274820582939, "0.25": 0.02735272311308954, "0.3": 0.017497140259908842, "0.35": 0.011274227009194284, "0.4": 0.007468790237347876}, "6": {"0": 1.0, "0.05": 0.11597787660039836, "0.1": 0.05316131313604993, "0.15": 0.032225299788427156, "0.2": 0.02160167279495196, "0.25": 0.014541859183139307, "0.3": 0.009889590544174464, "0.35": 0.006708438725353845, "0.4": 0.004588827283584754}, "7": {"0": 1.0, "0.05": 0.1947142096230899, "0.1": 0.11801606121366323, "0.15": 0.08097302038077639, "0.2": 0.05913114066975974, "0.25": 0.044867151622312106, "0.3": 0.035181396704424314, "0.35": 0.028751172175591103, "0.4": 0.023546733332788682}, "8": {"0": 1.0, "0.05": 0.14490997564920044, "0.1": 0.09952564507161633, "0.15": 0.07210521113877079, "0.2": 0.0517435763554011, "0.25": 0.036805156518946724, "0.3": 0.026781538610881023, "0.35": 0.020376728874723516, "0.4": 0.015642050643946453}, "9": {"0": 1.0, "0.05": 0.10409842391048586, "0.1": 0.03456518639779321, "0.15": 0.016886225817434247, "0.2": 0.009859780935931324, "0.25": 0.006198738942295207, "0.3": 0.004020265358436347, "0.35": 0.0026461866819148523, "0.4": 0.0017972768157518697}, "10": {"0": 1.0, "0.05": 0.1779943732109414, "0.1": 0.07131256276648762, "0.15": 0.036375504803233046, "0.2": 0.020069438232654797, "0.25": 0.01170397812813637, "0.3": 0.007234960011397111, "0.35": 0.004674046005955468, "0.4": 0.003066354862674884}, "11": {"0": 1.0, "0.05": 0.23043511672228803, "0.1": 0.17436742876647146, "0.15": 0.1408317781955982, "0.2": 0.11463106724989269, "0.25": 0.09210779714727498, "0.3": 0.07238234307152479, "0.35": 0.05949479306503118, "0.4": 0.04853374325237516}, "12": {"0": 1.0, "0.05": 0.0437423918654242, "0.1": 0.008918849620600367, "0.15": 0.0035092192610824105, "0.2": 0.0018323710441863936, "0.25": 0.0010793236934607073, "0.3": 0.000731801977983717, "0.35": 0.0005161129883452649, "0.4": 0.0003739750745242058}, "13": {"0": 1.0, "0.05": 0.18221005122643189, "0.1": 0.13246112329984158, "0.15": 0.10645891456913739, "0.2": 0.08801312701045644, "0.25": 0.07443837188384432, "0.3": 0.06375245765799425, "0.35": 0.05536002584120284, "0.4": 0.0496593953731859}, "14": {"0": 1.0, "0.05": 0.22234422571187326, "0.1": 0.1255787627732013, "0.15": 0.08176359309640323, "0.2": 0.05601384839482259, "0.25": 0.039678217575180294, "0.3": 0.028592549037133954, "0.35": 0.020910385981517347, "0.4": 0.015688758272087013}, "15": {"0": 1.0,