{"fscore": {"0": {"0": 0.11398936436481887, "0.05": 0.01610018723536718, "0.1": 0.005070773760135333, "0.15": 0.0020724597603357982, "0.2": 0.0009274160362484171, "0.25": 0.00037783521177266416, "0.3": 0.00015765898646898777, "0.35": 5.867168098267473e-05, "0.4": 3.186413050608144e-05}, "1": {"0": 0.11398936436481887, "0.05": 0.0317621136203942, "0.1": 0.0022143791569138537, "0.15": 0.0003406788521859013, "0.2": 0.00016146589587121506, "0.25": 7.977768011448574e-05, "0.3": 3.203520563121743e-05, "0.35": 2.543260834442232e-05, "0.4": 2.2132100102026722e-05}, "2": {"0": 0.11398936436481887, "0.05": 0.030054394927589427, "0.1": 0.017991789714668586, "0.15": 0.011584537189823751, "0.2": 0.007483861698113702, "0.25": 0.004944027395552265, "0.3": 0.003394109653846904, "0.35": 0.002492714037832875, "0.4": 0.001879413294739171}, "3": {"0": 0.11398936436481887, "0.05": 0.18241518613228977, "0.1": 0.10778140834392673, "0.15": 0.045055319800102266, "0.2": 0.01658828874166277, "0.25": 0.007099072277141891, "0.3": 0.0058068657528037, "0.35": 0.004888883216904503, "0.4": 0.004271326235229781}, "4": {"0": 0.11398936436481887, "0.05": 0.31658290089316204, "0.1": 0.24209416439944922, "0.15": 0.17280792512071935, "0.2": 0.11723149265270866, "0.25": 0.07784282561547896, "0.3": 0.050246905959668416, "0.35": 0.03082629892081296, "0.4": 0.017893965320642077}, "5": {"0": 0.11398936436481887, "0.05": 0.010414368807639678, "0.1": 2.8104367936140852e-05, "0.15": 0.0, "0.2": 0.0, "0.25": 0.0, "0.3": 0.0, "0.35": 0.0, "0.4": 0.0}, "6": {"0": 0.11398936436481887, "0.05": 0.089478838071979, "0.1": 0.031115329663727407, "0.15": 0.013913166012044452, "0.2": 0.008630512067401622, "0.25": 0.005621053427617106, "0.3": 0.0036628669888033923, "0.35": 0.002257659491101541, "0.4": 0.0013307791870209367}, "7": {"0": 0.11398936436481887, "0.05": 0.1609639621409589, "0.1": 0.08276490071781449, "0.15": 0.044476922962544, "0.2": 0.02339849074907327, "0.25": 0.012417217542627356, "0.3": 0.007007099358288182, "0.35": 0.004116178384653021, "0.4": 0.0023559970953305046}, "8": {"0": 0.11398936436481887, "0.05": 0.24414548850848988, "0.1": 0.1913251248097126, "0.15": 0.14613818601567735, "0.2": 0.10841881710138228, "0.25": 0.07628288408164574, "0.3": 0.05017014138267223, "0.35": 0.030940789974952424, "0.4": 0.01747609363297914}, "9": {"0": 0.11398936436481887, "0.05": 0.026101965796359827, "0.1": 0.0019227676724386245, "0.15": 4.534793688594489e-05, "0.2": 5.630764358943911e-06, "0.25": 0.0, "0.3": 0.0, "0.35": 0.0, "0.4": 0.0}, "10": {"0": 0.11398936436481887, "0.05": 0.03005420511894577, "0.1": 0.0012257918282009626, "0.15": 4.742639529924814e-05, "0.2": 1.4586894586894587e-05, "0.25": 0.0, "0.3": 0.0, "0.35": 0.0, "0.4": 0.0}, "11": {"0": 0.11398936436481887, "0.05": 0.27136224462912956, "0.1": 0.16974915219248962, "0.15": 0.1091672654608218, "0.2": 0.0702455552680663, "0.25": 0.04536687444858357, "0.3": 0.027443035461148284, "0.35": 0.013080769782979989, "0.4": 0.005062799333694904}, "12": {"0": 0.11398936436481887, "0.05": 0.043933337167092586, "0.1": 0.0082992373610299, "0.15": 0.003879093612036273, "0.2": 0.002631840219430663, "0.25": 0.0017549706488142857, "0.3": 0.0012216000909700305, "0.35": 0.0008288125211977736, "0.4": 0.000558072179347044}, "13": {"0": 0.11398936436481887, "0.05": 0.10714988000082794, "0.1": 0.04205852795844761, "0.15": 0.02258330297827825, "0.2": 0.014806869300385026, "0.25": 0.010570559811010455, "0.3": 0.007736276336908394, "0.35": 0.005941901122701482, "0.4": 0.004450107572069881}, "14": {"0": 0.11398936436481887, "0.05": 0.12299285325813195, "0.1": 0.039660022414709784, "0.15": 0.015272386464438839, "0.2": 0.006617635041139284, "0.25": 0.0034937648603787157, "0.3": 0.0021351981017108932, "0.35": 0.0012729515562971566, "0.4": 0.0007743247622630206}, "15": {"0": 0.11398936436481887, "0.05": 0.2995662641067483, "0.1": 0.17489177566852335, "0.15": 0.1050488321992859, "0.2": 0.05800837501186868, "0.25": 0.029666022524875227, "0.3": 0.011022435413338418, "0.35": 0.001906260886985176, "0.4": 0.0002483822161151566}}, "recall": {"0": {"0": 1.0, "0.05": 0.01192086419098154, "0.1": 0.003005929226793066, "0.15": 0.0011539398883482752, "0.2": 0.0004992516365975191, "0.25": 0.00019991413090030967, "0.3": 8.22234850675366e-05, "0.35": 3.0018179038164505e-05, "0.4": 1.6234070498448432e-05}, "1": {"0": 1.0, "0.05": 0.023937828836031926, "0.1": 0.001190204420569306, "0.15": 0.00017689389140328464, "0.2": 8.306719350159304e-05, "0.25": 4.0767039799801656e-05, "0.3": 1.6356725358472536e-05, "0.35": 1.2991187250207122e-05, "0.4": 1.129050697809828e-05}, "2": {"0": 1.0, "0.05": 0.023637618301190405, "0.1": 0.011380954096283398, "0.15": 0.00677287002590449, "0.2": 0.004184755546847148, "0.25": 0.002685226715267529, "0.3": 0.0018022009197602097, "0.35": 0.001305642686740719, "0.4": 0.0009767545174178226}, "3": {"0": 1.0, "0.05": 0.1766796965296404, "0.1": 0.06788218889782102, "0.15": 0.024722957204876744, "0.2": 0.008645882489668097, "0.25": 0.003629590500316857, "0.3": 0.0029523408094553508, "0.35": 0.0024771550159632953, "0.4": 0.002159174102248946}, "4": {"0": 1.0, "0.05": 0.24594196249713457, "0.1": 0.1557696898099753, "0.15": 0.10386876267243539, "0.2": 0.0670684827435322, "0.25": 0.042788732041180236, "0.3": 0.026843255044332964, "0.35": 0.016148271321042438, "0.4": 0.009262780431931301}, "5": {"0": 1.0, "0.05": 0.007030747800643357, "0.1": 1.4583355065282776e-05, "0.15": 0.0, "0.2": 0.0, "0.25": 0.0, "0.3": 0.0, "0.35": 0.0, "0.4": 0.0}, "6": {"0": 1.0, "0.05": 0.07085116312355427, "0.1": 0.018371961904072243, "0.15": 0.007608785217598526, "0.2": 0.00457295638226023, "0.25": 0.0029307427158732236, "0.3": 0.0018910265702919418, "0.35": 0.0011581095687350242, "0.4": 0.0006784620816451839}, "7": {"0": 1.0, "0.05": 0.14007371457035825, "0.1": 0.05294152758521203, "0.15": 0.025505695279251537, "0.2": 0.012743890090663103, "0.25": 0.006552028257899824, "0.3": 0.0036375329633002414, "0.35": 0.002117031729930518, "0.4": 0.0012047054687927474}, "8": {"0": 1.0, "0.05": 0.18724987394750714, "0.1": 0.12332181928403009, "0.15": 0.08818684295324926, "0.2": 0.06306257752433651, "0.25": 0.04312818821098809, "0.3": 0.027625812486360875, "0.35": 0.016665783005703975, "0.4": 0.00925084023099732}, "9": {"0": 1.0, "0.05": 0.0188663173922993, "0.1": 0.0010329663402714637, "0.15": 2.3027225655331997e-05, "0.2": 2.84136546184739e-06, "0.25": 0.0, "0.3": 0.0, "0.35": 0.0, "0.4": 0.0}, "10": {"0": 1.0, "0.05": 0.01937270569621263, "0.1": 0.0006394039320748232, "0.15": 2.4352280832199495e-05, "0.2": 7.403055229142185e-06, "0.25": 0.0, "0.3": 0.0, "0.35": 0.0, "0.4": 0.0}, "11": {"0": 1.0, "0.05": 0.26578004171588976, "0.1": 0.1182448060174971, "0.15": 0.06521439945884215, "0.2": 0.0386943666783151, "0.25": 0.024016897820510336, "0.3": 0.014246673453777689, "0.35": 0.006693335620763787, "0.4": 0.0025709883966275548}, "12": {"0": 1.0, "0.05": 0.033471178903295415, "0.1": 0.004646309894427803, "0.15": 0.002056381132509654, "0.2": 0.0013691814161530577, "0.25": 0.0009031921142132572, "0.3": 0.0006239213610653732, "0.35": 0.0004210169855630891, "0.4": 0.0002827716163389903}, "13": {"0": 1.0, "0.05": 0.08504942100371951, "0.1": 0.025083748644588535, "0.15": 0.01239800078199139, "0.2": 0.007865433684510526, "0.25": 0.005519974042011017, "0.3": 0.00399612575409528, "0.35": 0.0030550887977507024, "0.4": 0.002275535697809792}, "14": {"0": 1.0, "0.05": 0.09156673682050447, "0.1": 0.023010312135473495, "0.15": 0.008245306333480541, "0.2": 0.0034678917204394553, "0.25": 0.001802210651231944, "0.3": 0.0010936767246702986, "0.35": 0.0006477989082573506, "0.4": 0.00039318349473122}, "15": {"0": 1.0, "0.05": 0.27854885050373296, "0.1": 0.1170853611623833, "0.15": 0.06087662380682138, "0.2": 0.031165018198701756, "0.25": 0.015396682455937442, "0.3": 0.005626233533460562, "0.35": 0.0009638693392581085, "0.4": 0.0001251919397928685}}, "precision": {"0": {"0": 0.06220500523914973, "0.05": 0.029391546311491296,