{"fscore": {"0": {"0": 0.11396083236362174, "0.05": 0.014507062374486873, "0.1": 0.0007023386299125984, "0.15": 1.9289032082798577e-05, "0.2": 0.0, "0.25": 0.0, "0.3": 0.0, "0.35": 0.0, "0.4": 0.0}, "1": {"0": 0.11396083236362174, "0.05": 0.028291968234950414, "0.1": 0.0038514173287277683, "0.15": 8.273959810697728e-05, "0.2": 0.0, "0.25": 0.0, "0.3": 0.0, "0.35": 0.0, "0.4": 0.0}, "2": {"0": 0.11396083236362174, "0.05": 0.009552041866743789, "0.1": 0.00081734451540748, "0.15": 3.829343473735792e-05, "0.2": 0.0, "0.25": 0.0, "0.3": 0.0, "0.35": 0.0, "0.4": 0.0}, "3": {"0": 0.11396083236362174, "0.05": 0.11741391608295845, "0.1": 0.04424557021414201, "0.15": 0.014915600411818818, "0.2": 0.01007980312044252, "0.25": 0.008236055061395301, "0.3": 0.005740935917105171, "0.35": 0.0031045348610348063, "0.4": 0.001195630053671552}, "4": {"0": 0.11396083236362174, "0.05": 0.29424999994631923, "0.1": 0.195119534805488, "0.15": 0.12309635158332438, "0.2": 0.06352383919321539, "0.25": 0.028408879500776783, "0.3": 0.012317369973111947, "0.35": 0.005030496511369648, "0.4": 0.0018847923272500193}, "5": {"0": 0.11396083236362174, "0.05": 0.04759139507259479, "0.1": 0.03037020273427024, "0.15": 0.019061635406927364, "0.2": 0.011288121778838445, "0.25": 0.006389599359005976, "0.3": 0.0036118755858031075, "0.35": 0.0019507842855047276, "0.4": 0.0010316072312916737}, "6": {"0": 0.11396083236362174, "0.05": 0.11080771177089359, "0.1": 0.034377342015408055, "0.15": 0.014019631366696558, "0.2": 0.00699182132414006, "0.25": 0.003836819561421408, "0.3": 0.0020727663292318625, "0.35": 0.0009339147741720235, "0.4": 0.00033636666089576503}, "7": {"0": 0.11396083236362174, "0.05": 0.1778647322303397, "0.1": 0.053252401441554686, "0.15": 0.01654798143634667, "0.2": 0.00463018766154344, "0.25": 0.0013748524934970403, "0.3": 0.00034558221374042644, "0.35": 5.395934829352603e-05, "0.4": 0.0}, "8": {"0": 0.11396083236362174, "0.05": 0.23438210696113118, "0.1": 0.13942353298606458, "0.15": 0.06995025648599487, "0.2": 0.024159177187746364, "0.25": 0.004842358033590884, "0.3": 0.0006478296868017915, "0.35": 7.087211634896499e-05, "0.4": 0.0}, "9": {"0": 0.11396083236362174, "0.05": 0.05748613750447233, "0.1": 0.02006348693508098, "0.15": 0.009953157132231195, "0.2": 0.005785059522885878, "0.25": 0.003337095589197064, "0.3": 0.0016503200288120775, "0.35": 0.0007541823620592997, "0.4": 0.0002770830466351127}, "10": {"0": 0.11396083236362174, "0.05": 0.016651938809684755, "0.1": 0.0008829229846296342, "0.15": 6.52648906273008e-05, "0.2": 2.3040460896605396e-05, "0.25": 9.91619983258364e-06, "0.3": 2.6246719160104988e-06, "0.35": 0.0, "0.4": 0.0}, "11": {"0": 0.11396083236362174, "0.05": 0.31938732847545587, "0.1": 0.21729834988594057, "0.15": 0.0971790496764712, "0.2": 0.03072761516639866, "0.25": 0.008976974106296137, "0.3": 0.0024962877900174697, "0.35": 0.0003838695131330625, "0.4": 6.347852090878984e-05}, "12": {"0": 0.11396083236362174, "0.05": 0.07562807710846524, "0.1": 0.03312445092558002, "0.15": 0.018267754935933862, "0.2": 0.010864857756451036, "0.25": 0.0065533937190220435, "0.3": 0.003984826572784554, "0.35": 0.002288825995735875, "0.4": 0.0013297884858470038}, "13": {"0": 0.11396083236362174, "0.05": 0.07440557656793925, "0.1": 0.020290272332951755, "0.15": 0.006236067600432403, "0.2": 0.0022582767669298487, "0.25": 0.0009476729356229126, "0.3": 0.00041214823664152114, "0.35": 0.00018589849399436857, "0.4": 0.00011863450932456014}, "14": {"0": 0.11396083236362174, "0.05": 0.11277148056603989, "0.1": 0.027560823881265097, "0.15": 0.0076700236552741845, "0.2": 0.0027690757455917227, "0.25": 0.0009788638029531247, "0.3": 0.000375153598070939, "0.35": 0.00010817246196419225, "0.4": 5.943099575156542e-05}, "15": {"0": 0.11396083236362174, "0.05": 0.3401008841934288, "0.1": 0.15845016932340125, "0.15": 0.029411241965420675, "0.2": 0.0037979602104209306, "0.25": 0.0001970805208017682, "0.3": 5.6497175141242946e-06, "0.35": 0.0, "0.4": 0.0}}, "recall": {"0": {"0": 1.0, "0.05": 0.011309980510756395, "0.1": 0.0003806960961669593, "0.15": 9.842620803462214e-06, "0.2": 0.0, "0.25": 0.0, "0.3": 0.0, "0.35": 0.0, "0.4": 0.0}, "1": {"0": 1.0, "0.05": 0.019937339650664094, "0.1": 0.002028225462847789, "0.15": 4.264916800551712e-05, "0.2": 0.0, "0.25": 0.0, "0.3": 0.0, "0.35": 0.0, "0.4": 0.0}, "2": {"0": 1.0, "0.05": 0.006615043071042903, "0.1": 0.0004257077077931356, "0.15": 1.9392805647859765e-05, "0.2": 0.0, "0.25": 0.0, "0.3": 0.0, "0.35": 0.0, "0.4": 0.0}, "3": {"0": 1.0, "0.05": 0.11761773160353177, "0.1": 0.027336155984499573, "0.15": 0.008016172916275722, "0.2": 0.005238948298471655, "0.25": 0.004228888423066623, "0.3": 0.0029278753287676736, "0.35": 0.0015760405907434543, "0.4": 0.0006045866636156083}, "4": {"0": 1.0, "0.05": 0.20435997466241385, "0.1": 0.11844744569765918, "0.15": 0.07125499725486033, "0.2": 0.03525647539039124, "0.25": 0.015176031904064599, "0.3": 0.006405638247908776, "0.35": 0.002577289984804675, "0.4": 0.0009586274560107885}, "5": {"0": 1.0, "0.05": 0.040690962502777754, "0.1": 0.020371841689280832, "0.15": 0.011357388896298483, "0.2": 0.006292781070691854, "0.25": 0.0034266056412846258, "0.3": 0.0018886735561762288, "0.35": 0.0010044933800619125, "0.4": 0.0005263533265783496}, "6": {"0": 1.0, "0.05": 0.08280527381039529, "0.1": 0.01873457025006332, "0.15": 0.007208435283538059, "0.2": 0.0035431056290801434, "0.25": 0.0019385312981533213, "0.3": 0.001046695019901673, "0.35": 0.00047167210978841324, "0.4": 0.00016989169388276847}, "7": {"0": 1.0, "0.05": 0.11759567672127434, "0.1": 0.02960477673940801, "0.15": 0.008673723915978803, "0.2": 0.002375349307488077, "0.25": 0.0006984628320541152, "0.3": 0.0001748172057366043, "0.35": 2.727459252878792e-05, "0.4": 0.0}, "8": {"0": 1.0, "0.05": 0.15408809799905668, "0.1": 0.08352957408643916, "0.15": 0.04039145753090899, "0.2": 0.013363041685533117, "0.25": 0.002547109352285306, "0.3": 0.00033131729155734, "0.35": 3.5904321097406355e-05, "0.4": 0.0}, "9": {"0": 1.0, "0.05": 0.04382116427125353, "0.1": 0.010970320575565523, "0.15": 0.005132427209527569, "0.2": 0.002940347197908866, "0.25": 0.0016894030593820686, "0.3": 0.000834924462778394, "0.35": 0.0003816013719232893, "0.4": 0.00014012815150788173}, "10": {"0": 1.0, "0.05": 0.013683630761247007, "0.1": 0.000496614272700873, "0.15": 3.496982003403876e-05, "0.2": 1.1895972219596903e-05, "0.25": 5.068136137637883e-06, "0.3": 1.3175230566534913e-06, "0.35": 0.0, "0.4": 0.0}, "11": {"0": 1.0, "0.05": 0.2879394511892359, "0.1": 0.14968046205948668, "0.15": 0.05764198622248007, "0.2": 0.016525722067636583, "0.25": 0.004621375346613553, "0.3": 0.0012688813645166453, "0.35": 0.0001939263676983462, "0.4": 3.204499880079346e-05}, "12": {"0": 1.0, "0.05": 0.059610504163608545, "0.1": 0.019488978225301306, "0.15": 0.009894776018809327, "0.2": 0.005699721338774214, "0.25": 0.003380887487768338, "0.3": 0.0020354721613597493, "0.35": 0.0011649927727903674, "0.4": 0.0006749299732677033}, "13": {"0": 1.0, "0.05": 0.057693931673859285, "0.1": 0.01146173469433884, "0.15": 0.0033010163713600165, "0.2": 0.0011735000561450292, "0.25": 0.000487963056108187, "0.3": 0.0002108769753187972, "0.35": 9.483534420065193e-05, "0.4": 6.010196127809743e-05}, "14": {"0": 1.0, "0.05": 0.08534792186333338, "0.1": 0.015224006415733673, "0.15": 0.003979144496169897, "0.2": 0.0014140391137143732, "0.25": 0.0004965073206151548, "0.3": 0.00018998202798689923, "0.35": 5.458781418552296e-05, "0.4": 3.0000547937477208e-05}, "15": {"0": 1.0, "0.05": 0.3313095385980841, "0.1": 0.1031098075418735, "0.15": 0.015966071211160664, "0.2": 0.001953849205002186, "0.25": 0.00010012773300420772, "0.3": 2.8490028490028492e-06, "0.35": 0.0, "0.4": 0.0}}, "precision": {"0": {"0": 0.06218900307361576, "0.05": 0.03151965189024115, "0.1": 0.008608856606356605, "0.15": 0.0006666666666666666, "0.2": 0.0, "0.25": 0.0, "0.3": 0.0, "0.35": 0.0, "0.4": 0.0}, "1": {"0": 0.06218900307361576, "0.05": 0.09175217105264467,