{"fscore": {"0": {"0": 0.11417351022905459, "0.05": 0.14499338595386027, "0.1": 0.10356585747082458, "0.15": 0.07334707795369011, "0.2": 0.05385437497117828, "0.25": 0.04051686522334245, "0.3": 0.03100187880791825, "0.35": 0.024221530460760643, "0.4": 0.019266700015037008}, "1": {"0": 0.11417351022905459, "0.05": 0.05465408018166428, "0.1": 0.018437738496807094, "0.15": 0.00696010567508658, "0.2": 0.002998855907384178, "0.25": 0.0013114803099982704, "0.3": 0.00047786378661628364, "0.35": 0.00013606500802479843, "0.4": 4.936382393584304e-05}, "2": {"0": 0.11417351022905459, "0.05": 0.04408805512855487, "0.1": 0.019622175878008383, "0.15": 0.010100682690139272, "0.2": 0.00535684740260863, "0.25": 0.0029336033296813915, "0.3": 0.0016044637612176078, "0.35": 0.000902072487819511, "0.4": 0.0005117367747204822}, "3": {"0": 0.11417351022905459, "0.05": 0.06719463642964177, "0.1": 0.02359992503930444, "0.15": 0.009703734719587917, "0.2": 0.004384868606721563, "0.25": 0.002238283882451735, "0.3": 0.0012386092350061744, "0.35": 0.0006380907882733859, "0.4": 0.00029737562321035415}, "4": {"0": 0.11417351022905459, "0.05": 0.05572789423095519, "0.1": 0.01967029932404218, "0.15": 0.005369788753886712, "0.2": 0.0013296355504511046, "0.25": 0.0003677513848275779, "0.3": 0.00012442708247708024, "0.35": 4.873211852314226e-05, "0.4": 3.213362302740912e-05}, "5": {"0": 0.11417351022905459, "0.05": 0.1049113427143179, "0.1": 0.04883077604746886, "0.15": 0.024215454338792422, "0.2": 0.014277719811222639, "0.25": 0.009226724069880022, "0.3": 0.006049237015084494, "0.35": 0.0038992906018214158, "0.4": 0.0024029533343927416}, "6": {"0": 0.1141736169190056, "0.05": 0.17323118128726708, "0.1": 0.1570989686144, "0.15": 0.14013119624678552, "0.2": 0.126048781799783, "0.25": 0.11394344100172525, "0.3": 0.10345565792472168, "0.35": 0.09375050602723821, "0.4": 0.08441141211054612}, "7": {"0": 0.11445267839881382, "0.05": 0.2663763484066513, "0.1": 0.21647387846603205, "0.15": 0.18634500902492335, "0.2": 0.1655665819684087, "0.25": 0.1493605538591724, "0.3": 0.13627561294534893, "0.35": 0.12606392211945933, "0.4": 0.11805715951891975}, "8": {"0": 0.11417373822798343, "0.05": 0.24165521903430873, "0.1": 0.19607880625956658, "0.15": 0.14954237869466339, "0.2": 0.11394770352220351, "0.25": 0.08819400305469066, "0.3": 0.06927981089721032, "0.35": 0.05509104593742457, "0.4": 0.04486322102549602}, "9": {"0": 0.1141735120194092, "0.05": 0.12030531774223076, "0.1": 0.040295678299016355, "0.15": 0.014063131318637772, "0.2": 0.005939722168486807, "0.25": 0.0027692479622222744, "0.3": 0.0014423696151797008, "0.35": 0.0008592684027295722, "0.4": 0.0005409474803048105}, "10": {"0": 0.11417428149389103, "0.05": 0.29445096465237824, "0.1": 0.24420434790935186, "0.15": 0.1894421478154416, "0.2": 0.14356964208210932, "0.25": 0.10747885477353628, "0.3": 0.07981391159798044, "0.35": 0.058476720436268254, "0.4": 0.042153819642301985}, "11": {"0": 0.1141735715075093, "0.05": 0.2714504733933085, "0.1": 0.20617900937163458, "0.15": 0.15124569667615065, "0.2": 0.11358226259599914, "0.25": 0.08626984416265114, "0.3": 0.06633667082662947, "0.35": 0.05159172337804894, "0.4": 0.040419506254355295}, "12": {"0": 0.11417351022905459, "0.05": 0.10032913548239282, "0.1": 0.06822758406053792, "0.15": 0.04923856927287158, "0.2": 0.03765800718857824, "0.25": 0.029486789938774433, "0.3": 0.02327162522417353, "0.35": 0.01755647830400276, "0.4": 0.013268471223755561}, "13": {"0": 0.11417351022905459, "0.05": 0.1798704016311109, "0.1": 0.08828681482231303, "0.15": 0.04564441205918407, "0.2": 0.025703257709193957, "0.25": 0.015571059109599283, "0.3": 0.009954738801206146, "0.35": 0.006605887676463672, "0.4": 0.004309040249677059}, "14": {"0": 0.11417351022905459, "0.05": 0.07617869235878624, "0.1": 0.03271321550177838, "0.15": 0.016116656520805826, "0.2": 0.008697991834564612, "0.25": 0.004988735926810012, "0.3": 0.0030860636114938243, "0.35": 0.0018642299928925887, "0.4": 0.0012541348326330008}, "15": {"0": 0.11417364399763093, "0.05": 0.10656107947627562, "0.1": 0.09319404571076605, "0.15": 0.08494061705242927, "0.2": 0.07821927533347588, "0.25": 0.07286113992822829, "0.3": 0.06712198848581795, "0.35": 0.06136375389963082, "0.4": 0.054976371670045286}}, "recall": {"0": {"0": 1.0, "0.05": 0.13787116331664742, "0.1": 0.06948677775529126, "0.15": 0.04357285650457808, "0.2": 0.030205052763836292, "0.25": 0.022000973132795604, "0.3": 0.01648733140762441, "0.35": 0.012705432334861393, "0.4": 0.010009205480656948}, "1": {"0": 1.0, "0.05": 0.04839797860443324, "0.1": 0.010819452200570578, "0.15": 0.003712657935410061, "0.2": 0.001551550073513639, "0.25": 0.0006703493738877356, "0.3": 0.00024268271302299626, "0.35": 6.9004104948309e-05, "0.4": 2.4970059781763046e-05}, "2": {"0": 1.0, "0.05": 0.04346549285708943, "0.1": 0.01386196617987003, "0.15": 0.006361224049486362, "0.2": 0.00318214367504927, "0.25": 0.001677049443135834, "0.3": 0.0008925703742858186, "0.35": 0.0004886264485713228, "0.4": 0.000271936170111268}, "3": {"0": 1.0, "0.05": 0.06374754874978066, "0.1": 0.01590202249073256, "0.15": 0.005867392132043097, "0.2": 0.0025547564646027626, "0.25": 0.0012788533776736056, "0.3": 0.0006947312956936158, "0.35": 0.00035304156097482324, "0.4": 0.00016267285362204663}, "4": {"0": 1.0, "0.05": 0.05522639754707466, "0.1": 0.012834140398240457, "0.15": 0.0030668685928388678, "0.2": 0.0007236421657712848, "0.25": 0.00019646463052415842, "0.3": 6.479683823790475e-05, "0.35": 2.4944147450007682e-05, "0.4": 1.637251844364117e-05}, "5": {"0": 1.0, "0.05": 0.09481203720854701, "0.1": 0.029845722340891803, "0.15": 0.013210477834520387, "0.2": 0.007481212642068608, "0.25": 0.004753531457158852, "0.3": 0.0030895290572137903, "0.35": 0.001982157729189761, "0.4": 0.0012186330538645998}, "6": {"0": 1.0, "0.05": 0.18537221156142916, "0.1": 0.12363914118727891, "0.15": 0.09509489689066178, "0.2": 0.07870211180281332, "0.25": 0.06755477763482247, "0.3": 0.05926451944618191, "0.35": 0.052411014395099126, "0.4": 0.04634663269855048}, "7": {"0": 0.9999789717493259, "0.05": 0.26261323311704887, "0.1": 0.17446167866566958, "0.15": 0.13425229450210077, "0.2": 0.11084502855576464, "0.25": 0.094758859360142, "0.3": 0.08310822149671351, "0.35": 0.0746899978240757, "0.4": 0.06848440840362077}, "8": {"0": 1.0, "0.05": 0.23617778149105004, "0.1": 0.13827169381375623, "0.15": 0.09202833539012009, "0.2": 0.06528373635014861, "0.25": 0.0484925858452346, "0.3": 0.03714154732318283, "0.35": 0.029033069000450936, "0.4": 0.023368449302672747}, "9": {"0": 1.0, "0.05": 0.10890375025964293, "0.1": 0.024012565329124762, "0.15": 0.0075468960401177424, "0.2": 0.0030840690368759676, "0.25": 0.0014197152422676716, "0.3": 0.0007361170645451092, "0.35": 0.0004373677210929349, "0.4": 0.00027502953870538226}, "10": {"0": 1.0, "0.05": 0.326871565406225, "0.1": 0.20453196842582372, "0.15": 0.13608692876987621, "0.2": 0.09343579514624213, "0.25": 0.0653524392763017, "0.3": 0.046212293341394005, "0.35": 0.03264965917597381, "0.4": 0.022890498007072237}, "11": {"0": 1.0, "0.05": 0.26326857228199096, "0.1": 0.13957526978407805, "0.15": 0.09007588151390875, "0.2": 0.06367971728091718, "0.25": 0.04674724685910253, "0.3": 0.035213106581145855, "0.35": 0.026994422311568428, "0.4": 0.02093461517793377}, "12": {"0": 1.0, "0.05": 0.1093790514562351, "0.1": 0.05023578650528791, "0.15": 0.030699374588314052, "0.2": 0.021633657502527406, "0.25": 0.01619641538171119, "0.3": 0.012438799136417225, "0.35": 0.009226117558497306, "0.4": 0.006897948475808938}, "13": {"0": 1.0, "0.05": 0.13979376383426434, "0.1": 0.052716566619243815, "0.15": 0.02527752493856867, "0.2": 0.01379928249846254, "0.25": 0.008229167416156065, "0.3": 0.005211861433329678, "0.35": 0.0034364471201860447, "0.4": 0.0022337761672358244}, "14": {"0": 1.0, "0.05": 0.06724969829597958, "0.1": 0.020251742664012532, "0.15": 0.008953360095632669, "0.2": 0.004635722876724235, "0.25": 0.0026041308419896083, "0.3": 0.001595187888373128,