{"fscore": {"0": {"0": 0.11398936436481887, "0.05": 0.04425886575793912, "0.1": 0.02235105221674644, "0.15": 0.012661046638598364, "0.2": 0.007561284998155345, "0.25": 0.004667653249610827, "0.3": 0.002994259032588929, "0.35": 0.001991255002600536, "0.4": 0.0013926201661551732}, "1": {"0": 0.11398936436481887, "0.05": 0.10271253533487307, "0.1": 0.05013566363487223, "0.15": 0.02642857223945075, "0.2": 0.015281200972983697, "0.25": 0.009060002680673548, "0.3": 0.00545023430188444, "0.35": 0.0034692571405184574, "0.4": 0.0021561946058313206}, "2": {"0": 0.11398936436481887, "0.05": 0.04319029314762318, "0.1": 0.018156166927192467, "0.15": 0.010810653699278949, "0.2": 0.007064139740624635, "0.25": 0.004917859585024151, "0.3": 0.0034555739495476818, "0.35": 0.002579248806424625, "0.4": 0.0019402839614911065}, "3": {"0": 0.11398936436481887, "0.05": 0.17681529149708716, "0.1": 0.08636228490636833, "0.15": 0.04325474576567759, "0.2": 0.023282608188594713, "0.25": 0.013072565735664484, "0.3": 0.007326777213748314, "0.35": 0.004168860797911384, "0.4": 0.0026066517512920275}, "4": {"0": 0.11398936436481887, "0.05": 0.24678118582462416, "0.1": 0.2216813152756308, "0.15": 0.20081839146333, "0.2": 0.1821864202890778, "0.25": 0.16472442087857225, "0.3": 0.1483009689601632, "0.35": 0.13331258380742853, "0.4": 0.12220619719493037}, "5": {"0": 0.11398936436481887, "0.05": 0.13977817871566392, "0.1": 0.09144585017617293, "0.15": 0.06355374764449025, "0.2": 0.04540515897602033, "0.25": 0.03261154538325596, "0.3": 0.023408325074159148, "0.35": 0.016698063027810472, "0.4": 0.011703609771628407}, "6": {"0": 0.11398936436481887, "0.05": 0.14514940021720735, "0.1": 0.09652861261564473, "0.15": 0.06856362982504713, "0.2": 0.05132704359788545, "0.25": 0.0397450643456067, "0.3": 0.031676640724674146, "0.35": 0.026074687380299298, "0.4": 0.021705155467478785}, "7": {"0": 0.11398936436481887, "0.05": 0.09006360381128273, "0.1": 0.03772027862721838, "0.15": 0.017697671101685426, "0.2": 0.008841099046755584, "0.25": 0.00491142459992717, "0.3": 0.0027665266716387885, "0.35": 0.001643172525443467, "0.4": 0.001041933415836477}, "8": {"0": 0.11398936436481887, "0.05": 0.11197394975123273, "0.1": 0.0592970351761842, "0.15": 0.03424896301067257, "0.2": 0.021336736204527203, "0.25": 0.014218650938837549, "0.3": 0.009990485585002788, "0.35": 0.007028038611317226, "0.4": 0.005142018459691764}, "9": {"0": 0.11398936436481887, "0.05": 0.011707394241399228, "0.1": 0.003030516698369964, "0.15": 0.001298239206808952, "0.2": 0.0005866070757706289, "0.25": 0.00025986535571344, "0.3": 0.00012312017047966993, "0.35": 5.9615092672870935e-05, "0.4": 1.2917649198137004e-05}, "10": {"0": 0.11398936436481887, "0.05": 0.14142922053909368, "0.1": 0.08843610879387453, "0.15": 0.05946367038618703, "0.2": 0.04138843967689947, "0.25": 0.02989866232689383, "0.3": 0.022147201475258754, "0.35": 0.01699400030686251, "0.4": 0.013279736377909001}, "11": {"0": 0.11398936436481887, "0.05": 0.1696768340551547, "0.1": 0.11373121354366086, "0.15": 0.07754861579648009, "0.2": 0.054746172192335525, "0.25": 0.03977494183006325, "0.3": 0.029280977124874426, "0.35": 0.021464863986017733, "0.4": 0.015792412330712012}, "12": {"0": 0.11398936436481887, "0.05": 0.077534016644053, "0.1": 0.03264314208149313, "0.15": 0.015965950193667353, "0.2": 0.008630208672373126, "0.25": 0.005011345035445472, "0.3": 0.0029274705353134417, "0.35": 0.0016866161743500946, "0.4": 0.0009663403684047677}, "13": {"0": 0.11398936436481887, "0.05": 0.0915288135216986, "0.1": 0.04445920301000182, "0.15": 0.024486029965031735, "0.2": 0.01508818706594482, "0.25": 0.01005588880908771, "0.3": 0.006843624777961679, "0.35": 0.004608215542021378, "0.4": 0.0030739984944037698}, "14": {"0": 0.11398936436481887, "0.05": 0.05959798977212751, "0.1": 0.020918966786161588, "0.15": 0.009649933249867754, "0.2": 0.005271402153656119, "0.25": 0.0031534492835565116, "0.3": 0.002025860661361411, "0.35": 0.0012778979767428243, "0.4": 0.0007932926328980581}, "15": {"0": 0.11398936436481887, "0.05": 0.31325131199536316, "0.1": 0.21284723517372617, "0.15": 0.12918833413362715, "0.2": 0.07850695271394532, "0.25": 0.04894840425720283, "0.3": 0.031220184160496264, "0.35": 0.020776573098427942, "0.4": 0.013895161670422124}}, "recall": {"0": {"0": 1.0, "0.05": 0.04104679858158223, "0.1": 0.015344370139735683, "0.15": 0.0077557302641478405, "0.2": 0.004367028450071372, "0.25": 0.002602099827562654, "0.3": 0.00163396388914719, "0.35": 0.0010689239931118612, "0.4": 0.0007404591926386447}, "1": {"0": 1.0, "0.05": 0.08011264072524885, "0.1": 0.03009780202652694, "0.15": 0.014601586075457584, "0.2": 0.008134785543640166, "0.25": 0.004727701011163949, "0.3": 0.0028109291818097393, "0.35": 0.0017740129830539754, "0.4": 0.0010970084575551494}, "2": {"0": 1.0, "0.05": 0.030705452359802356, "0.1": 0.010605458112771726, "0.15": 0.005951290989914944, "0.2": 0.003773329403684104, "0.25": 0.0025776208432112214, "0.3": 0.0017879442449696495, "0.35": 0.0013220794469298955, "0.4": 0.0009885027829830693}, "3": {"0": 1.0, "0.05": 0.15482692392006797, "0.1": 0.05419921732270122, "0.15": 0.02418318280339127, "0.2": 0.012408382999401217, "0.25": 0.006804834086730241, "0.3": 0.0037648836674962897, "0.35": 0.002124675542905076, "0.4": 0.0013227455283842762}, "4": {"0": 1.0, "0.05": 0.20542880284300255, "0.1": 0.16170357527734947, "0.15": 0.13610423034890248, "0.2": 0.11738320461952757, "0.25": 0.10217600253449297, "0.3": 0.08955318577097694, "0.35": 0.07871910039052021, "0.4": 0.07100776873996184}, "5": {"0": 1.0, "0.05": 0.13728361480719486, "0.1": 0.06579256298702865, "0.15": 0.04016906490976314, "0.2": 0.02676408495783715, "0.25": 0.01842337989096089, "0.3": 0.01284033662584364, "0.35": 0.008967396694964712, "0.4": 0.006189622847385395}, "6": {"0": 1.0, "0.05": 0.1311555629153393, "0.1": 0.06506235422094538, "0.15": 0.0411908227579046, "0.2": 0.029017096244596724, "0.25": 0.021685462694689916, "0.3": 0.016878784547685047, "0.35": 0.013680343165744051, "0.4": 0.01126590055953395}, "7": {"0": 1.0, "0.05": 0.07626122869130432, "0.1": 0.024100932137048208, "0.15": 0.01020764639903973, "0.2": 0.004864408492548053, "0.25": 0.002630028267489875, "0.3": 0.0014574156468328706, "0.35": 0.0008568202913502888, "0.4": 0.0005390662581893851}, "8": {"0": 1.0, "0.05": 0.08214949361123976, "0.1": 0.03581221870962383, "0.15": 0.019430628398717193, "0.2": 0.01170492986685781, "0.25": 0.007633502135569306, "0.3": 0.005276237985584217, "0.35": 0.003660187072525159, "0.4": 0.0026507612036765376}, "9": {"0": 1.0, "0.05": 0.007413920393368003, "0.1": 0.001756611769884727, "0.15": 0.0007168604331130909, "0.2": 0.00031454453830809015, "0.25": 0.0001369657500951234, "0.3": 6.404191148399695e-05, "0.35": 3.0687115679244286e-05, "0.4": 6.5295720171827446e-06}, "10": {"0": 1.0, "0.05": 0.12498750207087043, "0.1": 0.06043009170594183, "0.15": 0.036598867143157306, "0.2": 0.024078714601743167, "0.25": 0.016810975458090658, "0.3": 0.0121693337192475, "0.35": 0.009189040616577224, "0.4": 0.00709571834051577}, "11": {"0": 1.0, "0.05": 0.16867509934686786, "0.1": 0.08341799139577664, "0.15": 0.04952219427076526, "0.2": 0.03233177430608526, "0.25": 0.02235995913900433, "0.3": 0.015951297147147558, "0.35": 0.011446425511144971, "0.4": 0.008297092389484628}, "12": {"0": 1.0, "0.05": 0.05757915729946129, "0.1": 0.01927698065268587, "0.15": 0.008786931524338732, "0.2": 0.004591637790960039, "0.25": 0.0026152349206670232, "0.3": 0.001514359369213554, "0.35": 0.0008647355934512874, "0.4": 0.000491876642312634}, "13": {"0": 1.0, "0.05": 0.07451956707146798, "0.1": 0.02722597021391549, "0.15": 0.013672995222476371, "0.2": 0.008096933941687059, "0.25": 0.005291661440344747, "0.3": 0.0035604602156179056, "0.35": 0.0023808714316717076, "0.4": 0.0015780721259938673}, "14": {"0": 1.0, "0.05": 0.039588395694834286, "0.1": 0.011694645212196316, "0.15": 0.005129447556344336, "0.2": 0.002736095773923211, "0.25": 0.0016161021412128952,