{"fscore": {"0": {"0": 0.11398936436481887, "0.05": 0.07052246258948562, "0.1": 0.02035394801882314, "0.15": 0.008125905686047725, "0.2": 0.004637453455059346, "0.25": 0.0029506871305879016, "0.3": 0.002005172890206284, "0.35": 0.001453244064855798, "0.4": 0.0010381026017204638}, "1": {"0": 0.11398936436481887, "0.05": 0.3629497022787627, "0.1": 0.2780057189143498, "0.15": 0.18675370921463907, "0.2": 0.11929689942250589, "0.25": 0.07655105338072532, "0.3": 0.0485899694566444, "0.35": 0.0302743820071478, "0.4": 0.018893976914984154}, "2": {"0": 0.11398936436481887, "0.05": 0.2931881859284867, "0.1": 0.23083863263171273, "0.15": 0.17748226147468113, "0.2": 0.13388697006074105, "0.25": 0.09809771349759086, "0.3": 0.0683507975355551, "0.35": 0.046689318041283887, "0.4": 0.030941043808440323}, "3": {"0": 0.11398936436481887, "0.05": 0.32998921044927615, "0.1": 0.2996805155709174, "0.15": 0.260577286131012, "0.2": 0.21244034274834073, "0.25": 0.16288409166217538, "0.3": 0.12057582216397163, "0.35": 0.09264418296889623, "0.4": 0.07227510257517492}, "4": {"0": 0.11398936436481887, "0.05": 0.11563414702906553, "0.1": 0.044915797462025904, "0.15": 0.014976206387839718, "0.2": 0.006387894665695134, "0.25": 0.003363896470566766, "0.3": 0.0015234469557155884, "0.35": 0.00043369437546611077, "0.4": 7.711451612661587e-05}, "5": {"0": 0.11398936436481887, "0.05": 0.14725783501899092, "0.1": 0.0925562877867068, "0.15": 0.05904502770129063, "0.2": 0.04007525200372546, "0.25": 0.028844373460734835, "0.3": 0.021078190384044158, "0.35": 0.01568544483133669, "0.4": 0.01151662034801409}, "6": {"0": 0.11398936436481887, "0.05": 0.20231492980965451, "0.1": 0.10671005037792293, "0.15": 0.06304936967485959, "0.2": 0.04098580002963607, "0.25": 0.02828933356009556, "0.3": 0.020077045415921806, "0.35": 0.01486137440766026, "0.4": 0.011338386324475857}, "7": {"0": 0.11398936436481887, "0.05": 0.34497748642203063, "0.1": 0.3085161099685484, "0.15": 0.26499720181467196, "0.2": 0.22116510181569693, "0.25": 0.17895867686262243, "0.3": 0.14649415956489384, "0.35": 0.12445229826715132, "0.4": 0.10607285927541055}, "8": {"0": 0.11398936436481887, "0.05": 0.12767716448686947, "0.1": 0.05149697170281896, "0.15": 0.019131317140044412, "0.2": 0.007412791767354107, "0.25": 0.0037355277153088493, "0.3": 0.002210427737290297, "0.35": 0.0014251175721465316, "0.4": 0.0010221227291624666}, "9": {"0": 0.11398936436481887, "0.05": 0.19435776718317524, "0.1": 0.12338726616173872, "0.15": 0.0800978593536966, "0.2": 0.05467263321809067, "0.25": 0.03813214189555022, "0.3": 0.026900252100676123, "0.35": 0.019192806974931757, "0.4": 0.014164128053935656}, "10": {"0": 0.11398936436481887, "0.05": 0.039719127189884657, "0.1": 0.00660711209400455, "0.15": 0.002180825292473434, "0.2": 0.0009436659202541869, "0.25": 0.00048465953424813924, "0.3": 0.00025177403079020553, "0.35": 0.000117878780060896, "0.4": 5.238373785700225e-05}, "11": {"0": 0.11398936436481887, "0.05": 0.26508839685787916, "0.1": 0.15307051029928892, "0.15": 0.08889660157438273, "0.2": 0.05507684443178553, "0.25": 0.03680842308580089, "0.3": 0.02542137636026015, "0.35": 0.01781023589808155, "0.4": 0.012403937934177454}}, "recall": {"0": {"0": 1.0, "0.05": 0.05128459341385578, "0.1": 0.011879410292554453, "0.15": 0.0044709717697856855, "0.2": 0.002485756833089367, "0.25": 0.0015547637294835626, "0.3": 0.001044903400926081, "0.35": 0.0007517967091360395, "0.4": 0.0005341208701617576}, "1": {"0": 1.0, "0.05": 0.36048081074524435, "0.1": 0.20060482021975182, "0.15": 0.11544559775559625, "0.2": 0.06782029476157385, "0.25": 0.041538666649093406, "0.3": 0.025651247489282953, "0.35": 0.015727498612304124, "0.4": 0.009720432387977299}, "2": {"0": 1.0, "0.05": 0.3041946846176088, "0.1": 0.18450812686283527, "0.15": 0.12252416124790261, "0.2": 0.08409374468962103, "0.25": 0.05772677806385096, "0.3": 0.03833903220777123, "0.35": 0.0252767040720906, "0.4": 0.01634555812866639}, "3": {"0": 1.0, "0.05": 0.2699748360998615, "0.1": 0.21238840009102394, "0.15": 0.1683017817856151, "0.2": 0.1288703590243359, "0.25": 0.09419674861173509, "0.3": 0.06724858082204169, "0.35": 0.050368294894280574, "0.4": 0.0385660729924507}, "4": {"0": 1.0, "0.05": 0.09191207929906679, "0.1": 0.02557124237427773, "0.15": 0.007861675316605695, "0.2": 0.0032722378627513446, "0.25": 0.0017051461332176817, "0.3": 0.0007677308363677218, "0.35": 0.00021804366328447477, "0.4": 3.8712025615113876e-05}, "5": {"0": 1.0, "0.05": 0.12741423046670822, "0.1": 0.06502247427847732, "0.15": 0.03765410712377822, "0.2": 0.024126531485015444, "0.25": 0.01673143849758265, "0.3": 0.01191204763533235, "0.35": 0.008694575944800843, "0.4": 0.006282283525872776}, "6": {"0": 1.0, "0.05": 0.1473441027619379, "0.1": 0.06198921846973649, "0.15": 0.03408836034556665, "0.2": 0.0215037714082177, "0.25": 0.014626076775121198, "0.3": 0.010292080727261567, "0.35": 0.0075853751934003965, "0.4": 0.0057676502240184765}, "7": {"0": 1.0, "0.05": 0.2876221838529355, "0.1": 0.2190079328129686, "0.15": 0.17024659829261413, "0.2": 0.13297681714734427, "0.25": 0.10318953048104751, "0.3": 0.08205175496980195, "0.35": 0.06831998736151457, "0.4": 0.05733144063376316}, "8": {"0": 1.0, "0.05": 0.0996213224381019, "0.1": 0.029772633077133192, "0.15": 0.010215986953297757, "0.2": 0.0038568743949942467, "0.25": 0.0019175812441491068, "0.3": 0.0011280810974875286, "0.35": 0.0007244109522202213, "0.4": 0.0005179904082245201}, "9": {"0": 1.0, "0.05": 0.18082998063664446, "0.1": 0.08498522127472365, "0.15": 0.04839198764362939, "0.2": 0.030914390725264123, "0.25": 0.020741904219153638, "0.3": 0.01426752726724152, "0.35": 0.010015309059254133, "0.4": 0.0073146053157838375}, "10": {"0": 1.0, "0.05": 0.02630478604048752, "0.1": 0.003553022465072291, "0.15": 0.0011269195223513274, "0.2": 0.000480665420075987, "0.25": 0.000245641544403744, "0.3": 0.0001274283345956026, "0.35": 5.96884424167709e-05, "0.4": 2.6479118165799846e-05}, "11": {"0": 1.0, "0.05": 0.2176966447382736, "0.1": 0.09562089157046046, "0.15": 0.05027938293203864, "0.2": 0.029763793349915153, "0.25": 0.019397291347677804, "0.3": 0.013199199957825038, "0.35": 0.009161739207696987, "0.4": 0.0063430900423770776}}, "precision": {"0": {"0": 0.06220500523914973, "0.05": 0.12546720848736365, "0.1": 0.08627780138758713, "0.15": 0.05926985567689646, "0.2": 0.04967453717358702, "0.25": 0.04446270558794594, "0.3": 0.039457074543112765, "0.35": 0.03689872157644238, "0.4": 0.03225787368949137}, "1": {"0": 0.06220500523914973, "0.05": 0.38129649740627825, "0.1": 0.4774327488422359, "0.15": 0.5225959732632108, "0.2": 0.546587821733893, "0.25": 0.5688893411996729, "0.3": 0.5841569450644145, "0.35": 0.586525655688258, "0.4": 0.5661235466952501}, "2": {"0": 0.06220500523914973, "0.05": 0.2960609016111589, "0.1": 0.32687242494395125, "0.15": 0.3448554591651306, "0.2": 0.35457474278216616, "0.25": 0.3576000035629232, "0.3": 0.3541709989588694, "0.35": 0.355166600322387, "0.4": 0.35404430936168974}, "3": {"0": 0.06220500523914973, "0.05": 0.4494269421360309, "0.1": 0.5404009728173086, "0.15": 0.6193838538545446, "0.2": 0.6611632667701777, "0.25": 0.676017682426673, "0.3": 0.6784864165491505, "0.35": 0.6909748641747296, "0.4": 0.7033963951772795}, "4": {"0": 0.06220500523914973, "0.05": 0.1776728893045429, "0.1": 0.2389908084945801, "0.15": 0.2321173565773423, "0.2": 0.22531300551300615, "0.25": 0.2228138888888893, "0.3": 0.14756666666666662, "0.35": 0.05272222222222222, "0.4": 0.011333333333333334}, "5": {"0": 0.06220500523914973, "0.05": 0.18731802057791372, "0.1": 0.17657732464958167, "0.15": 0.15323514648502012, "0.2": 0.13473823311182437, "0.25": 0.12024817777088219, "0.3": 0.10608783689674944, "0.35": 0.09386468136172274, "0.4": 0.08168001634219184}, "6": {"0": 0.06220500523914973, "0.05": 0.3660124092089206, "0.1": 0.4775151012940175, "0.15": 0.559750485100773, "0.2": 0.6261068619724844, "0.25": 0.6585504179323035, "0.3": 0.6433785771418129, "0.35": 0.5971188057313066,