{"fscore": {"0": {"0": 0.11398936436481887, "0.05": 0.009081900637712737, "0.1": 0.0004142996691150022, "0.15": 3.0871461050798494e-05, "0.2": 0.0, "0.25": 0.0, "0.3": 0.0, "0.35": 0.0, "0.4": 0.0}, "1": {"0": 0.11398936436481887, "0.05": 0.018015093496098616, "0.1": 0.0020779555164922373, "0.15": 0.00019364451836269926, "0.2": 2.1905834405834406e-05, "0.25": 1.5084801043705155e-05, "0.3": 0.0, "0.35": 0.0, "0.4": 0.0}, "2": {"0": 0.11398936436481887, "0.05": 0.008577299424389184, "0.1": 0.001048736604070966, "0.15": 0.0002629043747683728, "0.2": 4.58309674629015e-05, "0.25": 5.16795865633075e-06, "0.3": 0.0, "0.35": 0.0, "0.4": 0.0}, "3": {"0": 0.11398936436481887, "0.05": 0.2051951106908036, "0.1": 0.047773469556133576, "0.15": 0.01682047363996823, "0.2": 0.010472507666595843, "0.25": 0.00760733552949273, "0.3": 0.004964280581228028, "0.35": 0.002125660792064031, "0.4": 0.00031700274004117654}, "4": {"0": 0.11398936436481887, "0.05": 0.31781228748773743, "0.1": 0.25476409902143904, "0.15": 0.21492465012768733, "0.2": 0.16848193778482878, "0.25": 0.11497632980075137, "0.3": 0.06472644001519473, "0.35": 0.029775665458150895, "0.4": 0.011524182424994847}, "5": {"0": 0.11398936436481887, "0.05": 0.01550281077097139, "0.1": 0.003513293111400767, "0.15": 0.0008006703781861656, "0.2": 0.00011125340805940797, "0.25": 0.0, "0.3": 0.0, "0.35": 0.0, "0.4": 0.0}, "6": {"0": 0.11398936436481887, "0.05": 0.0842285340162422, "0.1": 0.022829188720872223, "0.15": 0.008357898264630348, "0.2": 0.0033529373944156163, "0.25": 0.0013434830089717378, "0.3": 0.0005360250474614893, "0.35": 0.00019626346039031432, "0.4": 8.566588505199946e-05}, "7": {"0": 0.11398936436481887, "0.05": 0.27172702287786354, "0.1": 0.11824676696040315, "0.15": 0.04732084442143451, "0.2": 0.016710088156136102, "0.25": 0.005713369135339805, "0.3": 0.001623511938900247, "0.35": 0.00044133450928846317, "0.4": 7.415517070635579e-05}, "8": {"0": 0.11398936436481887, "0.05": 0.28273683231927677, "0.1": 0.22038915458918176, "0.15": 0.17180159227683786, "0.2": 0.12804313573478393, "0.25": 0.08979978929367345, "0.3": 0.05706627311437932, "0.35": 0.032500558984991226, "0.4": 0.01583902284593855}, "9": {"0": 0.11398936436481887, "0.05": 0.018386615818185317, "0.1": 0.001398478516342551, "0.15": 0.00014302334822115437, "0.2": 4.448957146865636e-05, "0.25": 0.0, "0.3": 0.0, "0.35": 0.0, "0.4": 0.0}, "10": {"0": 0.11398936436481887, "0.05": 0.02119490659345088, "0.1": 3.019539440242892e-05, "0.15": 0.0, "0.2": 0.0, "0.25": 0.0, "0.3": 0.0, "0.35": 0.0, "0.4": 0.0}, "11": {"0": 0.11398936436481887, "0.05": 0.32791678863643403, "0.1": 0.23111738420255154, "0.15": 0.10455697444320725, "0.2": 0.04806668692316615, "0.25": 0.025559884294740393, "0.3": 0.010633754413053533, "0.35": 0.004660687884013582, "0.4": 0.0033697858778244183}, "12": {"0": 0.11398936436481887, "0.05": 0.00905588284832112, "0.1": 3.34586345891603e-05, "0.15": 0.0, "0.2": 0.0, "0.25": 0.0, "0.3": 0.0, "0.35": 0.0, "0.4": 0.0}, "13": {"0": 0.11398936436481887, "0.05": 0.14247391238857912, "0.1": 0.020975917684812367, "0.15": 0.00298255632168443, "0.2": 0.0007655911602865097, "0.25": 0.00023751921512739544, "0.3": 8.502696387552803e-05, "0.35": 2.371207911542767e-05, "0.4": 0.0}, "14": {"0": 0.11398936436481887, "0.05": 0.14703779732533293, "0.1": 0.06086755328147669, "0.15": 0.025094208971472444, "0.2": 0.011225896996493286, "0.25": 0.0052846948017544184, "0.3": 0.0025112142714656784, "0.35": 0.0011277108843162427, "0.4": 0.0005367142841040765}, "15": {"0": 0.11398936436481887, "0.05": 0.3585280022044032, "0.1": 0.20642519624824743, "0.15": 0.06624950017354844, "0.2": 0.016486055641065773, "0.25": 0.004786647538718932, "0.3": 0.001284705900858952, "0.35": 0.00025197091015670333, "0.4": 8.501797257414778e-05}}, "recall": {"0": {"0": 1.0, "0.05": 0.007679454213722115, "0.1": 0.0002448550426169812, "0.15": 1.6349742387999344e-05, "0.2": 0.0, "0.25": 0.0, "0.3": 0.0, "0.35": 0.0, "0.4": 0.0}, "1": {"0": 1.0, "0.05": 0.01600247123417334, "0.1": 0.001176017187878493, "0.15": 0.00010078427594026864, "0.2": 1.1141404562457193e-05, "0.25": 7.632632632632631e-06, "0.3": 0.0, "0.35": 0.0, "0.4": 0.0}, "2": {"0": 1.0, "0.05": 0.006767487167708182, "0.1": 0.0006143073211718497, "0.15": 0.00014615972993337246, "0.2": 2.477616674189255e-05, "0.25": 2.6041666666666666e-06, "0.3": 0.0, "0.35": 0.0, "0.4": 0.0}, "3": {"0": 1.0, "0.05": 0.19664030250854342, "0.1": 0.028609372946829643, "0.15": 0.008838157517336338, "0.2": 0.0053621088085527395, "0.25": 0.003856015568066613, "0.3": 0.0025092738637724553, "0.35": 0.0010727527669617454, "0.4": 0.00016009251574353512}, "4": {"0": 1.0, "0.05": 0.23558435413324472, "0.1": 0.16289786426184066, "0.15": 0.1325632409330434, "0.2": 0.10165466389693688, "0.25": 0.06766036599409538, "0.3": 0.036902898710358664, "0.35": 0.016253259622362574, "0.4": 0.00604356509096798}, "5": {"0": 1.0, "0.05": 0.009643804727185753, "0.1": 0.0018840270474792587, "0.15": 0.0004162999514582805, "0.2": 5.7176837298138446e-05, "0.25": 0.0, "0.3": 0.0, "0.35": 0.0, "0.4": 0.0}, "6": {"0": 1.0, "0.05": 0.06297672437102617, "0.1": 0.0128625116973714, "0.15": 0.004417663319508599, "0.2": 0.0017339675753030572, "0.25": 0.0006876403944677239, "0.3": 0.0002721510456067312, "0.35": 9.933868208477613e-05, "0.4": 4.325230788348859e-05}, "7": {"0": 1.0, "0.05": 0.2028921440424249, "0.1": 0.07028729531663543, "0.15": 0.02616714914894803, "0.2": 0.008816818333376353, "0.25": 0.002948246392667851, "0.3": 0.0008284162498572384, "0.35": 0.0002242895276205253, "0.4": 3.7503523369171525e-05}, "8": {"0": 1.0, "0.05": 0.2021678191971405, "0.1": 0.13864952435052233, "0.15": 0.1032731369504533, "0.2": 0.0749965421230358, "0.25": 0.05154052826542799, "0.3": 0.03205003052481491, "0.35": 0.017825603118143987, "0.4": 0.00847103495249854}, "9": {"0": 1.0, "0.05": 0.01443328390767798, "0.1": 0.000777327994708223, "0.15": 7.500462982385547e-05, "0.2": 2.3231630542370485e-05, "0.25": 0.0, "0.3": 0.0, "0.35": 0.0, "0.4": 0.0}, "10": {"0": 1.0, "0.05": 0.013340751731216814, "0.1": 1.5291854428545077e-05, "0.15": 0.0, "0.2": 0.0, "0.25": 0.0, "0.3": 0.0, "0.35": 0.0, "0.4": 0.0}, "11": {"0": 1.0, "0.05": 0.3268841243900627, "0.1": 0.1674255506333242, "0.15": 0.06292275118535155, "0.2": 0.026072864859754897, "0.25": 0.01339017562111573, "0.3": 0.005487308955856331, "0.35": 0.002360184595241905, "0.4": 0.0016990947526058914}, "12": {"0": 1.0, "0.05": 0.005218577844526445, "0.1": 1.6955015265959733e-05, "0.15": 0.0, "0.2": 0.0, "0.25": 0.0, "0.3": 0.0, "0.35": 0.0, "0.4": 0.0}, "13": {"0": 1.0, "0.05": 0.10740990972012723, "0.1": 0.011705720709460427, "0.15": 0.0015440382259436158, "0.2": 0.0003907318968283431, "0.25": 0.00012072367852921779, "0.3": 4.3072552954815213e-05, "0.35": 1.20014245014245e-05, "0.4": 0.0}, "14": {"0": 1.0, "0.05": 0.1110724405990183, "0.1": 0.03580298429416292, "0.15": 0.013508461311139641, "0.2": 0.005845835268112251, "0.25": 0.0027151229480215566, "0.3": 0.0012816825652884327, "0.35": 0.0005731920143789448, "0.4": 0.00027219746051959756}, "15": {"0": 1.0, "0.05": 0.34520760113722093, "0.1": 0.14162693874828425, "0.15": 0.0373857495256812, "0.2": 0.008615560961504055, "0.25": 0.002440047689291253, "0.3": 0.0006508750237447489, "0.35": 0.0001271796428177257, "0.4": 4.286099635297508e-05}}, "precision": {"0": {"0": 0.06220500523914973, "0.05": 0.014885001383304435, "0.1": 0.0018068552102744819, "0.15": 0.00031204906204906197, "0.2": 0.0, "0.25": 0.0, "0.3": 0.0, "0.35": 0.0, "0.4": 0.0}, "1": {"0": 0.06220500523914973, "0.05": 0.03807137725545805, "0.1": 0.01753647360678239, "0.15": 0.0047317460317460305, "0.2": 0.0008333333333333334, "0.25": 0.0006666666666666666, "0.3": 0.0, "0.35": 0.0, "0.4": 0.0}, "2": {"0": 0.06220500523914973, "0.05": 0.020225437201868788, "0.1": 0.006260631270118621, "0.15": 0.0020383480353446024, "0.2": 0.0006345238095238095, "0.25": 0.0003333333333333333, "0.3": 0.0, "0.35": 0.0, "0.4": 0.0}, "3": {"0": 0.06220500523914973,