{"fscore": {"0": {"0": 0.11396083236362174, "0.05": 0.04821267873195645, "0.1": 0.012297221825748326, "0.15": 0.003080858223467203, "0.2": 0.0007929437605191617, "0.25": 0.00019736029414286165, "0.3": 2.796731860495036e-05, "0.35": 1.637952559300874e-05, "0.4": 0.0}, "1": {"0": 0.11396083236362174, "0.05": 0.0735117892009673, "0.1": 0.02387885574816491, "0.15": 0.008270546857868979, "0.2": 0.0027115744638516533, "0.25": 0.000980646778656437, "0.3": 0.0004415426009737057, "0.35": 0.00020101381389663617, "0.4": 0.00013454190891809558}, "2": {"0": 0.11396083236362174, "0.05": 0.07173366451442063, "0.1": 0.038332941963743636, "0.15": 0.02054448220043522, "0.2": 0.010860863343426012, "0.25": 0.005664560017904292, "0.3": 0.002851441124873372, "0.35": 0.001506921058794158, "0.4": 0.0007949065110109196}, "3": {"0": 0.11396083236362174, "0.05": 0.15907312628902512, "0.1": 0.10482676832981976, "0.15": 0.07145065562636921, "0.2": 0.050060874021005175, "0.25": 0.035362891405089636, "0.3": 0.025279167908674783, "0.35": 0.018121085184821778, "0.4": 0.012957931243770284}, "4": {"0": 0.11396083236362174, "0.05": 0.3351016477350005, "0.1": 0.2645274248759577, "0.15": 0.20623042421307586, "0.2": 0.16241209982778795, "0.25": 0.12909252537488083, "0.3": 0.10200577777818923, "0.35": 0.08015990036338994, "0.4": 0.06191458054500174}, "5": {"0": 0.11396083236362174, "0.05": 0.03452297518868561, "0.1": 0.01503188493669534, "0.15": 0.009025570574791135, "0.2": 0.005977317805129942, "0.25": 0.0038015008552237657, "0.3": 0.002433872714428721, "0.35": 0.00157594294954737, "0.4": 0.0009368033701498321}, "6": {"0": 0.11396083236362174, "0.05": 0.11376010474655357, "0.1": 0.05307186731747103, "0.15": 0.024278618361719656, "0.2": 0.011494148507719099, "0.25": 0.0057996975800604705, "0.3": 0.0030144242975615383, "0.35": 0.001628157907176946, "0.4": 0.0009016160052518109}, "7": {"0": 0.11396083236362174, "0.05": 0.1049721423060044, "0.1": 0.05135224018220726, "0.15": 0.02913141715797605, "0.2": 0.018200006436494755, "0.25": 0.01189552037257066, "0.3": 0.008233171416456018, "0.35": 0.005855557427754157, "0.4": 0.004263759150230212}, "8": {"0": 0.11396083236362174, "0.05": 0.106784438479407, "0.1": 0.0747431162598016, "0.15": 0.05659747341533205, "0.2": 0.04490851176648591, "0.25": 0.03657552726462001, "0.3": 0.029453097728120065, "0.35": 0.024151673307905356, "0.4": 0.019948552318014994}, "9": {"0": 0.11396083236362174, "0.05": 0.06814436769412695, "0.1": 0.02671825214718093, "0.15": 0.012732356258464875, "0.2": 0.006700019407664689, "0.25": 0.0038218943290420806, "0.3": 0.00225704063527645, "0.35": 0.0014229045146600219, "0.4": 0.0008306684722753267}, "10": {"0": 0.11396083236362174, "0.05": 0.08681087080585148, "0.1": 0.037622304965058175, "0.15": 0.018943779173054353, "0.2": 0.010168751110762438, "0.25": 0.005783202288201622, "0.3": 0.0035013621154450134, "0.35": 0.0021010126587344, "0.4": 0.0013237602724923121}, "11": {"0": 0.11396083236362174, "0.05": 0.2857014484234051, "0.1": 0.22392763706754618, "0.15": 0.15396087016088805, "0.2": 0.10186764512506111, "0.25": 0.06713612032131389, "0.3": 0.04441286284252365, "0.35": 0.029943398379289533, "0.4": 0.020003028655708886}, "12": {"0": 0.11396083236362174, "0.05": 0.12331708384916756, "0.1": 0.056596204358302725, "0.15": 0.030532894957250794, "0.2": 0.01781209737132112, "0.25": 0.011190402017104127, "0.3": 0.007311033807139793, "0.35": 0.005096515500472266, "0.4": 0.0037635958185651326}, "13": {"0": 0.11396083236362174, "0.05": 0.19301627303181287, "0.1": 0.15092064108744643, "0.15": 0.11588852504893955, "0.2": 0.08980806347767639, "0.25": 0.06956924613233488, "0.3": 0.054329364924353654, "0.35": 0.04187987765328597, "0.4": 0.03231226029802946}, "14": {"0": 0.11396083236362174, "0.05": 0.17928608245801078, "0.1": 0.11997189638059193, "0.15": 0.08364454110017827, "0.2": 0.06000523146333817, "0.25": 0.044352817873114965, "0.3": 0.03324704252461349, "0.35": 0.02505149465980459, "0.4": 0.01902481012145958}, "15": {"0": 0.11396083236362174, "0.05": 0.23466168778233357, "0.1": 0.16059222170849052, "0.15": 0.10978078710158336, "0.2": 0.0763350778791113, "0.25": 0.0541652920720507, "0.3": 0.03912174030427289, "0.35": 0.028482492426690185, "0.4": 0.02117732907686758}}, "recall": {"0": {"0": 1.0, "0.05": 0.03718770699927326, "0.1": 0.00697125342850297, "0.15": 0.0016249995336787228, "0.2": 0.0004079302557929752, "0.25": 0.00010079789005393097, "0.3": 1.4158497854150028e-05, "0.35": 8.292383292383292e-06, "0.4": 0.0}, "1": {"0": 1.0, "0.05": 0.05900679035113352, "0.1": 0.013888220331021984, "0.15": 0.004413764748100936, "0.2": 0.001405849257484301, "0.25": 0.0005021743520731862, "0.3": 0.0002245333440506691, "0.35": 0.00010191880628468799, "0.4": 6.818381711598986e-05}, "2": {"0": 1.0, "0.05": 0.06608412765970492, "0.1": 0.025394060087341477, "0.15": 0.0119541691957315, "0.2": 0.005942108806086927, "0.25": 0.003002934181054068, "0.3": 0.0014849784395663602, "0.35": 0.0007767608418395495, "0.4": 0.0004071049721695395}, "3": {"0": 1.0, "0.05": 0.15459689339038102, "0.1": 0.0737327715011398, "0.15": 0.04379197249210355, "0.2": 0.028571381616013053, "0.25": 0.019362280365976616, "0.3": 0.013482909226217013, "0.35": 0.009501131984270291, "0.4": 0.006714552363045666}, "4": {"0": 1.0, "0.05": 0.29947823575004334, "0.1": 0.18330204573634587, "0.15": 0.12841129229967188, "0.2": 0.09543242710924003, "0.25": 0.07307020513724462, "0.3": 0.05621214679164833, "0.35": 0.04326103199540704, "0.4": 0.03285592335237762}, "5": {"0": 1.0, "0.05": 0.025833010964769636, "0.1": 0.009920940541409797, "0.15": 0.005601500019841821, "0.2": 0.0035242645472955687, "0.25": 0.0021493148483460664, "0.3": 0.0013301933201618763, "0.35": 0.0008416106016345002, "0.4": 0.0004913406326952157}, "6": {"0": 1.0, "0.05": 0.10022960549535095, "0.1": 0.03282837748837072, "0.15": 0.01337248154243549, "0.2": 0.006048182985749538, "0.25": 0.002986743556192908, "0.3": 0.0015354192403262087, "0.35": 0.0008260469554095993, "0.4": 0.000455300858438567}, "7": {"0": 1.0, "0.05": 0.08314523542365419, "0.1": 0.03234767434122404, "0.15": 0.016785983783210556, "0.2": 0.010009082722240385, "0.25": 0.006360171441264651, "0.3": 0.004323886505595159, "0.35": 0.0030376661468624667, "0.4": 0.0021911248336832704}, "8": {"0": 1.0, "0.05": 0.09670824715399635, "0.1": 0.05571832156766255, "0.15": 0.038074300408139056, "0.2": 0.028250648369132585, "0.25": 0.02192216912022956, "0.3": 0.017032282087622214, "0.35": 0.013583712143217342, "0.4": 0.01097881492213853}, "9": {"0": 1.0, "0.05": 0.05213355514488089, "0.1": 0.0160817138214895, "0.15": 0.0070378100260289015, "0.2": 0.0035554151701502525, "0.25": 0.0019818126845632927, "0.3": 0.0011565731305747259, "0.35": 0.0007238022842053118, "0.4": 0.0004206467298179743}, "10": {"0": 1.0, "0.05": 0.07231543049977808, "0.1": 0.02395720946190391, "0.15": 0.010878102327916259, "0.2": 0.0055360027137462495, "0.25": 0.0030508755249815038, "0.3": 0.0018123462940483471, "0.35": 0.0010746207414785791, "0.4": 0.0006725150729177504}, "11": {"0": 1.0, "0.05": 0.28013815939871095, "0.1": 0.16636161092781063, "0.15": 0.09888258449513876, "0.2": 0.06017821171354176, "0.25": 0.037630921326612596, "0.3": 0.024063867130536674, "0.35": 0.01587992232271751, "0.4": 0.0104531843469013}, "12": {"0": 1.0, "0.05": 0.10115527054574412, "0.1": 0.03532532997236512, "0.15": 0.017501104311634253, "0.2": 0.00983442037986977, "0.25": 0.006060621198452263, "0.3": 0.003914093458728607, "0.35": 0.0027117611288614723, "0.4": 0.00199548940620208}, "13": {"0": 1.0, "0.05": 0.17351951880527244, "0.1": 0.10686143480980485, "0.15": 0.07358253742803093, "0.2": 0.053470988427977595, "0.25": 0.03968089464160933, "0.3": 0.03006703431579056, "0.35": 0.02267578549721974, "0.4": 0.017195817167685645}, "14": {"0": 1.0, "0.05": 0.1541314391998987, "0.1": 0.08319185922437632, "0.15": 0.05246498756178519, "0.2": 0.03541560561208544, "0.25": 0.025113958896473193, "0.3": 0.018271650071442026, "0.35": 0.013465206939449215,