{"fscore": {"0": {"0": 0.11398936436481887, "0.05": 0.013225266497737531, "0.1": 0.002440763324348052, "0.15": 0.0005969496379060697, "0.2": 0.00025588496732956834, "0.25": 9.613164307789991e-05, "0.3": 3.9121906489916876e-05, "0.35": 1.4333321504067702e-05, "0.4": 3.3540071460723077e-06}, "1": {"0": 0.11398936436481887, "0.05": 0.2803009541081346, "0.1": 0.20171029912608032, "0.15": 0.15479655510749002, "0.2": 0.12171983426076911, "0.25": 0.09621340013219862, "0.3": 0.07649690166902691, "0.35": 0.06149068390320382, "0.4": 0.04899700372369491}, "2": {"0": 0.11398936436481887, "0.05": 0.024818752525804903, "0.1": 0.0021438055186092137, "0.15": 0.00020190673811560896, "0.2": 4.073089180304569e-05, "0.25": 1.203643461288224e-05, "0.3": 5.747126436781609e-06, "0.35": 0.0, "0.4": 0.0}, "3": {"0": 0.11398936436481887, "0.05": 0.040308837860244466, "0.1": 0.0036677234610571173, "0.15": 0.0003453778657379689, "0.2": 5.893479627448419e-05, "0.25": 1.848983215751783e-05, "0.3": 9.059561174462187e-06, "0.35": 7.077140835102618e-07, "0.4": 0.0}, "4": {"0": 0.11398936436481887, "0.05": 0.013467566569852844, "0.1": 0.008560069050762283, "0.15": 0.006044920673188695, "0.2": 0.00437872729401011, "0.25": 0.0033189228126427367, "0.3": 0.0025326068686299733, "0.35": 0.0019318371802751733, "0.4": 0.0014022364314235118}, "5": {"0": 0.11398936436481887, "0.05": 0.23210077079232727, "0.1": 0.18269086341382, "0.15": 0.14937987457520308, "0.2": 0.12225442317465594, "0.25": 0.10005484962398285, "0.3": 0.08122621120295392, "0.35": 0.06468591431065024, "0.4": 0.05070216177836185}, "6": {"0": 0.11398936436481887, "0.05": 0.26388061825298, "0.1": 0.2391330679932618, "0.15": 0.22087695826217915, "0.2": 0.20422109586687823, "0.25": 0.18788321248538878, "0.3": 0.17243432185950658, "0.35": 0.15781638674036144, "0.4": 0.14196367816982042}, "7": {"0": 0.11398936436481887, "0.05": 0.29935915794571094, "0.1": 0.2335477615540431, "0.15": 0.16824599383512695, "0.2": 0.1164438573797228, "0.25": 0.07855452267786342, "0.3": 0.05086978310615561, "0.35": 0.031572462345791225, "0.4": 0.0187115184597199}, "8": {"0": 0.11398936436481887, "0.05": 0.08115093819119507, "0.1": 0.0426766284289049, "0.15": 0.02612834381501779, "0.2": 0.016317415360642292, "0.25": 0.010736089649289746, "0.3": 0.007439595797242159, "0.35": 0.005242838933803149, "0.4": 0.0038166394907063824}, "9": {"0": 0.11398936436481887, "0.05": 0.34720779781463595, "0.1": 0.294129093412658, "0.15": 0.25282225376295314, "0.2": 0.22098072768505383, "0.25": 0.19454722030330315, "0.3": 0.16922675401881113, "0.35": 0.14291818561798106, "0.4": 0.11666907987162284}, "10": {"0": 0.11398936436481887, "0.05": 0.15142594699693682, "0.1": 0.1245976761086796, "0.15": 0.10269478846052166, "0.2": 0.08667670508471437, "0.25": 0.07268577149504438, "0.3": 0.061202034353501224, "0.35": 0.05154699313613144, "0.4": 0.04314233407027608}, "11": {"0": 0.11398936436481887, "0.05": 0.036971110939243094, "0.1": 0.011104752680513391, "0.15": 0.005278953541285195, "0.2": 0.0030416647821746535, "0.25": 0.0017523832445172853, "0.3": 0.0010854886790798767, "0.35": 0.0006456098015477804, "0.4": 0.0004319337051730462}}, "recall": {"0": {"0": 1.0, "0.05": 0.007552739210395595, "0.1": 0.0012652572100839829, "0.15": 0.0003039179209408862, "0.2": 0.00012970334076475734, "0.25": 4.8507161023548616e-05, "0.3": 1.9701875286570264e-05, "0.35": 7.206889289737844e-06, "0.4": 1.6809996885223125e-06}, "1": {"0": 1.0, "0.05": 0.19044390991481422, "0.1": 0.12267746434035505, "0.15": 0.0885752671584613, "0.2": 0.06703094031742465, "0.25": 0.051751196212033904, "0.3": 0.04051963066571156, "0.35": 0.03222219629193234, "0.4": 0.025460523150802192}, "2": {"0": 1.0, "0.05": 0.013439434626820838, "0.1": 0.0011011018607435404, "0.15": 0.00010241629782121829, "0.2": 2.0678966719441122e-05, "0.25": 6.103678929765886e-06, "0.3": 2.898550724637681e-06, "0.35": 0.0, "0.4": 0.0}, "3": {"0": 1.0, "0.05": 0.023507994385621046, "0.1": 0.0018722020973968322, "0.15": 0.00017408084875527845, "0.2": 2.9617392131425822e-05, "0.25": 9.286954953084154e-06, "0.3": 4.551260402698243e-06, "0.35": 3.5423308537017355e-07, "0.4": 0.0}, "4": {"0": 1.0, "0.05": 0.010623522370574226, "0.1": 0.005994816074458215, "0.15": 0.003915650817904149, "0.2": 0.0026801771118115693, "0.25": 0.0019495183708694492, "0.3": 0.0014415254691958431, "0.35": 0.001073363630460363, "0.4": 0.0007648500689161399}, "5": {"0": 1.0, "0.05": 0.1618775707767416, "0.1": 0.11148919973706821, "0.15": 0.08609401045633068, "0.2": 0.0681762877818425, "0.25": 0.05456711022325869, "0.3": 0.043568105488507, "0.35": 0.03423996433705517, "0.4": 0.026535747062535957}, "6": {"0": 1.0, "0.05": 0.1926671811756155, "0.1": 0.16032874367049568, "0.15": 0.1406199326412328, "0.2": 0.12505938440944386, "0.25": 0.11198421211474692, "0.3": 0.10080744968248737, "0.35": 0.09075423119192003, "0.4": 0.08035594651608273}, "7": {"0": 1.0, "0.05": 0.3019224360122595, "0.1": 0.18037722118040933, "0.15": 0.1117451280474419, "0.2": 0.0704205556969405, "0.25": 0.04461468382896092, "0.3": 0.02771611318443655, "0.35": 0.016719855736602146, "0.4": 0.009720148442075987}, "8": {"0": 1.0, "0.05": 0.052239144179775376, "0.1": 0.02336507728973412, "0.15": 0.01370273519227249, "0.2": 0.008409728101131764, "0.25": 0.005486774191647034, "0.3": 0.0037853883788100374, "0.35": 0.0026586557946703545, "0.4": 0.0019307589907436799}, "9": {"0": 1.0, "0.05": 0.3249279842582293, "0.1": 0.2267639888826251, "0.15": 0.176378909222616, "0.2": 0.1449551019127887, "0.25": 0.12207665227013526, "0.3": 0.10249513296163291, "0.35": 0.08391715758009569, "0.4": 0.06659432669516717}, "10": {"0": 1.0, "0.05": 0.1396140694752297, "0.1": 0.08551779039887498, "0.15": 0.06237148077619011, "0.2": 0.04954201819460712, "0.25": 0.04004750238436036, "0.3": 0.03290398092667042, "0.35": 0.027235187140378852, "0.4": 0.022491515349210404}, "11": {"0": 1.0, "0.05": 0.02282388489324531, "0.1": 0.0058859601961720135, "0.15": 0.002714028750268636, "0.2": 0.0015496571971254916, "0.25": 0.0008887252783048411, "0.3": 0.0005490234415110047, "0.35": 0.00032605816349241573, "0.4": 0.00021793540477569595}}, "precision": {"0": {"0": 0.06220500523914973, "0.05": 0.06877181641114787, "0.1": 0.05901636185849386, "0.15": 0.03137094202094203, "0.2": 0.01700634920634921, "0.25": 0.009153174603174602, "0.3": 0.004427777777777778, "0.35": 0.0019444444444444446, "0.4": 0.001}, "1": {"0": 0.06220500523914973, "0.05": 0.556283344304732, "0.1": 0.6002701505764276, "0.15": 0.665310460721356, "0.2": 0.7425120931941627, "0.25": 0.7966560455838507, "0.3": 0.8275930205880119, "0.35": 0.8434687724332838, "0.4": 0.8468100089955134}, "2": {"0": 0.06220500523914973, "0.05": 0.25960025122888314, "0.1": 0.06248373015873023, "0.15": 0.00897222222222222, "0.2": 0.0018333333333333333, "0.25": 0.0005, "0.3": 0.0003333333333333333, "0.35": 0.0, "0.4": 0.0}, "3": {"0": 0.06220500523914973, "0.05": 0.197805158542805, "0.1": 0.18087024650186384, "0.15": 0.03702777777777778, "0.2": 0.008, "0.25": 0.0031666666666666666, "0.3": 0.0013333333333333333, "0.35": 0.0003333333333333333, "0.4": 0.0}, "4": {"0": 0.06220500523914973, "0.05": 0.02089732102159872, "0.1": 0.01701311039644523, "0.15": 0.015065479573845637, "0.2": 0.013647950701058299, "0.25": 0.012701476285897347, "0.3": 0.011905707276312651, "0.35": 0.011028192467817466, "0.4": 0.01001459574685986}, "5": {"0": 0.06220500523914973, "0.05": 0.43708920112375677, "0.1": 0.546691417999524, "0.15": 0.6178063262234293, "0.2": 0.6580600665437849, "0.25": 0.6842422239510262, "0.3": 0.7016334162754456, "0.35": 0.7082551485349549, "0.4": 0.7058478875795378}, "6": {"0": 0.06220500523914973, "0.05": 0.43831259578066417, "0.1": 0.4941021106727841, "0.15": 0.5451752704759344, "0.2": 0.5975004426080928, "0.25": 0.6319542345428653, "0.3": 0.6501885739079527, "0.35": 0.6648073539621628, "0.4": 0.6754621385998113}, "7": {"0": 0.06220500523914973, "0.05": 0.30938448363070226, "0.1": 0.3494374917319013, "0.15": 0.36229490229543765,