{"fscore": {"0": {"0": 0.11398936436481887, "0.05": 0.019627347618214133, "0.1": 0.010809091672602267, "0.15": 0.007083798857514781, "0.2": 0.00504619630949216, "0.25": 0.003784081440804222, "0.3": 0.0029817968269626647, "0.35": 0.0023326737332237863, "0.4": 0.001841877950125376}, "1": {"0": 0.11398936436481887, "0.05": 0.2698897408574617, "0.1": 0.1874483359551748, "0.15": 0.13367618644617513, "0.2": 0.09963604043425359, "0.25": 0.07581306179564701, "0.3": 0.05863084222109389, "0.35": 0.04524054779257572, "0.4": 0.0348165160016261}, "2": {"0": 0.11398936436481887, "0.05": 0.19176309368814737, "0.1": 0.1267329396423378, "0.15": 0.08753872375878065, "0.2": 0.06149879727180977, "0.25": 0.04354560443514484, "0.3": 0.03027920897390245, "0.35": 0.02094363012592332, "0.4": 0.013902937657936782}, "3": {"0": 0.11398936436481887, "0.05": 0.28356875464934667, "0.1": 0.23427741742423358, "0.15": 0.1818829372858325, "0.2": 0.13652828494530175, "0.25": 0.10019047545589514, "0.3": 0.0737459675224843, "0.35": 0.054789656704452266, "0.4": 0.0407325174504538}, "4": {"0": 0.11398936436481887, "0.05": 0.027117110533877248, "0.1": 0.007119219911317871, "0.15": 0.0030936557287225904, "0.2": 0.0015434753168510717, "0.25": 0.0008897388161101985, "0.3": 0.0005617159582223842, "0.35": 0.00036982883734135673, "0.4": 0.0002401716376007137}, "5": {"0": 0.11398936436481887, "0.05": 0.07165435611618476, "0.1": 0.025798740130488825, "0.15": 0.011558024154444685, "0.2": 0.005863322782210505, "0.25": 0.003269030693964203, "0.3": 0.0018542536747645651, "0.35": 0.0010234868580839584, "0.4": 0.0007043550985776618}, "6": {"0": 0.11398936436481887, "0.05": 0.2233960956847791, "0.1": 0.14274779262283754, "0.15": 0.1036622844549137, "0.2": 0.08164633459053376, "0.25": 0.06733471870923359, "0.3": 0.05657761247974956, "0.35": 0.0482352639916193, "0.4": 0.04136304388465749}, "7": {"0": 0.11398936436481887, "0.05": 0.3423742417806758, "0.1": 0.2847988222005205, "0.15": 0.23314586000358808, "0.2": 0.19278573980089403, "0.25": 0.15943622295066362, "0.3": 0.1302138937432705, "0.35": 0.10454546979314124, "0.4": 0.08171947358538262}, "8": {"0": 0.11398936436481887, "0.05": 0.13107229730409747, "0.1": 0.0648182786103952, "0.15": 0.03828196595233367, "0.2": 0.02378205485268232, "0.25": 0.014925683347347424, "0.3": 0.009627197968627913, "0.35": 0.00649015753938062, "0.4": 0.004462594551109604}, "9": {"0": 0.11398936436481887, "0.05": 0.14159563731179892, "0.1": 0.09443417849843462, "0.15": 0.061229384939867154, "0.2": 0.03766253301664949, "0.25": 0.021096518700703427, "0.3": 0.011664733600852491, "0.35": 0.006352734112882058, "0.4": 0.0035055314538769413}, "10": {"0": 0.11398936436481887, "0.05": 0.22269874106465387, "0.1": 0.13352395853459703, "0.15": 0.08743490154073169, "0.2": 0.06083842519000145, "0.25": 0.045112013782015147, "0.3": 0.033928262480483515, "0.35": 0.026248143751156888, "0.4": 0.020530307970375947}, "11": {"0": 0.11398936436481887, "0.05": 0.13749942809495894, "0.1": 0.06832577922013248, "0.15": 0.03846988430805764, "0.2": 0.023927428573930782, "0.25": 0.016034204654796203, "0.3": 0.011244506740554092, "0.35": 0.008144917403686253, "0.4": 0.006006246861812512}}, "recall": {"0": {"0": 1.0, "0.05": 0.01360505776688038, "0.1": 0.0068301454503644984, "0.15": 0.004264136308424323, "0.2": 0.0029335484697306674, "0.25": 0.0021449646135754583, "0.3": 0.0016572176395847522, "0.35": 0.0012791691031195022, "0.4": 0.00099857653617441}, "1": {"0": 1.0, "0.05": 0.2400481161231404, "0.1": 0.13389600214118078, "0.15": 0.08639631802927562, "0.2": 0.06055842651892791, "0.25": 0.04413505572222257, "0.3": 0.033042268770336516, "0.35": 0.02486529757864796, "0.4": 0.018760109614320883}, "2": {"0": 1.0, "0.05": 0.16746870595874722, "0.1": 0.08865137766593337, "0.15": 0.05466934350797557, "0.2": 0.035812996373358, "0.25": 0.024216315150072838, "0.3": 0.016308184394216836, "0.35": 0.011034687267471447, "0.4": 0.007217365324096259}, "3": {"0": 1.0, "0.05": 0.22086420048092975, "0.1": 0.15533997975829836, "0.15": 0.11060981132200262, "0.2": 0.07867718934291854, "0.25": 0.0556435519908132, "0.3": 0.03989318279700965, "0.35": 0.029089651787946633, "0.4": 0.021329133711097556}, "4": {"0": 1.0, "0.05": 0.018502177947441256, "0.1": 0.003964629024521396, "0.15": 0.001657438455405526, "0.2": 0.0008157951468026155, "0.25": 0.0004672369195278671, "0.3": 0.0002951567868840308, "0.35": 0.00019197918683320082, "0.4": 0.00012435107404439537}, "5": {"0": 1.0, "0.05": 0.055545682329628185, "0.1": 0.01488775768764867, "0.15": 0.0061582643570205495, "0.2": 0.0030377804148729475, "0.25": 0.0016718380601189967, "0.3": 0.0009428560229951047, "0.35": 0.0005190796604419313, "0.4": 0.0003569225117971118}, "6": {"0": 1.0, "0.05": 0.17476271075207406, "0.1": 0.08793551288281322, "0.15": 0.059131259259418395, "0.2": 0.04496047791796889, "0.25": 0.03631522151754565, "0.3": 0.030094351371539204, "0.35": 0.025389045528749595, "0.4": 0.021609581514025252}, "7": {"0": 1.0, "0.05": 0.2881020689955958, "0.1": 0.20483606036303703, "0.15": 0.15388031100654015, "0.2": 0.11990675668076764, "0.25": 0.09498391759990954, "0.3": 0.07498525592449584, "0.35": 0.0585098249262145, "0.4": 0.04465334753082246}, "8": {"0": 1.0, "0.05": 0.11143663815217218, "0.1": 0.04074076521037871, "0.15": 0.021752339301074647, "0.2": 0.012902728183074435, "0.25": 0.007899051172637141, "0.3": 0.0050234850020999125, "0.35": 0.0033540028276348765, "0.4": 0.0022913621293207042}, "9": {"0": 1.0, "0.05": 0.14344193735887942, "0.1": 0.06710460350210976, "0.15": 0.037206125768501346, "0.2": 0.021216756985351064, "0.25": 0.011402008808561253, "0.3": 0.006160490601640911, "0.35": 0.003305233286917666, "0.4": 0.0018075739073765019}, "10": {"0": 1.0, "0.05": 0.1776765051735643, "0.1": 0.08382613181086297, "0.15": 0.05037010875525672, "0.2": 0.03354186837302758, "0.25": 0.024245326585351192, "0.3": 0.017920319876661144, "0.35": 0.013704290684977657, "0.4": 0.010629975499051925}, "11": {"0": 1.0, "0.05": 0.10174633261304918, "0.1": 0.04027681326219025, "0.15": 0.021074094330838625, "0.2": 0.012689229555975902, "0.25": 0.00835452712755519, "0.3": 0.005796860694336729, "0.35": 0.004170823297072236, "0.4": 0.0030608879605402493}}, "precision": {"0": {"0": 0.06220500523914973, "0.05": 0.040643093751714675, "0.1": 0.03145660543545125, "0.15": 0.02592627340495179, "0.2": 0.022705250940543893, "0.25": 0.02066098748734297, "0.3": 0.019626701875323706, "0.35": 0.01765901664637431, "0.4": 0.015732026191770738}, "1": {"0": 0.06220500523914973, "0.05": 0.32156264645081045, "0.1": 0.329305252320132, "0.15": 0.3142732891071411, "0.2": 0.3014989436977768, "0.25": 0.29208734640378314, "0.3": 0.2884666669337657, "0.35": 0.28677558989868535, "0.4": 0.2883252601098043}, "2": {"0": 0.06220500523914973, "0.05": 0.23988597538207607, "0.1": 0.24073341230783304, "0.15": 0.24230607699820003, "0.2": 0.24638347247565706, "0.25": 0.2520175244944911, "0.3": 0.2567006522372804, "0.35": 0.25654145130858447, "0.4": 0.24469940720484423}, "3": {"0": 0.06220500523914973, "0.05": 0.41908424415684004, "0.1": 0.5103605931382016, "0.15": 0.5554400284827042, "0.2": 0.5695873488130792, "0.25": 0.5691780547387523, "0.3": 0.5670158510121283, "0.35": 0.565691087925853, "0.4": 0.5624471995575173}, "4": {"0": 0.06220500523914973, "0.05": 0.06762692989457271, "0.1": 0.06744572496409348, "0.15": 0.05601884504389626, "0.2": 0.038641938950397504, "0.25": 0.023434634768047764, "0.3": 0.01569377781088308, "0.35": 0.012434680134680133, "0.4": 0.008827008177008176}, "5": {"0": 0.06220500523914973, "0.05": 0.1130542824253031, "0.1": 0.12354641104926024, "0.15": 0.13834955500267432, "0.2": 0.1464523890964188, "0.25": 0.1371505822336702, "0.3": 0.1037144660894661, "0.35": 0.06893810726310731, "0.4": 0.04985370370370369}, "6": {"0": 0.06220500523914973, "0.05": 0.33360572947481654, "0.1": 0.4305883860830313, "0.15": 0.500960356456583, "0.2": 0.5508382828001055, "0.25": 0.5955415058619578, "0.3": 0.6309430904727489,