{"fscore": {"0": {"0": 0.11396083236362174, "0.05": 0.07077752054380491, "0.1": 0.036352345285889036, "0.15": 0.01846270575286941, "0.2": 0.009828385825609657, "0.25": 0.005882502446840726, "0.3": 0.0038333103096697546, "0.35": 0.0025119105671749724, "0.4": 0.0016857948422894173}, "1": {"0": 0.11396083236362174, "0.05": 0.23517561774461074, "0.1": 0.19881240490564137, "0.15": 0.1675188540285072, "0.2": 0.14030038397427036, "0.25": 0.11792453975420034, "0.3": 0.09937785050595058, "0.35": 0.08502598385302534, "0.4": 0.0745341155253033}, "2": {"0": 0.11396083236362174, "0.05": 0.2365757233023979, "0.1": 0.17244825738190422, "0.15": 0.1240920622944497, "0.2": 0.0923046789642416, "0.25": 0.0703558882959296, "0.3": 0.054313810582291185, "0.35": 0.04241195106744332, "0.4": 0.03334324948044205}, "3": {"0": 0.11396083236362174, "0.05": 0.27286778532826955, "0.1": 0.22245436077070016, "0.15": 0.17981276733714258, "0.2": 0.14437828238368072, "0.25": 0.11701708074969025, "0.3": 0.09579423670483711, "0.35": 0.08052620494527514, "0.4": 0.06775570915193542}, "4": {"0": 0.11396083236362174, "0.05": 0.06950280406817003, "0.1": 0.015520081429689112, "0.15": 0.003593553565445728, "0.2": 0.0009996076586930183, "0.25": 0.0003042416704027048, "0.3": 0.00010280971621889941, "0.35": 5.1889940610650584e-05, "0.4": 2.743754907679996e-05}, "5": {"0": 0.11396083236362174, "0.05": 0.06407364707094611, "0.1": 0.02833361781976338, "0.15": 0.013937083557860969, "0.2": 0.007256550767505381, "0.25": 0.003980334310782916, "0.3": 0.0024124799557774575, "0.35": 0.0015047409873205223, "0.4": 0.0009243563494233323}, "6": {"0": 0.11396083236362174, "0.05": 0.14849151696168136, "0.1": 0.09074405767402811, "0.15": 0.05595578917528008, "0.2": 0.03576318615173673, "0.25": 0.02307929354887132, "0.3": 0.015401370450989587, "0.35": 0.009871276940893037, "0.4": 0.00611038230481459}, "7": {"0": 0.11396083236362174, "0.05": 0.26275267607706054, "0.1": 0.24333721152091958, "0.15": 0.21643055017629512, "0.2": 0.18842715386515593, "0.25": 0.16343795579385012, "0.3": 0.14073261393984965, "0.35": 0.12178502784654509, "0.4": 0.10898253881081903}, "8": {"0": 0.11396083236362174, "0.05": 0.11286508809725168, "0.1": 0.08553392039495868, "0.15": 0.06216176234084274, "0.2": 0.04468795567022033, "0.25": 0.031926497158904985, "0.3": 0.023331097760314702, "0.35": 0.017335056847361738, "0.4": 0.01333642818784835}, "9": {"0": 0.11396083236362174, "0.05": 0.12704870580941294, "0.1": 0.08237405960828596, "0.15": 0.05548507100732455, "0.2": 0.03870666911621497, "0.25": 0.028846492658134815, "0.3": 0.02212146337986009, "0.35": 0.017384704480921203, "0.4": 0.014031968308684159}, "10": {"0": 0.11396083236362174, "0.05": 0.14288549445897544, "0.1": 0.09611869793252453, "0.15": 0.06110320359974369, "0.2": 0.03768457714394383, "0.25": 0.02344557551307051, "0.3": 0.01536734380538914, "0.35": 0.010492450949183638, "0.4": 0.0073135100814331186}, "11": {"0": 0.11396083236362174, "0.05": 0.19174282456997668, "0.1": 0.12440464718452478, "0.15": 0.08242413739559064, "0.2": 0.05632746753078522, "0.25": 0.03879357376632847, "0.3": 0.0262370703523919, "0.35": 0.017264872829382775, "0.4": 0.01119441746833389}}, "recall": {"0": {"0": 1.0, "0.05": 0.0713709359435136, "0.1": 0.025431559655834154, "0.15": 0.010869972245741355, "0.2": 0.0053985710428539665, "0.25": 0.003139363544430261, "0.3": 0.0020160381034318433, "0.35": 0.0013057345530466723, "0.4": 0.0008691452275123554}, "1": {"0": 1.0, "0.05": 0.21437492080934525, "0.1": 0.14533954769803958, "0.15": 0.10944087974503494, "0.2": 0.08562494926856183, "0.25": 0.0688753210608975, "0.3": 0.05630172107798414, "0.35": 0.04712700981150178, "0.4": 0.04065153926996783}, "2": {"0": 1.0, "0.05": 0.21601426872344853, "0.1": 0.12361658375893202, "0.15": 0.07893145899879006, "0.2": 0.0547824534665451, "0.25": 0.03995787929933512, "0.3": 0.029917885314118004, "0.35": 0.022862982004127792, "0.4": 0.01768942647772985}, "3": {"0": 1.0, "0.05": 0.20620564758020252, "0.1": 0.14627108603202824, "0.15": 0.10937940585579473, "0.2": 0.08367779006869955, "0.25": 0.06573473454442554, "0.3": 0.052623940720490814, "0.35": 0.04354084022768271, "0.4": 0.03617169831225602}, "4": {"0": 1.0, "0.05": 0.0574333290224956, "0.1": 0.008879344162622404, "0.15": 0.0018954685750840934, "0.2": 0.0005143953448988299, "0.25": 0.00015536803889723032, "0.3": 5.2063905496454455e-05, "0.35": 2.6203022090709365e-05, "0.4": 1.3832137773895734e-05}, "5": {"0": 1.0, "0.05": 0.05835766685432407, "0.1": 0.01743395763428536, "0.15": 0.007664251980182834, "0.2": 0.003836224261183884, "0.25": 0.0020666302188584017, "0.3": 0.0012412193324879317, "0.35": 0.0007703023333260023, "0.4": 0.0004713646586640437}, "6": {"0": 1.0, "0.05": 0.1444797669319099, "0.1": 0.0634222441674396, "0.15": 0.0342745337795096, "0.2": 0.020490705784027098, "0.25": 0.012734900705765384, "0.3": 0.008291421264037667, "0.35": 0.005227869692620727, "0.4": 0.003202370947912089}, "7": {"0": 1.0, "0.05": 0.23531881630956267, "0.1": 0.17936542611916204, "0.15": 0.14334221950616682, "0.2": 0.11723074418292076, "0.25": 0.09770145619622607, "0.3": 0.08173911510015755, "0.35": 0.06920866726292359, "0.4": 0.06092653245259902}, "8": {"0": 1.0, "0.05": 0.1146883056124234, "0.1": 0.06418025503253622, "0.15": 0.039966581582217685, "0.2": 0.026395105262572643, "0.25": 0.017909882589566387, "0.3": 0.012681272951638069, "0.35": 0.009243345748907082, "0.4": 0.007020365682189061}, "9": {"0": 1.0, "0.05": 0.12395426633674236, "0.1": 0.05976486833694425, "0.15": 0.035131901016034695, "0.2": 0.022745501214661124, "0.25": 0.01620202166562436, "0.3": 0.012073354210670727, "0.35": 0.009296178739338905, "0.4": 0.007399529315162587}, "10": {"0": 1.0, "0.05": 0.15065815495735618, "0.1": 0.07036098158195689, "0.15": 0.037874685596077554, "0.2": 0.021488922806527387, "0.25": 0.012797450294883689, "0.3": 0.008181039357804258, "0.35": 0.005494057622144837, "0.4": 0.003785752968548897}, "11": {"0": 1.0, "0.05": 0.18335492458843827, "0.1": 0.09068469231063293, "0.15": 0.05241162022816849, "0.2": 0.03310898662659851, "0.25": 0.02165676009403352, "0.3": 0.014165703593500981, "0.35": 0.00912125259822519, "0.4": 0.00582277017916921}}, "precision": {"0": {"0": 0.06218900307361576, "0.05": 0.0764434666640951, "0.1": 0.07732486905465089, "0.15": 0.0756516591361101, "0.2": 0.06746068329319431, "0.25": 0.06188831894554253, "0.3": 0.054066336517468255, "0.35": 0.05124812454410197, "0.4": 0.04784048499388203}, "1": {"0": 0.06218900307361576, "0.05": 0.27613915262479594, "0.1": 0.33877281138972287, "0.15": 0.3912318290916859, "0.2": 0.43567939318845894, "0.25": 0.47079549349102445, "0.3": 0.49913371898931147, "0.35": 0.5264975071804842, "0.4": 0.5510099029626078}, "2": {"0": 0.06218900307361576, "0.05": 0.2757924348542711, "0.1": 0.3042652431801102, "0.15": 0.31302830215392763, "0.2": 0.3197612695717359, "0.25": 0.3257547698639234, "0.3": 0.33127422775813237, "0.35": 0.33620296923597376, "0.4": 0.3392618869799048}, "3": {"0": 0.06218900307361576, "0.05": 0.42303780179423794, "0.1": 0.4932454517346699, "0.15": 0.5438018681215754, "0.2": 0.5754213582005094, "0.25": 0.5920941734845249, "0.3": 0.6022899047512176, "0.35": 0.6095677682222551, "0.4": 0.614603495119742}, "4": {"0": 0.06218900307361576, "0.05": 0.10927359969785583, "0.1": 0.09084677458146129, "0.15": 0.06035712692344471, "0.2": 0.03389083416583418, "0.25": 0.014532142857142856, "0.3": 0.006899999999999998, "0.35": 0.003722222222222222, "0.4": 0.002}, "5": {"0": 0.06218900307361576, "0.05": 0.08246739043877975, "0.1": 0.09997966291564972, "0.15": 0.11337204187678032, "0.2": 0.11440784687473642, "0.25": 0.09766293348271927, "0.3": 0.08362806797984075, "0.35": 0.06309865530578602, "0.4": 0.04709578553491596}, "6": {"0": 0.06218900307361576, "0.05": 0.16307436603706277, "0.1": 0.17816957123697166, "0.15": 0.17734357661149178, "0.2": 0.17003541626587287, "0.25": 0.1538049323167872, "0.3": 0.139388202671864, "0.35": 0.11705628161900612,