{"fscore": {"0": {"0": 0.11398936436481887, "0.05": 0.042246519533718246, "0.1": 0.01893206528069292, "0.15": 0.00976114613438487, "0.2": 0.00554764961797173, "0.25": 0.003340500937237051, "0.3": 0.0021192955641049964, "0.35": 0.0013906671530766583, "0.4": 0.0009155677758280391}, "1": {"0": 0.11398936436481887, "0.05": 0.06613613893759047, "0.1": 0.031721392501393136, "0.15": 0.016143105829681332, "0.2": 0.008514359783294208, "0.25": 0.004986450139150484, "0.3": 0.002861556815120781, "0.35": 0.0017227922281120938, "0.4": 0.0009678893111002817}, "2": {"0": 0.11398936436481887, "0.05": 0.0701081295983572, "0.1": 0.025076896612615866, "0.15": 0.011854797339387074, "0.2": 0.006240158350318834, "0.25": 0.003562671700996546, "0.3": 0.0020707365750270747, "0.35": 0.0011859032464398666, "0.4": 0.0006848778506107217}, "3": {"0": 0.11398936436481887, "0.05": 0.10220039310151655, "0.1": 0.04444301154183695, "0.15": 0.020448356431873784, "0.2": 0.01033979848611843, "0.25": 0.005621255656237702, "0.3": 0.0033274468979380117, "0.35": 0.002212162420379128, "0.4": 0.00153867683099624}, "4": {"0": 0.11398936436481887, "0.05": 0.11365446995598423, "0.1": 0.05592829062018807, "0.15": 0.02852617610157115, "0.2": 0.015593179045563349, "0.25": 0.009145399410537604, "0.3": 0.005795715069259451, "0.35": 0.0039033377907989036, "0.4": 0.002702490305026449}, "5": {"0": 0.11398936436481887, "0.05": 0.054995311820874804, "0.1": 0.01979597201904342, "0.15": 0.01025799813514672, "0.2": 0.006278370152147946, "0.25": 0.0043651795985942985, "0.3": 0.003260146035543078, "0.35": 0.002573532551009848, "0.4": 0.0020466336806573447}, "6": {"0": 0.11398936436481887, "0.05": 0.10490503892577069, "0.1": 0.04961586378542151, "0.15": 0.02619541180594401, "0.2": 0.014173266394178367, "0.25": 0.007842622453882373, "0.3": 0.004493021529895669, "0.35": 0.0027850519689124097, "0.4": 0.001695279401925079}, "7": {"0": 0.11398936436481887, "0.05": 0.12736245657899628, "0.1": 0.06531346074204625, "0.15": 0.03861690210391134, "0.2": 0.024786252038866644, "0.25": 0.017366774230805408, "0.3": 0.01268861538309432, "0.35": 0.009550728178905116, "0.4": 0.007372034484383026}, "8": {"0": 0.11398936436481887, "0.05": 0.2045648148234021, "0.1": 0.14981096297986365, "0.15": 0.11441960393807718, "0.2": 0.08911795499150783, "0.25": 0.07009883437881681, "0.3": 0.05524107084026923, "0.35": 0.04311282746495699, "0.4": 0.0339009653078667}, "9": {"0": 0.11398936436481887, "0.05": 0.07044525771421452, "0.1": 0.029377219800091316, "0.15": 0.013333579795630235, "0.2": 0.00622160332907391, "0.25": 0.003134717426697096, "0.3": 0.0016231791290658043, "0.35": 0.0008478246706388397, "0.4": 0.0005149073597766622}, "10": {"0": 0.11398936436481887, "0.05": 0.10506754014381338, "0.1": 0.06266633615932891, "0.15": 0.04013059746785492, "0.2": 0.02640892599251879, "0.25": 0.01787218204055586, "0.3": 0.012282096192359466, "0.35": 0.008628295162349808, "0.4": 0.006214947565659762}, "11": {"0": 0.11398936436481887, "0.05": 0.2851585721073048, "0.1": 0.23223695253099977, "0.15": 0.1728226154718419, "0.2": 0.12402344996393165, "0.25": 0.08741258249161309, "0.3": 0.060738754970706195, "0.35": 0.041801747388564396, "0.4": 0.028224102588282823}, "12": {"0": 0.11398936436481887, "0.05": 0.1212001864402142, "0.1": 0.05257914265088396, "0.15": 0.027398695135951584, "0.2": 0.016112144655300795, "0.25": 0.01027786914148904, "0.3": 0.00692774521330014, "0.35": 0.004810291336303344, "0.4": 0.003444007045826534}, "13": {"0": 0.11398936436481887, "0.05": 0.1205847846703616, "0.1": 0.048646022969340855, "0.15": 0.02112821184658339, "0.2": 0.010279987987675855, "0.25": 0.00543951820461603, "0.3": 0.0031016204557780327, "0.35": 0.0018729760419843435, "0.4": 0.0012855299951764934}, "14": {"0": 0.11398936436481887, "0.05": 0.17130681741918954, "0.1": 0.09971674904575008, "0.15": 0.0625646327628463, "0.2": 0.04202516242872475, "0.25": 0.029534271558359543, "0.3": 0.02143420731927924, "0.35": 0.016044993380505527, "0.4": 0.012058171555434549}, "15": {"0": 0.11398936436481887, "0.05": 0.1414949175843209, "0.1": 0.1110856536373679, "0.15": 0.08310987311847505, "0.2": 0.0625059588727986, "0.25": 0.046307164777628924, "0.3": 0.03339391595232935, "0.35": 0.023611128469448687, "0.4": 0.015722888931407216}}, "recall": {"0": {"0": 1.0, "0.05": 0.03635368873831584, "0.1": 0.012847040405041315, "0.15": 0.006007898360778468, "0.2": 0.0032316172221187127, "0.25": 0.0018817661111250766, "0.3": 0.00116280661209966, "0.35": 0.0007494582741417087, "0.4": 0.00048645674928663346}, "1": {"0": 1.0, "0.05": 0.050274292709474366, "0.1": 0.0191081262176936, "0.15": 0.009089327337227582, "0.2": 0.004657774779589677, "0.25": 0.0026783819875160968, "0.3": 0.001524019967820397, "0.35": 0.0009102730932036366, "0.4": 0.0005065296790223119}, "2": {"0": 1.0, "0.05": 0.05783803429437726, "0.1": 0.015164924664226802, "0.15": 0.006490372635476829, "0.2": 0.0032758839370311166, "0.25": 0.0018335941837673753, "0.3": 0.0010545716675089594, "0.35": 0.0006012173000601741, "0.4": 0.000346119197011789}, "3": {"0": 1.0, "0.05": 0.07936098864946226, "0.1": 0.026222752469503806, "0.15": 0.011153726193249648, "0.2": 0.005483976011872728, "0.25": 0.002944343552547355, "0.3": 0.0017312519642819968, "0.35": 0.001146018453841936, "0.4": 0.0007932431438432647}, "4": {"0": 1.0, "0.05": 0.0901759171977497, "0.1": 0.03408510392855175, "0.15": 0.015883196932067942, "0.2": 0.008346998926990918, "0.25": 0.004799428628461674, "0.3": 0.0030122606149001097, "0.35": 0.002012724331206344, "0.4": 0.0013839038991663758}, "5": {"0": 1.0, "0.05": 0.0424471946996921, "0.1": 0.012076121182926957, "0.15": 0.005967315302845118, "0.2": 0.0036030097121984178, "0.25": 0.0024947003844946565, "0.3": 0.0018595354628197646, "0.35": 0.0014596028515684123, "0.4": 0.0011559494516346035}, "6": {"0": 1.0, "0.05": 0.07035846539519487, "0.1": 0.027357082800774132, "0.15": 0.013713500798489221, "0.2": 0.00727825259173326, "0.25": 0.003996567170577699, "0.3": 0.002279532631125974, "0.35": 0.0014101343628613728, "0.4": 0.0008572643579212194}, "7": {"0": 1.0, "0.05": 0.10942385205606016, "0.1": 0.04310068322338578, "0.15": 0.023230727448406565, "0.2": 0.014304836485624958, "0.25": 0.009788615479863145, "0.3": 0.007054721593143061, "0.35": 0.005270463267187758, "0.4": 0.004047866796082877}, "8": {"0": 1.0, "0.05": 0.16594952279119185, "0.1": 0.09610757443677222, "0.15": 0.06726182869504614, "0.2": 0.05014083975853246, "0.25": 0.03840355086783849, "0.3": 0.02969210550300134, "0.35": 0.022851920662175614, "0.4": 0.017774489848835878}, "9": {"0": 1.0, "0.05": 0.05349252149962889, "0.1": 0.016979965609287242, "0.15": 0.00716682337334613, "0.2": 0.0032469890405955066, "0.25": 0.0016128199642593882, "0.3": 0.0008293025911143307, "0.35": 0.00043176056535629975, "0.4": 0.0002609835755932084}, "10": {"0": 1.0, "0.05": 0.10090096498409486, "0.1": 0.0461890828894573, "0.15": 0.02614402075647115, "0.2": 0.01600830240327467, "0.25": 0.01035110998510861, "0.3": 0.006901488205221365, "0.35": 0.004748316753733508, "0.4": 0.0033724545099514773}, "11": {"0": 1.0, "0.05": 0.29007477846148083, "0.1": 0.17107287498988333, "0.15": 0.10921511605104879, "0.2": 0.07205232460184277, "0.25": 0.04830907114259814, "0.3": 0.03254700544086577, "0.35": 0.02194806851102374, "0.4": 0.01462156329344509}, "12": {"0": 1.0, "0.05": 0.1025769659467893, "0.1": 0.03261301602800514, "0.15": 0.015473585122726277, "0.2": 0.0087451828485146, "0.25": 0.005475704147339683, "0.3": 0.0036495274349170183, "0.35": 0.00251885857999946, "0.4": 0.001793376601371384}, "13": {"0": 1.0, "0.05": 0.10034791183376558, "0.1": 0.029475998942346603, "0.15": 0.011646258032393199, "0.2": 0.005497971859956381, "0.25": 0.0028793134811878106, "0.3": 0.001633875969081381, "0.35": 0.0009797471750134657, "0.4": 0.0006680889587044478}, "14": {"0": 1.0, "0.05": 0.14995887940587535, "0.1": 0.06580475272629235, "0.15": 0.0372876392291797, "0.2": 0.023865225004322407, "0.25": 0.01634108082146489,