{"fscore": {"0": {"0": 0.11398936436481887, "0.05": 0.019426026533682944, "0.1": 0.0028104844678969883, "0.15": 0.00026111814057577467, "0.2": 6.515692511635849e-05, "0.25": 2.4860358366034675e-05, "0.3": 1.6440034451367423e-05, "0.35": 6.600660066006601e-06, "0.4": 6.600660066006601e-06}, "1": {"0": 0.11398936436481887, "0.05": 0.07830679342704913, "0.1": 0.019039477001672488, "0.15": 0.004712134380023508, "0.2": 0.0012692822195617414, "0.25": 0.00044992309348823665, "0.3": 0.0001765544836313442, "0.35": 7.58236311314841e-05, "0.4": 4.924828114290843e-05}, "2": {"0": 0.11398936436481887, "0.05": 0.16406694275465467, "0.1": 0.13367913006501805, "0.15": 0.10573736255883794, "0.2": 0.08436068711113821, "0.25": 0.06854615742871166, "0.3": 0.05708073258438514, "0.35": 0.04804438157767662, "0.4": 0.04052493826697876}, "3": {"0": 0.11398936436481887, "0.05": 0.2276489330138576, "0.1": 0.1290024619542012, "0.15": 0.06935872411459713, "0.2": 0.0395891838206819, "0.25": 0.023497456883229566, "0.3": 0.014724453564010292, "0.35": 0.009780032158643039, "0.4": 0.006668929281423602}, "4": {"0": 0.11398936436481887, "0.05": 0.20623316335435024, "0.1": 0.13146614781810617, "0.15": 0.08274818462437397, "0.2": 0.053068050061794755, "0.25": 0.03390042545573236, "0.3": 0.021725009679002837, "0.35": 0.013644280752060667, "0.4": 0.008069843291554676}, "5": {"0": 0.11398936436481887, "0.05": 0.09973285034534511, "0.1": 0.04157572720404678, "0.15": 0.021131687452777305, "0.2": 0.01284492542708573, "0.25": 0.008401931845905108, "0.3": 0.005768521317473882, "0.35": 0.004046821752303717, "0.4": 0.002842684215952311}, "6": {"0": 0.11398936436481887, "0.05": 0.20378113644411427, "0.1": 0.16128607453812693, "0.15": 0.1296045936298563, "0.2": 0.10481656680095246, "0.25": 0.08498161207626932, "0.3": 0.06924651936007103, "0.35": 0.056522416502374925, "0.4": 0.04599398395391081}, "7": {"0": 0.11398936436481887, "0.05": 0.25537899379347756, "0.1": 0.1668321802365394, "0.15": 0.11052563418288268, "0.2": 0.07474533286259039, "0.25": 0.05094481357503989, "0.3": 0.034722257215491666, "0.35": 0.023135351070239, "0.4": 0.01510826731197895}, "8": {"0": 0.11398936436481887, "0.05": 0.2658713828100325, "0.1": 0.21351223549201878, "0.15": 0.1702592725255729, "0.2": 0.13656884353741072, "0.25": 0.11009874622535555, "0.3": 0.08920424263174495, "0.35": 0.07189142448330788, "0.4": 0.05783586024523534}, "9": {"0": 0.11398936436481887, "0.05": 0.024827875593114185, "0.1": 0.0054784617776187546, "0.15": 0.0012450749430897498, "0.2": 0.0003036532856584692, "0.25": 0.00014018322349114006, "0.3": 2.039652203880936e-05, "0.35": 0.0, "0.4": 0.0}, "10": {"0": 0.11398936436481887, "0.05": 0.03907658020709438, "0.1": 0.021819853375423363, "0.15": 0.014136113309020247, "0.2": 0.009376947792287321, "0.25": 0.006237346766276521, "0.3": 0.004192252330193703, "0.35": 0.002838513259066231, "0.4": 0.0018937820295746915}, "11": {"0": 0.11398936436481887, "0.05": 0.0863525045055782, "0.1": 0.05366936881453083, "0.15": 0.037679614050976, "0.2": 0.02832922225632641, "0.25": 0.022404646963544675, "0.3": 0.01820579114531356, "0.35": 0.015161429060119334, "0.4": 0.012776710682071469}, "12": {"0": 0.11398936436481887, "0.05": 0.15646463176538924, "0.1": 0.11630733961042738, "0.15": 0.10014907448704213, "0.2": 0.09067636966225302, "0.25": 0.08262929565817724, "0.3": 0.0756510401435843, "0.35": 0.06885780623809387, "0.4": 0.06243341477956066}, "13": {"0": 0.11398936436481887, "0.05": 0.3167796977463538, "0.1": 0.24168397243306342, "0.15": 0.19438770518039136, "0.2": 0.16203372598006235, "0.25": 0.13687355357790945, "0.3": 0.11724309898079929, "0.35": 0.1027604220635306, "0.4": 0.09078534480005951}, "14": {"0": 0.11398936436481887, "0.05": 0.14221506724100133, "0.1": 0.08566212000900415, "0.15": 0.05411496670001102, "0.2": 0.03515646237755513, "0.25": 0.023778279310287493, "0.3": 0.016434983608228336, "0.35": 0.011697698074721702, "0.4": 0.008585665754505136}, "15": {"0": 0.11398936436481887, "0.05": 0.28766185611928846, "0.1": 0.184664546064073, "0.15": 0.10549321624285596, "0.2": 0.06020728407807152, "0.25": 0.034802859585282696, "0.3": 0.019498396107928584, "0.35": 0.010715632550327632, "0.4": 0.005618800458270715}}, "recall": {"0": {"0": 1.0, "0.05": 0.012607197845858361, "0.1": 0.0015002202760254868, "0.15": 0.00013411457333649014, "0.2": 3.316022016494325e-05, "0.25": 1.260514933176857e-05, "0.3": 8.324514991181658e-06, "0.35": 3.3333333333333333e-06, "0.4": 3.3333333333333333e-06}, "1": {"0": 1.0, "0.05": 0.06147185017222695, "0.1": 0.010527556876050745, "0.15": 0.002434697154061127, "0.2": 0.0006450964903948338, "0.25": 0.00022790516063910226, "0.3": 8.914745222453448e-05, "0.35": 3.8320991139507156e-05, "0.4": 2.4860270534888277e-05}, "2": {"0": 1.0, "0.05": 0.1597323005951734, "0.1": 0.10414819081606529, "0.15": 0.07371713038404583, "0.2": 0.05483610987715259, "0.25": 0.04240645207453658, "0.3": 0.03403170008166574, "0.35": 0.02784319345821635, "0.4": 0.02294738549364665}, "3": {"0": 1.0, "0.05": 0.17817345053629915, "0.1": 0.07782346028671622, "0.15": 0.03817175925731191, "0.2": 0.020922796471676497, "0.25": 0.012164048479212859, "0.3": 0.007540736539557547, "0.35": 0.0049786557443334215, "0.4": 0.0033819498420078185}, "4": {"0": 1.0, "0.05": 0.176079845186616, "0.1": 0.08518608357102457, "0.15": 0.04828925409892798, "0.2": 0.029428918513242242, "0.25": 0.01822827369565248, "0.3": 0.011451862350184161, "0.35": 0.007092982506667619, "0.4": 0.004151447613936867}, "5": {"0": 1.0, "0.05": 0.08408145228542294, "0.1": 0.025338696165938597, "0.15": 0.011627596238754508, "0.2": 0.0067905748512949605, "0.25": 0.0043575545318947, "0.3": 0.0029601023472369476, "0.35": 0.0020635260212505465, "0.4": 0.0014431804923463443}, "6": {"0": 1.0, "0.05": 0.1923885387926213, "0.1": 0.11863644011977333, "0.15": 0.08524384847917114, "0.2": 0.06458086492506211, "0.25": 0.050076884602334906, "0.3": 0.03949397819137576, "0.35": 0.03144773092190503, "0.4": 0.02508562897328035}, "7": {"0": 1.0, "0.05": 0.20182717589516838, "0.1": 0.10572305396946215, "0.15": 0.0637170666219261, "0.2": 0.04099612223470677, "0.25": 0.027144148171193365, "0.3": 0.018149779266433866, "0.35": 0.01193416042485552, "0.4": 0.007723991950623719}, "8": {"0": 1.0, "0.05": 0.22139987808756292, "0.1": 0.14119949243545685, "0.15": 0.10227455244571089, "0.2": 0.07783279076596523, "0.25": 0.060694911589902624, "0.3": 0.048119506082726714, "0.35": 0.038166117376587004, "0.4": 0.030341997191642836}, "9": {"0": 1.0, "0.05": 0.02004427344264759, "0.1": 0.003349869957561654, "0.15": 0.0006931912529491034, "0.2": 0.0001607287902562704, "0.25": 7.232400143161675e-05, "0.3": 1.0320842164445481e-05, "0.35": 0.0, "0.4": 0.0}, "10": {"0": 1.0, "0.05": 0.033438948851491464, "0.1": 0.015048398334025942, "0.15": 0.008740108274213223, "0.2": 0.00544142852800234, "0.25": 0.003473851055506657, "0.3": 0.002265934001237172, "0.35": 0.0015036099531854333, "0.4": 0.0009881368136302816}, "11": {"0": 1.0, "0.05": 0.08074012467603453, "0.1": 0.042014462073106516, "0.15": 0.02680483143136324, "0.2": 0.018905485559467677, "0.25": 0.014254805252075156, "0.3": 0.011134439055153711, "0.35": 0.00899065289706009, "0.4": 0.007382249947063864}, "12": {"0": 1.0, "0.05": 0.14054160086311773, "0.1": 0.07864435885172608, "0.15": 0.060707091156274456, "0.2": 0.05211611445389464, "0.25": 0.04599076542441117, "0.3": 0.04121682244706487, "0.35": 0.036954928087397226, "0.4": 0.033131805802325984}, "13": {"0": 1.0, "0.05": 0.24030782076993987, "0.1": 0.15664301568096986, "0.15": 0.11662486668297149, "0.2": 0.09281801995421124, "0.25": 0.07618343465451269, "0.3": 0.06403460013085288, "0.35": 0.05537252180912298, "0.4": 0.04840597361088374}, "14": {"0": 1.0, "0.05": 0.12790309515934745, "0.1": 0.05693926081153733, "0.15": 0.03188987215838499, "0.2": 0.019492688420409222, "0.25": 0.01273829014393241, "0.3": 0.008619165725261484, "0.35": 0.0060593542776069724, "0.4": 0.00441143447491438}, "15": {"0": 1.0,