{"fscore": {"0": {"0": 0.11396083236362174, "0.05": 0.03730001778744988, "0.1": 0.013602105299343381, "0.15": 0.003987857573190122, "0.2": 0.0014601120830080969, "0.25": 0.0006776219224461163, "0.3": 0.0002942827834566079, "0.35": 0.00013065751003040258, "0.4": 7.051235823718242e-05}, "1": {"0": 0.11396083236362174, "0.05": 0.029800431990276478, "0.1": 0.015396447730874674, "0.15": 0.009361953116255315, "0.2": 0.006168961379046534, "0.25": 0.004214221273107181, "0.3": 0.0028465369384339367, "0.35": 0.0019379614020954303, "0.4": 0.0013377204887235527}, "2": {"0": 0.11396083236362174, "0.05": 0.06215473353208508, "0.1": 0.03160734711308209, "0.15": 0.017630970991866175, "0.2": 0.010789476835047666, "0.25": 0.006881858035060575, "0.3": 0.004494773712760595, "0.35": 0.0029921415556188593, "0.4": 0.0020329787832349244}, "3": {"0": 0.11396083236362174, "0.05": 0.14336839398624932, "0.1": 0.07522988504971646, "0.15": 0.04110495056164247, "0.2": 0.01982138511377942, "0.25": 0.008915270467098092, "0.3": 0.004205185036339623, "0.35": 0.0023912861085412834, "0.4": 0.0014160861527209836}, "4": {"0": 0.11396083236362174, "0.05": 0.2541436972830138, "0.1": 0.2067598475301967, "0.15": 0.1774564273031668, "0.2": 0.15461559080328469, "0.25": 0.1354267180964669, "0.3": 0.11835546149368441, "0.35": 0.10253534765175197, "0.4": 0.08736857456423718}, "5": {"0": 0.11396083236362174, "0.05": 0.20441396068639506, "0.1": 0.1719547806240812, "0.15": 0.14414734924792472, "0.2": 0.12130013508516378, "0.25": 0.10230480963061347, "0.3": 0.08627110538072702, "0.35": 0.07296925294646703, "0.4": 0.060822118199935396}, "6": {"0": 0.11396083236362174, "0.05": 0.04183990110401602, "0.1": 0.012509654776353194, "0.15": 0.005659590246458019, "0.2": 0.0028649316429558034, "0.25": 0.00169966840172322, "0.3": 0.0009765720731442456, "0.35": 0.000663791016056999, "0.4": 0.00046104815588560996}, "7": {"0": 0.11396083236362174, "0.05": 0.2509399541987276, "0.1": 0.18714606418813187, "0.15": 0.15093587037728473, "0.2": 0.1264319400590572, "0.25": 0.10732830722473978, "0.3": 0.09086244841107231, "0.35": 0.07590732358894028, "0.4": 0.06261052833131976}, "8": {"0": 0.11396083236362174, "0.05": 0.23425795306183148, "0.1": 0.16026527520707418, "0.15": 0.11719906775717849, "0.2": 0.08393735905762281, "0.25": 0.055373871450886146, "0.3": 0.03321163419502103, "0.35": 0.018245417713279186, "0.4": 0.009698059506593902}, "9": {"0": 0.11396083236362174, "0.05": 0.10666849312540802, "0.1": 0.05107530764223547, "0.15": 0.028175978658502056, "0.2": 0.01796981309491496, "0.25": 0.012476577654407474, "0.3": 0.009528952216248564, "0.35": 0.007493830993925575, "0.4": 0.006158518837590601}, "10": {"0": 0.11396083236362174, "0.05": 0.046542036856164655, "0.1": 0.019793253711145653, "0.15": 0.010739479974629712, "0.2": 0.006497500158089569, "0.25": 0.0041419383882692375, "0.3": 0.002691289432530883, "0.35": 0.0017628816327913258, "0.4": 0.0011625822052790408}, "11": {"0": 0.11396083236362174, "0.05": 0.3027637660977058, "0.1": 0.2453385495952365, "0.15": 0.18784865149336, "0.2": 0.14179585677331585, "0.25": 0.10854767533369528, "0.3": 0.08410610976206265, "0.35": 0.06616850119488221, "0.4": 0.05205941748323114}, "12": {"0": 0.11396083236362174, "0.05": 0.05183300618603413, "0.1": 0.016678240805641086, "0.15": 0.0069900740066522376, "0.2": 0.003577827583636961, "0.25": 0.001976520430484183, "0.3": 0.0010480499976218292, "0.35": 0.0005388371207823135, "0.4": 0.00032882260678050626}, "13": {"0": 0.11396083236362174, "0.05": 0.07673187966692292, "0.1": 0.0340019287484687, "0.15": 0.019209985994370543, "0.2": 0.012251161050384641, "0.25": 0.008195877342261935, "0.3": 0.006022298343546746, "0.35": 0.004353259523505295, "0.4": 0.0031790106698660944}, "14": {"0": 0.11396083236362174, "0.05": 0.04428411533334965, "0.1": 0.009542900360910505, "0.15": 0.0027908693375441793, "0.2": 0.0009275248574572259, "0.25": 0.00031558352404543143, "0.3": 0.00012345739479109028, "0.35": 5.686317257357398e-05, "0.4": 3.2051282051282045e-06}, "15": {"0": 0.11396083236362174, "0.05": 0.2736595467574147, "0.1": 0.21427452999092975, "0.15": 0.1703631547216723, "0.2": 0.1371010425286168, "0.25": 0.10846529992053701, "0.3": 0.08415857921333882, "0.35": 0.06356465928088935, "0.4": 0.04665344164658337}}, "recall": {"0": {"0": 1.0, "0.05": 0.03175125681495426, "0.1": 0.008322285201664684, "0.15": 0.0022222690055371387, "0.2": 0.0007775955181006641, "0.25": 0.00035402517719529094, "0.3": 0.00015192140734506576, "0.35": 6.731740552441992e-05, "0.4": 3.601017932284128e-05}, "1": {"0": 1.0, "0.05": 0.020593205516120358, "0.1": 0.008999229260856889, "0.15": 0.005147844240223532, "0.2": 0.0032879081087897237, "0.25": 0.0022021731532895646, "0.3": 0.0014703293169705184, "0.35": 0.0009932525284015426, "0.4": 0.0006818732931862056}, "2": {"0": 1.0, "0.05": 0.05324578752105501, "0.1": 0.020884239081121678, "0.15": 0.010469751258675037, "0.2": 0.0060451040756117165, "0.25": 0.0037273758140494895, "0.3": 0.0023822328162388237, "0.35": 0.0015604068191078964, "0.4": 0.001050579789928243}, "3": {"0": 1.0, "0.05": 0.14510800958952486, "0.1": 0.05147949869794085, "0.15": 0.024007469201290134, "0.2": 0.010739101064028216, "0.25": 0.004658658068113675, "0.3": 0.0021565010810701145, "0.35": 0.0012178069413121546, "0.4": 0.0007177029091993988}, "4": {"0": 1.0, "0.05": 0.17493103611175417, "0.1": 0.12870800979435673, "0.15": 0.10472999975627992, "0.2": 0.08857531044540488, "0.25": 0.07606591127092044, "0.3": 0.06542863811159319, "0.35": 0.05586848250104339, "0.4": 0.046993383782644865}, "5": {"0": 1.0, "0.05": 0.15590591492211575, "0.1": 0.11203023698918924, "0.15": 0.08734894088542376, "0.2": 0.07035598811158526, "0.25": 0.05760449161758516, "0.3": 0.04750732006782877, "0.35": 0.03951480542929266, "0.4": 0.03248476079268351}, "6": {"0": 1.0, "0.05": 0.028115137662250135, "0.1": 0.006972886575761239, "0.15": 0.0030071316555763923, "0.2": 0.0014894061008118799, "0.25": 0.0008712004956543272, "0.3": 0.0004965131063167168, "0.35": 0.0003364408663269897, "0.4": 0.00023297350224708128}, "7": {"0": 1.0, "0.05": 0.18962163467853987, "0.1": 0.11960682835859979, "0.15": 0.08988596818690667, "0.2": 0.07231518958676533, "0.25": 0.059760616691212166, "0.3": 0.049580202141556576, "0.35": 0.04075660236034486, "0.4": 0.03318198703841462}, "8": {"0": 1.0, "0.05": 0.169237571605713, "0.1": 0.09657278870378502, "0.15": 0.06633155466282077, "0.2": 0.045793348163528015, "0.25": 0.02942351683072546, "0.3": 0.017307144069610588, "0.35": 0.009378648492874671, "0.4": 0.004945615725944328}, "9": {"0": 1.0, "0.05": 0.07460058797432327, "0.1": 0.028632226097391595, "0.15": 0.014877156459721303, "0.2": 0.00926233026535929, "0.25": 0.006356178346011745, "0.3": 0.004826731807938439, "0.35": 0.0037845821270379018, "0.4": 0.003105873568538575}, "10": {"0": 1.0, "0.05": 0.03672001562270738, "0.1": 0.013807379832079851, "0.15": 0.007028461541340324, "0.2": 0.004074794076614752, "0.25": 0.0025126851023689364, "0.3": 0.001593334194964189, "0.35": 0.0010211064263388615, "0.4": 0.0006623317018782313}, "11": {"0": 1.0, "0.05": 0.29011137020930033, "0.1": 0.18906925188913049, "0.15": 0.12975174469441633, "0.2": 0.09082187773432757, "0.25": 0.06583852212064224, "0.3": 0.04891153708622948, "0.35": 0.03725749267089976, "0.4": 0.028550569275288217}, "12": {"0": 1.0, "0.05": 0.03463379935258509, "0.1": 0.009411113450354227, "0.15": 0.003785561971010479, "0.2": 0.0019059327301333435, "0.25": 0.0010437053061225228, "0.3": 0.0005505095664966631, "0.35": 0.000281109044370223, "0.4": 0.00017067909698569101}, "13": {"0": 1.0, "0.05": 0.04637138367256939, "0.1": 0.018668227830477818, "0.15": 0.01017354927576843, "0.2": 0.0063759257356249335, "0.25": 0.0042211717920704345, "0.3": 0.003081029273755961, "0.35": 0.0022175861819202984, "0.4": 0.0016153967117901822}, "14": {"0": 1.0, "0.05": 0.02780495105682895, "0.1": 0.005050899306630012, "0.15": 0.0014216907411201453, "0.2": 0.00046922843575790494,