{"fscore": {"0": {"0": 0.11417351046670698, "0.05": 0.18615077836719102, "0.1": 0.12902488006691723, "0.15": 0.08272227313420935, "0.2": 0.053039129269108205, "0.25": 0.03429306704425181, "0.3": 0.022566048475261148, "0.35": 0.014580958999619885, "0.4": 0.009362253248913795}, "1": {"0": 0.11417351022905459, "0.05": 0.0796100889933144, "0.1": 0.03849287623103526, "0.15": 0.020977196176591793, "0.2": 0.012538799515565194, "0.25": 0.007548056840860193, "0.3": 0.0043904265107287945, "0.35": 0.0025857839524393955, "0.4": 0.0013518126459528435}, "2": {"0": 0.11419925946822487, "0.05": 0.12920560143008306, "0.1": 0.1135277165728982, "0.15": 0.10335273086827938, "0.2": 0.0953786186634379, "0.25": 0.08946214087397454, "0.3": 0.08439971513186895, "0.35": 0.07995785805633748, "0.4": 0.07572084153838271}, "3": {"0": 0.11417351022905459, "0.05": 0.050775644916655864, "0.1": 0.02545723671912675, "0.15": 0.013769710928481366, "0.2": 0.007684849878262485, "0.25": 0.004295847307410492, "0.3": 0.002504378675276853, "0.35": 0.001350663066298037, "0.4": 0.0007364147959589011}, "4": {"0": 0.11417351022905459, "0.05": 0.06248463582104657, "0.1": 0.019244912871444197, "0.15": 0.008473311302879828, "0.2": 0.004625463001884729, "0.25": 0.0029405559098027024, "0.3": 0.0018819575316939027, "0.35": 0.0012653771429458629, "0.4": 0.0008080669285059834}, "5": {"0": 0.11417351022905459, "0.05": 0.12497567968156544, "0.1": 0.060654267147325934, "0.15": 0.033292528948716746, "0.2": 0.020353612920942107, "0.25": 0.012980422245869386, "0.3": 0.008322591656345003, "0.35": 0.005424739061590171, "0.4": 0.003497331836075449}, "6": {"0": 0.1173730044852142, "0.05": 0.25938953659862296, "0.1": 0.25570358008675625, "0.15": 0.2453409902768024, "0.2": 0.23416090601010014, "0.25": 0.22368069328372783, "0.3": 0.2096405698882515, "0.35": 0.19863038695169408, "0.4": 0.1911413972588103}, "7": {"0": 0.1141736957028923, "0.05": 0.1613367773265636, "0.1": 0.09979328234376364, "0.15": 0.06207597781833483, "0.2": 0.041141758582003744, "0.25": 0.028497947267815488, "0.3": 0.020429925396277686, "0.35": 0.01524648238856707, "0.4": 0.011859557940655243}, "8": {"0": 0.11417307129324375, "0.05": 0.0624825007720464, "0.1": 0.028743246199630264, "0.15": 0.014822805379561436, "0.2": 0.008436126608826243, "0.25": 0.005254670777307598, "0.3": 0.003446449923556591, "0.35": 0.0024595519342560505, "0.4": 0.0019425657524084286}, "9": {"0": 0.11417379885042866, "0.05": 0.1378055839102525, "0.1": 0.07603721206448974, "0.15": 0.04426084075457041, "0.2": 0.028103485317781143, "0.25": 0.01899438756043274, "0.3": 0.01343567120786966, "0.35": 0.010080140024281918, "0.4": 0.007741460688594735}, "10": {"0": 0.11417351022905459, "0.05": 0.08673396667659737, "0.1": 0.04164974280326686, "0.15": 0.021222088480752587, "0.2": 0.011698929367956901, "0.25": 0.007000436732607345, "0.3": 0.004249488294784705, "0.35": 0.0027818153932803887, "0.4": 0.0019497684114119936}, "11": {"0": 0.11417351022905459, "0.05": 0.020466833252231725, "0.1": 0.0030856297566844177, "0.15": 0.0004645848841748752, "0.2": 9.774924957911577e-05, "0.25": 6.705861096884671e-06, "0.3": 3.7360830904879324e-06, "0.35": 0.0, "0.4": 0.0}, "12": {"0": 0.11417351022905459, "0.05": 0.03744932024231801, "0.1": 0.011421411965023831, "0.15": 0.003683576754182127, "0.2": 0.0014816131936840463, "0.25": 0.0006516260099776005, "0.3": 0.00027772012273544086, "0.35": 0.0001169132709242597, "0.4": 6.29418286852665e-05}, "13": {"0": 0.11417351022905459, "0.05": 0.06207589952898148, "0.1": 0.01607217247723858, "0.15": 0.00472905653923487, "0.2": 0.0015172621097029042, "0.25": 0.0006811538523957556, "0.3": 0.00030355265780541383, "0.35": 0.00012013572680153978, "0.4": 6.731898328192495e-05}, "14": {"0": 0.11417351022905459, "0.05": 0.08897298606411777, "0.1": 0.05170001005317484, "0.15": 0.024665507108993633, "0.2": 0.011354094723300193, "0.25": 0.004891819203054941, "0.3": 0.002149972610659708, "0.35": 0.0008401472809496041, "0.4": 0.0003367115665120533}, "15": {"0": 0.11417351022905459, "0.05": 0.13895334443431828, "0.1": 0.07670126287357323, "0.15": 0.04750730674082075, "0.2": 0.031243119054734786, "0.25": 0.02026109862515958, "0.3": 0.012611511906108541, "0.35": 0.007640776533936571, "0.4": 0.0046070062099567415}}, "recall": {"0": {"0": 1.0, "0.05": 0.19989586054320638, "0.1": 0.09410330563226184, "0.15": 0.05080401915004446, "0.2": 0.029834912568557907, "0.25": 0.018386560420549466, "0.3": 0.011796178846558099, "0.35": 0.007511940619015354, "0.4": 0.004780285057912381}, "1": {"0": 1.0, "0.05": 0.07439923965070526, "0.1": 0.024860598906393236, "0.15": 0.011975558466824205, "0.2": 0.006797683368842209, "0.25": 0.003993699880011764, "0.3": 0.0022907028433730905, "0.35": 0.001336644631722076, "0.4": 0.0006938115959455668}, "2": {"0": 0.9946468151973681, "0.05": 0.12819405979352452, "0.1": 0.09067609757653007, "0.15": 0.07418235034540924, "0.2": 0.06406866711203484, "0.25": 0.05735023291927498, "0.3": 0.052226247476189154, "0.35": 0.048097199375069455, "0.4": 0.04451046558083189}, "3": {"0": 1.0, "0.05": 0.04977304216933176, "0.1": 0.01882048862601589, "0.15": 0.008965812000844262, "0.2": 0.004653459184158188, "0.25": 0.0024800853943652466, "0.3": 0.0014050556636920014, "0.35": 0.0007404858510189348, "0.4": 0.00039819582303333154}, "4": {"0": 1.0, "0.05": 0.05960730716709046, "0.1": 0.012648477031069954, "0.15": 0.004922642373353888, "0.2": 0.0025451783966275294, "0.25": 0.0015729157755830366, "0.3": 0.0009886319408263843, "0.35": 0.0006575329742714213, "0.4": 0.00041663029348173287}, "5": {"0": 1.0, "0.05": 0.12243670721644682, "0.1": 0.038607602479979866, "0.15": 0.018490406669878633, "0.2": 0.010747996465266434, "0.25": 0.006707966135418912, "0.3": 0.0042541301811259155, "0.35": 0.0027572421010384285, "0.4": 0.0017701060169885271}, "6": {"0": 0.9944707022395854, "0.05": 0.21941294629809183, "0.1": 0.1891584895886009, "0.15": 0.16961182948824804, "0.2": 0.15446959225451132, "0.25": 0.1413848385488332, "0.3": 0.12937438695659514, "0.35": 0.121053349958529, "0.4": 0.11540125946190981}, "7": {"0": 0.9999939041307261, "0.05": 0.16367756477958403, "0.1": 0.0663194244193022, "0.15": 0.035649137500625344, "0.2": 0.022175941053988943, "0.25": 0.014921392609834402, "0.3": 0.010537640896885204, "0.35": 0.007802748101759634, "0.4": 0.006039031322691266}, "8": {"0": 0.9999887465074205, "0.05": 0.06141485451784734, "0.1": 0.019810652281313106, "0.15": 0.008898664726028613, "0.2": 0.00474783458236035, "0.25": 0.002854393546399183, "0.3": 0.0018323927194756283, "0.35": 0.0012913134206363837, "0.4": 0.001010647396153571}, "9": {"0": 1.0, "0.05": 0.13964642823794005, "0.1": 0.05189263365101987, "0.15": 0.02602513536541693, "0.2": 0.015443934665106527, "0.25": 0.010082582368789004, "0.3": 0.007001761482140441, "0.35": 0.0051979509527332775, "0.4": 0.00396483518764435}, "10": {"0": 1.0, "0.05": 0.08194470871773972, "0.1": 0.026623932456280745, "0.15": 0.011948339103005582, "0.2": 0.0062779288001358095, "0.25": 0.0036722073351108, "0.3": 0.0022067285307144744, "0.35": 0.0014353491629199445, "0.4": 0.0010006085520102386}, "11": {"0": 1.0, "0.05": 0.017922443926932898, "0.1": 0.0018668116364869856, "0.15": 0.00026441166849893626, "0.2": 5.3427540420276816e-05, "0.25": 3.5507286356106205e-06, "0.3": 1.910497034908602e-06, "0.35": 0.0, "0.4": 0.0}, "12": {"0": 1.0, "0.05": 0.033328579096416754, "0.1": 0.007231958154455783, "0.15": 0.0021016061398986107, "0.2": 0.0008153303824549242, "0.25": 0.00035187841295905386, "0.3": 0.00014733799934295728, "0.35": 6.1623288068314e-05, "0.4": 3.331373652901701e-05}, "13": {"0": 1.0, "0.05": 0.055763649901182655, "0.1": 0.009542950019731525, "0.15": 0.0025394700204501024, "0.2": 0.0007906366486001826, "0.25": 0.0003533475794024234, "0.3": 0.00015680319211945496, "0.35": 6.177558122706065e-05, "0.4": 3.45100542191614e-05}, "14": {"0": 1.0, "0.05": 0.09866069791464266, "0.1": 0.034710098335842314, "0.15": 0.01404760804738902, "0.2": 0.006092379822772533,