{"fscore": {"0": {"0": 0.0958002684513562, "0.05": 0.12986237248939622, "0.1": 0.07712197862571256, "0.15": 0.051748420459580925, "0.2": 0.038499611296064315, "0.25": 0.03133726967880231, "0.3": 0.026976595149331255, "0.35": 0.024193078916236992, "0.4": 0.022343688597224434}, "1": {"0": 0.0958002684513562, "0.05": 0.09309596315681654, "0.1": 0.03873801918027548, "0.15": 0.021614217258059655, "0.2": 0.017509489624604333, "0.25": 0.017211843199258902, "0.3": 0.017613183062335756, "0.35": 0.017673196877672128, "0.4": 0.016725571734330067}, "2": {"0": 0.0958002684513562, "0.05": 0.05112238442587119, "0.1": 0.035994596451337776, "0.15": 0.02966317313199518, "0.2": 0.02604777813966427, "0.25": 0.023803263249676285, "0.3": 0.02229635605229383, "0.35": 0.021097330286868474, "0.4": 0.020303107352664}, "3": {"0": 0.0958002684513562, "0.05": 0.1361157589762918, "0.1": 0.10783036195454915, "0.15": 0.0887591110619112, "0.2": 0.07574493987228394, "0.25": 0.06564381197701892, "0.3": 0.05760892729152151, "0.35": 0.05133891979529409, "0.4": 0.046631333660156274}, "4": {"0": 0.0958002684513562, "0.05": 0.06536965740538565, "0.1": 0.03685362629858619, "0.15": 0.026826784458486068, "0.2": 0.022668455940063954, "0.25": 0.02050195458252971, "0.3": 0.019264499370553387, "0.35": 0.018691313124260603, "0.4": 0.018326665849822135}, "5": {"0": 0.0958002684513562, "0.05": 0.08279768006178337, "0.1": 0.04697072246251016, "0.15": 0.03253373894793342, "0.2": 0.02569856945614372, "0.25": 0.02258892436902047, "0.3": 0.02110781963987844, "0.35": 0.020436552519490187, "0.4": 0.019979986789668603}, "6": {"0": 0.0958002684513562, "0.05": 0.09540149979870008, "0.1": 0.0472669190383833, "0.15": 0.031088842084141245, "0.2": 0.024146820436744112, "0.25": 0.021073761680836103, "0.3": 0.019607211768364607, "0.35": 0.018839994023898226, "0.4": 0.018563562173304005}, "7": {"0": 0.0958002684513562, "0.05": 0.15668936267560282, "0.1": 0.0882093525023747, "0.15": 0.05713791022969664, "0.2": 0.040953411515249706, "0.25": 0.032096983821213905, "0.3": 0.02665691289864676, "0.35": 0.023346617394581687, "0.4": 0.020981176461864155}, "8": {"0": 0.0958002684513562, "0.05": 0.058712360933255825, "0.1": 0.03588107690143788, "0.15": 0.026814732349419557, "0.2": 0.02242756728918205, "0.25": 0.020061695020388955, "0.3": 0.01874797521972817, "0.35": 0.018019822747772207, "0.4": 0.017533728473764394}, "9": {"0": 0.0958002684513562, "0.05": 0.052892032190047365, "0.1": 0.031983489052668984, "0.15": 0.02377480785110957, "0.2": 0.020849119460414862, "0.25": 0.019690369790003485, "0.3": 0.019160901517778613, "0.35": 0.0188965090763069, "0.4": 0.01869307576554314}, "10": {"0": 0.0958002684513562, "0.05": 0.08461761141067639, "0.1": 0.06825817774953315, "0.15": 0.05715382053048962, "0.2": 0.04816557724392682, "0.25": 0.04039510104490226, "0.3": 0.03452952934040551, "0.35": 0.029833118342840227, "0.4": 0.026161455246581925}, "11": {"0": 0.0958002684513562, "0.05": 0.018079506586968372, "0.1": 0.016640431568938224, "0.15": 0.016457765149815073, "0.2": 0.016525443606541915, "0.25": 0.016582223539464, "0.3": 0.016647470629675254, "0.35": 0.016712045976561708, "0.4": 0.016784489098263418}, "12": {"0": 0.0958002684513562, "0.05": 0.020218331001346786, "0.1": 0.017274218973363665, "0.15": 0.0167935627393472, "0.2": 0.016685129798568395, "0.25": 0.016644333635093243, "0.3": 0.016650232322710325, "0.35": 0.016676078504487414, "0.4": 0.016726538610973927}, "13": {"0": 0.0958002684513562, "0.05": 0.06952220943085506, "0.1": 0.03913370000121204, "0.15": 0.027824700721271172, "0.2": 0.02296824919211734, "0.25": 0.020582593944822702, "0.3": 0.019466444640966463, "0.35": 0.01874468002807593, "0.4": 0.01845088856676594}, "14": {"0": 0.0958002684513562, "0.05": 0.05354244971645782, "0.1": 0.04110190416871327, "0.15": 0.03512913547924514, "0.2": 0.031191748969977562, "0.25": 0.028748018167184308, "0.3": 0.026776505039649415, "0.35": 0.025330290397764358, "0.4": 0.024521906012488562}, "15": {"0": 0.0958002684513562, "0.05": 0.14949798154864002, "0.1": 0.11988139771093453, "0.15": 0.10238914750120214, "0.2": 0.09031609130808389, "0.25": 0.08076190083219902, "0.3": 0.07274898426095024, "0.35": 0.06612206009748878, "0.4": 0.06030103790381531}}, "recall": {"0": {"0": 0.4647533172052178, "0.05": 0.11154748957419017, "0.1": 0.05506542979917485, "0.15": 0.03466180420967894, "0.2": 0.024970057979321787, "0.25": 0.019904793132655214, "0.3": 0.016870560401814692, "0.35": 0.014923688664724155, "0.4": 0.013605845886019622}, "1": {"0": 0.4647533172052178, "0.05": 0.09382429683424848, "0.1": 0.03170555936010666, "0.15": 0.01611450602618657, "0.2": 0.012175747445005937, "0.25": 0.011244982877388584, "0.3": 0.010873734931426621, "0.35": 0.010377209034522479, "0.4": 0.009425824595933068}, "2": {"0": 0.4647533172052178, "0.05": 0.039111154161133886, "0.1": 0.025243832131259025, "0.15": 0.020191791293517215, "0.2": 0.017455176206898463, "0.25": 0.01578958995241886, "0.3": 0.014659606576818196, "0.35": 0.013757145790172677, "0.4": 0.013130569272986134}, "3": {"0": 0.4647533172052178, "0.05": 0.1339417716357786, "0.1": 0.08524994862047652, "0.15": 0.06260824825685805, "0.2": 0.04969038900742754, "0.25": 0.0408968711139416, "0.3": 0.03446962468358143, "0.35": 0.029757756029520896, "0.4": 0.026341304444319362}, "4": {"0": 0.4647533172052178, "0.05": 0.05170019139838911, "0.1": 0.025622292021159593, "0.15": 0.017963486774403355, "0.2": 0.01491901251404548, "0.25": 0.013324594043022537, "0.3": 0.012381701604556669, "0.35": 0.011874261257212582, "0.4": 0.011500175265717507}, "5": {"0": 0.4647533172052178, "0.05": 0.07756355910570387, "0.1": 0.03484474641665038, "0.15": 0.022059967879935773, "0.2": 0.01651202198256139, "0.25": 0.013950433943122828, "0.3": 0.012617601155320663, "0.35": 0.011873221006639244, "0.4": 0.01131795014677839}, "6": {"0": 0.4647533172052178, "0.05": 0.08146159737872954, "0.1": 0.03359222636922574, "0.15": 0.020890607086044153, "0.2": 0.01577076790285749, "0.25": 0.013480870630382225, "0.3": 0.012312964000409569, "0.35": 0.01159132343185797, "0.4": 0.01117389557510524}, "7": {"0": 0.4647533172052178, "0.05": 0.1432890150546867, "0.1": 0.0674289382985412, "0.15": 0.04063113403883341, "0.2": 0.027999276768609988, "0.25": 0.021370940882364447, "0.3": 0.017380023190779186, "0.35": 0.014939318106691316, "0.4": 0.013185341013436033}, "8": {"0": 0.4647533172052178, "0.05": 0.044381219970191364, "0.1": 0.025021001211860273, "0.15": 0.018200937763774058, "0.2": 0.015014268829960199, "0.25": 0.013319241106665174, "0.3": 0.012378671942771334, "0.35": 0.011836559459581909, "0.4": 0.011462184608961201}, "9": {"0": 0.4647533172052178, "0.05": 0.05114056776372389, "0.1": 0.024658310091034506, "0.15": 0.01663919154273018, "0.2": 0.013790130060047883, "0.25": 0.012533987727990588, "0.3": 0.011841414079638724, "0.35": 0.011394301847920757, "0.4": 0.01103051557973149}, "10": {"0": 0.4647533172052178, "0.05": 0.08646098630844684, "0.1": 0.05637828834168586, "0.15": 0.04252423819729331, "0.2": 0.03344302822727676, "0.25": 0.02654225098675342, "0.3": 0.02168243502176292, "0.35": 0.0180226513250753, "0.4": 0.015289533206889165}, "11": {"0": 0.4647533172052178, "0.05": 0.012840578221190179, "0.1": 0.011372066265624748, "0.15": 0.011070216216729394, "0.2": 0.011012650132601614, "0.25": 0.010983144935993498, "0.3": 0.0109752427860011, "0.35": 0.010969115117243928, "0.4": 0.010967669123971362}, "12": {"0": 0.4647533172052178, "0.05": 0.014255986949757058, "0.1": 0.011621238952000281, "0.15": 0.011180385112562268, "0.2": 0.011059189906587762, "0.25": 0.011003194382003785, "0.3": 0.010981150226750069, "0.35": 0.010971150587498842, "0.4": 0.010968366308847732}, "13": {"0": 0.4647533172052178, "0.05": 0.056627115849177595, "0.1": 0.0278976781845427, "0.15": 0.018992636177633488, "0.2": 0.015341823596721245, "0.25": 0.013539943067213882, "0.3": 0.012644648525006186, "0.35": 0.01202307746212919, "0.4": 0.01167875507123847}, "14": {"0": 0.4647533172052178,