{"fscore": {"0": {"0": 0.1141735110664231, "0.05": 0.09856651879771844, "0.1": 0.05316421407917141, "0.15": 0.03166824136047817, "0.2": 0.020730517085960177, "0.25": 0.012860481666705718, "0.3": 0.006580219894016984, "0.35": 0.003000550522205378, "0.4": 0.0015083407337129248}, "1": {"0": 0.11417351210492308, "0.05": 0.1773755069135954, "0.1": 0.09758466988751466, "0.15": 0.05612713324865263, "0.2": 0.03602071622159697, "0.25": 0.024483059932392824, "0.3": 0.01708899531676016, "0.35": 0.01231963893022089, "0.4": 0.009191380256760494}, "2": {"0": 0.11418556612784246, "0.05": 0.0857936933491828, "0.1": 0.053414531793075745, "0.15": 0.036559234426306826, "0.2": 0.02411460143738505, "0.25": 0.014291642755726221, "0.3": 0.008620861882467664, "0.35": 0.0056425191216568915, "0.4": 0.0038171052028428028}, "3": {"0": 0.11417351022905459, "0.05": 0.03025107359023345, "0.1": 0.00626646141386488, "0.15": 0.002039185800444586, "0.2": 0.0006815722413260339, "0.25": 0.0002819052896853781, "0.3": 0.00011767246903340464, "0.35": 7.042943836342465e-05, "0.4": 9.087769679565243e-06}, "4": {"0": 0.11451924734464834, "0.05": 0.2570706848072653, "0.1": 0.22180704681907043, "0.15": 0.19244055708477154, "0.2": 0.16941568423860276, "0.25": 0.14947049374765042, "0.3": 0.13180049030962254, "0.35": 0.11666514210882045, "0.4": 0.10385460791756754}, "5": {"0": 0.11417351022905459, "0.05": 0.14646617335890494, "0.1": 0.08356352196687049, "0.15": 0.05374012808498725, "0.2": 0.036255721123230396, "0.25": 0.02595815670164786, "0.3": 0.018948785863246418, "0.35": 0.013397771425435728, "0.4": 0.009350253162021316}, "6": {"0": 0.11417450078276833, "0.05": 0.08846354728847294, "0.1": 0.04468424400919029, "0.15": 0.027195098852315556, "0.2": 0.018729923596591903, "0.25": 0.01419371630491933, "0.3": 0.011392106511399373, "0.35": 0.009425999844809142, "0.4": 0.008206307931421674}, "7": {"0": 0.11437884840099967, "0.05": 0.2271892010527258, "0.1": 0.18495002125487234, "0.15": 0.15212370556062046, "0.2": 0.12737009106137118, "0.25": 0.10860353518734676, "0.3": 0.0938400529378371, "0.35": 0.08113736737559264, "0.4": 0.06975967686741277}, "8": {"0": 0.11475518099621129, "0.05": 0.021964745803802983, "0.1": 0.013578375629833698, "0.15": 0.009018321903636588, "0.2": 0.006580809479077015, "0.25": 0.005160012973108545, "0.3": 0.00430842243915366, "0.35": 0.003582967602131109, "0.4": 0.0029643352464201957}, "9": {"0": 0.11417415283381156, "0.05": 0.24834911419385572, "0.1": 0.1766324712277037, "0.15": 0.12865635954011279, "0.2": 0.0964011718324838, "0.25": 0.07374430320661339, "0.3": 0.05804140281617723, "0.35": 0.046416348191038376, "0.4": 0.03792562416095603}, "10": {"0": 0.11727303150352034, "0.05": 0.27733176391442665, "0.1": 0.2710096487698761, "0.15": 0.2667903558739609, "0.2": 0.2558563667710595, "0.25": 0.235646638046285, "0.3": 0.21457240720464052, "0.35": 0.19234140242756198, "0.4": 0.1709032455609898}, "11": {"0": 0.11417438045396, "0.05": 0.1826064269312146, "0.1": 0.10079522166867752, "0.15": 0.06339393786458557, "0.2": 0.043286115464227407, "0.25": 0.031184300278291756, "0.3": 0.0231453896882026, "0.35": 0.017644625650950894, "0.4": 0.013700246729457868}, "12": {"0": 0.11417351022905459, "0.05": 0.029620192580802535, "0.1": 0.007649608832200207, "0.15": 0.0024120696805759994, "0.2": 0.0009578451661561141, "0.25": 0.0004088979926870904, "0.3": 0.00017082107227738482, "0.35": 0.00010541095049386493, "0.4": 7.561538649578849e-05}, "13": {"0": 0.11684465145419631, "0.05": 0.05325151885349476, "0.1": 0.03970388643458101, "0.15": 0.028706344129020147, "0.2": 0.020470000564642304, "0.25": 0.014413988257148383, "0.3": 0.010339544027617038, "0.35": 0.00762128653220715, "0.4": 0.005842258729374889}, "14": {"0": 0.11417495487497244, "0.05": 0.19136656941819274, "0.1": 0.12583661530596674, "0.15": 0.09606131885222755, "0.2": 0.07986307822266485, "0.25": 0.06913881048231943, "0.3": 0.061507292739618746, "0.35": 0.05541285005310803, "0.4": 0.05036469497417816}, "15": {"0": 0.1141842096967402, "0.05": 0.17131441490781565, "0.1": 0.13598030198698416, "0.15": 0.10577934723405492, "0.2": 0.08280988790738857, "0.25": 0.06585700367284553, "0.3": 0.051915250231078805, "0.35": 0.041046542823840855, "0.4": 0.03303049371550251}}, "recall": {"0": {"0": 1.0, "0.05": 0.09288819719301317, "0.1": 0.03444734010927059, "0.15": 0.018236306732334805, "0.2": 0.011332868262900263, "0.25": 0.006836378835197892, "0.3": 0.0034366129151092582, "0.35": 0.0015425558679358097, "0.4": 0.0007677190594650203}, "1": {"0": 1.0, "0.05": 0.1748351133696959, "0.1": 0.06355140501827301, "0.15": 0.03145536940586663, "0.2": 0.019100718490587427, "0.25": 0.012689436866057238, "0.3": 0.008754679187902719, "0.35": 0.006273678742254121, "0.4": 0.004666313866804097}, "2": {"0": 0.9999973924085669, "0.05": 0.10089382514100621, "0.1": 0.04162014641311304, "0.15": 0.023313262544492775, "0.2": 0.013822774372866988, "0.25": 0.007734692244976025, "0.3": 0.004518495609898955, "0.35": 0.0029191693465183137, "0.4": 0.001959029175555598}, "3": {"0": 1.0, "0.05": 0.02474582941229325, "0.1": 0.003540707212987421, "0.15": 0.0010877822163943894, "0.2": 0.0003566230176017507, "0.25": 0.0001456595759638672, "0.3": 6.062279446013444e-05, "0.35": 3.645439674475726e-05, "0.4": 4.735879973857943e-06}, "4": {"0": 0.999816107699657, "0.05": 0.22864720011035414, "0.1": 0.15610247429880567, "0.15": 0.12284111269078767, "0.2": 0.1026661929425948, "0.25": 0.08761682839367557, "0.3": 0.07534883488430345, "0.35": 0.06547733195169471, "0.4": 0.05745569077607119}, "5": {"0": 1.0, "0.05": 0.1302669472118118, "0.1": 0.05042116707183341, "0.15": 0.029233563410094785, "0.2": 0.019033773615649757, "0.25": 0.013413883258505267, "0.3": 0.009704186161210042, "0.35": 0.006826952815779498, "0.4": 0.004750467026204731}, "6": {"0": 1.0, "0.05": 0.08107923897778051, "0.1": 0.028241719439764237, "0.15": 0.015227995919733223, "0.2": 0.009977091277532171, "0.25": 0.00739815055730825, "0.3": 0.005871673501681615, "0.35": 0.004825401052978263, "0.4": 0.004183209652056776}, "7": {"0": 0.9999360040842661, "0.05": 0.22951889611328363, "0.1": 0.14963467156769544, "0.15": 0.10969717051146376, "0.2": 0.08525131898760523, "0.25": 0.06894163772377165, "0.3": 0.05724771687738733, "0.35": 0.04795688253553121, "0.4": 0.04015110477070567}, "8": {"0": 0.9754945260166373, "0.05": 0.019307998643228918, "0.1": 0.00993927938268164, "0.15": 0.0059893128482161875, "0.2": 0.004100720045173187, "0.25": 0.0030871135431961533, "0.3": 0.002503017501099287, "0.35": 0.0020399601601781467, "0.4": 0.0016616417034843733}, "9": {"0": 1.0, "0.05": 0.25896864972905537, "0.1": 0.132584219198736, "0.15": 0.08329919874035799, "0.2": 0.05758345596404057, "0.25": 0.04196811950553154, "0.3": 0.03204934263500207, "0.35": 0.025109071242108816, "0.4": 0.020220944341546435}, "10": {"0": 0.9982920516269911, "0.05": 0.23764848882406772, "0.1": 0.2113784772746135, "0.15": 0.19330864020151567, "0.2": 0.17596622715462054, "0.25": 0.15572953848403287, "0.3": 0.13743802377359657, "0.35": 0.11987035951214436, "0.4": 0.1038980984432503}, "11": {"0": 0.9999995468362828, "0.05": 0.1516190486570792, "0.1": 0.06464786095782975, "0.15": 0.03723581851832739, "0.2": 0.024312987432320497, "0.25": 0.017057242634243762, "0.3": 0.012436433817004626, "0.35": 0.009357753260362527, "0.4": 0.007192944938262303}, "12": {"0": 1.0, "0.05": 0.0288516261019456, "0.1": 0.005569910009748182, "0.15": 0.001534120528664066, "0.2": 0.0005647155943725999, "0.25": 0.0002327788743342813, "0.3": 9.583141907811494e-05, "0.35": 5.7992637990487774e-05, "0.4": 4.0316359161587046e-05}, "13": {"0": 0.9788166627412921, "0.05": 0.04732718058117766, "0.1": 0.0295521293700602, "0.15": 0.01960027727116013, "0.2": 0.013227940959877178, "0.25": 0.008926735184224202, "0.3": 0.006187418244332158, "0.35": 0.00443597067653787, "0.4": 0.0033283324361207283}, "14": {"0": 1.0, "0.05": 0.16695697143375743, "0.1": 0.08381011815554815, "0.15": 0.057515550373892874,