{"fscore": {"0": {"0": 0.11396083236362174, "0.05": 0.08494070180728237, "0.1": 0.019332458465974575, "0.15": 0.004193303740925216, "0.2": 0.0009689846088742066, "0.25": 0.0002630004682295241, "0.3": 0.00010314747879841848, "0.35": 5.108389622239255e-05, "0.4": 2.389899277901199e-05}, "1": {"0": 0.11396083236362174, "0.05": 0.07379063674165677, "0.1": 0.013048032834319708, "0.15": 0.0026096572821873386, "0.2": 0.000603821780232413, "0.25": 0.00016972269795924796, "0.3": 6.48008943043728e-05, "0.35": 2.153939222364718e-05, "0.4": 3.0217338884420363e-06}, "2": {"0": 0.11396083236362174, "0.05": 0.011397241409534908, "0.1": 0.0015064822850181317, "0.15": 0.00032408518163700963, "0.2": 0.00011449004064874931, "0.25": 5.038948090496997e-05, "0.3": 1.9804232321075486e-05, "0.35": 1.5117157974300832e-06, "0.4": 0.0}, "3": {"0": 0.11396083236362174, "0.05": 0.20148235848429177, "0.1": 0.13511168025579826, "0.15": 0.09121835397856766, "0.2": 0.06184119793032031, "0.25": 0.04235770027957458, "0.3": 0.029330675254385322, "0.35": 0.020065605068355453, "0.4": 0.013705717837385754}, "4": {"0": 0.11396083236362174, "0.05": 0.10742886257583265, "0.1": 0.06661556759018149, "0.15": 0.04500151257817101, "0.2": 0.031574003436798115, "0.25": 0.02264350380316488, "0.3": 0.015996614537539967, "0.35": 0.011041028097885033, "0.4": 0.007624285446629375}, "5": {"0": 0.11396083236362174, "0.05": 0.189604078074629, "0.1": 0.12891021068840514, "0.15": 0.09019082647295287, "0.2": 0.06476604140224042, "0.25": 0.048411192759107574, "0.3": 0.0370862629344127, "0.35": 0.028658307427864, "0.4": 0.022199430451633573}, "6": {"0": 0.11396083236362174, "0.05": 0.10873785391263864, "0.1": 0.03464456147777641, "0.15": 0.011810973378073512, "0.2": 0.0045221825743973, "0.25": 0.0019299270895042663, "0.3": 0.0010022647435230325, "0.35": 0.0004216907490152092, "0.4": 0.00022888518719640184}, "7": {"0": 0.11396083236362174, "0.05": 0.21101944005616585, "0.1": 0.13570315758917822, "0.15": 0.09353022777133592, "0.2": 0.06770860327183527, "0.25": 0.049818524508430724, "0.3": 0.037162918567549295, "0.35": 0.027796281516189323, "0.4": 0.020999396135113882}, "8": {"0": 0.11396083236362174, "0.05": 0.3337606466200872, "0.1": 0.2792358546425802, "0.15": 0.23210019052668504, "0.2": 0.19383261654063502, "0.25": 0.16281729146753404, "0.3": 0.1363934895516817, "0.35": 0.11406505741741219, "0.4": 0.09542065554778209}, "9": {"0": 0.11396083236362174, "0.05": 0.12384755289521583, "0.1": 0.05660141309738794, "0.15": 0.028803245331832025, "0.2": 0.01576462328439888, "0.25": 0.009281017584815095, "0.3": 0.005890039186158573, "0.35": 0.0036366926547407945, "0.4": 0.0022851054384655204}, "10": {"0": 0.11396083236362174, "0.05": 0.2514911147812826, "0.1": 0.1368749701836988, "0.15": 0.0783438965390167, "0.2": 0.04737625604985105, "0.25": 0.029125058772631135, "0.3": 0.0185843355453277, "0.35": 0.011936286582963829, "0.4": 0.007985645893931892}, "11": {"0": 0.11396083236362174, "0.05": 0.3215585187298572, "0.1": 0.28393893121481095, "0.15": 0.22227864475817985, "0.2": 0.16062129371254535, "0.25": 0.1054773538797765, "0.3": 0.06381486688709712, "0.35": 0.03635296027747024, "0.4": 0.01984810604807845}, "12": {"0": 0.11396083236362174, "0.05": 0.32532140395870385, "0.1": 0.2414060304254757, "0.15": 0.18074177464460786, "0.2": 0.1369651407192746, "0.25": 0.10559090321076355, "0.3": 0.08279982298956609, "0.35": 0.06642694912868045, "0.4": 0.05379759285665913}, "13": {"0": 0.11396083236362174, "0.05": 0.041905170667566875, "0.1": 0.020901991575896037, "0.15": 0.012272086234612123, "0.2": 0.007743796304148359, "0.25": 0.004895143197316008, "0.3": 0.0031566117596704473, "0.35": 0.0020525513812606703, "0.4": 0.0012933491041485108}, "14": {"0": 0.11396083236362174, "0.05": 0.12913513089891346, "0.1": 0.05827262953119552, "0.15": 0.03106236410609159, "0.2": 0.017858236028933158, "0.25": 0.01046760208397889, "0.3": 0.00636869934478078, "0.35": 0.003943540057194924, "0.4": 0.002575774934383502}, "15": {"0": 0.11396083236362174, "0.05": 0.128324308192571, "0.1": 0.07181942612754703, "0.15": 0.04219395742013745, "0.2": 0.024312977434307517, "0.25": 0.013731927662200012, "0.3": 0.007698563768851928, "0.35": 0.0041994362431573284, "0.4": 0.002155573437712848}}, "recall": {"0": {"0": 1.0, "0.05": 0.0571471666385128, "0.1": 0.010412813742924791, "0.15": 0.002154896651212319, "0.2": 0.0004917358114156324, "0.25": 0.00013271836666259876, "0.3": 5.193684972255114e-05, "0.35": 2.5706184416900456e-05, "0.4": 1.2013794391107177e-05}, "1": {"0": 1.0, "0.05": 0.05159832793185238, "0.1": 0.007154318940777143, "0.15": 0.0013589325975282085, "0.2": 0.0003079920398613624, "0.25": 8.606454924752223e-05, "0.3": 3.2746407639257644e-05, "0.35": 1.0850297666701344e-05, "0.4": 1.5143507602244082e-06}, "2": {"0": 1.0, "0.05": 0.0062975610198271244, "0.1": 0.0007701397973553738, "0.15": 0.00016459934813786305, "0.2": 5.7881055659323474e-05, "0.25": 2.5446553062590794e-05, "0.3": 9.978059135028205e-06, "0.35": 7.575757575757575e-07, "0.4": 0.0}, "3": {"0": 1.0, "0.05": 0.176882637005044, "0.1": 0.08661578248819206, "0.15": 0.05242413137733095, "0.2": 0.033781533022359575, "0.25": 0.02249921818454294, "0.3": 0.01531564178110699, "0.35": 0.01036591527164225, "0.4": 0.007032320482498553}, "4": {"0": 1.0, "0.05": 0.09260345327938588, "0.1": 0.04501147694326406, "0.15": 0.027360373628895707, "0.2": 0.018109400882768693, "0.25": 0.012524758450175715, "0.3": 0.008635087530023993, "0.35": 0.005854154685099625, "0.4": 0.003988823484567366}, "5": {"0": 1.0, "0.05": 0.16955959712615437, "0.1": 0.0855837900234108, "0.15": 0.0535637072830706, "0.2": 0.036388313039745504, "0.25": 0.026362822573161106, "0.3": 0.019806944110857184, "0.35": 0.015104068018100042, "0.4": 0.011596843284412706}, "6": {"0": 1.0, "0.05": 0.08406959401448122, "0.1": 0.019546724221423985, "0.15": 0.0061883393442582766, "0.2": 0.0023151169210678738, "0.25": 0.0009788520688086954, "0.3": 0.0005064676219364635, "0.35": 0.00021244326313667365, "0.4": 0.00011528082567349058}, "7": {"0": 1.0, "0.05": 0.162566782829909, "0.1": 0.08383593277485983, "0.15": 0.05308172095697796, "0.2": 0.036830162104182454, "0.25": 0.02643779057976859, "0.3": 0.019420135646452, "0.35": 0.01437606415214632, "0.4": 0.010783234621810394}, "8": {"0": 1.0, "0.05": 0.31627982375395347, "0.1": 0.20950375569979057, "0.15": 0.15596224469094783, "0.2": 0.12194469825544724, "0.25": 0.09787799651123553, "0.3": 0.07929897887672238, "0.35": 0.06464169871284482, "0.4": 0.0529859446910823}, "9": {"0": 1.0, "0.05": 0.11600580622839783, "0.1": 0.03567031081684423, "0.15": 0.016085430779249697, "0.2": 0.008387558954387468, "0.25": 0.004826380052846583, "0.3": 0.003027444714020648, "0.35": 0.001858155738419618, "0.4": 0.0011623530542133238}, "10": {"0": 1.0, "0.05": 0.2223328789894567, "0.1": 0.0872888576592269, "0.15": 0.04467963539518324, "0.2": 0.02571824924925887, "0.25": 0.015397460977498537, "0.3": 0.009673407221816765, "0.35": 0.006152209093834415, "0.4": 0.0040899458844237836}, "11": {"0": 1.0, "0.05": 0.3327455309342767, "0.1": 0.22849247163719796, "0.15": 0.15588578380062645, "0.2": 0.10220934419247224, "0.25": 0.06235725679567431, "0.3": 0.03575252464797663, "0.35": 0.019619462376189695, "0.4": 0.010443468831941754}, "12": {"0": 1.0, "0.05": 0.27028821097249417, "0.1": 0.15990969491800602, "0.15": 0.10830531728299789, "0.2": 0.07763905629002472, "0.25": 0.05793863390489826, "0.3": 0.04451388996635785, "0.35": 0.03522757889711824, "0.4": 0.028238225772872487}, "13": {"0": 1.0, "0.05": 0.03438176433617472, "0.1": 0.014528117482482507, "0.15": 0.007810635510492466, "0.2": 0.004662169538690215, "0.25": 0.0028343815097532487, "0.3": 0.0017778779530081526, "0.35": 0.0011305315207400589, "0.4": 0.0006995326537377888}, "14": {"0": 1.0, "0.05": 0.08595376533902704, "0.1": 0.03220998309700639, "0.15": 0.01636384448021094, "0.2": 0.009222938308686797, "0.25": 0.005349405206378038, "0.3": 0.0032348407068065665, "0.35": 0.0019957312696994725,