{"fscore": {"0": {"0": 0.11396083236362174, "0.05": 0.02026232563290698, "0.1": 0.006901696670243263, "0.15": 0.004129432172205769, "0.2": 0.0024043258875315584, "0.25": 0.0012802331910669634, "0.3": 0.0007259436047696732, "0.35": 0.00031416913719756195, "0.4": 0.00020622452719028746}, "1": {"0": 0.11396083236362174, "0.05": 0.05023695331653833, "0.1": 0.02283161876710714, "0.15": 0.00935375873827337, "0.2": 0.00397393311791416, "0.25": 0.0018094047700343474, "0.3": 0.0009250253332538964, "0.35": 0.00047563700422756795, "0.4": 0.0002284807721648198}, "2": {"0": 0.11396083236362174, "0.05": 0.015936923006256255, "0.1": 0.00234551064037295, "0.15": 0.00044243685022553005, "0.2": 0.00023297770562145584, "0.25": 0.00013266021348393522, "0.3": 6.0672205325667355e-05, "0.35": 2.998438746938152e-05, "0.4": 2.58922501553595e-05}, "3": {"0": 0.11396083236362174, "0.05": 0.18122170112959726, "0.1": 0.121578548441046, "0.15": 0.06201654721215772, "0.2": 0.02859394585250523, "0.25": 0.012998203510453716, "0.3": 0.004646570360308752, "0.35": 0.0019880212128348183, "0.4": 0.0011131524453572266}, "4": {"0": 0.11396083236362174, "0.05": 0.3134406111143962, "0.1": 0.25130202017495357, "0.15": 0.19653094140129204, "0.2": 0.14161250952301785, "0.25": 0.0910438533646629, "0.3": 0.05212704596416247, "0.35": 0.02700601192931207, "0.4": 0.012543986440655682}, "5": {"0": 0.11396083236362174, "0.05": 0.028375374678804865, "0.1": 0.00048035420555841166, "0.15": 0.0, "0.2": 0.0, "0.25": 0.0, "0.3": 0.0, "0.35": 0.0, "0.4": 0.0}, "6": {"0": 0.11396083236362174, "0.05": 0.0509982520731539, "0.1": 0.0018313127380505507, "0.15": 0.0003019185768410152, "0.2": 9.696126744480116e-05, "0.25": 3.0057750364772335e-05, "0.3": 2.3891573819014615e-05, "0.35": 1.6312538820732643e-05, "0.4": 1.2240788059003873e-05}, "7": {"0": 0.11396083236362174, "0.05": 0.224817483015988, "0.1": 0.09701564100318978, "0.15": 0.041735936690310615, "0.2": 0.015941028671270896, "0.25": 0.005444697423410561, "0.3": 0.002410404735016509, "0.35": 0.0013671555542315763, "0.4": 0.0009639374850326389}, "8": {"0": 0.11396083236362174, "0.05": 0.26531482970553477, "0.1": 0.19195320944562938, "0.15": 0.13699108751010008, "0.2": 0.10065504362753969, "0.25": 0.07471339636344497, "0.3": 0.053919782585275966, "0.35": 0.037295560773595006, "0.4": 0.024149341622000733}, "9": {"0": 0.11396083236362174, "0.05": 0.008959361858719607, "0.1": 0.0001108489812364173, "0.15": 2.5373217869025862e-05, "0.2": 5.8479532163742686e-06, "0.25": 0.0, "0.3": 0.0, "0.35": 0.0, "0.4": 0.0}, "10": {"0": 0.11396083236362174, "0.05": 0.08635614895850582, "0.1": 0.041896565009389514, "0.15": 0.016682014746560534, "0.2": 0.006672835674394956, "0.25": 0.0027816023140190727, "0.3": 0.0016590668506818308, "0.35": 0.0011677529390459044, "0.4": 0.0008280950856533081}, "11": {"0": 0.11396083236362174, "0.05": 0.28295555074666323, "0.1": 0.15310471035831505, "0.15": 0.07532312204881281, "0.2": 0.03332752745197847, "0.25": 0.014004718537129196, "0.3": 0.009917239304478933, "0.35": 0.007087529820231875, "0.4": 0.0041732664858127174}, "12": {"0": 0.11396083236362174, "0.05": 0.0260994905598263, "0.1": 0.0010152448317310278, "0.15": 6.883832778603854e-05, "0.2": 1.7497812773403327e-06, "0.25": 1.7497812773403327e-06, "0.3": 0.0, "0.35": 0.0, "0.4": 0.0}, "13": {"0": 0.11396083236362174, "0.05": 0.10236135655863932, "0.1": 0.02683733225999615, "0.15": 0.006130709001876835, "0.2": 0.0017731261213863724, "0.25": 0.00076624962755954, "0.3": 0.0003924008346659776, "0.35": 0.00025557864736406287, "0.4": 0.0001520737391476838}, "14": {"0": 0.11396083236362174, "0.05": 0.12438485583713171, "0.1": 0.05089112423254423, "0.15": 0.02138677466671122, "0.2": 0.00810245260286696, "0.25": 0.004125379387034125, "0.3": 0.0027017471597574716, "0.35": 0.002022570764104327, "0.4": 0.0015890648504631863}, "15": {"0": 0.11396083236362174, "0.05": 0.29247927256156897, "0.1": 0.1838250080614779, "0.15": 0.11264200673014568, "0.2": 0.06945621052217947, "0.25": 0.04215062179652469, "0.3": 0.024709889463222442, "0.35": 0.01242997192834911, "0.4": 0.006959705367861226}}, "recall": {"0": {"0": 1.0, "0.05": 0.017163676581211314, "0.1": 0.004590968758919062, "0.15": 0.0024709814656809293, "0.2": 0.0013610397248150583, "0.25": 0.0006981386291772831, "0.3": 0.00038698226481097064, "0.35": 0.0001640561748006201, "0.4": 0.00010676843855886922}, "1": {"0": 1.0, "0.05": 0.041208486492065606, "0.1": 0.014100225801504886, "0.15": 0.005245343607167473, "0.2": 0.0021293959789621935, "0.25": 0.0009469249855524331, "0.3": 0.0004789589951766185, "0.35": 0.0002442154190231902, "0.4": 0.00011673233697574229}, "2": {"0": 1.0, "0.05": 0.01197965427532357, "0.1": 0.0013381753067112521, "0.15": 0.0002330030532250466, "0.2": 0.00012108175382474093, "0.25": 6.86383881686017e-05, "0.3": 3.1095747815222865e-05, "0.35": 1.5271065046114918e-05, "0.4": 1.3187258464557212e-05}, "3": {"0": 1.0, "0.05": 0.1742140140503359, "0.1": 0.07983855821969998, "0.15": 0.03522032447545984, "0.2": 0.015276628108193257, "0.25": 0.006744509122307347, "0.3": 0.0023762814054128995, "0.35": 0.0010085894062915781, "0.4": 0.0005621723178099721}, "4": {"0": 1.0, "0.05": 0.23242053700594306, "0.1": 0.1605894134440478, "0.15": 0.11991265265643732, "0.2": 0.08356124165321267, "0.25": 0.05187762218426211, "0.3": 0.02856423386106259, "0.35": 0.014316391295771306, "0.4": 0.006496585072039505}, "5": {"0": 1.0, "0.05": 0.018932328104019368, "0.1": 0.00024701221717118106, "0.15": 0.0, "0.2": 0.0, "0.25": 0.0, "0.3": 0.0, "0.35": 0.0, "0.4": 0.0}, "6": {"0": 1.0, "0.05": 0.03665803699773842, "0.1": 0.0009457290116665623, "0.15": 0.0001527324378243649, "0.2": 4.897829522222295e-05, "0.25": 1.5166158646983385e-05, "0.3": 1.2069760813743446e-05, "0.35": 8.234413946948582e-06, "0.4": 6.1748811787625e-06}, "7": {"0": 1.0, "0.05": 0.17120467014302368, "0.1": 0.05773725539137348, "0.15": 0.023020043693758225, "0.2": 0.008392307965260134, "0.25": 0.0027972543753284106, "0.3": 0.0012251278024123656, "0.35": 0.0006923596699148564, "0.4": 0.0004873708658869556}, "8": {"0": 1.0, "0.05": 0.1929125998075025, "0.1": 0.12081413632752203, "0.15": 0.08109494709877095, "0.2": 0.0574264054886305, "0.25": 0.04155891808885117, "0.3": 0.029315183051251328, "0.35": 0.01985155406758297, "0.4": 0.012628553070307842}, "9": {"0": 1.0, "0.05": 0.006168852371598389, "0.1": 5.863880286710035e-05, "0.15": 1.2917739042694882e-05, "0.2": 2.9498525073746313e-06, "0.25": 0.0, "0.3": 0.0, "0.35": 0.0, "0.4": 0.0}, "10": {"0": 1.0, "0.05": 0.070797421633408, "0.1": 0.024671092517308438, "0.15": 0.009055056619312312, "0.2": 0.0035147382803046045, "0.25": 0.0014491352427599843, "0.3": 0.0008601490677096112, "0.35": 0.0006028150044949653, "0.4": 0.0004261400499866236}, "11": {"0": 1.0, "0.05": 0.27932922874192284, "0.1": 0.10613004884195933, "0.15": 0.04436479692947208, "0.2": 0.018005156281310247, "0.25": 0.007240196712221423, "0.3": 0.005046538661415081, "0.35": 0.0035937730151249367, "0.4": 0.002115479133324969}, "12": {"0": 1.0, "0.05": 0.017506022333869366, "0.1": 0.0005364585034602509, "0.15": 3.540522952308248e-05, "0.2": 8.771929824561404e-07, "0.25": 8.771929824561404e-07, "0.3": 0.0, "0.35": 0.0, "0.4": 0.0}, "13": {"0": 1.0, "0.05": 0.08091477928672478, "0.1": 0.01533150661109718, "0.15": 0.0032113868178608473, "0.2": 0.00090675854415806, "0.25": 0.00038955236619579546, "0.3": 0.00019876438342216062, "0.35": 0.0001291900429323153, "0.4": 7.686215431337758e-05}, "14": {"0": 1.0, "0.05": 0.09353341400886311, "0.1": 0.029706756940420177, "0.15": 0.011564019921381312, "0.2": 0.004202428677118726, "0.25": 0.002110539925552093, "0.3": 0.0013757818261070926, "0.35": 0.0010276579662886309, "0.4": 0.0008055034752440306}, "15": {"0": 1.0, "0.05": 0.2735445110395646, "0.1": 0.12347926458367663, "0.15": 0.06559773371258759, "0.2": 0.03785122850555382, "0.25": 0.02218906392393455, "0.3": 0.012763116024997823, "0.35": 0.006338557138305397, "0.4": 0.003525265998011577}},