{"fscore": {"0": {"0": 0.11396083236362174, "0.05": 0.04711171222741366, "0.1": 0.022200052542823763, "0.15": 0.01100944947830613, "0.2": 0.006041161681541125, "0.25": 0.0035747800397119725, "0.3": 0.0020361800537421885, "0.35": 0.0012068251521721945, "0.4": 0.0006673988127867165}, "1": {"0": 0.11396083236362174, "0.05": 0.05537778273813927, "0.1": 0.024363099227033475, "0.15": 0.013118553904413079, "0.2": 0.008133821563044662, "0.25": 0.005691396507426728, "0.3": 0.004145633237890893, "0.35": 0.0029193309678212324, "0.4": 0.0019953942984848815}, "2": {"0": 0.11396083236362174, "0.05": 0.08052865172567263, "0.1": 0.02692600094635193, "0.15": 0.011059068112948532, "0.2": 0.005037273809053839, "0.25": 0.00265034789246739, "0.3": 0.001482367103654118, "0.35": 0.0008075513921731889, "0.4": 0.0004740109617528896}, "3": {"0": 0.11396083236362174, "0.05": 0.11147050278709021, "0.1": 0.05252872427250732, "0.15": 0.02558488131293463, "0.2": 0.013293498556867232, "0.25": 0.007385935759708227, "0.3": 0.004159451133320499, "0.35": 0.0023991875762602376, "0.4": 0.0013372287095016861}, "4": {"0": 0.11396083236362174, "0.05": 0.1392815323125817, "0.1": 0.07154997131941578, "0.15": 0.03881441463097344, "0.2": 0.02189657202507288, "0.25": 0.01315840406138683, "0.3": 0.008405212740279484, "0.35": 0.005187894200487984, "0.4": 0.00313895565923483}, "5": {"0": 0.11396083236362174, "0.05": 0.05905477847527155, "0.1": 0.022690745896669397, "0.15": 0.011346225722231958, "0.2": 0.006868386298103203, "0.25": 0.004429530295163359, "0.3": 0.0030499644072451942, "0.35": 0.002143259773024321, "0.4": 0.0014347878062979595}, "6": {"0": 0.11396083236362174, "0.05": 0.10987251101472191, "0.1": 0.051854521456865685, "0.15": 0.027365394370925774, "0.2": 0.015117068064026434, "0.25": 0.00841374132748095, "0.3": 0.004899679317439673, "0.35": 0.002768470052389384, "0.4": 0.0016653695083084172}, "7": {"0": 0.11396083236362174, "0.05": 0.12199333601851814, "0.1": 0.06650858527684092, "0.15": 0.040644668286943526, "0.2": 0.02698133194608341, "0.25": 0.01886991414268492, "0.3": 0.013472621716320788, "0.35": 0.009741568521476266, "0.4": 0.007150664193918088}, "8": {"0": 0.11396083236362174, "0.05": 0.21226744946855888, "0.1": 0.15519686095349297, "0.15": 0.11642252648693115, "0.2": 0.08831661193098249, "0.25": 0.06737460145313676, "0.3": 0.05132052842396752, "0.35": 0.03949806709551941, "0.4": 0.030339960740013168}, "9": {"0": 0.11396083236362174, "0.05": 0.06964814442405884, "0.1": 0.028490613632205026, "0.15": 0.013021198361514202, "0.2": 0.006425263968370803, "0.25": 0.0034828173112142037, "0.3": 0.0021507313181611484, "0.35": 0.0013017032975373719, "0.4": 0.0008698133024533968}, "10": {"0": 0.11396083236362174, "0.05": 0.1095047947213822, "0.1": 0.06583876582392179, "0.15": 0.042084772450324534, "0.2": 0.027460083741345065, "0.25": 0.018896242834826174, "0.3": 0.01292113366863969, "0.35": 0.009207813816344237, "0.4": 0.006760085414290927}, "11": {"0": 0.11396083236362174, "0.05": 0.2803054530719354, "0.1": 0.22894510067971002, "0.15": 0.1690052149709397, "0.2": 0.12150587795614184, "0.25": 0.08554626359072187, "0.3": 0.0601287971976793, "0.35": 0.04228303286456262, "0.4": 0.029163400260909744}, "12": {"0": 0.11396083236362174, "0.05": 0.13808375291644906, "0.1": 0.06590821446168846, "0.15": 0.03477322221414136, "0.2": 0.01980692903909461, "0.25": 0.012132278793232887, "0.3": 0.007528865442376029, "0.35": 0.004922863808711871, "0.4": 0.0033278537994609714}, "13": {"0": 0.11396083236362174, "0.05": 0.1041943131333558, "0.1": 0.040760965509215645, "0.15": 0.018072082745898718, "0.2": 0.008430251758572623, "0.25": 0.004289267819952996, "0.3": 0.002253648273118893, "0.35": 0.0013149025552575658, "0.4": 0.0008179754745654056}, "14": {"0": 0.11396083236362174, "0.05": 0.16232848917290624, "0.1": 0.09892073207191275, "0.15": 0.0656698402882215, "0.2": 0.046090800080647226, "0.25": 0.033506088099380674, "0.3": 0.0252684741469811, "0.35": 0.01902511187683357, "0.4": 0.014487003581832757}, "15": {"0": 0.11396083236362174, "0.05": 0.13272256756786555, "0.1": 0.0971805367737437, "0.15": 0.06924188835379154, "0.2": 0.04994007630605908, "0.25": 0.03559546617913828, "0.3": 0.025066882421856163, "0.35": 0.01697508981782739, "0.4": 0.011097206632949946}}, "recall": {"0": {"0": 1.0, "0.05": 0.040927638578853086, "0.1": 0.015118784128138595, "0.15": 0.00672982312340241, "0.2": 0.003484614503092288, "0.25": 0.0019865829043789916, "0.3": 0.0011027749676794118, "0.35": 0.0006405058680217175, "0.4": 0.00034757710638108375}, "1": {"0": 1.0, "0.05": 0.04138487775428212, "0.1": 0.014416067117421126, "0.15": 0.007189190013790269, "0.2": 0.004304964504468222, "0.25": 0.002959090128312544, "0.3": 0.002131589514114474, "0.35": 0.0014916331049831947, "0.4": 0.0010152527455489766}, "2": {"0": 1.0, "0.05": 0.06882502186929063, "0.1": 0.016265799703414036, "0.15": 0.006025323532933553, "0.2": 0.002635852323941958, "0.25": 0.0013608009425628749, "0.3": 0.0007538892519125106, "0.35": 0.0004089263634397121, "0.4": 0.00023950516981961444}, "3": {"0": 1.0, "0.05": 0.0902489911077864, "0.1": 0.031718485259468236, "0.15": 0.014088041419089533, "0.2": 0.007049079785376266, "0.25": 0.0038464262260953517, "0.3": 0.002141131536756737, "0.35": 0.0012255018104561793, "0.4": 0.0006799728711369606}, "4": {"0": 1.0, "0.05": 0.10776514730336807, "0.1": 0.042954377260677384, "0.15": 0.02150800212062379, "0.2": 0.011691458047471142, "0.25": 0.006884226002142703, "0.3": 0.004344512382917107, "0.35": 0.0026564960331461307, "0.4": 0.0015966411612668634}, "5": {"0": 1.0, "0.05": 0.04465473414518072, "0.1": 0.013895890055909967, "0.15": 0.006558137819921472, "0.2": 0.003856609178256131, "0.25": 0.002447861866890529, "0.3": 0.0016643781275007244, "0.35": 0.0011548244091914375, "0.4": 0.0007625983945625691}, "6": {"0": 1.0, "0.05": 0.08319773208642878, "0.1": 0.030069383489628735, "0.15": 0.01469853858320862, "0.2": 0.00788117678856514, "0.25": 0.004325845351850051, "0.3": 0.002499252113410788, "0.35": 0.001405199762826445, "0.4": 0.0008437327487374182}, "7": {"0": 1.0, "0.05": 0.10651292770629461, "0.1": 0.04568317760086468, "0.15": 0.025282897210298316, "0.2": 0.015919057742355632, "0.25": 0.010752102345500397, "0.3": 0.00749465542039689, "0.35": 0.005329994892126683, "0.4": 0.003864532780693612}, "8": {"0": 1.0, "0.05": 0.1724266766697021, "0.1": 0.09966706533665018, "0.15": 0.06845060884440453, "0.2": 0.04963134596680816, "0.25": 0.036809970540539534, "0.3": 0.027496944076332273, "0.35": 0.020872703066140013, "0.4": 0.0158625476811958}, "9": {"0": 1.0, "0.05": 0.05742361348845234, "0.1": 0.017253106503215616, "0.15": 0.007185760107713662, "0.2": 0.003408636132845438, "0.25": 0.001815030293452157, "0.3": 0.0011108428067232027, "0.35": 0.0006673806608106228, "0.4": 0.0004434624022930164}, "10": {"0": 1.0, "0.05": 0.10496938793926357, "0.1": 0.048758997498521486, "0.15": 0.02759650146989431, "0.2": 0.016783760467356888, "0.25": 0.011047913969701964, "0.3": 0.0073124868167956025, "0.35": 0.005100741904551788, "0.4": 0.003686372660224678}, "11": {"0": 1.0, "0.05": 0.2815186834708566, "0.1": 0.16707837958462507, "0.15": 0.10616468252975009, "0.2": 0.07037207284647899, "0.25": 0.047172766609534754, "0.3": 0.03215432090811822, "0.35": 0.02217912419465868, "0.4": 0.015097914807487053}, "12": {"0": 1.0, "0.05": 0.11828655529007402, "0.1": 0.04119013738608299, "0.15": 0.019521533103127906, "0.2": 0.010602860383820282, "0.25": 0.00634002784518951, "0.3": 0.0038801875757246977, "0.35": 0.002518665653581934, "0.4": 0.0016938612335330228}, "13": {"0": 1.0, "0.05": 0.07761065826189611, "0.1": 0.024042752750048683, "0.15": 0.009931230689360419, "0.2": 0.004491897522743203, "0.25": 0.0022447262944461947, "0.3": 0.0011649350157722743, "0.35": 0.0006739862861234504, "0.4": 0.0004173551914885414}, "14": {"0": 1.0, "0.05": 0.1374375197284927, "0.1": 0.06567609781810684, "0.15": 0.03969144007978941, "0.2": 0.02649207822521209, "0.25": 0.018680090478054537,