{"fscore": {"0": {"0": 0.11398936436481887, "0.05": 0.027512476970049344, "0.1": 0.00819609708050943, "0.15": 0.0038828272313791074, "0.2": 0.002290629072103379, "0.25": 0.0014460237368086595, "0.3": 0.0009655168795744926, "0.35": 0.0006474945122442822, "0.4": 0.00046336423663357115}, "1": {"0": 0.11398936436481887, "0.05": 0.2585717046666316, "0.1": 0.15910357903743566, "0.15": 0.0852049851679621, "0.2": 0.04089382653222273, "0.25": 0.016462574256281157, "0.3": 0.006716411372025504, "0.35": 0.0031333591759578165, "0.4": 0.0012969521256210714}, "2": {"0": 0.11398936436481887, "0.05": 0.2974084348508704, "0.1": 0.2424412541138759, "0.15": 0.18829358179407113, "0.2": 0.14186432804438454, "0.25": 0.10280376652040096, "0.3": 0.07141165668625335, "0.35": 0.048855842309680306, "0.4": 0.033611016101047796}, "3": {"0": 0.11398936436481887, "0.05": 0.33497755558927794, "0.1": 0.29505501446563065, "0.15": 0.24091187681612575, "0.2": 0.19573517780460653, "0.25": 0.15977051473110845, "0.3": 0.132294129430892, "0.35": 0.11172079812471733, "0.4": 0.09564958859412231}, "4": {"0": 0.11398936436481887, "0.05": 0.04900709074929538, "0.1": 0.004971600066439079, "0.15": 0.00023274055831829762, "0.2": 4.472562695909346e-05, "0.25": 1.0645540632543171e-05, "0.3": 0.0, "0.35": 0.0, "0.4": 0.0}, "5": {"0": 0.11398936436481887, "0.05": 0.02410045309079552, "0.1": 0.00940193465655817, "0.15": 0.0059452360341474735, "0.2": 0.0037869602870991555, "0.25": 0.0023843164715010973, "0.3": 0.0014567112146824097, "0.35": 0.0009539285887234564, "0.4": 0.000666591439891984}, "6": {"0": 0.11398936436481887, "0.05": 0.13058619308133312, "0.1": 0.06066852932919633, "0.15": 0.03309102209586862, "0.2": 0.02089924401313732, "0.25": 0.014000552413689579, "0.3": 0.010613969202871951, "0.35": 0.00826596970648338, "0.4": 0.00678069143460991}, "7": {"0": 0.11398936436481887, "0.05": 0.35271710946750173, "0.1": 0.3152467846787517, "0.15": 0.2678624083309182, "0.2": 0.21736250922360845, "0.25": 0.1746011413207445, "0.3": 0.1369251091412781, "0.35": 0.10283465802474193, "0.4": 0.07724333649117639}, "8": {"0": 0.11398936436481887, "0.05": 0.06564420958935886, "0.1": 0.036824334264969276, "0.15": 0.020939727393917758, "0.2": 0.012407843156501362, "0.25": 0.007704089758218685, "0.3": 0.0045918072002291005, "0.35": 0.0027028829262801496, "0.4": 0.0016659453690891807}, "9": {"0": 0.11398936436481887, "0.05": 0.20029231543146991, "0.1": 0.15547806099140726, "0.15": 0.12699251053734123, "0.2": 0.09987683773050729, "0.25": 0.07229453930594103, "0.3": 0.048557369278917746, "0.35": 0.031850654802994184, "0.4": 0.020862080055456277}, "10": {"0": 0.11398936436481887, "0.05": 0.11193099304360495, "0.1": 0.04006740526773998, "0.15": 0.018817516432535406, "0.2": 0.012700945190998913, "0.25": 0.009330597092337658, "0.3": 0.006854175815841818, "0.35": 0.00492746958193512, "0.4": 0.0037504770743924743}, "11": {"0": 0.11398936436481887, "0.05": 0.1641594034511731, "0.1": 0.09222170138128227, "0.15": 0.049000347669602345, "0.2": 0.0238958529397198, "0.25": 0.011034446647813313, "0.3": 0.005195832466536524, "0.35": 0.00241393385317304, "0.4": 0.00123182466927651}}, "recall": {"0": {"0": 1.0, "0.05": 0.01986699647680606, "0.1": 0.005086699444057331, "0.15": 0.002259522373238447, "0.2": 0.0012845229892536236, "0.25": 0.0007903079483373042, "0.3": 0.0005192252208001703, "0.35": 0.0003436389124500173, "0.4": 0.00024332545262199348}, "1": {"0": 1.0, "0.05": 0.2461572524490955, "0.1": 0.10666839661286781, "0.15": 0.04936386001110334, "0.2": 0.021949740799406422, "0.25": 0.008527438158388006, "0.3": 0.0034268274379341103, "0.35": 0.001588462044192421, "0.4": 0.0006546992148858304}, "2": {"0": 1.0, "0.05": 0.2864300600523327, "0.1": 0.18201740539036876, "0.15": 0.12284491215017086, "0.2": 0.08467158919366832, "0.25": 0.05786158395032465, "0.3": 0.038661173977931756, "0.35": 0.02579733506609762, "0.4": 0.017454977361009292}, "3": {"0": 1.0, "0.05": 0.2584133720042248, "0.1": 0.20184149160356882, "0.15": 0.15071173275690036, "0.2": 0.11557651438335811, "0.25": 0.09108812701095137, "0.3": 0.07369584420085344, "0.35": 0.06121500816221831, "0.4": 0.05175927680251163}, "4": {"0": 1.0, "0.05": 0.0354131646527997, "0.1": 0.0027082060993786025, "0.15": 0.00012077996219468686, "0.2": 2.286795252177883e-05, "0.25": 5.427350427350428e-06, "0.3": 0.0, "0.35": 0.0, "0.4": 0.0}, "5": {"0": 1.0, "0.05": 0.01905007536040556, "0.1": 0.005254449782020045, "0.15": 0.0031225338070005287, "0.2": 0.0019539189188679342, "0.25": 0.0012211752154032474, "0.3": 0.0007417622175628001, "0.35": 0.00048499076420957375, "0.4": 0.00033821368673554725}, "6": {"0": 1.0, "0.05": 0.1066979085187515, "0.1": 0.036203743189600665, "0.15": 0.01797684254864723, "0.2": 0.011013007481114815, "0.25": 0.007262736706270622, "0.3": 0.005454995617454054, "0.35": 0.004223252279455381, "0.4": 0.0034518257714046215}, "7": {"0": 1.0, "0.05": 0.2830878572295275, "0.1": 0.22105568503749903, "0.15": 0.17141298951344205, "0.2": 0.13123649234631107, "0.25": 0.10116536397148712, "0.3": 0.07686054538534251, "0.35": 0.05621026563335057, "0.4": 0.04133460381404295}, "8": {"0": 1.0, "0.05": 0.05730816116977459, "0.1": 0.0242602465691723, "0.15": 0.012307718387820786, "0.2": 0.006875734563347759, "0.25": 0.004139933002865689, "0.3": 0.002423062721035401, "0.35": 0.0014135597727705574, "0.4": 0.0008666139550105777}, "9": {"0": 1.0, "0.05": 0.20648356369505746, "0.1": 0.11654055517551054, "0.15": 0.08233015190663558, "0.2": 0.05932813266833786, "0.25": 0.040539698493225654, "0.3": 0.026210648950894352, "0.35": 0.016775427182554196, "0.4": 0.010814106045647745}, "10": {"0": 1.0, "0.05": 0.0929820747721324, "0.1": 0.02370267239533826, "0.15": 0.010112214672315241, "0.2": 0.006637536014392389, "0.25": 0.004821148133035879, "0.3": 0.003522954399003723, "0.35": 0.0025211091852279724, "0.4": 0.0019134865573739676}, "11": {"0": 1.0, "0.05": 0.15305418232984933, "0.1": 0.05991819808189724, "0.15": 0.027690689647627064, "0.2": 0.012712570116711229, "0.25": 0.005707647984223455, "0.3": 0.002652940359244399, "0.35": 0.0012235194627304455, "0.4": 0.0006220102685156607}}, "precision": {"0": {"0": 0.06220500523914973, "0.05": 0.05077842098762755, "0.1": 0.025496303107938312, "0.15": 0.016962232218338785, "0.2": 0.013234346297893017, "0.25": 0.010796753698163313, "0.3": 0.008931017655537277, "0.35": 0.007572556816493154, "0.4": 0.007078213264786649}, "1": {"0": 0.06220500523914973, "0.05": 0.2892467192926363, "0.1": 0.34192657505934765, "0.15": 0.35334095114411623, "0.2": 0.36447432838308336, "0.25": 0.3266298168154539, "0.3": 0.24992581968684924, "0.35": 0.1832915343915342, "0.4": 0.10734444444444441}, "2": {"0": 0.06220500523914973, "0.05": 0.32433134689169807, "0.1": 0.3833471214745423, "0.15": 0.4275654573777369, "0.2": 0.4660120722511531, "0.25": 0.4998297478952141, "0.3": 0.5276465191961162, "0.35": 0.5539535356851796, "0.4": 0.578975193960705}, "3": {"0": 0.06220500523914973, "0.05": 0.5001798470880995, "0.1": 0.5788549900742, "0.15": 0.6488103054067988, "0.2": 0.7082377409682912, "0.25": 0.7274253090745411, "0.3": 0.7302754904175321, "0.35": 0.7303204797381417, "0.4": 0.72871100636591}, "4": {"0": 0.06220500523914973, "0.05": 0.13260665382559997, "0.1": 0.06300088849991205, "0.15": 0.006173292448292448, "0.2": 0.0014166666666666668, "0.25": 0.0004444444444444444, "0.3": 0.0, "0.35": 0.0, "0.4": 0.0}, "5": {"0": 0.06220500523914973, "0.05": 0.04928330339331895, "0.1": 0.09325225106602694, "0.15": 0.12667930888502998, "0.2": 0.12969130229121675, "0.25": 0.10218597416129384, "0.3": 0.07551977189477188, "0.35": 0.05604338624338622, "0.4": 0.042525925925925925}, "6": {"0": 0.06220500523914973, "0.05": 0.20121517065865835, "0.1": 0.2642517784720608, "0.15": 0.31011263479712103, "0.2": 0.3288267601374831, "0.25": 0.3411588326881134, "0.3": 0.36290623506896735, "0.35": 0.359039935064935, "0.4": 0.34496473063973043}, "7": {"0": 0.06220500523914973, "0.05": 0.49254780887326804, "0.1": 0.5789761037290179,