{"fscore": {"0": {"0": 0.11396083236362174, "0.05": 0.08418175012986073, "0.1": 0.05250476055969649, "0.15": 0.03154658091268307, "0.2": 0.016939416546467936, "0.25": 0.008629259895539306, "0.3": 0.00428093520394775, "0.35": 0.0022854098262816568, "0.4": 0.0012774730927336705}, "1": {"0": 0.11396083236362174, "0.05": 0.09527239544080383, "0.1": 0.03391141377477782, "0.15": 0.011638882967019428, "0.2": 0.0035390799584372077, "0.25": 0.0012398873008511641, "0.3": 0.0006324652835412423, "0.35": 0.000315624942941794, "0.4": 0.0001714667953060749}, "2": {"0": 0.11396083236362174, "0.05": 0.026981271323667476, "0.1": 0.0006622645880377609, "0.15": 3.7037037037037037e-06, "0.2": 0.0, "0.25": 0.0, "0.3": 0.0, "0.35": 0.0, "0.4": 0.0}, "3": {"0": 0.11396083236362174, "0.05": 0.21381734062220262, "0.1": 0.1333696034569745, "0.15": 0.07826805314914421, "0.2": 0.0445622882405383, "0.25": 0.024055529012748492, "0.3": 0.01251537942296928, "0.35": 0.0065611048844678695, "0.4": 0.0035667505843904337}, "4": {"0": 0.11396083236362174, "0.05": 0.35381742832157315, "0.1": 0.2808944770879677, "0.15": 0.23604972446390374, "0.2": 0.20790708105193412, "0.25": 0.17927175180855764, "0.3": 0.14718099158093473, "0.35": 0.11523432240330703, "0.4": 0.08553353073242591}, "5": {"0": 0.11396083236362174, "0.05": 0.13547695703603577, "0.1": 0.05553314126284897, "0.15": 0.025773492975160683, "0.2": 0.01308396114951974, "0.25": 0.00741247343833867, "0.3": 0.004441982502645924, "0.35": 0.002914044939543288, "0.4": 0.0019430676517606625}, "6": {"0": 0.11396083236362174, "0.05": 0.20928311657285978, "0.1": 0.13361866884822302, "0.15": 0.08175449374910504, "0.2": 0.05235972677984489, "0.25": 0.036168748972685544, "0.3": 0.02658666057432172, "0.35": 0.02012580614729832, "0.4": 0.015573173696390413}, "7": {"0": 0.11396083236362174, "0.05": 0.24456729227095744, "0.1": 0.11344844836795707, "0.15": 0.050245602615666435, "0.2": 0.020793719911497213, "0.25": 0.007139884399399735, "0.3": 0.001624695968697365, "0.35": 0.00035278292617727197, "0.4": 6.574459612229481e-05}, "8": {"0": 0.11396083236362174, "0.05": 0.2881721531890479, "0.1": 0.23093759836370986, "0.15": 0.1934560218486877, "0.2": 0.16120406592392858, "0.25": 0.1304605771054358, "0.3": 0.10168037455735486, "0.35": 0.07605765588934772, "0.4": 0.056597311450131096}, "9": {"0": 0.11396083236362174, "0.05": 0.08007215982659618, "0.1": 0.023542860132741036, "0.15": 0.00585089837864006, "0.2": 0.0013956488654783925, "0.25": 0.00043195151058823816, "0.3": 0.0001164276053905226, "0.35": 4.0265754731413835e-05, "0.4": 2.0222393724965856e-05}, "10": {"0": 0.11396083236362174, "0.05": 0.07359036813088883, "0.1": 0.01984310338848761, "0.15": 0.007337817024148643, "0.2": 0.003350925574841001, "0.25": 0.0018950074145367077, "0.3": 0.0011342623141398832, "0.35": 0.0007144595243086651, "0.4": 0.0004768154946293838}, "11": {"0": 0.11396083236362174, "0.05": 0.24106500441507756, "0.1": 0.11693340298386302, "0.15": 0.048634830921627126, "0.2": 0.01888880879554432, "0.25": 0.0072114016306319174, "0.3": 0.002740484661935957, "0.35": 0.001077563603932651, "0.4": 0.0003551935852314738}, "12": {"0": 0.11396083236362174, "0.05": 0.16661306096969847, "0.1": 0.0748866222283717, "0.15": 0.041502334898632746, "0.2": 0.027593680983482007, "0.25": 0.01994187220826074, "0.3": 0.014997510216068098, "0.35": 0.011542583102215249, "0.4": 0.008967437278157004}, "13": {"0": 0.11396083236362174, "0.05": 0.06791934023325996, "0.1": 0.04061723698370885, "0.15": 0.029679273811793503, "0.2": 0.022732816769000762, "0.25": 0.018051227141700283, "0.3": 0.014460709331285739, "0.35": 0.01158764469388111, "0.4": 0.0091849680859263}, "14": {"0": 0.11396083236362174, "0.05": 0.07520099164054898, "0.1": 0.03732733047237205, "0.15": 0.018615689230551298, "0.2": 0.008975082492688847, "0.25": 0.004206596860053034, "0.3": 0.0020358999773006743, "0.35": 0.0009796400273457222, "0.4": 0.000430343521630219}, "15": {"0": 0.11396083236362174, "0.05": 0.3574743045326017, "0.1": 0.22668657375767506, "0.15": 0.10248366882332345, "0.2": 0.03887790516691293, "0.25": 0.01483070828137787, "0.3": 0.006174357335742933, "0.35": 0.0025187506089158125, "0.4": 0.001007012420713482}}, "recall": {"0": {"0": 1.0, "0.05": 0.06653497831936403, "0.1": 0.030573927641958168, "0.15": 0.016911508035190086, "0.2": 0.008782211113034712, "0.25": 0.004409852848553323, "0.3": 0.002171611120624739, "0.35": 0.001155732141199492, "0.4": 0.0006449800239662145}, "1": {"0": 1.0, "0.05": 0.07386643888487933, "0.1": 0.01918468532435952, "0.15": 0.0060930913399079535, "0.2": 0.0018083836653079292, "0.25": 0.000629904426628882, "0.3": 0.00032036627793382124, "0.35": 0.00015981349632654155, "0.4": 8.678381093724112e-05}, "2": {"0": 1.0, "0.05": 0.018973457623284597, "0.1": 0.0003462933567572219, "0.15": 1.8832391713747646e-06, "0.2": 0.0, "0.25": 0.0, "0.3": 0.0, "0.35": 0.0, "0.4": 0.0}, "3": {"0": 1.0, "0.05": 0.21155205016801107, "0.1": 0.09072051943252721, "0.15": 0.04582445405073492, "0.2": 0.02430623483211865, "0.25": 0.012668191646538469, "0.3": 0.00647274672527695, "0.35": 0.0033590887274707088, "0.4": 0.0018149364923704546}, "4": {"0": 1.0, "0.05": 0.2766320432931489, "0.1": 0.18627029430487874, "0.15": 0.1477219999763454, "0.2": 0.12638815209732374, "0.25": 0.10610552160531793, "0.3": 0.08467517679459284, "0.35": 0.0644362472323945, "0.4": 0.04657933554775665}, "5": {"0": 1.0, "0.05": 0.11935667973372635, "0.1": 0.03421499505553853, "0.15": 0.014224111390502298, "0.2": 0.00691484109182045, "0.25": 0.0038401640196852166, "0.3": 0.0022766967908712096, "0.35": 0.0014853376353610248, "0.4": 0.0009867083466525498}, "6": {"0": 1.0, "0.05": 0.19681853142483252, "0.1": 0.08981201243189597, "0.15": 0.04847048440786012, "0.2": 0.029255475494892564, "0.25": 0.01955377471387113, "0.3": 0.01409019763609392, "0.35": 0.010525232189631788, "0.4": 0.008057793357427137}, "7": {"0": 1.0, "0.05": 0.1756367395344101, "0.1": 0.06596778895500927, "0.15": 0.027360086301116672, "0.2": 0.01094861780534102, "0.25": 0.003678513345570403, "0.3": 0.000824738499964279, "0.35": 0.00017833258605965652, "0.4": 3.3244247302775306e-05}, "8": {"0": 1.0, "0.05": 0.2085035034241472, "0.1": 0.14825362708067855, "0.15": 0.11792399017187148, "0.2": 0.09516363475168611, "0.25": 0.07479739664311105, "0.3": 0.056654979148839296, "0.35": 0.04127062631869273, "0.4": 0.030061214736732893}, "9": {"0": 1.0, "0.05": 0.0622589002388571, "0.1": 0.01377016893629718, "0.15": 0.003155124566918036, "0.2": 0.0007232512111953204, "0.25": 0.00021970441048312623, "0.3": 5.8714921773712996e-05, "0.35": 2.0287176067129982e-05, "0.4": 1.0188601588127273e-05}, "10": {"0": 1.0, "0.05": 0.06002007542021076, "0.1": 0.011456365801300767, "0.15": 0.003905181713993585, "0.2": 0.0017351890293288337, "0.25": 0.0009693062649154018, "0.3": 0.0005772989441036608, "0.35": 0.0003621256701229794, "0.4": 0.00024125645919741652}, "11": {"0": 1.0, "0.05": 0.20543610082172517, "0.1": 0.07300765505287957, "0.15": 0.027039223426683166, "0.2": 0.00995445346525443, "0.25": 0.0036981061391378298, "0.3": 0.001388379530701175, "0.35": 0.0005429648336577164, "0.4": 0.00017862572342553255}, "12": {"0": 1.0, "0.05": 0.12329287078028994, "0.1": 0.043389346894877084, "0.15": 0.022409417915670297, "0.2": 0.014480408417860502, "0.25": 0.010321014268851543, "0.3": 0.0076978580391904635, "0.35": 0.005893489731062189, "0.4": 0.004564705571156202}, "13": {"0": 1.0, "0.05": 0.06284056494947193, "0.1": 0.02977454392071223, "0.15": 0.019212717479027645, "0.2": 0.013655784262869754, "0.25": 0.01032467983302154, "0.3": 0.00800128963424193, "0.35": 0.006260300768086075, "0.4": 0.004874819692867073}, "14": {"0": 1.0, "0.05": 0.06167861392627497, "0.1": 0.0227815455814983, "0.15": 0.010224573938679964, "0.2": 0.004717538878885213, "0.25": 0.002163030875989452, "0.3": 0.0010371614751126565, "0.35": 0.0004966516661438335, "0.4": 0.00021758082805971882}, "15": {"0": 1.0, "0.05": 0.3510883578838076, "0.1": 0.15777509832375372,