{"fscore": {"0": {"0": 0.0958002684513562, "0.05": 0.016567425041855263, "0.1": 0.016577000704963755, "0.15": 0.01658121790559331, "0.2": 0.016583240462334156, "0.25": 0.016584652943603635, "0.3": 0.016585774572010145, "0.35": 0.016588343249589646, "0.4": 0.0165895294925026}, "1": {"0": 0.0958002684513562, "0.05": 0.06629220151422831, "0.1": 0.03918509807515001, "0.15": 0.02899572600673021, "0.2": 0.023650777735729142, "0.25": 0.020495931863166204, "0.3": 0.018202831736239117, "0.35": 0.016145653031135698, "0.4": 0.01436289437812009}, "2": {"0": 0.0958002684513562, "0.05": 0.016694158842696847, "0.1": 0.01659928079684859, "0.15": 0.01659068908896052, "0.2": 0.016586782309575332, "0.25": 0.016586783390461515, "0.3": 0.016586783390461515, "0.35": 0.01658702218972802, "0.4": 0.01658702218972802}, "3": {"0": 0.0958002684513562, "0.05": 0.027815896714755185, "0.1": 0.01894438297310857, "0.15": 0.0172671046240308, "0.2": 0.016884188480161915, "0.25": 0.016761890505188864, "0.3": 0.01675113193420606, "0.35": 0.01680516960395311, "0.4": 0.01690234428386997}, "4": {"0": 0.0958002684513562, "0.05": 0.036929566562571646, "0.1": 0.02121636809273997, "0.15": 0.01803709836753976, "0.2": 0.01723087790181536, "0.25": 0.01696271705704327, "0.3": 0.016832202536880093, "0.35": 0.016781527333306668, "0.4": 0.016634832821285774}, "5": {"0": 0.0958002684513562, "0.05": 0.17231548765166863, "0.1": 0.1354723990557702, "0.15": 0.10529918725087521, "0.2": 0.08065279298321486, "0.25": 0.060440607731620084, "0.3": 0.04508812531531833, "0.35": 0.03412661672639769, "0.4": 0.0262799710964304}, "6": {"0": 0.0958002684513562, "0.05": 0.01944237344866943, "0.1": 0.017093121007804923, "0.15": 0.016808985934703043, "0.2": 0.016692539773977087, "0.25": 0.016611112540512615, "0.3": 0.01658835246182354, "0.35": 0.016573624552619324, "0.4": 0.016550398542457597}, "7": {"0": 0.0958002684513562, "0.05": 0.034224024852591316, "0.1": 0.0216597123918238, "0.15": 0.018749388371901377, "0.2": 0.017621793619155845, "0.25": 0.017126981410811773, "0.3": 0.016944575910987764, "0.35": 0.016901219749454518, "0.4": 0.016784969555809447}, "8": {"0": 0.0958002684513562, "0.05": 0.15831310350050415, "0.1": 0.10470655374475564, "0.15": 0.07556424256572344, "0.2": 0.057829998976233754, "0.25": 0.046008565883123714, "0.3": 0.03678637992649171, "0.35": 0.029215746496202014, "0.4": 0.02286410639647419}, "9": {"0": 0.0958002684513562, "0.05": 0.05946144722638148, "0.1": 0.03227891130835156, "0.15": 0.023689029299781818, "0.2": 0.02058597707437168, "0.25": 0.019387846602425478, "0.3": 0.018824362572674728, "0.35": 0.018607618705256793, "0.4": 0.018551832161673266}, "10": {"0": 0.0958002684513562, "0.05": 0.028865267999534188, "0.1": 0.02036651351994722, "0.15": 0.01850025071221602, "0.2": 0.017763840268840744, "0.25": 0.017385433910732315, "0.3": 0.017201391305029106, "0.35": 0.017074007598256634, "0.4": 0.016998597860110914}, "11": {"0": 0.0958002684513562, "0.05": 0.045814945621137367, "0.1": 0.03162436816542648, "0.15": 0.025662892188691076, "0.2": 0.022654473256359834, "0.25": 0.02103218981094605, "0.3": 0.020020100691746767, "0.35": 0.019438594627071197, "0.4": 0.019046665456349417}, "12": {"0": 0.0958002684513562, "0.05": 0.0578965279376869, "0.1": 0.03218080679743802, "0.15": 0.02583975649309993, "0.2": 0.022860340323083626, "0.25": 0.02121870571289332, "0.3": 0.02018504190413837, "0.35": 0.01958594065615855, "0.4": 0.019073777549242728}, "13": {"0": 0.0958002684513562, "0.05": 0.03169369401702258, "0.1": 0.020116399639395807, "0.15": 0.018272619166541302, "0.2": 0.017549939486478178, "0.25": 0.017229820044115315, "0.3": 0.016942654025707382, "0.35": 0.016686332889626492, "0.4": 0.016334757091744822}, "14": {"0": 0.0958002684513562, "0.05": 0.09473653163757673, "0.1": 0.061284254381478595, "0.15": 0.04351284048848761, "0.2": 0.03376791560121638, "0.25": 0.028037258067178845, "0.3": 0.024556078900844554, "0.35": 0.022198555135683633, "0.4": 0.020552645237995795}, "15": {"0": 0.0958002684513562, "0.05": 0.0462802674582856, "0.1": 0.03478266185944486, "0.15": 0.02970895530228489, "0.2": 0.025822986533961395, "0.25": 0.02279786259066934, "0.3": 0.020923591991241275, "0.35": 0.019673771889793804, "0.4": 0.01892290910101186}}, "recall": {"0": {"0": 0.4647533172052178, "0.05": 0.01096339223245753, "0.1": 0.01096339223245753, "0.15": 0.01096339223245753, "0.2": 0.01096339223245753, "0.25": 0.01096339223245753, "0.3": 0.01096339223245753, "0.35": 0.01096339223245753, "0.4": 0.01096339223245753}, "1": {"0": 0.4647533172052178, "0.05": 0.051413019188624336, "0.1": 0.02744801074206842, "0.15": 0.019588313645918013, "0.2": 0.015714006457155556, "0.25": 0.01348403683885874, "0.3": 0.011884399885389668, "0.35": 0.010463741512666781, "0.4": 0.009241690208494633}, "2": {"0": 0.4647533172052178, "0.05": 0.011045687139140463, "0.1": 0.010974956320718574, "0.15": 0.010966421547331752, "0.2": 0.01096339223245753, "0.25": 0.01096339223245753, "0.3": 0.01096339223245753, "0.35": 0.01096339223245753, "0.4": 0.01096339223245753}, "3": {"0": 0.4647533172052178, "0.05": 0.020311476580537616, "0.1": 0.012758288739415985, "0.15": 0.011461846610526146, "0.2": 0.011159349436869158, "0.25": 0.011042942654294879, "0.3": 0.010991866475476989, "0.35": 0.010961990819484535, "0.4": 0.010933117891652607}, "4": {"0": 0.4647533172052178, "0.05": 0.028463337050347495, "0.1": 0.01458907117372485, "0.15": 0.01206022323371739, "0.2": 0.011406608857077198, "0.25": 0.011162204859026128, "0.3": 0.011004735615665933, "0.35": 0.010896207537906205, "0.4": 0.010714023213669356}, "5": {"0": 0.4647533172052178, "0.05": 0.1577035528744399, "0.1": 0.11035166201195597, "0.15": 0.07890145044448445, "0.2": 0.05751144005162324, "0.25": 0.041687781058285425, "0.3": 0.030346180686721028, "0.35": 0.022474780786204098, "0.4": 0.016969571641162196}, "6": {"0": 0.4647533172052178, "0.05": 0.013222656263673045, "0.1": 0.01136311091478744, "0.15": 0.011131851478790391, "0.2": 0.011039250286898323, "0.25": 0.010974878802010908, "0.3": 0.010956303108077535, "0.35": 0.010942852205121704, "0.4": 0.010920079225502852}, "7": {"0": 0.4647533172052178, "0.05": 0.026042593984852164, "0.1": 0.014941086292240231, "0.15": 0.012559081891952808, "0.2": 0.01166064533575758, "0.25": 0.011251240203126896, "0.3": 0.011062990943827783, "0.35": 0.010961889871152184, "0.4": 0.010803625497251808}, "8": {"0": 0.4647533172052178, "0.05": 0.15131372888814895, "0.1": 0.08368904111301831, "0.15": 0.05568760422605693, "0.2": 0.04046880737680691, "0.25": 0.030965907410029293, "0.3": 0.023897440137957894, "0.35": 0.018351342464659255, "0.4": 0.013910008517221132}, "9": {"0": 0.4647533172052178, "0.05": 0.050982173894374726, "0.1": 0.023101348951036715, "0.15": 0.01595572121160544, "0.2": 0.013411572689994303, "0.25": 0.012328258040006111, "0.3": 0.011724144608038441, "0.35": 0.011371064098326857, "0.4": 0.011141867748110655}, "10": {"0": 0.4647533172052178, "0.05": 0.021601375628947043, "0.1": 0.013985154750596246, "0.15": 0.012406925731008319, "0.2": 0.011795221277721134, "0.25": 0.01147010327234967, "0.3": 0.011286735973370581, "0.35": 0.01113511148355322, "0.4": 0.011005064316739071}, "11": {"0": 0.4647533172052178, "0.05": 0.040544382235655735, "0.1": 0.023983923408939976, "0.15": 0.018141570705457757, "0.2": 0.015365471052803444, "0.25": 0.013876496971867398, "0.3": 0.012932176413857669, "0.35": 0.012334982205528987, "0.4": 0.011888939126238507}, "12": {"0": 0.4647533172052178, "0.05": 0.0457971066182282, "0.1": 0.02280427717297985, "0.15": 0.017710840410561052, "0.2": 0.015398091526670855, "0.25": 0.014121267311784988, "0.3": 0.013302701555245192, "0.35": 0.012796309132985594, "0.4": 0.012355278037428702}, "13": {"0": 0.4647533172052178, "0.05": 0.02368214979836523, "0.1": 0.013875398366757554, "0.15": 0.012297847672799884, "0.2": 0.011669742162107833, "0.25": 0.011367849983537735, "0.3": 0.011108980319555624, "0.35": 0.01087482219321822, "0.4": 0.010578383484178625},