{"fscore": {"0": {"0": 0.11396459764356079, "0.05": 0.0314677294178839, "0.1": 0.01633440249880833, "0.15": 0.010163668690673294, "0.2": 0.006477670946763948, "0.25": 0.004207416158297076, "0.3": 0.0027612098545411337, "0.35": 0.0019924454163324267, "0.4": 0.0014645535261193835}, "1": {"0": 0.11396083236362174, "0.05": 0.2947905236270133, "0.1": 0.1965471187580239, "0.15": 0.1108758785722055, "0.2": 0.05510353554213869, "0.25": 0.023483104184885296, "0.3": 0.010814583704259452, "0.35": 0.006263592280823256, "0.4": 0.003946895562291172}, "2": {"0": 0.11386678914843738, "0.05": 0.23576610742512652, "0.1": 0.19088505437996184, "0.15": 0.15065740881636752, "0.2": 0.12319504548384039, "0.25": 0.10336309393740453, "0.3": 0.08932712222593589, "0.35": 0.07727729324922016, "0.4": 0.06386219004162765}, "3": {"0": 0.11396104968557459, "0.05": 0.28873758751735173, "0.1": 0.24048879436655848, "0.15": 0.211305484722006, "0.2": 0.1907719608321784, "0.25": 0.1734553947754038, "0.3": 0.1581686406887942, "0.35": 0.14465125056379555, "0.4": 0.13226258937268381}, "4": {"0": 0.11396062262981059, "0.05": 0.014678438098387201, "0.1": 0.007597095436522476, "0.15": 0.003933860810291166, "0.2": 0.0021594441489515745, "0.25": 0.00131640071659716, "0.3": 0.0009053615974031487, "0.35": 0.0007037884494680001, "0.4": 0.0005366081596019269}, "5": {"0": 0.11397233492673153, "0.05": 0.009268503915416235, "0.1": 0.0016753797159228378, "0.15": 0.0005101673550911003, "0.2": 0.00023944466541899964, "0.25": 0.00012411471820156851, "0.3": 8.92171086925538e-05, "0.35": 5.499402903160063e-05, "0.4": 3.506246046384084e-05}, "6": {"0": 0.11396083236362174, "0.05": 0.105008192255031, "0.1": 0.05057860161069459, "0.15": 0.02620985067056964, "0.2": 0.016129205441305673, "0.25": 0.010904798549215463, "0.3": 0.007565095538999545, "0.35": 0.0055172073322177035, "0.4": 0.004210952438365621}, "7": {"0": 0.11396083236362174, "0.05": 0.3462384249025877, "0.1": 0.3254891311846483, "0.15": 0.2942270744929828, "0.2": 0.2565786079832681, "0.25": 0.22159589163937884, "0.3": 0.1919937882934551, "0.35": 0.16757387585514003, "0.4": 0.14521031876630164}, "8": {"0": 0.11396083236362174, "0.05": 0.07243306032371227, "0.1": 0.022667207052624098, "0.15": 0.007102410977362778, "0.2": 0.0035090931432977613, "0.25": 0.0021862540202344243, "0.3": 0.0015418662332531096, "0.35": 0.001062563040685314, "0.4": 0.0006901383377507401}, "9": {"0": 0.11396284986686996, "0.05": 0.1501141499119817, "0.1": 0.1079743460628093, "0.15": 0.07347893548334218, "0.2": 0.04912421734253613, "0.25": 0.03516061426325594, "0.3": 0.028367421660024282, "0.35": 0.024189708065546493, "0.4": 0.020524276294431296}, "10": {"0": 0.11396083236362174, "0.05": 0.06135433213876849, "0.1": 0.031285246173472774, "0.15": 0.021214301011263027, "0.2": 0.016490727852755613, "0.25": 0.012724616748831566, "0.3": 0.00968075290917627, "0.35": 0.007188984479571101, "0.4": 0.0052764357948744565}, "11": {"0": 0.11396083236362174, "0.05": 0.11142875020047638, "0.1": 0.0267326390750807, "0.15": 0.008126620978488892, "0.2": 0.003378515047423842, "0.25": 0.001616449475331022, "0.3": 0.000873116736468893, "0.35": 0.0004948097418292199, "0.4": 0.0002849974528773455}}, "recall": {"0": {"0": 1.0, "0.05": 0.02652306424362201, "0.1": 0.010848378585524112, "0.15": 0.006129070722115489, "0.2": 0.0036933203506452398, "0.25": 0.0023181373255648707, "0.3": 0.0014842843797000364, "0.35": 0.001051487697781759, "0.4": 0.0007609235924554169}, "1": {"0": 1.0, "0.05": 0.27445514654452985, "0.1": 0.13271887259259368, "0.15": 0.06453722827278258, "0.2": 0.029753693201453647, "0.25": 0.012216248186571, "0.3": 0.005523640673855533, "0.35": 0.003175793035136044, "0.4": 0.001993320741161876}, "2": {"0": 0.9989571469230158, "0.05": 0.21341466697275982, "0.1": 0.13739695249919376, "0.15": 0.09699161952272757, "0.2": 0.07429831220216837, "0.25": 0.059698809514576796, "0.3": 0.05009577512251833, "0.35": 0.04237190654259875, "0.4": 0.03438037189160658}, "3": {"0": 1.0, "0.05": 0.2211067194794567, "0.1": 0.16545290106184038, "0.15": 0.13567428861307804, "0.2": 0.11689747523286581, "0.25": 0.10320442078078212, "0.3": 0.0921946167900772, "0.35": 0.08290340295614401, "0.4": 0.07471990407079875}, "4": {"0": 0.9999958546574804, "0.05": 0.010248517601636925, "0.1": 0.004323078369981879, "0.15": 0.002131630783574371, "0.2": 0.0011382733607704938, "0.25": 0.000682152581494265, "0.3": 0.0004642791718533935, "0.35": 0.0003587987749217573, "0.4": 0.00027249420125092307}, "5": {"0": 1.0, "0.05": 0.007303195211657326, "0.1": 0.0009884961124318184, "0.15": 0.0002752269589517178, "0.2": 0.000124194483806642, "0.25": 6.333604785014331e-05, "0.3": 4.5292550363520165e-05, "0.35": 2.795446181401292e-05, "0.4": 1.7795589833110405e-05}, "6": {"0": 1.0, "0.05": 0.08018517188805842, "0.1": 0.0294537317536898, "0.15": 0.014188222481784024, "0.2": 0.008479037774535222, "0.25": 0.005647376484304555, "0.3": 0.0038759878883087477, "0.35": 0.002808621332268721, "0.4": 0.002135873540412195}, "7": {"0": 1.0, "0.05": 0.29230803238228953, "0.1": 0.2398719177813213, "0.15": 0.20043635901014306, "0.2": 0.16604294882472315, "0.25": 0.13839414855606091, "0.3": 0.1165229952847712, "0.35": 0.0992594213928448, "0.4": 0.08420908388373846}, "8": {"0": 1.0, "0.05": 0.058311322796103016, "0.1": 0.013498952091486629, "0.15": 0.0038580095666397494, "0.2": 0.0018458141269101355, "0.25": 0.0011351777613363642, "0.3": 0.0007938381985038424, "0.35": 0.0005440577243387272, "0.4": 0.0003520597100457236}, "9": {"0": 0.999999478351591, "0.05": 0.14561418144512214, "0.1": 0.07513372446281136, "0.15": 0.044282015025501845, "0.2": 0.02776312086408872, "0.25": 0.01922373933966724, "0.3": 0.015203471994482062, "0.35": 0.0127777746201581, "0.4": 0.010716815378959065}, "10": {"0": 1.0, "0.05": 0.045411977229695366, "0.1": 0.019137876327950665, "0.15": 0.012062217470495929, "0.2": 0.009027316774944524, "0.25": 0.006801722209437899, "0.3": 0.005102106052434112, "0.35": 0.0037491120163826715, "0.4": 0.002731812096387585}, "11": {"0": 1.0, "0.05": 0.08021330394627366, "0.1": 0.014616923442772933, "0.15": 0.004210579949738387, "0.2": 0.0017218124270670597, "0.25": 0.0008191976978502426, "0.3": 0.0004412157715055281, "0.35": 0.0002495262532593733, "0.4": 0.0001437817372448618}}, "precision": {"0": {"0": 0.06219101287880983, "0.05": 0.04367020569794378, "0.1": 0.040996326819721006, "0.15": 0.039579826872861615, "0.2": 0.037009938928321606, "0.25": 0.03481820348108014, "0.3": 0.033098404681335465, "0.35": 0.030823424634647593, "0.4": 0.030104056129056152}, "1": {"0": 0.06218900307361576, "0.05": 0.3412132435220968, "0.1": 0.43219160762497405, "0.15": 0.49509167230477796, "0.2": 0.5261279112224924, "0.25": 0.48785885814105595, "0.3": 0.44339389961889947, "0.35": 0.38999797979797995, "0.4": 0.31275238095238084}, "2": {"0": 0.06213913083274368, "0.05": 0.27781594877857324, "0.1": 0.33288029015072507, "0.15": 0.3609848375677374, "0.2": 0.386923282970612, "0.25": 0.41490415270206793, "0.3": 0.4462013797200452, "0.35": 0.4788783434604349, "0.4": 0.49838506585147835}, "3": {"0": 0.06218911750824554, "0.05": 0.4363210999788617, "0.1": 0.46484313741382965, "0.15": 0.5078271218161217, "0.2": 0.557304594946129, "0.25": 0.5866176281413175, "0.3": 0.603899823955493, "0.35": 0.6179631700103094, "0.4": 0.6299352627572887}, "4": {"0": 0.06218889520262904, "0.05": 0.030877966978177473, "0.1": 0.045955077689281885, "0.15": 0.04076354443830746, "0.2": 0.03434314340264487, "0.25": 0.03428618848471792, "0.3": 0.03453276089379031, "0.35": 0.032163492063492054, "0.4": 0.026599999999999995}, "5": {"0": 0.062195618792881886, "0.05": 0.017796399437593848, "0.1": 0.011888903377131001, "0.15": 0.00884749533518883, "0.2": 0.007192768016297427, "0.25": 0.0055249999999999995, "0.3": 0.0045, "0.35": 0.0022222222222222222, "0.4": 0.0015555555555555553}, "6": {"0": 0.06218900307361576, "0.05": 0.17827475363819842, "0.1": 0.257889162033757, "0.15": 0.279940185409713, "0.2": 0.29681918049579115,