{"fscore": {"0": {"0": 0.11419468166506679, "0.05": 0.34020892882731407, "0.1": 0.25782969539346223, "0.15": 0.1927485963572315, "0.2": 0.14980684934544525, "0.25": 0.11764255188409159, "0.3": 0.09170128989785502, "0.35": 0.06912893971852908, "0.4": 0.048823790604811415}, "1": {"0": 0.1141747941452503, "0.05": 0.30102613365605563, "0.1": 0.2373756509429196, "0.15": 0.16146559192437182, "0.2": 0.09629860249473657, "0.25": 0.04987681047343796, "0.3": 0.03142444439564933, "0.35": 0.023957255618463257, "0.4": 0.019961677148913174}, "2": {"0": 0.11417352133835454, "0.05": 0.38111301129814984, "0.1": 0.2607308782371507, "0.15": 0.14799408667091854, "0.2": 0.0799371169258016, "0.25": 0.04592463652651438, "0.3": 0.02608424713804878, "0.35": 0.016687670867959057, "0.4": 0.010923987091425304}, "3": {"0": 0.12283768426320321, "0.05": 0.27818476964761424, "0.1": 0.27258300108398126, "0.15": 0.2635981789189366, "0.2": 0.2545808002132246, "0.25": 0.24726648755750746, "0.3": 0.23356519451197633, "0.35": 0.21347824234916285, "0.4": 0.21123242338285403}, "4": {"0": 0.11417351032664923, "0.05": 0.12831656871118235, "0.1": 0.08096476224958102, "0.15": 0.06244934382628717, "0.2": 0.05323403816232307, "0.25": 0.04576674114774133, "0.3": 0.035292036179717434, "0.35": 0.027214605575403512, "0.4": 0.023156691840310994}, "5": {"0": 0.11417351022905459, "0.05": 0.13353421811936794, "0.1": 0.037793549823417746, "0.15": 0.012811343713969067, "0.2": 0.006155869061015718, "0.25": 0.0033340029454036624, "0.3": 0.0014158727400050458, "0.35": 0.0006402706885874544, "0.4": 0.0003607228328319081}, "6": {"0": 0.11417351274928061, "0.05": 0.1370900116024175, "0.1": 0.1029219124298015, "0.15": 0.08971048070190908, "0.2": 0.08234585857550761, "0.25": 0.07613719444417946, "0.3": 0.07092451581292593, "0.35": 0.06563693490565696, "0.4": 0.05979611009068783}, "7": {"0": 0.11417351022905459, "0.05": 0.04222130113140684, "0.1": 0.013900758187130099, "0.15": 0.005153632543791342, "0.2": 0.0018631621406507734, "0.25": 0.0006461162073530437, "0.3": 0.00025271609514415915, "0.35": 5.74918705406844e-05, "0.4": 2.015601129490128e-05}, "8": {"0": 0.11417354201319774, "0.05": 0.11090277618372678, "0.1": 0.03845916256262044, "0.15": 0.020181082922010627, "0.2": 0.013386977588965695, "0.25": 0.009871967986659019, "0.3": 0.007408350245297055, "0.35": 0.005743703614267412, "0.4": 0.004338546011781214}, "9": {"0": 0.11417351022905459, "0.05": 0.08266561735814534, "0.1": 0.04149525573681557, "0.15": 0.020307681972101276, "0.2": 0.009568300979532336, "0.25": 0.003966642307994137, "0.3": 0.0014386802548823178, "0.35": 0.0004887421145550066, "0.4": 0.00016006687267204224}, "10": {"0": 0.11417555676685105, "0.05": 0.3522184184509753, "0.1": 0.24798596085031074, "0.15": 0.17092309372888173, "0.2": 0.119391758035835, "0.25": 0.08337694064950317, "0.3": 0.05906759047765353, "0.35": 0.04317131232023832, "0.4": 0.03381793810845719}, "11": {"0": 0.11428359949427665, "0.05": 0.27395760634149846, "0.1": 0.19478099335150256, "0.15": 0.13482459451861692, "0.2": 0.09558634200979473, "0.25": 0.07084581431721018, "0.3": 0.050346998516331606, "0.35": 0.04043727083343145, "0.4": 0.03404676290874418}, "12": {"0": 0.11417532136585484, "0.05": 0.26999350949057105, "0.1": 0.20863292443214976, "0.15": 0.16111761065838653, "0.2": 0.13030666185309656, "0.25": 0.10816895465975952, "0.3": 0.08938529631544222, "0.35": 0.07347172233902742, "0.4": 0.0591735960197325}, "13": {"0": 0.1141735149400804, "0.05": 0.3345702026896427, "0.1": 0.19295462986958428, "0.15": 0.10431676354166675, "0.2": 0.05432941150908908, "0.25": 0.027161881975526738, "0.3": 0.014742203452267583, "0.35": 0.00913411147708917, "0.4": 0.005929982661523835}, "14": {"0": 0.11417351075952055, "0.05": 0.11276143236650887, "0.1": 0.04230375759819166, "0.15": 0.02517482320456588, "0.2": 0.019204582532534004, "0.25": 0.015591627791003596, "0.3": 0.013362651565719863, "0.35": 0.011693260993299242, "0.4": 0.010356253911601027}, "15": {"0": 0.11422249078615661, "0.05": 0.2900359917911035, "0.1": 0.21058197133936088, "0.15": 0.16877826334287796, "0.2": 0.14124426308463064, "0.25": 0.1224395041279292, "0.3": 0.11000060880856315, "0.35": 0.098954658596843, "0.4": 0.0877653042253749}}, "recall": {"0": {"0": 0.9999994349515509, "0.05": 0.3601891305486419, "0.1": 0.20517114987372467, "0.15": 0.13304515742046408, "0.2": 0.0937647362126031, "0.25": 0.06917767856693104, "0.3": 0.05171655791562435, "0.35": 0.037856204632353195, "0.4": 0.026136677483396504}, "1": {"0": 0.9999989547267226, "0.05": 0.350863944525185, "0.1": 0.209472896102649, "0.15": 0.11671051451161285, "0.2": 0.0606749231583865, "0.25": 0.028602090219347846, "0.3": 0.017075783876945173, "0.35": 0.012622059893401873, "0.4": 0.010338725130041793}, "2": {"0": 1.0, "0.05": 0.4373638962667028, "0.1": 0.19749795761586794, "0.15": 0.09073039108852411, "0.2": 0.04477047269311754, "0.25": 0.024530410199599745, "0.3": 0.013599329491713925, "0.35": 0.008595186035257548, "0.4": 0.0055777730722261}, "3": {"0": 0.975229036570139, "0.05": 0.21365243694005775, "0.1": 0.19243982251785552, "0.15": 0.17996738344152477, "0.2": 0.16905819298275657, "0.25": 0.15844248535988678, "0.3": 0.1475758789117661, "0.35": 0.13259239075752643, "0.4": 0.13094455836543922}, "4": {"0": 1.0, "0.05": 0.11601522748600546, "0.1": 0.05533719572457721, "0.15": 0.038579840665844876, "0.2": 0.031128452845687334, "0.25": 0.025877147773116258, "0.3": 0.019370102790389407, "0.35": 0.014575852626220973, "0.4": 0.012211990861714032}, "5": {"0": 1.0, "0.05": 0.11747052791403997, "0.1": 0.021532502898639776, "0.15": 0.006712210224262209, "0.2": 0.0031605535637835892, "0.25": 0.001704139202137391, "0.3": 0.0007228496341083415, "0.35": 0.0003264081591246502, "0.4": 0.00018409461483087254}, "6": {"0": 1.0, "0.05": 0.09944495717463094, "0.1": 0.05925672077882813, "0.15": 0.0490320545194494, "0.2": 0.04408228271397394, "0.25": 0.040274232161351634, "0.3": 0.03724790555377837, "0.35": 0.034292273161462695, "0.4": 0.031108799497588917}, "7": {"0": 1.0, "0.05": 0.040736386019331994, "0.1": 0.009707165338978654, "0.15": 0.003186475840402144, "0.2": 0.0010696893487597665, "0.25": 0.0003536207350051764, "0.3": 0.00013556459734469177, "0.35": 3.066395899072435e-05, "0.4": 1.0654945991150907e-05}, "8": {"0": 1.0, "0.05": 0.09378294855177421, "0.1": 0.022280397650461015, "0.15": 0.010753142372388743, "0.2": 0.0069592175658851054, "0.25": 0.0050719717016732375, "0.3": 0.003782670740185174, "0.35": 0.0029228054315622283, "0.4": 0.002201044776904882}, "9": {"0": 1.0, "0.05": 0.08059936735467939, "0.1": 0.026240354373684306, "0.15": 0.011347361696335198, "0.2": 0.0050897254729362065, "0.25": 0.002057959354064294, "0.3": 0.000737353193608235, "0.35": 0.00024855444769815796, "0.4": 8.117537273919789e-05}, "10": {"0": 1.0, "0.05": 0.37204726495453083, "0.1": 0.1943643458982176, "0.15": 0.11328586899205441, "0.2": 0.07154903401159342, "0.25": 0.047004581247650334, "0.3": 0.03210920165558962, "0.35": 0.022978739442120782, "0.4": 0.01776145217103199}, "11": {"0": 0.9999471566137065, "0.05": 0.2590111814519825, "0.1": 0.14500442661061708, "0.15": 0.08821512971457521, "0.2": 0.05791543707080284, "0.25": 0.040884743899541554, "0.3": 0.02821327925732966, "0.35": 0.022174847760080326, "0.4": 0.018403782256666695}, "12": {"0": 1.0, "0.05": 0.24302153053484007, "0.1": 0.14718281626963703, "0.15": 0.10046425000092445, "0.2": 0.07622803385084424, "0.25": 0.06071419848507661, "0.3": 0.048900499157420264, "0.35": 0.03955071204873971, "0.4": 0.031429159661022305}, "13": {"0": 1.0, "0.05": 0.35213209404205376, "0.1": 0.13743671242551675, "0.15": 0.06236679444218515, "0.2": 0.02971316072524497, "0.25": 0.014235567677045495, "0.3": 0.007577613698517236, "0.35": 0.004660868915890885, "0.4": 0.003016998337227802}, "14": {"0": 1.0, "0.05": 0.09572870495918955, "0.1": 0.025781469968998962, "0.15": 0.014001618419845, "0.2": 0.010290345381203199, "0.25": 0.008189569956468036, "0.3": 0.006926925832277291,