{"fscore": {"0": {"0": 0.0958002684513562, "0.05": 0.03706638535294474, "0.1": 0.022414646408987052, "0.15": 0.018960575058376505, "0.2": 0.017765323541635736, "0.25": 0.017251472646601068, "0.3": 0.017011142074818415, "0.35": 0.016959519065533262, "0.4": 0.016970830379555286}, "1": {"0": 0.0958002684513562, "0.05": 0.04856293639642447, "0.1": 0.030077394222793156, "0.15": 0.02312340742131377, "0.2": 0.02009006145963473, "0.25": 0.018563661621555615, "0.3": 0.017806768905641788, "0.35": 0.017443624314396704, "0.4": 0.017298952266070134}, "2": {"0": 0.0958002684513562, "0.05": 0.06769964649322988, "0.1": 0.03295521466007546, "0.15": 0.023464105372401654, "0.2": 0.020148879476004276, "0.25": 0.01894842963948336, "0.3": 0.01853169186820943, "0.35": 0.018467947461903493, "0.4": 0.018574692099410352}, "3": {"0": 0.0958002684513562, "0.05": 0.03099252754809836, "0.1": 0.024395002007376158, "0.15": 0.02085198601246577, "0.2": 0.018797885559246937, "0.25": 0.017743340577959194, "0.3": 0.017188292407278524, "0.35": 0.01694094689170104, "0.4": 0.016789714579891656}, "4": {"0": 0.0958002684513562, "0.05": 0.05001833718206181, "0.1": 0.028773608709184034, "0.15": 0.02287028815790086, "0.2": 0.020355414617425245, "0.25": 0.019002351203240172, "0.3": 0.018306974280544674, "0.35": 0.017841572661193517, "0.4": 0.0174771899166698}, "5": {"0": 0.0958002684513562, "0.05": 0.06433793885732421, "0.1": 0.03791529483726626, "0.15": 0.028080646662703546, "0.2": 0.022308202967292606, "0.25": 0.01929333559775599, "0.3": 0.01797511907165441, "0.35": 0.017267353151173954, "0.4": 0.01676149400193263}, "6": {"0": 0.0958002684513562, "0.05": 0.02177364590363628, "0.1": 0.017664274401097465, "0.15": 0.01702413757444794, "0.2": 0.016783780579890495, "0.25": 0.016678953421618785, "0.3": 0.01665026452361287, "0.35": 0.016645713175593123, "0.4": 0.016632977464876218}, "7": {"0": 0.0958002684513562, "0.05": 0.04072824461674349, "0.1": 0.023695750286835696, "0.15": 0.019323131154233227, "0.2": 0.017837983671999433, "0.25": 0.017285979884930473, "0.3": 0.017075495870934494, "0.35": 0.017088357909631736, "0.4": 0.017127307234369147}, "8": {"0": 0.0958002684513562, "0.05": 0.019083258609896223, "0.1": 0.01786681264409933, "0.15": 0.017461381569304678, "0.2": 0.017211806128830776, "0.25": 0.01703193149711052, "0.3": 0.016942383935616662, "0.35": 0.016848569813666062, "0.4": 0.0168146030434827}, "9": {"0": 0.0958002684513562, "0.05": 0.056894651276275465, "0.1": 0.030936042664237204, "0.15": 0.024684512230667484, "0.2": 0.02204234562681648, "0.25": 0.02062399556280007, "0.3": 0.01975032564824988, "0.35": 0.019313718724344266, "0.4": 0.018977896020928812}, "10": {"0": 0.0958002684513562, "0.05": 0.03853940679272795, "0.1": 0.021215707377195577, "0.15": 0.01815287527492484, "0.2": 0.017366433400615618, "0.25": 0.017142714437162435, "0.3": 0.017125297077816053, "0.35": 0.017224072795098057, "0.4": 0.017364563786488534}, "11": {"0": 0.0958002684513562, "0.05": 0.0658407481746036, "0.1": 0.0407205214653303, "0.15": 0.030227268231934896, "0.2": 0.024371401803292843, "0.25": 0.02126671825117257, "0.3": 0.019606819106133547, "0.35": 0.0187631522105738, "0.4": 0.018177622652995246}, "12": {"0": 0.0958002684513562, "0.05": 0.058351995836474616, "0.1": 0.03082026327741613, "0.15": 0.02207525411840029, "0.2": 0.019607876723155244, "0.25": 0.01894895351360265, "0.3": 0.018726462787991175, "0.35": 0.018637999603056933, "0.4": 0.018722188323012087}, "13": {"0": 0.0958002684513562, "0.05": 0.04224045463182907, "0.1": 0.024517961018124007, "0.15": 0.0194511907670939, "0.2": 0.017952288221507618, "0.25": 0.017313205237157802, "0.3": 0.01708258789455796, "0.35": 0.016892153160475185, "0.4": 0.016778272737455108}, "14": {"0": 0.0958002684513562, "0.05": 0.022935005898715288, "0.1": 0.01855707939694002, "0.15": 0.01753336887032585, "0.2": 0.017125590459526944, "0.25": 0.016892482805206298, "0.3": 0.016792025006663554, "0.35": 0.016764021153674244, "0.4": 0.01674073173816682}, "15": {"0": 0.0958002684513562, "0.05": 0.03145443456627389, "0.1": 0.02108514149279366, "0.15": 0.01817112056081268, "0.2": 0.017161571137494214, "0.25": 0.016876310055803433, "0.3": 0.016793355750444817, "0.35": 0.016789737741348332, "0.4": 0.016772280700710837}}, "recall": {"0": {"0": 0.4647533172052178, "0.05": 0.027494968376247205, "0.1": 0.015381982764746893, "0.15": 0.01271795484140382, "0.2": 0.011802010503528856, "0.25": 0.01139420562266409, "0.3": 0.011177373764562439, "0.35": 0.011083006100731978, "0.4": 0.011019563946561187}, "1": {"0": 0.4647533172052178, "0.05": 0.03836351776839333, "0.1": 0.02131479427680306, "0.15": 0.015780821941628553, "0.2": 0.01347025374612921, "0.25": 0.012314231758631776, "0.3": 0.011710423800047045, "0.35": 0.011387705243523382, "0.4": 0.011208101584691795}, "2": {"0": 0.4647533172052178, "0.05": 0.06402966629371007, "0.1": 0.02547139158791759, "0.15": 0.01668332205129866, "0.2": 0.013636920124299113, "0.25": 0.012381236201414536, "0.3": 0.011774351317837328, "0.35": 0.01143717993238573, "0.4": 0.011226682105505916}, "3": {"0": 0.4647533172052178, "0.05": 0.022226988867715843, "0.1": 0.016550410813051173, "0.15": 0.013928360076765556, "0.2": 0.012478440276320037, "0.25": 0.011748314514878944, "0.3": 0.011365703670666163, "0.35": 0.011190896429056688, "0.4": 0.01108027969260514}, "4": {"0": 0.4647533172052178, "0.05": 0.03705724417482348, "0.1": 0.019956584786174146, "0.15": 0.015499803907333149, "0.2": 0.01364116886103489, "0.25": 0.012658740523344243, "0.3": 0.01214420653672588, "0.35": 0.011790465879455599, "0.4": 0.011508872683094182}, "5": {"0": 0.4647533172052178, "0.05": 0.047267309093906994, "0.1": 0.026368877711879353, "0.15": 0.019135953419155576, "0.2": 0.015015079967600162, "0.25": 0.012880646467134032, "0.3": 0.011941664274465946, "0.35": 0.011424491888741064, "0.4": 0.011050219997049436}, "6": {"0": 0.4647533172052178, "0.05": 0.015020700630844583, "0.1": 0.011807396444638315, "0.15": 0.011299697357238814, "0.2": 0.011111697662900183, "0.25": 0.011028579635542015, "0.3": 0.011000337020184955, "0.35": 0.01099033302930696, "0.4": 0.010973180150807869}, "7": {"0": 0.4647533172052178, "0.05": 0.032856960107384585, "0.1": 0.01704482008173185, "0.15": 0.013353536178002827, "0.2": 0.012064742230331648, "0.25": 0.011520721592115549, "0.3": 0.011251066528549998, "0.35": 0.011142830145433026, "0.4": 0.011051704305330552}, "8": {"0": 0.4647533172052178, "0.05": 0.012886985408219882, "0.1": 0.011885592546491403, "0.15": 0.011568440302312417, "0.2": 0.011382583328336138, "0.25": 0.01125639764543742, "0.3": 0.011189039442654945, "0.35": 0.011119400198433488, "0.4": 0.011089728046769916}, "9": {"0": 0.4647533172052178, "0.05": 0.04886546703470782, "0.1": 0.023295933348606034, "0.15": 0.017553115252817046, "0.2": 0.015148622947607845, "0.25": 0.01385418583675007, "0.3": 0.013044299360344838, "0.35": 0.012562018621510705, "0.4": 0.012157144439890426}, "10": {"0": 0.4647533172052178, "0.05": 0.030237152715030073, "0.1": 0.01455346677292033, "0.15": 0.012093742315701332, "0.2": 0.011411507038573028, "0.25": 0.011153451105550468, "0.3": 0.011032821128663772, "0.35": 0.01097736126393182, "0.4": 0.010932263673878331}, "11": {"0": 0.4647533172052178, "0.05": 0.05077164561971393, "0.1": 0.0284288323208447, "0.15": 0.020440880332012926, "0.2": 0.016263111122584686, "0.25": 0.014076960684736121, "0.3": 0.012914730770375893, "0.35": 0.012305807686628032, "0.4": 0.011865497963662453}, "12": {"0": 0.4647533172052178, "0.05": 0.055138748050304984, "0.1": 0.02407924298719969, "0.15": 0.015760884330947664, "0.2": 0.013257436193184683, "0.25": 0.012341636091704014, "0.3": 0.011852604420899856, "0.35": 0.01150274062413085, "0.4": 0.011289292414110835}, "13": {"0": 0.4647533172052178, "0.05": 0.03211559370399889, "0.1": 0.01715096482640683, "0.15": 0.013206213300453724, "0.2": 0.012036810473260664, "0.25": 0.01153097203208286, "0.3": 0.011333520190931777, "0.35": 0.011170445838473526, "0.4": 0.01106169598971179},