{"fscore": {"0": {"0": 0.11398936436481887, "0.05": 0.09003356052353197, "0.1": 0.054418578217798205, "0.15": 0.030990787109478862, "0.2": 0.01744703708606024, "0.25": 0.010294133488821917, "0.3": 0.006056485009420346, "0.35": 0.0036919285807790404, "0.4": 0.0023505228793908746}, "1": {"0": 0.11398936436481887, "0.05": 0.30515789709942065, "0.1": 0.24784914057359259, "0.15": 0.20291820525437482, "0.2": 0.16818509289063932, "0.25": 0.1393366648398677, "0.3": 0.1155728996239531, "0.35": 0.09872814506321494, "0.4": 0.08431483061201336}, "2": {"0": 0.11398936436481887, "0.05": 0.2649853811688281, "0.1": 0.1956061266159269, "0.15": 0.1370419829571325, "0.2": 0.09549612142846332, "0.25": 0.06727905920346687, "0.3": 0.04813582796744195, "0.35": 0.03534300371776772, "0.4": 0.02673944977533962}, "3": {"0": 0.11398936436481887, "0.05": 0.3099455839416141, "0.1": 0.27710369137844565, "0.15": 0.23447544498568698, "0.2": 0.19146020774952371, "0.25": 0.15242074210927714, "0.3": 0.12132877076313374, "0.35": 0.09654080949312173, "0.4": 0.07590122410107475}, "4": {"0": 0.11398936436481887, "0.05": 0.0971007199468456, "0.1": 0.02839505042615049, "0.15": 0.007392630289410547, "0.2": 0.0023983239564894713, "0.25": 0.0011204097571888242, "0.3": 0.0005165247210295726, "0.35": 0.00025465248823961173, "0.4": 7.316862624913361e-05}, "5": {"0": 0.11398936436481887, "0.05": 0.07049274538410256, "0.1": 0.03765895806011088, "0.15": 0.02337992172665449, "0.2": 0.015498663038708713, "0.25": 0.010889411322503883, "0.3": 0.008509176549243797, "0.35": 0.0068051852970324195, "0.4": 0.0054586346008399286}, "6": {"0": 0.11398936436481887, "0.05": 0.15844728581730924, "0.1": 0.09362671640067825, "0.15": 0.05453997982957914, "0.2": 0.03247086333711052, "0.25": 0.019549559458303886, "0.3": 0.011608068440305196, "0.35": 0.006583124625819931, "0.4": 0.00382549099377118}, "7": {"0": 0.11398936436481887, "0.05": 0.338901445599821, "0.1": 0.3220945672941673, "0.15": 0.2916283013484455, "0.2": 0.25098329688157206, "0.25": 0.211059485085023, "0.3": 0.17354622720764484, "0.35": 0.1436138308201078, "0.4": 0.12073589552855298}, "8": {"0": 0.11398936436481887, "0.05": 0.15250849576638792, "0.1": 0.1117665522621703, "0.15": 0.08416924143389579, "0.2": 0.06279532477770933, "0.25": 0.04760674450443572, "0.3": 0.03662292295004941, "0.35": 0.028247423468619335, "0.4": 0.02196921770164119}, "9": {"0": 0.11398936436481887, "0.05": 0.17169610827296047, "0.1": 0.11990850067219223, "0.15": 0.08381717107003223, "0.2": 0.05933569294149163, "0.25": 0.04231310917791033, "0.3": 0.030726278851922865, "0.35": 0.023440726986420368, "0.4": 0.01865232702042379}, "10": {"0": 0.11398936436481887, "0.05": 0.16991048353620133, "0.1": 0.1260400475191237, "0.15": 0.0906644290547067, "0.2": 0.0624468263487589, "0.25": 0.039588006002849424, "0.3": 0.02120905849009112, "0.35": 0.010635619641408113, "0.4": 0.005430638888537114}, "11": {"0": 0.11398936436481887, "0.05": 0.23720902608061795, "0.1": 0.14353903295639608, "0.15": 0.07667251952553786, "0.2": 0.03912019364969315, "0.25": 0.020564142167688742, "0.3": 0.01137983112646212, "0.35": 0.006051075898576018, "0.4": 0.0027706662881161305}}, "recall": {"0": {"0": 1.0, "0.05": 0.09394876714519684, "0.1": 0.04205651020228925, "0.15": 0.019615617977528328, "0.2": 0.009905368156442693, "0.25": 0.005583030248536833, "0.3": 0.0032161471900744067, "0.35": 0.0019362692891366814, "0.4": 0.0012245030424664453}, "1": {"0": 1.0, "0.05": 0.2849480498920742, "0.1": 0.18039426942072437, "0.15": 0.13133881852466237, "0.2": 0.10165681092944133, "0.25": 0.08055367012751588, "0.3": 0.06475334265363017, "0.35": 0.05413804180799897, "0.4": 0.04547479514583007}, "2": {"0": 1.0, "0.05": 0.24903964175701607, "0.1": 0.1419997935996882, "0.15": 0.0870440641748671, "0.2": 0.056140164120891414, "0.25": 0.03765949351545372, "0.3": 0.026105587464477387, "0.35": 0.018764780205343796, "0.4": 0.013986503930420429}, "3": {"0": 1.0, "0.05": 0.25449652289335656, "0.1": 0.19768693105962784, "0.15": 0.1529321923637663, "0.2": 0.11744078827661047, "0.25": 0.0893277551369672, "0.3": 0.0686986233289875, "0.35": 0.05324128323077281, "0.4": 0.0410002273684104}, "4": {"0": 1.0, "0.05": 0.08335899659986662, "0.1": 0.01657385248486771, "0.15": 0.003929639474770814, "0.2": 0.0012361475250277896, "0.25": 0.0005705497423436909, "0.3": 0.00026136188815141097, "0.35": 0.00012859831387255138, "0.4": 3.6811393085143236e-05}, "5": {"0": 1.0, "0.05": 0.06341114598197077, "0.1": 0.02322791006886822, "0.15": 0.012938233253127786, "0.2": 0.008237543770730901, "0.25": 0.005678645061545182, "0.3": 0.0043906009429857135, "0.35": 0.00349164997224608, "0.4": 0.0027891979243031013}, "6": {"0": 1.0, "0.05": 0.15744262806249762, "0.1": 0.06705198649131486, "0.15": 0.03407099552931277, "0.2": 0.018886307392202074, "0.25": 0.010902324251762472, "0.3": 0.006306448885419645, "0.35": 0.0035101619989081944, "0.4": 0.0020120882058084193}, "7": {"0": 1.0, "0.05": 0.3055785889781965, "0.1": 0.24619502317333714, "0.15": 0.20063022425391705, "0.2": 0.16101214959153212, "0.25": 0.1287565905563927, "0.3": 0.10189715059426542, "0.35": 0.08189988408107575, "0.4": 0.06737810967418631}, "8": {"0": 1.0, "0.05": 0.15312905496821208, "0.1": 0.08370800066624726, "0.15": 0.054656218241518825, "0.2": 0.037593756530598064, "0.25": 0.027073742876001707, "0.3": 0.020126436600976624, "0.35": 0.015171313681298149, "0.4": 0.011611898081806061}, "9": {"0": 1.0, "0.05": 0.1845669232552861, "0.1": 0.0910686682305048, "0.15": 0.053729550385480156, "0.2": 0.0347624400754783, "0.25": 0.02353788866036212, "0.3": 0.01655452951015809, "0.35": 0.01236995007189057, "0.4": 0.009716015804088566}, "10": {"0": 1.0, "0.05": 0.1861740656753287, "0.1": 0.09850120615760191, "0.15": 0.05916793530648617, "0.2": 0.03688689210051783, "0.25": 0.022122666833553174, "0.3": 0.011417210638254807, "0.35": 0.005601583661117684, "0.4": 0.002814354999593941}, "11": {"0": 1.0, "0.05": 0.21536571283245576, "0.1": 0.09544964384845814, "0.15": 0.04447022153273867, "0.2": 0.021245663415128214, "0.25": 0.010813624583112668, "0.3": 0.005880418624099426, "0.35": 0.0030986503444006084, "0.4": 0.0014116120988880497}}, "precision": {"0": {"0": 0.06220500523914973, "0.05": 0.09133077789423145, "0.1": 0.08737059961438659, "0.15": 0.09085176060117231, "0.2": 0.09057272578823357, "0.25": 0.08161411896434749, "0.3": 0.06535204410215303, "0.35": 0.051867664445790725, "0.4": 0.04049556002497747}, "1": {"0": 0.06220500523914973, "0.05": 0.34524073320492343, "0.1": 0.4230808185760795, "0.15": 0.48438864951660815, "0.2": 0.5385791673175546, "0.25": 0.5818830985855882, "0.3": 0.6218943227968216, "0.35": 0.6629403184151802, "0.4": 0.6978604622410519}, "2": {"0": 0.06220500523914973, "0.05": 0.2985971781211414, "0.1": 0.33407124680714945, "0.15": 0.3466840002192208, "0.2": 0.3477040145439881, "0.25": 0.34857771518604846, "0.3": 0.3468637448392465, "0.35": 0.34801934245349214, "0.4": 0.35722932609131786}, "3": {"0": 0.06220500523914973, "0.05": 0.4171574623726912, "0.1": 0.49431381875477115, "0.15": 0.5443262651466891, "0.2": 0.5713934789389179, "0.25": 0.5847334800024072, "0.3": 0.5971122999466413, "0.35": 0.6066779443860338, "0.4": 0.6135468730955155}, "4": {"0": 0.06220500523914973, "0.05": 0.13454695157190028, "0.1": 0.12743400720207834, "0.15": 0.09341558268708591, "0.2": 0.07510204610204606, "0.25": 0.06325317460317464, "0.3": 0.04068888888888888, "0.35": 0.022944444444444448, "0.4": 0.007944444444444443}, "5": {"0": 0.06220500523914973, "0.05": 0.08856240983079285, "0.1": 0.1294125801486304, "0.15": 0.16964045515294116, "0.2": 0.19583959100040813, "0.25": 0.20925353827094906, "0.3": 0.22086483516483577, "0.35": 0.21050925168885695, "0.4": 0.19848015873015865}, "6": {"0": 0.06220500523914973, "0.05": 0.16934013809517504, "0.1": 0.17047478045303174, "0.15": 0.15503909489071568, "0.2": 0.13485479163347502, "0.25": 0.11362663623536377, "0.3": 0.09090382443455233, "0.35": 0.06771201689441775, "0.4": 0.05061980446579492},