{"fscore": {"0": {"0": 0.0958002684513562, "0.05": 0.10593830919833247, "0.1": 0.07392538132349831, "0.15": 0.053840994427252466, "0.2": 0.042340703214753236, "0.25": 0.03624555799338746, "0.3": 0.03208321376178966, "0.35": 0.028507464704431863, "0.4": 0.02558862220315483}, "1": {"0": 0.0958002684513562, "0.05": 0.15257455939597056, "0.1": 0.10946548344857608, "0.15": 0.07525829363399286, "0.2": 0.05201258134470752, "0.25": 0.035407592319105806, "0.3": 0.026760727435112847, "0.35": 0.021734829236221085, "0.4": 0.017013992211990996}, "2": {"0": 0.0958002684513562, "0.05": 0.137898662653236, "0.1": 0.11388381108137666, "0.15": 0.08834100704067384, "0.2": 0.07258857107197206, "0.25": 0.06016742956816301, "0.3": 0.048418476756929264, "0.35": 0.03840537306516037, "0.4": 0.029338030802650725}, "3": {"0": 0.0958002684513562, "0.05": 0.21021186662612287, "0.1": 0.15063811612084235, "0.15": 0.09944804721714265, "0.2": 0.06810520164149197, "0.25": 0.045595795835458634, "0.3": 0.03031039192297688, "0.35": 0.0185997053244834, "0.4": 0.01047527150812754}, "4": {"0": 0.0958002684513562, "0.05": 0.20240684123332525, "0.1": 0.1383837017133409, "0.15": 0.09401004710156467, "0.2": 0.0701534145002826, "0.25": 0.05565588795164069, "0.3": 0.04525259441827493, "0.35": 0.03622169015306115, "0.4": 0.028302072153038288}, "5": {"0": 0.0958002684513562, "0.05": 0.2252742320383848, "0.1": 0.21359074391172486, "0.15": 0.20095170520907057, "0.2": 0.18516044083106753, "0.25": 0.16788625449286748, "0.3": 0.15436708537923888, "0.35": 0.1410568375143356, "0.4": 0.13173902287235686}, "6": {"0": 0.0958002684513562, "0.05": 0.2461446348857953, "0.1": 0.21255636430578226, "0.15": 0.1806664074906643, "0.2": 0.158709275944915, "0.25": 0.14185085831218047, "0.3": 0.12749463241774314, "0.35": 0.11464388444129978, "0.4": 0.10286340370207625}, "7": {"0": 0.0958002684513562, "0.05": 0.09082455415560882, "0.1": 0.05713634031040237, "0.15": 0.03961290873704002, "0.2": 0.02889801317751971, "0.25": 0.021569866635681296, "0.3": 0.016286617916421303, "0.35": 0.01281816441627799, "0.4": 0.009809373107163276}, "8": {"0": 0.0958002684513562, "0.05": 0.08912664773863986, "0.1": 0.06516575762220153, "0.15": 0.05033197549858271, "0.2": 0.040842289953988364, "0.25": 0.03383284326129668, "0.3": 0.02845659041362754, "0.35": 0.023764791670442993, "0.4": 0.01966586056352193}, "9": {"0": 0.0958002684513562, "0.05": 0.27569404951751497, "0.1": 0.22763930946686736, "0.15": 0.196962930821502, "0.2": 0.17425059412586896, "0.25": 0.15724162753617996, "0.3": 0.14469550764066802, "0.35": 0.13473875546812686, "0.4": 0.12612879337374172}, "10": {"0": 0.0958002684513562, "0.05": 0.11097814782597834, "0.1": 0.08174236862571153, "0.15": 0.05950404832061613, "0.2": 0.044337803207195936, "0.25": 0.034042480895936575, "0.3": 0.026792499461939748, "0.35": 0.02160709703702293, "0.4": 0.017842446083939888}, "11": {"0": 0.0958002684513562, "0.05": 0.05875836488639768, "0.1": 0.04970702046641118, "0.15": 0.044923164269396944, "0.2": 0.04097581907816541, "0.25": 0.03768166667017222, "0.3": 0.034332395912627066, "0.35": 0.03097385768606615, "0.4": 0.027433991961490274}, "12": {"0": 0.0958002684513562, "0.05": 0.27534905687966066, "0.1": 0.24455801751403713, "0.15": 0.20336517849132163, "0.2": 0.1724693624288719, "0.25": 0.1489146296615461, "0.3": 0.1309585922390449, "0.35": 0.11485849852708786, "0.4": 0.09986164170216001}, "13": {"0": 0.0958002684513562, "0.05": 0.2335106849687481, "0.1": 0.2091982023950182, "0.15": 0.18569013654015407, "0.2": 0.16488471119825557, "0.25": 0.14626456419084877, "0.3": 0.12823931987362186, "0.35": 0.11163504313736797, "0.4": 0.09657173259421158}, "14": {"0": 0.0958002684513562, "0.05": 0.22680226969869477, "0.1": 0.1882909470740074, "0.15": 0.15313802458752887, "0.2": 0.12773685302827745, "0.25": 0.10744671094440095, "0.3": 0.09082492800646573, "0.35": 0.07703528752234999, "0.4": 0.06463699501753357}, "15": {"0": 0.0958002684513562, "0.05": 0.265471552204468, "0.1": 0.24671652061587498, "0.15": 0.22493446836143277, "0.2": 0.2035801741733694, "0.25": 0.18057662431381116, "0.3": 0.1618066339806202, "0.35": 0.1498028376637167, "0.4": 0.13643018752796704}}, "recall": {"0": {"0": 0.4647533172052178, "0.05": 0.11225500653196542, "0.1": 0.05439913581176962, "0.15": 0.03395371599529866, "0.2": 0.024733824885838623, "0.25": 0.020292136849401413, "0.3": 0.01752021506794231, "0.35": 0.015326809639199981, "0.4": 0.013627924372211877}, "1": {"0": 0.4647533172052178, "0.05": 0.18956842248068856, "0.1": 0.09001855069491192, "0.15": 0.04934474178740889, "0.2": 0.030570112770531736, "0.25": 0.019636760278489835, "0.3": 0.014339053024983901, "0.35": 0.011406732941139953, "0.4": 0.008807109615561654}, "2": {"0": 0.4647533172052178, "0.05": 0.14150418418096689, "0.1": 0.08566144254180115, "0.15": 0.05812261806981121, "0.2": 0.04458847479819242, "0.25": 0.03536099919515335, "0.3": 0.027568935159417517, "0.35": 0.02135701378016529, "0.4": 0.015987464523330497}, "3": {"0": 0.4647533172052178, "0.05": 0.2609584364038235, "0.1": 0.11704872779651722, "0.15": 0.06302075858332634, "0.2": 0.03896691675156259, "0.25": 0.024760028040242448, "0.3": 0.016034465563522365, "0.35": 0.009702910620053866, "0.4": 0.005423975927522969}, "4": {"0": 0.4647533172052178, "0.05": 0.20378357920591317, "0.1": 0.09974138882778595, "0.15": 0.058792374270885524, "0.2": 0.04085870920628444, "0.25": 0.031188980412625463, "0.3": 0.024770390456777244, "0.35": 0.019497146013633435, "0.4": 0.015033536260959768}, "5": {"0": 0.4647533172052178, "0.05": 0.19505512451963805, "0.1": 0.16519288177060032, "0.15": 0.14628522239598618, "0.2": 0.1278542520126197, "0.25": 0.11126468139217657, "0.3": 0.09962018658245161, "0.35": 0.08877195939489149, "0.4": 0.08103258803586276}, "6": {"0": 0.4647533172052178, "0.05": 0.2611308712019487, "0.1": 0.17184823150429676, "0.15": 0.12558776820888623, "0.2": 0.10123186081496365, "0.25": 0.08584411987285123, "0.3": 0.07451054962380384, "0.35": 0.06533175764690995, "0.4": 0.05752302218709278}, "7": {"0": 0.4647533172052178, "0.05": 0.08909414426575585, "0.1": 0.03968107759981959, "0.15": 0.023927688608584644, "0.2": 0.016250786708183917, "0.25": 0.011694969419005065, "0.3": 0.008633376748598246, "0.35": 0.006682742610131079, "0.4": 0.00505633278162467}, "8": {"0": 0.4647533172052178, "0.05": 0.08748520710958306, "0.1": 0.04725714833925296, "0.15": 0.032241554706935384, "0.2": 0.024523605345405212, "0.25": 0.01953276332428723, "0.3": 0.016010904310776636, "0.35": 0.013127051279906071, "0.4": 0.010712860654305757}, "9": {"0": 0.4647533172052178, "0.05": 0.27278126662563557, "0.1": 0.18375873651193164, "0.15": 0.14251584969239967, "0.2": 0.11798887985376116, "0.25": 0.10195271568794197, "0.3": 0.09097425089452667, "0.35": 0.0826964694114185, "0.4": 0.07576307157875273}, "10": {"0": 0.4647533172052178, "0.05": 0.11465704865783106, "0.1": 0.05816225137628117, "0.15": 0.036659035943575446, "0.2": 0.025519317620022845, "0.25": 0.018876217126053734, "0.3": 0.014537397581698475, "0.35": 0.011560746039282198, "0.4": 0.009452701598853709}, "11": {"0": 0.4647533172052178, "0.05": 0.054802443984314136, "0.1": 0.03886477815333179, "0.15": 0.03190278958328538, "0.2": 0.0272821211848708, "0.25": 0.023940681243815876, "0.3": 0.021056594546230687, "0.35": 0.018447198933501798, "0.4": 0.015981114845444098}, "12": {"0": 0.4647533172052178, "0.05": 0.2791026495494651, "0.1": 0.1896736147416081, "0.15": 0.13844764032266368, "0.2": 0.10908780217034061, "0.25": 0.08966973559723948, "0.3": 0.07622162612651365, "0.35": 0.06510961432621433, "0.4": 0.055424416015763464}, "13": {"0": 0.4647533172052178, "0.05": 0.23946508815903894, "0.1": 0.16277666921385145, "0.15": 0.12490710478008409, "0.2": 0.10247305825772393, "0.25": 0.08646567620152786, "0.3": 0.07338131601192713, "0.35": 0.062449551282965206, "0.4": 0.053104745981777855}, "14": {"0": 0.4647533172052178, "0.05": 0.2444322612731527, "0.1": 0.15037270920310727, "0.15": 0.10402044599800274,