{"fscore": {"0": {"0": 0.11396083236362174, "0.05": 0.023146265307146998, "0.1": 0.011401550156296335, "0.15": 0.005731562400305423, "0.2": 0.0029886638065754097, "0.25": 0.001603310460607827, "0.3": 0.0008006573082918655, "0.35": 0.00044581066471345327, "0.4": 0.00026062036185917206}, "1": {"0": 0.11396083236362174, "0.05": 0.31187496039564006, "0.1": 0.23032257125694314, "0.15": 0.16048431259638207, "0.2": 0.101984977090472, "0.25": 0.06493606286385827, "0.3": 0.032435982461518645, "0.35": 0.009118484602921988, "0.4": 0.0026286611768541403}, "2": {"0": 0.11396083236362174, "0.05": 0.24723896705010642, "0.1": 0.2082568243299425, "0.15": 0.17183705313108785, "0.2": 0.14462108159555934, "0.25": 0.12180379654095122, "0.3": 0.09727572773035519, "0.35": 0.07513645392702821, "0.4": 0.05835046835410317}, "3": {"0": 0.11396083236362174, "0.05": 0.29386660855539987, "0.1": 0.2504593288076573, "0.15": 0.22407789008424459, "0.2": 0.19945929327448947, "0.25": 0.1779667027814553, "0.3": 0.15794176589368997, "0.35": 0.14193302255554252, "0.4": 0.129191612193493}, "4": {"0": 0.11396083236362174, "0.05": 0.016964298965760367, "0.1": 0.008844230915338692, "0.15": 0.004621802962929441, "0.2": 0.0021461496212156228, "0.25": 0.00104497471972377, "0.3": 0.0005907748879047141, "0.35": 0.0003988758357161219, "0.4": 0.00023252439313874913}, "5": {"0": 0.11396083236362174, "0.05": 0.003751497847195208, "0.1": 0.000735111440045294, "0.15": 0.0003943601596569877, "0.2": 0.0002713661779805796, "0.25": 0.00022677786392388073, "0.3": 0.0001357109820045089, "0.35": 0.00013311469792524354, "0.4": 0.00010973411920105214}, "6": {"0": 0.11396083236362174, "0.05": 0.18156404386073013, "0.1": 0.07096052582233194, "0.15": 0.03000127044919971, "0.2": 0.016011392320972387, "0.25": 0.010470545019194259, "0.3": 0.008301831991413818, "0.35": 0.00643682057360584, "0.4": 0.004991245875498793}, "7": {"0": 0.11396083236362174, "0.05": 0.34120866510445913, "0.1": 0.32093393501223993, "0.15": 0.3018009042847644, "0.2": 0.27184339429874127, "0.25": 0.23842126342835648, "0.3": 0.2086351610253106, "0.35": 0.18092542700765, "0.4": 0.15648635922236878}, "8": {"0": 0.11396083236362174, "0.05": 0.08970179134973139, "0.1": 0.014094484836306388, "0.15": 0.003931916312221522, "0.2": 0.002419713327641366, "0.25": 0.0018434892723352332, "0.3": 0.0013970410193872081, "0.35": 0.0011515600552301354, "0.4": 0.0009979932431056135}, "9": {"0": 0.11396083236362174, "0.05": 0.18415410607982877, "0.1": 0.13943761363464827, "0.15": 0.09971991162741561, "0.2": 0.07267959633903096, "0.25": 0.04846931132586868, "0.3": 0.032953691889996306, "0.35": 0.023887577258593605, "0.4": 0.01910987436409679}, "10": {"0": 0.11396083236362174, "0.05": 0.06067729317159257, "0.1": 0.025918045105761962, "0.15": 0.018289557845049497, "0.2": 0.012854404802764065, "0.25": 0.008420823900025954, "0.3": 0.005391593095271452, "0.35": 0.0035492473704526154, "0.4": 0.0025383832342331793}, "11": {"0": 0.11396083236362174, "0.05": 0.15230665532225565, "0.1": 0.053830790090559265, "0.15": 0.01981301227864742, "0.2": 0.010386635173763144, "0.25": 0.0062100069091532714, "0.3": 0.003634825514592301, "0.35": 0.0020648309636425435, "0.4": 0.0008251336387806588}}, "recall": {"0": {"0": 1.0, "0.05": 0.01926584284624124, "0.1": 0.007175647454562075, "0.15": 0.0033697247122162987, "0.2": 0.0016828028324210092, "0.25": 0.0008727356197545394, "0.3": 0.00042422388894945457, "0.35": 0.0002325341626591345, "0.4": 0.00013480310199832126}, "1": {"0": 1.0, "0.05": 0.3027478048789533, "0.1": 0.16637968126757008, "0.15": 0.10133265815991224, "0.2": 0.05894593714526533, "0.25": 0.03552127906934606, "0.3": 0.017022204426123833, "0.35": 0.004661080793278943, "0.4": 0.001332628043270379}, "2": {"0": 1.0, "0.05": 0.23417387294913516, "0.1": 0.15700389386413655, "0.15": 0.11557130330379155, "0.2": 0.09049460550426937, "0.25": 0.0721136951491809, "0.3": 0.05512579042169466, "0.35": 0.04119530595317762, "0.4": 0.03124433744513129}, "3": {"0": 1.0, "0.05": 0.22245092842062994, "0.1": 0.17244106108858398, "0.15": 0.1449321124486817, "0.2": 0.12345895240151115, "0.25": 0.10687379947436983, "0.3": 0.0927338962217386, "0.35": 0.08187928210355648, "0.4": 0.07346282830116518}, "4": {"0": 1.0, "0.05": 0.012776409355857454, "0.1": 0.004938801666023801, "0.15": 0.0024497943946968784, "0.2": 0.0011168774332855737, "0.25": 0.0005378548270444717, "0.3": 0.00030275750509578715, "0.35": 0.00020354913727147576, "0.4": 0.00011833907309854148}, "5": {"0": 1.0, "0.05": 0.002586876476386884, "0.1": 0.0003936331205627643, "0.15": 0.00020332557465297527, "0.2": 0.0001383300853070551, "0.25": 0.00011525565825005363, "0.3": 6.865521452693423e-05, "0.35": 6.720371195099389e-05, "0.4": 5.536168903209557e-05}, "6": {"0": 1.0, "0.05": 0.14510539035557382, "0.1": 0.041070636134642305, "0.15": 0.015931313170455288, "0.2": 0.008274804152427467, "0.25": 0.005347670426047035, "0.3": 0.004216985003844242, "0.35": 0.003259785824035672, "0.4": 0.0025230269919698112}, "7": {"0": 1.0, "0.05": 0.2744160985102496, "0.1": 0.23095360111417054, "0.15": 0.20630591369206874, "0.2": 0.1786404708293972, "0.25": 0.15128849811177172, "0.3": 0.12847383287380246, "0.35": 0.10853579133790056, "0.4": 0.09177499997179242}, "8": {"0": 1.0, "0.05": 0.0719376446367349, "0.1": 0.007929898764007785, "0.15": 0.0020545543058913015, "0.2": 0.0012479661387429166, "0.25": 0.000945724767371884, "0.3": 0.0007145285443060516, "0.35": 0.0005885388726760844, "0.4": 0.0005089587289747824}, "9": {"0": 1.0, "0.05": 0.19320392988099036, "0.1": 0.10207875577128603, "0.15": 0.060610278491102974, "0.2": 0.04038032914050647, "0.25": 0.025833988189352192, "0.3": 0.017241842107270238, "0.35": 0.012370650552868333, "0.4": 0.009832584364624248}, "10": {"0": 1.0, "0.05": 0.04292953001949172, "0.1": 0.014915475366087838, "0.15": 0.009894149585029752, "0.2": 0.0067890491548935695, "0.25": 0.004386434121080427, "0.3": 0.002783964274317756, "0.35": 0.0018220885271110943, "0.4": 0.0012994266873871427}, "11": {"0": 1.0, "0.05": 0.13380142414273968, "0.1": 0.03141276129807776, "0.15": 0.010435472159719019, "0.2": 0.0053242505459379155, "0.25": 0.003154019424147639, "0.3": 0.0018377992298660164, "0.35": 0.001042338304735727, "0.4": 0.0004162612821773759}}, "precision": {"0": {"0": 0.06218900307361576, "0.05": 0.03541389549248144, "0.1": 0.03614964948263075, "0.15": 0.02587615620312839, "0.2": 0.019971938892590285, "0.25": 0.01722858533512014, "0.3": 0.01344107281607282, "0.35": 0.008289201539201537, "0.4": 0.006301190476190475}, "1": {"0": 0.06218900307361576, "0.05": 0.33927995243285775, "0.1": 0.4032054212529328, "0.15": 0.42377495368977947, "0.2": 0.4304174217005499, "0.25": 0.4696337548733005, "0.3": 0.5067526515967687, "0.35": 0.36326349206349223, "0.4": 0.16952857142857142}, "2": {"0": 0.06218900307361576, "0.05": 0.27675580538833555, "0.1": 0.3300717323662794, "0.15": 0.36003286955385405, "0.2": 0.388399220368122, "0.25": 0.4231801369386225, "0.3": 0.44902945160951513, "0.35": 0.4714733563847411, "0.4": 0.500552895033437}, "3": {"0": 0.06218900307361576, "0.05": 0.4555495970534887, "0.1": 0.4846792847589105, "0.15": 0.5283005477525798, "0.2": 0.5608217968700301, "0.25": 0.577919297107045, "0.3": 0.582808219582552, "0.35": 0.587617977652391, "0.4": 0.5954412430937073}, "4": {"0": 0.06218900307361576, "0.05": 0.03566587912493692, "0.1": 0.06823659015539067, "0.15": 0.0715973924214994, "0.2": 0.04838552515556448, "0.25": 0.03261185871327773, "0.3": 0.020641471953971965, "0.35": 0.014413359788359786, "0.4": 0.010253703703703702}, "5": {"0": 0.06218900307361576, "0.05": 0.010770575941910122, "0.1": 0.013472181251772235, "0.15": 0.015712181337181337, "0.2": 0.015154497354497356, "0.25": 0.01278888888888889, "0.3": 0.009622222222222221, "0.35": 0.00961111111111111, "0.4": 0.008166666666666666}, "6": {"0": 0.06218900307361576, "0.05": 0.28648063555356845, "0.1": 0.3607686017799026, "0.15": 0.40074321207891134, "0.2": 0.42213078498431916, "0.25": 0.43325519611967,