{"fscore": {"0": {"0": 0.11396083236362174, "0.05": 0.006431250533682956, "0.1": 1.803751803751804e-05, "0.15": 0.0, "0.2": 0.0, "0.25": 0.0, "0.3": 0.0, "0.35": 0.0, "0.4": 0.0}, "1": {"0": 0.11396083236362174, "0.05": 0.010685116576813175, "0.1": 0.0024627726941307926, "0.15": 0.0005198397125761784, "0.2": 0.00015287150881654912, "0.25": 1.989119458285246e-05, "0.3": 5.952380952380953e-06, "0.35": 0.0, "0.4": 0.0}, "2": {"0": 0.11396083236362174, "0.05": 0.001730572097932759, "0.1": 0.0, "0.15": 0.0, "0.2": 0.0, "0.25": 0.0, "0.3": 0.0, "0.35": 0.0, "0.4": 0.0}, "3": {"0": 0.11396083236362174, "0.05": 0.18608776351020814, "0.1": 0.06665897128143079, "0.15": 0.02685862044803631, "0.2": 0.013243895131864985, "0.25": 0.005991260448659245, "0.3": 0.0018743343121095475, "0.35": 0.00034045242287010757, "0.4": 4.273504273504274e-06}, "4": {"0": 0.11396083236362174, "0.05": 0.27837519443224473, "0.1": 0.19184922564325207, "0.15": 0.11405865541012197, "0.2": 0.05579509865585564, "0.25": 0.016191543471447075, "0.3": 0.0010209630349392934, "0.35": 0.0, "0.4": 0.0}, "5": {"0": 0.11396083236362174, "0.05": 8.333333333333334e-06, "0.1": 0.0, "0.15": 0.0, "0.2": 0.0, "0.25": 0.0, "0.3": 0.0, "0.35": 0.0, "0.4": 0.0}, "6": {"0": 0.11396083236362174, "0.05": 0.036730107022277705, "0.1": 0.00017386164543969535, "0.15": 3.992015968063872e-06, "0.2": 0.0, "0.25": 0.0, "0.3": 0.0, "0.35": 0.0, "0.4": 0.0}, "7": {"0": 0.11396083236362174, "0.05": 0.22463531644041052, "0.1": 0.07367853138328107, "0.15": 0.019797253499943723, "0.2": 0.0022631305435852345, "0.25": 0.00012626695576656554, "0.3": 1.6751396751396754e-05, "0.35": 5.6980056980056985e-06, "0.4": 0.0}, "8": {"0": 0.11396083236362174, "0.05": 0.23990343595017968, "0.1": 0.15618472098550407, "0.15": 0.08542014502766851, "0.2": 0.037351156567626276, "0.25": 0.007708756090150449, "0.3": 0.00029405490169609477, "0.35": 0.0, "0.4": 0.0}, "9": {"0": 0.11396083236362174, "0.05": 0.017596271316802654, "0.1": 0.000649695534786765, "0.15": 8.438818565400846e-06, "0.2": 0.0, "0.25": 0.0, "0.3": 0.0, "0.35": 0.0, "0.4": 0.0}, "10": {"0": 0.11396083236362174, "0.05": 0.00048415546031270316, "0.1": 0.0, "0.15": 0.0, "0.2": 0.0, "0.25": 0.0, "0.3": 0.0, "0.35": 0.0, "0.4": 0.0}, "11": {"0": 0.11396083236362174, "0.05": 0.3313768079399647, "0.1": 0.22300983137313357, "0.15": 0.09235951055101854, "0.2": 0.01997876559253883, "0.25": 0.0025503775304320767, "0.3": 0.000974261363753556, "0.35": 0.00016652690158038471, "0.4": 0.0}, "12": {"0": 0.11396083236362174, "0.05": 0.024967498090812026, "0.1": 0.00016118221666913473, "0.15": 0.0, "0.2": 0.0, "0.25": 0.0, "0.3": 0.0, "0.35": 0.0, "0.4": 0.0}, "13": {"0": 0.11396083236362174, "0.05": 0.021403522527530673, "0.1": 4.975124378109453e-06, "0.15": 0.0, "0.2": 0.0, "0.25": 0.0, "0.3": 0.0, "0.35": 0.0, "0.4": 0.0}, "14": {"0": 0.11396083236362174, "0.05": 0.09631427295770113, "0.1": 0.006371342909174065, "0.15": 1.1432554897176717e-05, "0.2": 0.0, "0.25": 0.0, "0.3": 0.0, "0.35": 0.0, "0.4": 0.0}, "15": {"0": 0.11396083236362174, "0.05": 0.3588550307977397, "0.1": 0.14048020905190806, "0.15": 0.03747346598534362, "0.2": 0.01306663282585347, "0.25": 0.003693058387478719, "0.3": 0.0015174121563539323, "0.35": 0.00046927231269608204, "0.4": 0.0}}, "recall": {"0": {"0": 1.0, "0.05": 0.005266550220144721, "0.1": 9.457209457209458e-06, "0.15": 0.0, "0.2": 0.0, "0.25": 0.0, "0.3": 0.0, "0.35": 0.0, "0.4": 0.0}, "1": {"0": 1.0, "0.05": 0.007580050298645416, "0.1": 0.0013227874693968586, "0.15": 0.0002686352163396727, "0.2": 7.808670941027672e-05, "0.25": 1.0084140411253807e-05, "0.3": 3.003003003003003e-06, "0.35": 0.0, "0.4": 0.0}, "2": {"0": 1.0, "0.05": 0.0013603629408079462, "0.1": 0.0, "0.15": 0.0, "0.2": 0.0, "0.25": 0.0, "0.3": 0.0, "0.35": 0.0, "0.4": 0.0}, "3": {"0": 1.0, "0.05": 0.17531908177655559, "0.1": 0.038935184674936, "0.15": 0.014072338004822424, "0.2": 0.006766572635573256, "0.25": 0.0030370673544702657, "0.3": 0.0009479138169701697, "0.35": 0.00017248334508130337, "0.4": 2.1505376344086023e-06}, "4": {"0": 1.0, "0.05": 0.18822935640400085, "0.1": 0.11896017889508738, "0.15": 0.0698321038729912, "0.2": 0.03386249176308957, "0.25": 0.009626026405836867, "0.3": 0.0005660437848970214, "0.35": 0.0, "0.4": 0.0}, "5": {"0": 1.0, "0.05": 5.128205128205129e-06, "0.1": 0.0, "0.15": 0.0, "0.2": 0.0, "0.25": 0.0, "0.3": 0.0, "0.35": 0.0, "0.4": 0.0}, "6": {"0": 1.0, "0.05": 0.025878547173690043, "0.1": 8.964223989172177e-05, "0.15": 2.044989775051125e-06, "0.2": 0.0, "0.25": 0.0, "0.3": 0.0, "0.35": 0.0, "0.4": 0.0}, "7": {"0": 1.0, "0.05": 0.1609691313977475, "0.1": 0.043374220745213195, "0.15": 0.010917365670221488, "0.2": 0.0011822885421256893, "0.25": 6.418295425565516e-05, "0.3": 8.463844052971313e-06, "0.35": 2.8735632183908046e-06, "0.4": 0.0}, "8": {"0": 1.0, "0.05": 0.15471758464581517, "0.1": 0.09624521638223986, "0.15": 0.05227480335905952, "0.2": 0.022659779556685782, "0.25": 0.004518891602323084, "0.3": 0.00016167735471420773, "0.35": 0.0, "0.4": 0.0}, "9": {"0": 1.0, "0.05": 0.013295455752980245, "0.1": 0.0003433161268128715, "0.15": 4.3290043290043295e-06, "0.2": 0.0, "0.25": 0.0, "0.3": 0.0, "0.35": 0.0, "0.4": 0.0}, "10": {"0": 1.0, "0.05": 0.0002642152781522948, "0.1": 0.0, "0.15": 0.0, "0.2": 0.0, "0.25": 0.0, "0.3": 0.0, "0.35": 0.0, "0.4": 0.0}, "11": {"0": 1.0, "0.05": 0.28928293284792334, "0.1": 0.1542655705034057, "0.15": 0.05681801800153762, "0.2": 0.011029729869109894, "0.25": 0.0013121286759923182, "0.3": 0.0004936140431054337, "0.35": 8.430914151926298e-05, "0.4": 0.0}, "12": {"0": 1.0, "0.05": 0.01760615109164109, "0.1": 8.412011732539125e-05, "0.15": 0.0, "0.2": 0.0, "0.25": 0.0, "0.3": 0.0, "0.35": 0.0, "0.4": 0.0}, "13": {"0": 1.0, "0.05": 0.01423089515185936, "0.1": 2.5252525252525253e-06, "0.15": 0.0, "0.2": 0.0, "0.25": 0.0, "0.3": 0.0, "0.35": 0.0, "0.4": 0.0}, "14": {"0": 1.0, "0.05": 0.06228469297495682, "0.1": 0.0035603528547000062, "0.15": 5.768321513002364e-06, "0.2": 0.0, "0.25": 0.0, "0.3": 0.0, "0.35": 0.0, "0.4": 0.0}, "15": {"0": 1.0, "0.05": 0.34840200956080103, "0.1": 0.09453971649234177, "0.15": 0.02023559222136279, "0.2": 0.00676545387971633, "0.25": 0.0018720739691743206, "0.3": 0.0007667406397779457, "0.35": 0.00023733918199551855, "0.4": 0.0}}, "precision": {"0": {"0": 0.06218900307361576, "0.05": 0.012729607013608387, "0.1": 0.0003809523809523809, "0.15": 0.0, "0.2": 0.0, "0.25": 0.0, "0.3": 0.0, "0.35": 0.0, "0.4": 0.0}, "1": {"0": 0.06218900307361576, "0.05": 0.04531468461220876, "0.1": 0.031026166696793676, "0.15": 0.012116005291005288, "0.2": 0.005355555555555555, "0.25": 0.0009444444444444444, "0.3": 0.0003333333333333333, "0.35": 0.0, "0.4": 0.0}, "2": {"0": 0.06218900307361576, "0.05": 0.004291040208050474, "0.1": 0.0, "0.15": 0.0, "0.2": 0.0, "0.25": 0.0, "0.3": 0.0, "0.35": 0.0, "0.4": 0.0}, "3": {"0": 0.06218900307361576, "0.05": 0.2747887516411648, "0.1": 0.5540220044062167, "0.15": 0.7176515170015161, "0.2": 0.5599904761904768, "0.25": 0.2938333333333333, "0.3": 0.092, "0.35": 0.013666666666666667, "0.4": 0.0003333333333333333}, "4": {"0": 0.06218900307361576, "0.05": 0.6092959767568492, "0.1": 0.6020086649956717, "0.15": 0.4344968676381577, "0.2": 0.2302475896697116, "0.25": 0.09114511956591233, "0.3": 0.013460449735449739, "0.35": 0.0, "0.4": 0.0}, "5": {"0": 0.06218900307361576, "0.05": 2.2222222222222223e-05, "0.1": 0.0, "0.15": 0.0, "0.2": 0.0, "0.25": 0.0, "0.3": 0.0, "0.35": 0.0, "0.4": 0.0}, "6": {"0": 0.06218900307361576, "0.05": 0.1408163531493974, "0.1": 0.005908730158730158, "0.15": 8.333333333333333e-05, "0.2": 0.0, "0.25": 0.0, "0.3": 0.0, "0.35": 0.0, "0.4": 0.0}, "7": {"0": 0.06218900307361576, "0.05": 0.5178577707480644, "0.1": 0.35898237671047195, "0.15": 0.161375094948624, "0.2": 0.04086587301587302, "0.25": 0.005333333333333333, "0.3": 0.001, "0.35": 0.0003333333333333333, "0.4": 0.0}, "8": {"0": 0.06218900307361576, "0.05": 0.5941694386507029, "0.1": 0.5093109068844006, "0.15": 0.2987283178666845,