{"fscore": {"0": {"0": 0.11396083236362174, "0.05": 0.02476781246573918, "0.1": 0.002679199311921743, "0.15": 0.0002696628385889758, "0.2": 3.8150108025065475e-05, "0.25": 2.7560233800318413e-06, "0.3": 2.7560233800318413e-06, "0.35": 1.1947431302270012e-06, "0.4": 0.0}, "1": {"0": 0.11396083236362174, "0.05": 0.12872455434595437, "0.1": 0.05827249543229575, "0.15": 0.02417861638520638, "0.2": 0.01135017975574642, "0.25": 0.005868000961463507, "0.3": 0.0032462378840662485, "0.35": 0.0018932335120720753, "0.4": 0.0012131635994819194}, "2": {"0": 0.11396083236362174, "0.05": 0.08698537654465154, "0.1": 0.03284319039413214, "0.15": 0.014923896181927401, "0.2": 0.00714095336602947, "0.25": 0.002328336667223516, "0.3": 0.0006490020864388064, "0.35": 0.00010819008461912209, "0.4": 2.202055084640105e-05}, "3": {"0": 0.11396083236362174, "0.05": 0.2537260026841094, "0.1": 0.18373836346501132, "0.15": 0.1261263256480037, "0.2": 0.0862172405720581, "0.25": 0.0592131599649849, "0.3": 0.04031084441700439, "0.35": 0.0275701077069556, "0.4": 0.018435319790943594}, "4": {"0": 0.11396083236362174, "0.05": 0.19035104300279188, "0.1": 0.12721814169703638, "0.15": 0.0896985522466803, "0.2": 0.062325579104729696, "0.25": 0.04367528283309721, "0.3": 0.030283498556657743, "0.35": 0.020301784764325804, "0.4": 0.012755055237106523}, "5": {"0": 0.11396083236362174, "0.05": 0.047318989560104927, "0.1": 0.012443199904980972, "0.15": 0.005086173358734972, "0.2": 0.0025897888379190085, "0.25": 0.0015110446992703623, "0.3": 0.0009074394581418271, "0.35": 0.0005015090939956938, "0.4": 0.0003449652914039944}, "6": {"0": 0.11396083236362174, "0.05": 0.2107285388168946, "0.1": 0.12976547849643677, "0.15": 0.08337991397461819, "0.2": 0.056501719692632284, "0.25": 0.040001212543382424, "0.3": 0.027986656371994705, "0.35": 0.020351368368878044, "0.4": 0.014732930702584815}, "7": {"0": 0.11396083236362174, "0.05": 0.2883750222680161, "0.1": 0.26435222123849583, "0.15": 0.24006758724584343, "0.2": 0.21758679060728775, "0.25": 0.19803456359820784, "0.3": 0.18144775956103631, "0.35": 0.1669615563979062, "0.4": 0.15368817500454376}, "8": {"0": 0.11396083236362174, "0.05": 0.24244583467236377, "0.1": 0.1716896547447705, "0.15": 0.1302603425654126, "0.2": 0.10149982041997445, "0.25": 0.07796803434765742, "0.3": 0.057858648193138094, "0.35": 0.04079385910648159, "0.4": 0.026312899876244602}, "9": {"0": 0.11396083236362174, "0.05": 0.03776575995589104, "0.1": 0.024338715495551503, "0.15": 0.01706900239366574, "0.2": 0.011891531035075158, "0.25": 0.008198378481416283, "0.3": 0.005752365790619167, "0.35": 0.004073884524980041, "0.4": 0.0029268819765073074}, "10": {"0": 0.11396083236362174, "0.05": 0.08109741320874891, "0.1": 0.024228393078624032, "0.15": 0.007904705331337528, "0.2": 0.002353105983200974, "0.25": 0.000652667545335146, "0.3": 0.00018994038322857625, "0.35": 6.965019279902559e-05, "0.4": 3.762136729946644e-05}, "11": {"0": 0.11396083236362174, "0.05": 0.28762364976307103, "0.1": 0.2614915742424849, "0.15": 0.229996439427725, "0.2": 0.20046865935487518, "0.25": 0.17186444766622808, "0.3": 0.14182729134647232, "0.35": 0.11103625623811668, "0.4": 0.08055422656808943}, "12": {"0": 0.11396083236362174, "0.05": 0.14560434934611408, "0.1": 0.0938759346515946, "0.15": 0.06599086155816246, "0.2": 0.04571688311628375, "0.25": 0.030603854770961857, "0.3": 0.01993256862502717, "0.35": 0.012941601629146673, "0.4": 0.008489115927085735}, "13": {"0": 0.11396083236362174, "0.05": 0.039497223908848314, "0.1": 0.007566737136610657, "0.15": 0.0019400603345321877, "0.2": 0.00073397339260106, "0.25": 0.00037792206441543343, "0.3": 0.00017804581631679155, "0.35": 8.02927854815804e-05, "0.4": 6.018603190478983e-05}, "14": {"0": 0.11396083236362174, "0.05": 0.21906683806387556, "0.1": 0.15292134047979855, "0.15": 0.11573694837584574, "0.2": 0.09150807639107036, "0.25": 0.07295555949971684, "0.3": 0.059229592166047, "0.35": 0.04891257216029343, "0.4": 0.04055025669896467}, "15": {"0": 0.11396083236362174, "0.05": 0.3160013577600488, "0.1": 0.21325921563944664, "0.15": 0.1280719804988332, "0.2": 0.06738155494379142, "0.25": 0.03064957779608549, "0.3": 0.012918888500079878, "0.35": 0.005263292837125681, "0.4": 0.001978878197690149}}, "recall": {"0": {"0": 1.0, "0.05": 0.018567638547324277, "0.1": 0.0014367776309006143, "0.15": 0.0001382752394382251, "0.2": 1.9228971420761972e-05, "0.25": 1.3809166589402765e-06, "0.3": 1.3809166589402765e-06, "0.35": 5.984440454817475e-07, "0.4": 0.0}, "1": {"0": 1.0, "0.05": 0.11205109047187835, "0.1": 0.03469464496382246, "0.15": 0.01296251328342961, "0.2": 0.005876582399698952, "0.25": 0.0029998305242796004, "0.3": 0.0016513617586511086, "0.35": 0.0009599712167759008, "0.4": 0.0006144657545609478}, "2": {"0": 1.0, "0.05": 0.0691877664045085, "0.1": 0.018700245226504108, "0.15": 0.00783480712454268, "0.2": 0.003652540043534979, "0.25": 0.0011817330392883615, "0.3": 0.00032839142146370875, "0.35": 5.4566992775575065e-05, "0.4": 1.1066181895249858e-05}, "3": {"0": 1.0, "0.05": 0.21861979908009646, "0.1": 0.12038653583979504, "0.15": 0.07361307939094772, "0.2": 0.04744864410766918, "0.25": 0.03156287024392499, "0.3": 0.021070976178993693, "0.35": 0.01423326933298511, "0.4": 0.009434062865678909}, "4": {"0": 1.0, "0.05": 0.13740493251840674, "0.1": 0.0760604150705447, "0.15": 0.050398135810101614, "0.2": 0.03381628436201246, "0.25": 0.02316499749218288, "0.3": 0.01580554990273848, "0.35": 0.010468035762690297, "0.4": 0.0065159346248149915}, "5": {"0": 1.0, "0.05": 0.03628974735591354, "0.1": 0.007141288585238814, "0.15": 0.002739013717717005, "0.2": 0.0013616850599838702, "0.25": 0.0007828708168431949, "0.3": 0.00046678371524006793, "0.35": 0.0002565589509355928, "0.4": 0.00017604866589571007}, "6": {"0": 1.0, "0.05": 0.1652418804219206, "0.1": 0.07774690461593799, "0.15": 0.04600520808895819, "0.2": 0.030103330402785792, "0.25": 0.02091780522680144, "0.3": 0.014457419812921396, "0.35": 0.010432296507091257, "0.4": 0.0075137592469442}, "7": {"0": 1.0, "0.05": 0.22764117154156951, "0.1": 0.18113783489031068, "0.15": 0.15516882859399195, "0.2": 0.1360492764816767, "0.25": 0.12109466152354832, "0.3": 0.10911426159629999, "0.35": 0.09892623351579628, "0.4": 0.08976641521330178}, "8": {"0": 1.0, "0.05": 0.16111599039224347, "0.1": 0.10226783521852116, "0.15": 0.07377655615254468, "0.2": 0.05572745029665087, "0.25": 0.04183129980309419, "0.3": 0.030484194722531298, "0.35": 0.021197485329759427, "0.4": 0.01352836070353558}, "9": {"0": 1.0, "0.05": 0.031097804894286034, "0.1": 0.01657436479203961, "0.15": 0.01059602890413912, "0.2": 0.006962759068828177, "0.25": 0.004611874094298106, "0.3": 0.0031481469832578177, "0.35": 0.002187605868657554, "0.4": 0.0015492577741849623}, "10": {"0": 1.0, "0.05": 0.04882372358039922, "0.1": 0.012612318285130205, "0.15": 0.004017591194246868, "0.2": 0.0011890202565233315, "0.25": 0.0003289182650029691, "0.3": 9.55563479245021e-05, "0.35": 3.503700500775019e-05, "0.4": 1.891613262570561e-05}, "11": {"0": 1.0, "0.05": 0.2848623242118376, "0.1": 0.20594852304075303, "0.15": 0.1629205183195235, "0.2": 0.13309366878973347, "0.25": 0.10859887930091676, "0.3": 0.08573918664518128, "0.35": 0.06442460476946194, "0.4": 0.04497699316627477}, "12": {"0": 1.0, "0.05": 0.1182925462678188, "0.1": 0.056163729738342584, "0.15": 0.03631896304566067, "0.2": 0.024232073063320807, "0.25": 0.015881315717662162, "0.3": 0.01020861236683921, "0.35": 0.006578671026076653, "0.4": 0.004296888759504509}, "13": {"0": 1.0, "0.05": 0.02762093789744318, "0.1": 0.004199835275438055, "0.15": 0.00101603013204642, "0.2": 0.0003766474769300075, "0.25": 0.0001925695410594442, "0.3": 9.041042210703743e-05, "0.35": 4.059144117856879e-05, "0.4": 3.039160694156974e-05}, "14": {"0": 1.0, "0.05": 0.14165672451599706, "0.1": 0.0888689807977532, "0.15": 0.06395485811044363, "0.2": 0.049163403264684206, "0.25": 0.03853188441697093, "0.3": 0.03096193940097934, "0.35": 0.0253812401226011,