{"fscore": {"0": {"0": 0.1141750256622495, "0.05": 0.14485280004889728, "0.1": 0.08826587661039642, "0.15": 0.059898152611940314, "0.2": 0.04451729455809909, "0.25": 0.034674906182472924, "0.3": 0.028195575888108563, "0.35": 0.02296363848782231, "0.4": 0.019667560663017076}, "1": {"0": 0.11418498210740835, "0.05": 0.20270234122074596, "0.1": 0.142278752514151, "0.15": 0.1046031572407137, "0.2": 0.08145125600417867, "0.25": 0.06588034762584744, "0.3": 0.05497552319097228, "0.35": 0.04549151778285497, "0.4": 0.04044666786237539}, "2": {"0": 0.11417422145658779, "0.05": 0.13033147957395033, "0.1": 0.07890911343934326, "0.15": 0.05243343979643832, "0.2": 0.03817638041282055, "0.25": 0.029100857106612164, "0.3": 0.023267684417058655, "0.35": 0.018713387673615103, "0.4": 0.015795583744774182}, "3": {"0": 0.11417678744074496, "0.05": 0.13875917611255273, "0.1": 0.09836135694409057, "0.15": 0.07029198377520546, "0.2": 0.051219653868271306, "0.25": 0.0383445180103153, "0.3": 0.029700244684479783, "0.35": 0.022973339929207616, "0.4": 0.019429460755364978}, "4": {"0": 0.11417649937392159, "0.05": 0.16676618785643696, "0.1": 0.12319231885319273, "0.15": 0.09007483601820963, "0.2": 0.06689508195687886, "0.25": 0.0508765882224346, "0.3": 0.03943491648105136, "0.35": 0.03044885240914249, "0.4": 0.023984280144525943}, "5": {"0": 0.11417424213731178, "0.05": 0.13785637986033628, "0.1": 0.0994033437154649, "0.15": 0.07453213735864533, "0.2": 0.057617064197622435, "0.25": 0.04520631590669514, "0.3": 0.03559490538763591, "0.35": 0.027948099880416695, "0.4": 0.02251662340586952}, "6": {"0": 0.11417615225424474, "0.05": 0.18815927910587757, "0.1": 0.1207752044559809, "0.15": 0.07866050258329411, "0.2": 0.05269849813952238, "0.25": 0.03639900180790944, "0.3": 0.02565436192039354, "0.35": 0.01799175471718591, "0.4": 0.013461146034556825}, "7": {"0": 0.11417510006421756, "0.05": 0.13485843166511674, "0.1": 0.09280482700807093, "0.15": 0.065255429855062, "0.2": 0.047953543830590126, "0.25": 0.03660519230373112, "0.3": 0.028636197770987103, "0.35": 0.02229275687815371, "0.4": 0.018527142211265}, "8": {"0": 0.11417417752740153, "0.05": 0.15532407610860333, "0.1": 0.09981246498071618, "0.15": 0.06695463075237569, "0.2": 0.047482897085458, "0.25": 0.034680027251486945, "0.3": 0.02644384218687377, "0.35": 0.019957380604895276, "0.4": 0.01598539461551502}, "9": {"0": 0.11419665916325152, "0.05": 0.145148768253858, "0.1": 0.09334953596128574, "0.15": 0.06455984342547995, "0.2": 0.04700198798915891, "0.25": 0.034893257241699095, "0.3": 0.026445312528332435, "0.35": 0.020533537779262614, "0.4": 0.016195854952290062}, "10": {"0": 0.11417601468594774, "0.05": 0.14847021861566234, "0.1": 0.08864497152071643, "0.15": 0.05598779874055917, "0.2": 0.03855231543074768, "0.25": 0.02760816426500414, "0.3": 0.02091935005179542, "0.35": 0.015782034618892136, "0.4": 0.01262579428972095}, "11": {"0": 0.11417498129241296, "0.05": 0.16474535495586518, "0.1": 0.10458868945673892, "0.15": 0.07005748144177605, "0.2": 0.05045625990194894, "0.25": 0.03788268688113713, "0.3": 0.029488934377205556, "0.35": 0.022967319077181917, "0.4": 0.019020809893195482}, "12": {"0": 0.11417351022905459, "0.05": 0.06144917979010926, "0.1": 0.021402644508833942, "0.15": 0.006954177957758442, "0.2": 0.0022863297888321625, "0.25": 0.0009659116148430217, "0.3": 0.0004340526108737426, "0.35": 0.0002355761422090121, "0.4": 0.00010951680332373373}, "13": {"0": 0.11417932376226302, "0.05": 0.08368245022578222, "0.1": 0.04387375637098244, "0.15": 0.02538427472319249, "0.2": 0.015611256288743785, "0.25": 0.009746373195621327, "0.3": 0.006535804988209428, "0.35": 0.003113144419208099, "0.4": 0.0022209044337905656}, "14": {"0": 0.11555369908799838, "0.05": 0.23813803139768946, "0.1": 0.1889521885501083, "0.15": 0.15866328700659815, "0.2": 0.1375773363306267, "0.25": 0.12132514727277333, "0.3": 0.10798450498315453, "0.35": 0.09580106489821837, "0.4": 0.08638990832010394}, "15": {"0": 0.11417417493206469, "0.05": 0.1284893045484747, "0.1": 0.08225384065234405, "0.15": 0.05214371403507796, "0.2": 0.034733052797610485, "0.25": 0.02336654918804997, "0.3": 0.016916218624883884, "0.35": 0.012573473850989433, "0.4": 0.010111679559924659}}, "recall": {"0": {"0": 0.9999914952865738, "0.05": 0.1288099242138589, "0.1": 0.056736171469583214, "0.15": 0.0346973141976018, "0.2": 0.024658576609911206, "0.25": 0.01873519505897828, "0.3": 0.014995863281507945, "0.35": 0.012092205961894158, "0.4": 0.010267773636875758}, "1": {"0": 0.9999880909725314, "0.05": 0.18031163853468912, "0.1": 0.09528175341859026, "0.15": 0.06272596343045844, "0.2": 0.046169779018606215, "0.25": 0.03618684710353152, "0.3": 0.02959637937194967, "0.35": 0.024162413099245852, "0.4": 0.021270249295025696}, "2": {"0": 0.9999883163903367, "0.05": 0.11744576228476987, "0.1": 0.05139372217089536, "0.15": 0.030800812439738166, "0.2": 0.02138973427589515, "0.25": 0.015876350464868006, "0.3": 0.012483558496931658, "0.35": 0.009929350529789268, "0.4": 0.008308813341936864}, "3": {"0": 0.9999843283682243, "0.05": 0.1347819366789644, "0.1": 0.06867732301245903, "0.15": 0.04290136658596647, "0.2": 0.02920432741451423, "0.25": 0.02104183321695834, "0.3": 0.01591831984009423, "0.35": 0.012132558384628343, "0.4": 0.010157732082256196}, "4": {"0": 0.9999740725142846, "0.05": 0.1641415388199801, "0.1": 0.08577592449872065, "0.15": 0.054458807444248844, "0.2": 0.037757720044080165, "0.25": 0.027647661657787804, "0.3": 0.020951965709055474, "0.35": 0.01594394560209489, "0.4": 0.012436006824255705}, "5": {"0": 0.9999831749559083, "0.05": 0.13186077122928455, "0.1": 0.06775723954004179, "0.15": 0.04465293635888849, "0.2": 0.032469808009308626, "0.25": 0.024598234220321008, "0.3": 0.018939654820478588, "0.35": 0.01466247609955064, "0.4": 0.011699261970747384}, "6": {"0": 0.9999956690389694, "0.05": 0.17036598560543054, "0.1": 0.07680709879837033, "0.15": 0.04453166458545525, "0.2": 0.02837503381987284, "0.25": 0.01912341585833801, "0.3": 0.013290369263707875, "0.35": 0.009245350632581733, "0.4": 0.006881302439496334}, "7": {"0": 0.999996262446353, "0.05": 0.1281159277441585, "0.1": 0.06514497512005461, "0.15": 0.0402852067653961, "0.2": 0.027718483340459062, "0.25": 0.020358028860393274, "0.3": 0.015534143974577821, "0.35": 0.01189233536532292, "0.4": 0.009772765650650748}, "8": {"0": 0.9999953917027002, "0.05": 0.14393244399272934, "0.1": 0.06547299567778668, "0.15": 0.038956886826220206, "0.2": 0.026234074653809357, "0.25": 0.018646216096803704, "0.3": 0.013983840381736307, "0.35": 0.01044804380708286, "0.4": 0.008309079164074827}, "9": {"0": 0.9999798515643131, "0.05": 0.13489952150971873, "0.1": 0.0690902800113982, "0.15": 0.04317341765701236, "0.2": 0.029657635593600542, "0.25": 0.021146874847275517, "0.3": 0.015563086299883297, "0.35": 0.011824770235509303, "0.4": 0.009151056180380953}, "10": {"0": 0.9999965725250836, "0.05": 0.12987249920382118, "0.1": 0.05685767098315147, "0.15": 0.03216893253080411, "0.2": 0.021091342601438863, "0.25": 0.014718391899030391, "0.3": 0.010984107085355228, "0.35": 0.008206556157898138, "0.4": 0.006522950034816515}, "11": {"0": 0.9999959353739138, "0.05": 0.15520665207516415, "0.1": 0.0681750960736547, "0.15": 0.0404547043902903, "0.2": 0.027705291471395218, "0.25": 0.02024682078384662, "0.3": 0.015522908168698736, "0.35": 0.011972985786009128, "0.4": 0.009847016983950758}, "12": {"0": 1.0, "0.05": 0.06222098529135104, "0.1": 0.014201760838559924, "0.15": 0.0039949812802173995, "0.2": 0.001241540569073604, "0.25": 0.0005103663730658005, "0.3": 0.0002258385252147187, "0.35": 0.00012146142965108022, "0.4": 5.6176136117314854e-05}, "13": {"0": 0.9999936503413368, "0.05": 0.07059615666361417, "0.1": 0.02791813264957874, "0.15": 0.01477412000810679, "0.2": 0.008697110354645255, "0.25": 0.005298844498873222, "0.3": 0.00349026031786517, "0.35": 0.001664556108541879, "0.4": 0.001173626068255252}, "14": {"0": 0.9962443651296793, "0.05": 0.21039503882130445,