{"fscore": {"0": {"0": 0.11396083236362174, "0.05": 0.05137361079412599, "0.1": 0.016945112846389124, "0.15": 0.00736465887056931, "0.2": 0.003713018293291353, "0.25": 0.001803599875335851, "0.3": 0.0008366334930699522, "0.35": 0.00037185633084990064, "0.4": 0.00019845118562718185}, "1": {"0": 0.11396083236362174, "0.05": 0.22281516355924244, "0.1": 0.10164519799567583, "0.15": 0.04587859205128597, "0.2": 0.02517306414354081, "0.25": 0.013943984927942996, "0.3": 0.005250101728740963, "0.35": 0.0020699218691482397, "0.4": 0.0010123135207758772}, "2": {"0": 0.11396083236362174, "0.05": 0.3201436918000761, "0.1": 0.24067513092893397, "0.15": 0.17099052804493658, "0.2": 0.1188647090095241, "0.25": 0.08259746534051214, "0.3": 0.05622193887094464, "0.35": 0.037688366728396115, "0.4": 0.025479456590939895}, "3": {"0": 0.11396083236362174, "0.05": 0.3336939841503037, "0.1": 0.28799258632675867, "0.15": 0.23441466444249556, "0.2": 0.18667769758815972, "0.25": 0.14452169430789408, "0.3": 0.11210745318009711, "0.35": 0.08673507409136531, "0.4": 0.06708530227051818}, "4": {"0": 0.11396083236362174, "0.05": 0.007163557958148048, "0.1": 0.001314603596841752, "0.15": 0.000583471423445197, "0.2": 0.0002438579492524359, "0.25": 0.0001205999269620454, "0.3": 5.9986963919600935e-05, "0.35": 3.5753640391155965e-05, "0.4": 3.5771840409355985e-05}, "5": {"0": 0.11396083236362174, "0.05": 0.0386421087028087, "0.1": 0.021489255203437876, "0.15": 0.013727276906117775, "0.2": 0.009681402686341184, "0.25": 0.007190556353991079, "0.3": 0.005415354807617509, "0.35": 0.0042103604279818746, "0.4": 0.0033392701542914825}, "6": {"0": 0.11396083236362174, "0.05": 0.16602154574783898, "0.1": 0.06442211735071916, "0.15": 0.025556624915205522, "0.2": 0.008340934215329688, "0.25": 0.00277646178649439, "0.3": 0.0011806793425520761, "0.35": 0.0005534931176377335, "0.4": 0.00025073985994311426}, "7": {"0": 0.11396083236362174, "0.05": 0.33842669364013395, "0.1": 0.3044122978156579, "0.15": 0.26400110756805534, "0.2": 0.22754902951275516, "0.25": 0.19548888612463114, "0.3": 0.16679385273253577, "0.35": 0.1388964517983246, "0.4": 0.11112007286497237}, "8": {"0": 0.11396083236362174, "0.05": 0.06571486655361235, "0.1": 0.018859361227068737, "0.15": 0.008401529182188885, "0.2": 0.0044422096081459085, "0.25": 0.0024644208889389972, "0.3": 0.0014357805723291125, "0.35": 0.0008077079967518282, "0.4": 0.0005164998185576419}, "9": {"0": 0.11396083236362174, "0.05": 0.21220899872797278, "0.1": 0.17247739451105534, "0.15": 0.13174888376154995, "0.2": 0.0917892668545816, "0.25": 0.05631937071334049, "0.3": 0.034761081679380475, "0.35": 0.02434891000602034, "0.4": 0.01758550178133783}, "10": {"0": 0.11396083236362174, "0.05": 0.05522004803489142, "0.1": 0.013798709041128187, "0.15": 0.005552734698920628, "0.2": 0.0029035187763541224, "0.25": 0.0016825306265236743, "0.3": 0.0010398792551036694, "0.35": 0.0006840116815018771, "0.4": 0.0004217669113150036}, "11": {"0": 0.11396083236362174, "0.05": 0.13996123752778722, "0.1": 0.04482023528666852, "0.15": 0.011792390454557915, "0.2": 0.004201144508860663, "0.25": 0.002007190877238835, "0.3": 0.0012210903434907102, "0.35": 0.0007924040299397732, "0.4": 0.0005236023188610331}}, "recall": {"0": {"0": 1.0, "0.05": 0.04170829406060566, "0.1": 0.009752725589818163, "0.15": 0.003899510121017972, "0.2": 0.0019185664521268804, "0.25": 0.0009257685911134172, "0.3": 0.0004283830706055962, "0.35": 0.00018969449383369533, "0.4": 0.00010097487048531275}, "1": {"0": 1.0, "0.05": 0.21072014833616448, "0.1": 0.06707617718775735, "0.15": 0.0263429226048373, "0.2": 0.013551304006524847, "0.25": 0.007254707724295154, "0.3": 0.002686578005511759, "0.35": 0.0010506675570964015, "0.4": 0.000511931876474814}, "2": {"0": 1.0, "0.05": 0.290297954825121, "0.1": 0.16966313571656613, "0.15": 0.10614530592943938, "0.2": 0.06843760477237672, "0.25": 0.045426864942706514, "0.3": 0.030053341580090424, "0.35": 0.01978386035825031, "0.4": 0.013222985556635347}, "3": {"0": 1.0, "0.05": 0.26803071743886786, "0.1": 0.2023252092569614, "0.15": 0.14995951977689126, "0.2": 0.11236852654810224, "0.25": 0.0832274524488586, "0.3": 0.06257826739171705, "0.35": 0.04736045923967276, "0.4": 0.03603859074578924}, "4": {"0": 1.0, "0.05": 0.004786351435748351, "0.1": 0.0007127028780102268, "0.15": 0.0003036736135011934, "0.2": 0.00012556397515954115, "0.25": 6.194071376073826e-05, "0.3": 3.0493085675711396e-05, "0.35": 1.822874041465088e-05, "0.4": 1.822874041465088e-05}, "5": {"0": 1.0, "0.05": 0.030545610960949734, "0.1": 0.01380484611828247, "0.15": 0.008061579496712561, "0.2": 0.005407113979708388, "0.25": 0.0038973715345910886, "0.3": 0.0028779989257024046, "0.35": 0.0022102427932820423, "0.4": 0.0017343270902513972}, "6": {"0": 1.0, "0.05": 0.13525455587807572, "0.1": 0.03768269667218396, "0.15": 0.013647015777420378, "0.2": 0.004316470330428155, "0.25": 0.0014168721891876413, "0.3": 0.0005993917380343997, "0.35": 0.0002805720617231068, "0.4": 0.00012756630821955377}, "7": {"0": 1.0, "0.05": 0.2848481721901616, "0.1": 0.2194147258808785, "0.15": 0.17547195018593295, "0.2": 0.14359612024980442, "0.25": 0.11853069648851408, "0.3": 0.09786800632897669, "0.35": 0.07910129839583016, "0.4": 0.06153604900647097}, "8": {"0": 1.0, "0.05": 0.04574849362474954, "0.1": 0.010558640575480449, "0.15": 0.004454766427087338, "0.2": 0.002310690653391868, "0.25": 0.0012708089664480037, "0.3": 0.0007378335201741417, "0.35": 0.0004141627003334806, "0.4": 0.00026405277493002355}, "9": {"0": 1.0, "0.05": 0.20774691657760327, "0.1": 0.1262126992974429, "0.15": 0.08359053522605564, "0.2": 0.053615893192779436, "0.25": 0.031240106204126008, "0.3": 0.018692815647637685, "0.35": 0.012838434799662821, "0.4": 0.009150956432034344}, "10": {"0": 1.0, "0.05": 0.03919098483474435, "0.1": 0.007775735714875041, "0.15": 0.00294167221782741, "0.2": 0.0015052599079031861, "0.25": 0.0008639728563214121, "0.3": 0.0005307460276889966, "0.35": 0.00034832948743621875, "0.4": 0.00021433265372465733}, "11": {"0": 1.0, "0.05": 0.11564174951990142, "0.1": 0.025575331939722876, "0.15": 0.006152628351482704, "0.2": 0.0021443012920061193, "0.25": 0.0010173334537019404, "0.3": 0.0006168009531363317, "0.35": 0.00039991808589545327, "0.4": 0.000264057991442347}}, "precision": {"0": {"0": 0.06218900307361576, "0.05": 0.09142001701133397, "0.1": 0.11938672784414583, "0.15": 0.14033361185826476, "0.2": 0.1296474047363658, "0.25": 0.07694696067821069, "0.3": 0.04034392736892736, "0.35": 0.022242857142857148, "0.4": 0.014383333333333335}, "1": {"0": 0.06218900307361576, "0.05": 0.25282117740206045, "0.1": 0.23122289402126164, "0.15": 0.20165800982646162, "0.2": 0.21374433248059532, "0.25": 0.23993672370429978, "0.3": 0.17503812420522877, "0.35": 0.11717756132756126, "0.4": 0.06939920634920636}, "2": {"0": 0.06218900307361576, "0.05": 0.37607940533231193, "0.1": 0.4419358255809864, "0.15": 0.47424456282346744, "0.2": 0.49408939663322987, "0.25": 0.5095282646805888, "0.3": 0.5093008241021935, "0.35": 0.4929015845007419, "0.4": 0.4561989566724879}, "3": {"0": 0.06218900307361576, "0.05": 0.46380961570966944, "0.1": 0.5264594035350487, "0.15": 0.5729368868541941, "0.2": 0.6001285318140651, "0.25": 0.6100584649333033, "0.3": 0.6106755090802006, "0.35": 0.5995048023608842, "0.4": 0.5815997856637203}, "4": {"0": 0.06218900307361576, "0.05": 0.020757956178393263, "0.1": 0.01373397037336187, "0.15": 0.013786336134202276, "0.2": 0.008265488215488217, "0.25": 0.00428234126984127, "0.3": 0.003031481481481482, "0.35": 0.0012777777777777776, "0.4": 0.0015277777777777776}, "5": {"0": 0.06218900307361576, "0.05": 0.05802786928575711, "0.1": 0.05636087836350087, "0.15": 0.05644531655472278, "0.2": 0.059495261774051976, "0.25": 0.06076280372185498, "0.3": 0.06030245524381187, "0.35": 0.059258895805022554, "0.4": 0.06108061323030332}, "6": {"0": 0.06218900307361576, "0.05": 0.2524714465180183, "0.1": 0.2935115414237673, "0.15": 0.2867613278137762, "0.2": 0.20351633736633748,