{"fscore": {"0": {"0": 0.11396083236362174, "0.05": 0.009082951626523238, "0.1": 0.0004143709367764632, "0.15": 3.0871461050798494e-05, "0.2": 0.0, "0.25": 0.0, "0.3": 0.0, "0.35": 0.0, "0.4": 0.0}, "1": {"0": 0.11396083236362174, "0.05": 0.018012263572306363, "0.1": 0.0020782635743633133, "0.15": 0.00019366885814607523, "0.2": 2.1905834405834406e-05, "0.25": 1.5084801043705155e-05, "0.3": 0.0, "0.35": 0.0, "0.4": 0.0}, "2": {"0": 0.11396083236362174, "0.05": 0.008577964087537393, "0.1": 0.00104903080317939, "0.15": 0.0002629043747683728, "0.2": 4.58309674629015e-05, "0.25": 5.16795865633075e-06, "0.3": 0.0, "0.35": 0.0, "0.4": 0.0}, "3": {"0": 0.11396083236362174, "0.05": 0.20521775662425107, "0.1": 0.04778582577898419, "0.15": 0.016826334362172478, "0.2": 0.010476289281263785, "0.25": 0.007610146066817033, "0.3": 0.004965643996633887, "0.35": 0.002126299671454845, "0.4": 0.0003172447875767595}, "4": {"0": 0.11396083236362174, "0.05": 0.3177335268485391, "0.1": 0.2547575238314958, "0.15": 0.21496026353789072, "0.2": 0.16852143470511027, "0.25": 0.1150036339221802, "0.3": 0.06473822713739566, "0.35": 0.02978002412790739, "0.4": 0.011525313514643807}, "5": {"0": 0.11396083236362174, "0.05": 0.015505770224179084, "0.1": 0.0035137586927706716, "0.15": 0.0008006703781861656, "0.2": 0.00011125340805940797, "0.25": 0.0, "0.3": 0.0, "0.35": 0.0, "0.4": 0.0}, "6": {"0": 0.11396083236362174, "0.05": 0.08424747843284483, "0.1": 0.022834248357231936, "0.15": 0.008359254212207262, "0.2": 0.003353720459917463, "0.25": 0.0013437464556293073, "0.3": 0.0005362041658954436, "0.35": 0.00019637603450105176, "0.4": 8.577845916273688e-05}, "7": {"0": 0.11396083236362174, "0.05": 0.2717798471948794, "0.1": 0.11827855155816551, "0.15": 0.04733133267985311, "0.2": 0.016713039307374895, "0.25": 0.0057140028688276515, "0.3": 0.001623511938900247, "0.35": 0.00044133450928846317, "0.4": 7.415517070635579e-05}, "8": {"0": 0.11396083236362174, "0.05": 0.2827800690708497, "0.1": 0.22044837527911326, "0.15": 0.17185319969487636, "0.2": 0.12807830008822357, "0.25": 0.08982165904278486, "0.3": 0.057077888475095144, "0.35": 0.032506302217942394, "0.4": 0.015842061406772023}, "9": {"0": 0.11396083236362174, "0.05": 0.0183839637093799, "0.1": 0.0013985459884568814, "0.15": 0.00014302334822115437, "0.2": 4.448957146865636e-05, "0.25": 0.0, "0.3": 0.0, "0.35": 0.0, "0.4": 0.0}, "10": {"0": 0.11396083236362174, "0.05": 0.021197840944373117, "0.1": 3.019539440242892e-05, "0.15": 0.0, "0.2": 0.0, "0.25": 0.0, "0.3": 0.0, "0.35": 0.0, "0.4": 0.0}, "11": {"0": 0.11396083236362174, "0.05": 0.3279531506076556, "0.1": 0.231173747417334, "0.15": 0.10458590598534558, "0.2": 0.048080572073336686, "0.25": 0.025566764626164275, "0.3": 0.010636577597859832, "0.35": 0.004662470203546314, "0.4": 0.0033714718207590016}, "12": {"0": 0.11396083236362174, "0.05": 0.009056647450813995, "0.1": 3.34586345891603e-05, "0.15": 0.0, "0.2": 0.0, "0.25": 0.0, "0.3": 0.0, "0.35": 0.0, "0.4": 0.0}, "13": {"0": 0.11396083236362174, "0.05": 0.14249948704834028, "0.1": 0.020978753914848127, "0.15": 0.0029830473609029624, "0.2": 0.0007656792970748052, "0.25": 0.00023751921512739544, "0.3": 8.502696387552803e-05, "0.35": 2.371207911542767e-05, "0.4": 0.0}, "14": {"0": 0.11396083236362174, "0.05": 0.14706803660662304, "0.1": 0.06088201101427505, "0.15": 0.02510015844725545, "0.2": 0.011228380817261824, "0.25": 0.005285898762676439, "0.3": 0.0025119294469614635, "0.35": 0.001127973628718522, "0.4": 0.0005368501893384207}, "15": {"0": 0.11396083236362174, "0.05": 0.35847479710889, "0.1": 0.20642896326305232, "0.15": 0.06625331200187187, "0.2": 0.016490320581882625, "0.25": 0.004787635184812448, "0.3": 0.0012848127760179654, "0.35": 0.0002519952499400793, "0.4": 8.504260918415026e-05}}, "recall": {"0": {"0": 1.0, "0.05": 0.0076807367422050184, "0.1": 0.0002448980370973541, "0.15": 1.6349742387999344e-05, "0.2": 0.0, "0.25": 0.0, "0.3": 0.0, "0.35": 0.0, "0.4": 0.0}, "1": {"0": 1.0, "0.05": 0.016001991850579267, "0.1": 0.0011761895850715969, "0.15": 0.0001007967453901165, "0.2": 1.1141404562457193e-05, "0.25": 7.632632632632631e-06, "0.3": 0.0, "0.35": 0.0, "0.4": 0.0}, "2": {"0": 1.0, "0.05": 0.0067683591274727796, "0.1": 0.0006145248409201073, "0.15": 0.00014615972993337246, "0.2": 2.477616674189255e-05, "0.25": 2.6041666666666666e-06, "0.3": 0.0, "0.35": 0.0, "0.4": 0.0}, "3": {"0": 1.0, "0.05": 0.19668528894197032, "0.1": 0.028617490445061403, "0.15": 0.008841312509033382, "0.2": 0.005364078897113705, "0.25": 0.003857460643355874, "0.3": 0.0025099715411106838, "0.35": 0.001073080248966488, "0.4": 0.00016021720273262888}, "4": {"0": 1.0, "0.05": 0.23555501272917642, "0.1": 0.1629091800470124, "0.15": 0.13259551502992628, "0.2": 0.10168427391272324, "0.25": 0.0676785393518586, "0.3": 0.03690996375433136, "0.35": 0.016255701269080117, "0.4": 0.006044154278214344}, "5": {"0": 1.0, "0.05": 0.00964571434541447, "0.1": 0.0018842756519466992, "0.15": 0.0004162999514582805, "0.2": 5.7176837298138446e-05, "0.25": 0.0, "0.3": 0.0, "0.35": 0.0, "0.4": 0.0}, "6": {"0": 1.0, "0.05": 0.06299356946446238, "0.1": 0.01286553042345859, "0.15": 0.004418413180721471, "0.2": 0.0017343822659907184, "0.25": 0.0006877800845282267, "0.3": 0.0002722443498384056, "0.35": 9.939601964211365e-05, "0.4": 4.3309645440826154e-05}, "7": {"0": 1.0, "0.05": 0.2029480502334697, "0.1": 0.07030902504802901, "0.15": 0.026173341172976913, "0.2": 0.008818428362076181, "0.25": 0.0029485831013893217, "0.3": 0.0008284162498572384, "0.35": 0.0002242895276205253, "0.4": 3.7503523369171525e-05}, "8": {"0": 1.0, "0.05": 0.20222239274139792, "0.1": 0.1386983967345034, "0.15": 0.10331070151780608, "0.2": 0.07502067202608623, "0.25": 0.05155466419889578, "0.3": 0.032057308929069044, "0.35": 0.01782905065622762, "0.4": 0.008472776030051749}, "9": {"0": 1.0, "0.05": 0.014432362138037277, "0.1": 0.0007773730428013715, "0.15": 7.500462982385547e-05, "0.2": 2.3231630542370485e-05, "0.25": 0.0, "0.3": 0.0, "0.35": 0.0, "0.4": 0.0}, "10": {"0": 1.0, "0.05": 0.013342953615502985, "0.1": 1.5291854428545077e-05, "0.15": 0.0, "0.2": 0.0, "0.25": 0.0, "0.3": 0.0, "0.35": 0.0, "0.4": 0.0}, "11": {"0": 1.0, "0.05": 0.3269840431603161, "0.1": 0.1674834116111536, "0.15": 0.0629426492632939, "0.2": 0.026080882502295552, "0.25": 0.013393913057671417, "0.3": 0.005488785493273723, "0.35": 0.0023610951377763985, "0.4": 0.0016999558906905055}, "12": {"0": 1.0, "0.05": 0.005219026573976169, "0.1": 1.6955015265959733e-05, "0.15": 0.0, "0.2": 0.0, "0.25": 0.0, "0.3": 0.0, "0.35": 0.0, "0.4": 0.0}, "13": {"0": 1.0, "0.05": 0.10743376330416589, "0.1": 0.011707391341958145, "0.15": 0.0015442964716713122, "0.2": 0.00039077669066471115, "0.25": 0.00012072367852921779, "0.3": 4.3072552954815213e-05, "0.35": 1.20014245014245e-05, "0.4": 0.0}, "14": {"0": 1.0, "0.05": 0.11110064546435586, "0.1": 0.035812154112132615, "0.15": 0.013511797463956005, "0.2": 0.005847147716637732, "0.25": 0.0027157551864554, "0.3": 0.0012820573360238438, "0.35": 0.0005733265933926978, "0.4": 0.000272266833482229}, "15": {"0": 1.0, "0.05": 0.3452146559690128, "0.1": 0.1416397924453842, "0.15": 0.037388624236580424, "0.2": 0.008617854487486884, "0.25": 0.0024405545185162765, "0.3": 0.0006509299117309974, "0.35": 0.00012719211226757359, "0.4": 4.287346580282294e-05}}, "precision": {"0": {"0": 0.06218900307361576, "0.05": 0.014885001383304435, "0.1": 0.0018068552102744819, "0.15": 0.00031204906204906197, "0.2": 0.0, "0.25": 0.0, "0.3": 0.0, "0.35": 0.0, "0.4": 0.0}, "1": {"0": 0.06218900307361576, "0.05": 0.03805622574030653, "0.1": 0.01753647360678239, "0.15": 0.0047317460317460305, "0.2": 0.0008333333333333334, "0.25": 0.0006666666666666666, "0.3": 0.0, "0.35": 0.0, "0.4": 0.0}, "2": {"0": 0.06218900307361576, "0.05": 0.020225437201868788, "0.1": 0.006260631270118621, "0.15": 0.0020383480353446024, "0.2": 0.0006345238095238095, "0.25": 0.0003333333333333333, "0.3": 0.0, "0.35": 0.0, "0.4": 0.0}, "3": {"0": 0.06218900307361576,