{"fscore": {"0": {"0": 0.11398936436481887, "0.05": 0.053561251847494884, "0.1": 0.025361567864803425, "0.15": 0.013417624132731468, "0.2": 0.008412674062637326, "0.25": 0.005904178350471518, "0.3": 0.004256047807433443, "0.35": 0.0032278680530396725, "0.4": 0.002533231173405907}, "1": {"0": 0.11398936436481887, "0.05": 0.2782711203155619, "0.1": 0.19947167995936285, "0.15": 0.14198007568082124, "0.2": 0.10286863813402834, "0.25": 0.07531265830601597, "0.3": 0.05612715673390738, "0.35": 0.04240797186955744, "0.4": 0.03216861741259147}, "2": {"0": 0.11398936436481887, "0.05": 0.09503091174706563, "0.1": 0.07213531482287606, "0.15": 0.058701602136196754, "0.2": 0.04905590606830687, "0.25": 0.04163044007432318, "0.3": 0.03553921923276917, "0.35": 0.02980254410591194, "0.4": 0.0257798634421747}, "3": {"0": 0.11398936436481887, "0.05": 0.2847499521950178, "0.1": 0.266914526034782, "0.15": 0.2531373733856586, "0.2": 0.2392255448541753, "0.25": 0.22641897944859257, "0.3": 0.21271916986559783, "0.35": 0.18880159900564783, "0.4": 0.17884473739397425}, "4": {"0": 0.11398936436481887, "0.05": 0.07192725725539273, "0.1": 0.024585647650148503, "0.15": 0.009820158824269825, "0.2": 0.004005010580384751, "0.25": 0.0015880741905275454, "0.3": 0.0005908633822513096, "0.35": 0.00023858809422577584, "0.4": 7.720423816686076e-05}, "5": {"0": 0.11398936436481887, "0.05": 0.0789329613402221, "0.1": 0.04031142550317568, "0.15": 0.019563455740778574, "0.2": 0.009856268193791727, "0.25": 0.006377639032759442, "0.3": 0.004545074826321374, "0.35": 0.003367058227264742, "0.4": 0.0024669874461020745}, "6": {"0": 0.11398936436481887, "0.05": 0.17570893480402316, "0.1": 0.07817344528313443, "0.15": 0.0359601419847859, "0.2": 0.017953664756101825, "0.25": 0.009466843028595146, "0.3": 0.005270649689869251, "0.35": 0.0029337422262390063, "0.4": 0.0016483419943464307}, "7": {"0": 0.11398936436481887, "0.05": 0.18516979169856806, "0.1": 0.15067738725754914, "0.15": 0.12918097436695883, "0.2": 0.11304156253285894, "0.25": 0.09958808304748408, "0.3": 0.08931573587473997, "0.35": 0.07802804819091015, "0.4": 0.0706710131512043}, "8": {"0": 0.11398936436481887, "0.05": 0.07909397270777106, "0.1": 0.029886904609771746, "0.15": 0.01033081313538559, "0.2": 0.003088698182347082, "0.25": 0.0010011406294673916, "0.3": 0.0003714247252498881, "0.35": 0.0001996617599320894, "0.4": 6.0509266891704584e-05}, "9": {"0": 0.11398936436481887, "0.05": 0.1849926699059327, "0.1": 0.1221552446120741, "0.15": 0.0801893968686444, "0.2": 0.055230647528960515, "0.25": 0.03975632766114333, "0.3": 0.029715017110387612, "0.35": 0.022857887495037657, "0.4": 0.017758025050439486}, "10": {"0": 0.11398936436481887, "0.05": 0.11975468463968321, "0.1": 0.05476086160789772, "0.15": 0.027166112220957377, "0.2": 0.015091372293544604, "0.25": 0.009231897217598019, "0.3": 0.005792351709953229, "0.35": 0.003954049952197672, "0.4": 0.0026501897714356682}, "11": {"0": 0.11398936436481887, "0.05": 0.0814017674340075, "0.1": 0.04013445589931073, "0.15": 0.02055105011313945, "0.2": 0.010960956875650582, "0.25": 0.005938496949634045, "0.3": 0.003285295571993588, "0.35": 0.0020997781746576057, "0.4": 0.0014208025769341824}}, "recall": {"0": {"0": 1.0, "0.05": 0.04239935532754802, "0.1": 0.015465180401309722, "0.15": 0.00754513993461445, "0.2": 0.004549043486959109, "0.25": 0.0031227486918846592, "0.3": 0.0022200132153330932, "0.35": 0.0016677380846032539, "0.4": 0.001299716606088718}, "1": {"0": 1.0, "0.05": 0.297385661192219, "0.1": 0.15769225406828066, "0.15": 0.09546367494074176, "0.2": 0.06286958900452769, "0.25": 0.043330990065863724, "0.3": 0.031024485484256323, "0.35": 0.02281093336280494, "0.4": 0.016972650017501322}, "2": {"0": 1.0, "0.05": 0.06744311538382128, "0.1": 0.04693173774213641, "0.15": 0.036402459605539284, "0.2": 0.029461574789103034, "0.25": 0.02440901359116887, "0.3": 0.020450074721082637, "0.35": 0.016867775249641215, "0.4": 0.01442644146956401}, "3": {"0": 1.0, "0.05": 0.21002080307683368, "0.1": 0.1851121095140568, "0.15": 0.1684082941328232, "0.2": 0.15339185724206367, "0.25": 0.14023798930840373, "0.3": 0.1293917749900039, "0.35": 0.11246148032370908, "0.4": 0.10522548837788713}, "4": {"0": 1.0, "0.05": 0.0584402237263407, "0.1": 0.014557111930653609, "0.15": 0.005322207509816259, "0.2": 0.002099577522850326, "0.25": 0.000818969228047855, "0.3": 0.0003022329675298135, "0.35": 0.00012136562949921045, "0.4": 3.9043610385503465e-05}, "5": {"0": 1.0, "0.05": 0.0742157546550873, "0.1": 0.028309957657404038, "0.15": 0.011937632044631101, "0.2": 0.005622671771815526, "0.25": 0.0035157498424897115, "0.3": 0.002453814823321532, "0.35": 0.0017967083283506292, "0.4": 0.0013034334070630162}, "6": {"0": 1.0, "0.05": 0.15667411614064028, "0.1": 0.048911365512706924, "0.15": 0.020015016211157675, "0.2": 0.009531538191281785, "0.25": 0.0049081012532010155, "0.3": 0.0026984023227543956, "0.35": 0.001493110539180367, "0.4": 0.0008353550549168367}, "7": {"0": 1.0, "0.05": 0.14222157712401182, "0.1": 0.10387815471810491, "0.15": 0.08397313526158351, "0.2": 0.07051099120613483, "0.25": 0.06017375736869518, "0.3": 0.05273249522791724, "0.35": 0.045141383243069697, "0.4": 0.0403202339693938}, "8": {"0": 1.0, "0.05": 0.065196221287989, "0.1": 0.01708978386197616, "0.15": 0.00546284496222377, "0.2": 0.0015834350780823628, "0.25": 0.0005078987203424171, "0.3": 0.00018778762654298497, "0.35": 0.00010090950951144156, "0.4": 3.05735844709052e-05}, "9": {"0": 1.0, "0.05": 0.17280143039169563, "0.1": 0.08955226305026634, "0.15": 0.05194130686738315, "0.2": 0.03320765261442233, "0.25": 0.022778649692354436, "0.3": 0.016485180595569894, "0.35": 0.01237737023190433, "0.4": 0.009452725441401931}, "10": {"0": 1.0, "0.05": 0.10118079914909449, "0.1": 0.034529185796066605, "0.15": 0.015438923489556894, "0.2": 0.008158061119080618, "0.25": 0.004860005533357253, "0.3": 0.003002175039959774, "0.35": 0.0020312471235381597, "0.4": 0.0013538178736194632}, "11": {"0": 1.0, "0.05": 0.06049531788694247, "0.1": 0.025066511188484925, "0.15": 0.01202321691898235, "0.2": 0.006190794893278162, "0.25": 0.003274276310909947, "0.3": 0.001781295233734744, "0.35": 0.0011271105852237314, "0.4": 0.0007561552115048851}}, "precision": {"0": {"0": 0.06220500523914973, "0.05": 0.07798140640678008, "0.1": 0.08043459432659987, "0.15": 0.07395651784389777, "0.2": 0.07380804928902542, "0.25": 0.07605854220240663, "0.3": 0.07514419031825699, "0.35": 0.07567449487605996, "0.4": 0.07784677793166403}, "1": {"0": 0.06220500523914973, "0.05": 0.2738143984793007, "0.1": 0.2886221447824776, "0.15": 0.2987431792287259, "0.2": 0.3099791508807176, "0.25": 0.3202094141696271, "0.3": 0.332926830312444, "0.35": 0.3485322634015467, "0.4": 0.3654102719345949}, "2": {"0": 0.06220500523914973, "0.05": 0.17520307813334243, "0.1": 0.17121226154620298, "0.15": 0.16771918043613493, "0.2": 0.16375314231516952, "0.25": 0.15996558197971505, "0.3": 0.15471603884381002, "0.35": 0.14834220460380657, "0.4": 0.1409447486376637}, "3": {"0": 0.06220500523914973, "0.05": 0.46436210942238015, "0.1": 0.5037840143242976, "0.15": 0.5386146867410921, "0.2": 0.5789290318875661, "0.25": 0.6331625361314276, "0.3": 0.6485709942462689, "0.35": 0.649113160590264, "0.4": 0.662813257151467}, "4": {"0": 0.06220500523914973, "0.05": 0.10216834331285242, "0.1": 0.09244599374771256, "0.15": 0.07835612567438689, "0.2": 0.05700838330009283, "0.25": 0.03502311292938232, "0.3": 0.01835476560476563, "0.35": 0.009620911495911494, "0.4": 0.004077777777777778}, "5": {"0": 0.06220500523914973, "0.05": 0.0886619106695652, "0.1": 0.07499164052450191, "0.15": 0.060587122916277936, "0.2": 0.04809624344660421, "0.25": 0.045269097006817687, "0.3": 0.04337132133454268, "0.35": 0.039746186527912813, "0.4": 0.0346786583590211}, "6": {"0": 0.06220500523914973, "0.05": 0.22387719213589652, "0.1": 0.24594095908436536, "0.15": 0.25043094318105313, "0.2": 0.2513157420768173, "0.25": 0.23562646721208744, "0.3": 0.20188822890072863,