{"fscore": {"0": {"0": 0.11396083236362174, "0.05": 0.05461161175018206, "0.1": 0.01621777469761724, "0.15": 0.005127438493445776, "0.2": 0.001969055193348799, "0.25": 0.0008227749182661011, "0.3": 0.0003799294227784885, "0.35": 0.00020403723467186686, "0.4": 0.00014515760387422708}, "1": {"0": 0.11396083236362174, "0.05": 0.07715751155921853, "0.1": 0.045517635962086245, "0.15": 0.02970586305558201, "0.2": 0.02057551637783782, "0.25": 0.014240046920308157, "0.3": 0.010548122979429128, "0.35": 0.007839540722636406, "0.4": 0.00609849391636662}, "2": {"0": 0.11396083236362174, "0.05": 0.034142586378843744, "0.1": 0.01943883312311213, "0.15": 0.01263658130788612, "0.2": 0.009120093852010916, "0.25": 0.006644794274544272, "0.3": 0.004998053949340918, "0.35": 0.003736005906580205, "0.4": 0.002754432756465543}, "3": {"0": 0.11396083236362174, "0.05": 0.11434516728121086, "0.1": 0.06806889285676643, "0.15": 0.04486528361807131, "0.2": 0.0315576419776537, "0.25": 0.022865333868457228, "0.3": 0.01738496317201818, "0.35": 0.013625070742815394, "0.4": 0.011026370869510868}, "4": {"0": 0.11396083236362174, "0.05": 0.275989256421271, "0.1": 0.19760171736412907, "0.15": 0.1421414075629301, "0.2": 0.10425398504350247, "0.25": 0.07749318342281186, "0.3": 0.05732022151435343, "0.35": 0.04265380493680323, "0.4": 0.0312018330642599}, "5": {"0": 0.11396083236362174, "0.05": 0.04322957858518914, "0.1": 0.009915108794972094, "0.15": 0.0032414773370951938, "0.2": 0.0013581892985515172, "0.25": 0.0006104596278629106, "0.3": 0.00024748437564602705, "0.35": 0.00011403463638081805, "0.4": 5.598992084254083e-05}, "6": {"0": 0.11396083236362174, "0.05": 0.11222425569987748, "0.1": 0.07937212149121255, "0.15": 0.05710627223304247, "0.2": 0.04183132372427711, "0.25": 0.030675391979082183, "0.3": 0.022328219615663773, "0.35": 0.016359222322885524, "0.4": 0.011959598212109625}, "7": {"0": 0.11396083236362174, "0.05": 0.021145730554214086, "0.1": 0.014521875141337551, "0.15": 0.012018674726875773, "0.2": 0.010656859973619351, "0.25": 0.009807982185354377, "0.3": 0.009292095075165253, "0.35": 0.008848506276006151, "0.4": 0.008395212813192325}, "8": {"0": 0.11396083236362174, "0.05": 0.10678038344535429, "0.1": 0.06560906775619543, "0.15": 0.04589148885869847, "0.2": 0.03451494785434667, "0.25": 0.027117656722486973, "0.3": 0.021599221229325265, "0.35": 0.01725859776158652, "0.4": 0.013348426133460508}, "9": {"0": 0.11396083236362174, "0.05": 0.13256946931039204, "0.1": 0.05202404767923693, "0.15": 0.021485558457274956, "0.2": 0.010206241887832385, "0.25": 0.005034481553570562, "0.3": 0.002769049524087581, "0.35": 0.001518750337189859, "0.4": 0.0008996468818003144}, "10": {"0": 0.11396083236362174, "0.05": 0.1584079872024464, "0.1": 0.09596133270040233, "0.15": 0.05968177966979415, "0.2": 0.039033841033070865, "0.25": 0.02556188114084475, "0.3": 0.01709850478061913, "0.35": 0.011466042795396699, "0.4": 0.007548780195190741}, "11": {"0": 0.11396083236362174, "0.05": 0.1798710819974115, "0.1": 0.12069571250509738, "0.15": 0.07713401659471313, "0.2": 0.04979286642480001, "0.25": 0.03248948094772295, "0.3": 0.0216447641449921, "0.35": 0.015271443349539676, "0.4": 0.010799490758440956}, "12": {"0": 0.11396083236362174, "0.05": 0.08982995868627466, "0.1": 0.03776551567021793, "0.15": 0.016528169375846703, "0.2": 0.008118258652622305, "0.25": 0.004278885857512834, "0.3": 0.0024162771595676144, "0.35": 0.0013281546002037808, "0.4": 0.0007853801851901115}, "13": {"0": 0.11396083236362174, "0.05": 0.28259888260933863, "0.1": 0.21380769807320762, "0.15": 0.16528264718833297, "0.2": 0.12901914882098273, "0.25": 0.10165422997077966, "0.3": 0.08052434129948449, "0.35": 0.06499585914294763, "0.4": 0.053084240446194364}, "14": {"0": 0.11396083236362174, "0.05": 0.11195780441627706, "0.1": 0.054814210522161774, "0.15": 0.030015179415784455, "0.2": 0.01774956143688559, "0.25": 0.010582039828891249, "0.3": 0.00621318397997234, "0.35": 0.004049892559698791, "0.4": 0.0026543515655172685}, "15": {"0": 0.11396083236362174, "0.05": 0.3054453395152111, "0.1": 0.2321179106334812, "0.15": 0.16396860997560478, "0.2": 0.11350620190621014, "0.25": 0.07781033406078582, "0.3": 0.05251299643228348, "0.35": 0.03523301987308959, "0.4": 0.023466983107225635}}, "recall": {"0": {"0": 1.0, "0.05": 0.04244427853517723, "0.1": 0.00950071562613864, "0.15": 0.0027655429824379684, "0.2": 0.0010298523491066738, "0.25": 0.00042408006145980124, "0.3": 0.00019416751441082925, "0.35": 0.00010369157539689405, "0.4": 7.347965437139734e-05}, "1": {"0": 1.0, "0.05": 0.061512209308478775, "0.1": 0.028200047600789074, "0.15": 0.016818760211521032, "0.2": 0.011145909254307881, "0.25": 0.007522821643575916, "0.3": 0.005491342873138351, "0.35": 0.004045817567732042, "0.4": 0.0031305182717404284}, "2": {"0": 1.0, "0.05": 0.02920060142661639, "0.1": 0.013991724042525348, "0.15": 0.008344140044054022, "0.2": 0.005684087540364995, "0.25": 0.003962404783135825, "0.3": 0.0028798349789554934, "0.35": 0.0020919844274641087, "0.4": 0.0015078319676799833}, "3": {"0": 1.0, "0.05": 0.10080356093004804, "0.1": 0.0471988346731095, "0.15": 0.028016025937744847, "0.2": 0.01859914209026748, "0.25": 0.012993362178606572, "0.3": 0.009631632375523837, "0.35": 0.007414733281039105, "0.4": 0.005912980896348135}, "4": {"0": 1.0, "0.05": 0.23247674578762023, "0.1": 0.12863263159717025, "0.15": 0.08387143967934041, "0.2": 0.05847840969365006, "0.25": 0.04215976337730198, "0.3": 0.030537283975456953, "0.35": 0.02239066040496548, "0.4": 0.016206346521784952}, "5": {"0": 1.0, "0.05": 0.034725183463324184, "0.1": 0.005732470690714396, "0.15": 0.0017410975010593026, "0.2": 0.0007089866861105948, "0.25": 0.00031520222589690654, "0.3": 0.00012716598048454066, "0.35": 5.820555717717685e-05, "0.4": 2.847447395105477e-05}, "6": {"0": 1.0, "0.05": 0.10427193504746766, "0.1": 0.055178327838698284, "0.15": 0.03522840019041062, "0.2": 0.024199620333502387, "0.25": 0.017038198917844232, "0.3": 0.012055629374451936, "0.35": 0.008672439294068862, "0.4": 0.006260211626734306}, "7": {"0": 1.0, "0.05": 0.0151041371140047, "0.1": 0.010116692033355402, "0.15": 0.008281339449705586, "0.2": 0.007220007999484663, "0.25": 0.006503603532313066, "0.3": 0.005993995530426654, "0.35": 0.005553487016660934, "0.4": 0.005130907750151765}, "8": {"0": 1.0, "0.05": 0.08601084960457804, "0.1": 0.04388360582351403, "0.15": 0.028213917596159654, "0.2": 0.020157247746002832, "0.25": 0.015264973975406479, "0.3": 0.011841789417024207, "0.35": 0.009270351439235486, "0.4": 0.007055822611663727}, "9": {"0": 1.0, "0.05": 0.11994545287703334, "0.1": 0.032314973178251986, "0.15": 0.0118777169450473, "0.2": 0.005391591260067348, "0.25": 0.002601618785490656, "0.3": 0.0014157261759297653, "0.35": 0.0007715995208272843, "0.4": 0.0004556869419847387}, "10": {"0": 1.0, "0.05": 0.14657625075405467, "0.1": 0.06309186864750879, "0.15": 0.03457392791772524, "0.2": 0.02137098846545428, "0.25": 0.013572526129177637, "0.3": 0.00892047898193206, "0.35": 0.005917901778697911, "0.4": 0.0038677525145293643}, "11": {"0": 1.0, "0.05": 0.1788243340648667, "0.1": 0.08633862129991418, "0.15": 0.047616241042590296, "0.2": 0.028399558107859362, "0.25": 0.017730373571421598, "0.3": 0.011514030110087146, "0.35": 0.00799903615645992, "0.4": 0.0055981409146572125}, "12": {"0": 1.0, "0.05": 0.07707192391482326, "0.1": 0.023101873709718328, "0.15": 0.009100015648919976, "0.2": 0.004281455743763668, "0.25": 0.0022105283396399904, "0.3": 0.001235895537919473, "0.35": 0.0006757800991404952, "0.4": 0.0003983917653373658}, "13": {"0": 1.0, "0.05": 0.24648496516896543, "0.1": 0.14632360078959292, "0.15": 0.1014145534911465, "0.2": 0.07456892106750175, "0.25": 0.0565951723964151, "0.3": 0.04375809648591048, "0.35": 0.034717097796203786, "0.4": 0.027999113709311938}, "14": {"0": 1.0, "0.05": 0.08306724060004807, "0.1": 0.03361652412169386, "0.15": 0.017165248104063793, "0.2": 0.009732050489876442, "0.25": 0.00563442011575761,