{"fscore": {"0": {"0": 0.1141735563401514, "0.05": 0.12819683402647597, "0.1": 0.07930833727094225, "0.15": 0.05142104243348534, "0.2": 0.035257496983595926, "0.25": 0.024385607608536072, "0.3": 0.017519448473060983, "0.35": 0.013121170000198452, "0.4": 0.009949769752337105}, "1": {"0": 0.11417351022905459, "0.05": 0.09697420886267151, "0.1": 0.034096277588692665, "0.15": 0.012266936506741011, "0.2": 0.0035636139527588672, "0.25": 0.0007023735417264318, "0.3": 9.198271173433531e-05, "0.35": 8.943350455818385e-06, "0.4": 0.0}, "2": {"0": 0.11417351121188762, "0.05": 0.18304872587010293, "0.1": 0.12130215302699511, "0.15": 0.08056292882541871, "0.2": 0.055919862192689594, "0.25": 0.0400046498672891, "0.3": 0.02921420610272117, "0.35": 0.021882302758170002, "0.4": 0.016716843449270567}, "3": {"0": 0.11417351146797662, "0.05": 0.17987781038562906, "0.1": 0.15595637032524562, "0.15": 0.1292399149485443, "0.2": 0.10582007592991059, "0.25": 0.0873303975662309, "0.3": 0.07220507639845028, "0.35": 0.06000685931840489, "0.4": 0.04978669883052497}, "4": {"0": 0.11436849451788017, "0.05": 0.2919276478141276, "0.1": 0.27587396366819533, "0.15": 0.2599917238770224, "0.2": 0.24343234408681416, "0.25": 0.2257503254115508, "0.3": 0.20683028741689868, "0.35": 0.18456289040497584, "0.4": 0.17125646143550396}, "5": {"0": 0.11417552113736741, "0.05": 0.16989630085851531, "0.1": 0.10217120612114047, "0.15": 0.0646731690157879, "0.2": 0.04251389112391976, "0.25": 0.02858365841973198, "0.3": 0.019527207536548945, "0.35": 0.013757893816796037, "0.4": 0.009982066569268823}, "6": {"0": 0.11417351740247696, "0.05": 0.17220201145711722, "0.1": 0.1193305979012923, "0.15": 0.08361916552308865, "0.2": 0.06106590496283809, "0.25": 0.04637962100985751, "0.3": 0.03620321682078067, "0.35": 0.02926998844816634, "0.4": 0.02418578980806058}, "7": {"0": 0.11921916491359094, "0.05": 0.26590702750602696, "0.1": 0.26824800627977197, "0.15": 0.2647832278145723, "0.2": 0.2567584895930213, "0.25": 0.24865101300083103, "0.3": 0.24184236620108487, "0.35": 0.2147065336040339, "0.4": 0.210771282967835}, "8": {"0": 0.11417351022905459, "0.05": 0.16592254005770848, "0.1": 0.1270015218853116, "0.15": 0.09630278505517206, "0.2": 0.07385892735412343, "0.25": 0.05695065257819088, "0.3": 0.04317279420243532, "0.35": 0.03249598403647017, "0.4": 0.023926776415096135}, "9": {"0": 0.11417351022905459, "0.05": 0.06420536573241575, "0.1": 0.02523147703177528, "0.15": 0.011525170496467394, "0.2": 0.006151111010171535, "0.25": 0.0036113048278032856, "0.3": 0.0021207022513643143, "0.35": 0.0013327976791133473, "0.4": 0.0007964330184208676}, "10": {"0": 0.11417351022905459, "0.05": 0.10206806021765615, "0.1": 0.0478277151138301, "0.15": 0.02408319954938513, "0.2": 0.012980614020151623, "0.25": 0.007487349835238483, "0.3": 0.00435780681097123, "0.35": 0.0025274577629009055, "0.4": 0.0016278019992210155}, "11": {"0": 0.11417573949099921, "0.05": 0.29719228939731296, "0.1": 0.24128358647118464, "0.15": 0.19322399802072976, "0.2": 0.15646540198279404, "0.25": 0.12787904300788802, "0.3": 0.10483937665668348, "0.35": 0.08684560668706891, "0.4": 0.07369524256139676}, "12": {"0": 0.1141749301514572, "0.05": 0.2124113827693767, "0.1": 0.12754931926236776, "0.15": 0.08113953591827254, "0.2": 0.0547678017387618, "0.25": 0.03874243858761155, "0.3": 0.028296170747338006, "0.35": 0.021182006284861627, "0.4": 0.016425950427548353}, "13": {"0": 0.11417541179447233, "0.05": 0.15701295938258014, "0.1": 0.10903428536600056, "0.15": 0.07591181558344587, "0.2": 0.05523734232082989, "0.25": 0.04155130075830701, "0.3": 0.03233029406017535, "0.35": 0.02497182670316646, "0.4": 0.020647671610276305}, "14": {"0": 0.11417351022905459, "0.05": 0.16550212975452636, "0.1": 0.10259772816231677, "0.15": 0.06597290295660832, "0.2": 0.04471911715752041, "0.25": 0.03096425718980221, "0.3": 0.02220236719706768, "0.35": 0.01615584924014149, "0.4": 0.011640117680547962}, "15": {"0": 0.11417351022905459, "0.05": 0.022385770513397872, "0.1": 0.0031863767141401367, "0.15": 0.0006692773653996835, "0.2": 0.0001722894695008679, "0.25": 8.568853600615672e-05, "0.3": 3.1599400309694776e-05, "0.35": 1.9472336889294353e-05, "0.4": 1.5969758991961917e-05}}, "recall": {"0": {"0": 1.0, "0.05": 0.12383544703822268, "0.1": 0.05385249284984042, "0.15": 0.030545151828412692, "0.2": 0.019690288613537825, "0.25": 0.013163559568806589, "0.3": 0.009267555415883135, "0.35": 0.006852263526878505, "0.4": 0.0051549328139457486}, "1": {"0": 1.0, "0.05": 0.09197533283870366, "0.1": 0.02211686163264758, "0.15": 0.007056950386368558, "0.2": 0.001950684459126352, "0.25": 0.000373150997287892, "0.3": 4.783397828575857e-05, "0.35": 4.567823972695656e-06, "0.4": 0.0}, "2": {"0": 1.0, "0.05": 0.1679394743678061, "0.1": 0.0789847561648315, "0.15": 0.04641991837218999, "0.2": 0.030500156604302518, "0.25": 0.021190247711848686, "0.3": 0.015219002797603524, "0.35": 0.011290559382335785, "0.4": 0.008564167554019451}, "3": {"0": 1.0, "0.05": 0.17821356138586097, "0.1": 0.10970480476363047, "0.15": 0.07996922656408585, "0.2": 0.06145413224375507, "0.25": 0.04887179201037361, "0.3": 0.0394096781932181, "0.35": 0.0321629121732089, "0.4": 0.02632790793730568}, "4": {"0": 0.9998174084264145, "0.05": 0.251981627435372, "0.1": 0.20041727992349592, "0.15": 0.1745499844476426, "0.2": 0.1555605504687373, "0.25": 0.13980290700790934, "0.3": 0.12518690150261194, "0.35": 0.10940840468440723, "0.4": 0.10010723446225259}, "5": {"0": 0.9999989542595911, "0.05": 0.14827642626005108, "0.1": 0.06540157494321994, "0.15": 0.037425484701974605, "0.2": 0.023407927091624953, "0.25": 0.01527359152700115, "0.3": 0.010237399380761602, "0.35": 0.007125009623196829, "0.4": 0.005123319153028827}, "6": {"0": 1.0, "0.05": 0.1454328931770738, "0.1": 0.07275254779757713, "0.15": 0.046404518453654196, "0.2": 0.03264134582420353, "0.25": 0.024318539970539416, "0.3": 0.018776260574508093, "0.35": 0.015081732973606083, "0.4": 0.012404166148902397}, "7": {"0": 0.9663210540794677, "0.05": 0.20781858549463944, "0.1": 0.192410260397302, "0.15": 0.18209795462126765, "0.2": 0.17059767062746753, "0.25": 0.15908123967838295, "0.3": 0.15205482909334528, "0.35": 0.1319976411370857, "0.4": 0.12872707759438284}, "8": {"0": 1.0, "0.05": 0.17630495280796263, "0.1": 0.09127110114635582, "0.15": 0.05953695053660157, "0.2": 0.042403628755124365, "0.25": 0.031335501344206054, "0.3": 0.023106160368957157, "0.35": 0.01708486225626883, "0.4": 0.012418062487938536}, "9": {"0": 1.0, "0.05": 0.06302657214154563, "0.1": 0.01638914104046587, "0.15": 0.006610025141051316, "0.2": 0.003362431914035171, "0.25": 0.0019346308251581988, "0.3": 0.0011202177751945572, "0.35": 0.0006989542274124569, "0.4": 0.0004138623216168583}, "10": {"0": 1.0, "0.05": 0.09641439173088251, "0.1": 0.03066767378383762, "0.15": 0.01366907161657594, "0.2": 0.006996861193386665, "0.25": 0.003937465162355112, "0.3": 0.002257138576984316, "0.35": 0.0012970016038261175, "0.4": 0.0008311375396169676}, "11": {"0": 1.0, "0.05": 0.2875072080935472, "0.1": 0.17801547774059845, "0.15": 0.12516709760568137, "0.2": 0.0937434070096673, "0.25": 0.07287686569119083, "0.3": 0.05789846966748433, "0.35": 0.04695874322901003, "0.4": 0.03924165526586429}, "12": {"0": 0.999995513717049, "0.05": 0.19618536560731376, "0.1": 0.08150364213615831, "0.15": 0.04609761561052164, "0.2": 0.029601308332120064, "0.25": 0.020431863572229186, "0.3": 0.0147105263178428, "0.35": 0.010922548567888449, "0.4": 0.008422486758340382}, "13": {"0": 0.9999894494655122, "0.05": 0.15597329123408915, "0.1": 0.07506315381818378, "0.15": 0.045396835366540225, "0.2": 0.030963346185527058, "0.25": 0.022490909003459365, "0.3": 0.017126745724342318, "0.35": 0.01304181231369418, "0.4": 0.010688511809495593}, "14": {"0": 1.0, "0.05": 0.14879933402479187, "0.1": 0.06702304454184395, "0.15": 0.03828444058897368, "0.2": 0.024492072733205254, "0.25": 0.016440886055930644, "0.3": 0.011589952831272253, "0.35": 0.008340943467521792,