{"fscore": {"0": {"0": 0.11398936436481887, "0.05": 0.196925051543048, "0.1": 0.1318422907036035, "0.15": 0.0979967375228245, "0.2": 0.07612355305753102, "0.25": 0.06058366341955264, "0.3": 0.04898181045676448, "0.35": 0.03974427992073763, "0.4": 0.03266167968183786}, "1": {"0": 0.11398936436481887, "0.05": 0.2031284090744341, "0.1": 0.11163113174619327, "0.15": 0.06970719339003825, "0.2": 0.04779699595662766, "0.25": 0.03427182680748824, "0.3": 0.025043798596091325, "0.35": 0.018372981864532616, "0.4": 0.013665062396467292}, "2": {"0": 0.11398936436481887, "0.05": 0.20457800416780508, "0.1": 0.09493002315301902, "0.15": 0.04828068384589983, "0.2": 0.02897272740340516, "0.25": 0.018974322325118347, "0.3": 0.012561245647828246, "0.35": 0.00823587070545031, "0.4": 0.005349215441078619}, "3": {"0": 0.11398936436481887, "0.05": 0.16876937431237965, "0.1": 0.03497319682329239, "0.15": 0.0076891110187345185, "0.2": 0.002099143769751395, "0.25": 0.0005756444602547271, "0.3": 0.0001855301623636025, "0.35": 7.478326802705894e-05, "0.4": 3.410367754932974e-05}, "4": {"0": 0.11398936436481887, "0.05": 0.08716863382793506, "0.1": 0.045593446433555535, "0.15": 0.02924959200794261, "0.2": 0.02034581690876134, "0.25": 0.014346357222712497, "0.3": 0.010341496504124652, "0.35": 0.007203164314085539, "0.4": 0.00492251813980916}, "5": {"0": 0.11398936436481887, "0.05": 0.315541879820016, "0.1": 0.22225688263018714, "0.15": 0.15500705082211805, "0.2": 0.1092230898437018, "0.25": 0.07752153546270797, "0.3": 0.05516249084823583, "0.35": 0.03897195361584152, "0.4": 0.027684719849013224}, "6": {"0": 0.11398936436481887, "0.05": 0.2733762347305603, "0.1": 0.26766708045570065, "0.15": 0.2612588718187679, "0.2": 0.25225917622002497, "0.25": 0.2434567863946022, "0.3": 0.23558354083649616, "0.35": 0.21341165661508663, "0.4": 0.2081483521542166}, "7": {"0": 0.11398936436481887, "0.05": 0.17718340867771395, "0.1": 0.1319710223699596, "0.15": 0.11387191453557227, "0.2": 0.10364364560783906, "0.25": 0.09685093305704191, "0.3": 0.09131207691284014, "0.35": 0.08636299221237298, "0.4": 0.08181889627154414}, "8": {"0": 0.11398936436481887, "0.05": 0.26588342115838076, "0.1": 0.26148790339770506, "0.15": 0.25673840809046283, "0.2": 0.25033589826277225, "0.25": 0.2443369058911725, "0.3": 0.24087435420038547, "0.35": 0.21294772031811418, "0.4": 0.21104488969070861}, "9": {"0": 0.11398936436481887, "0.05": 0.08484423760924338, "0.1": 0.03589153548140126, "0.15": 0.019669740628696735, "0.2": 0.012560339851116943, "0.25": 0.008502128364032238, "0.3": 0.005960690258112462, "0.35": 0.004296042194294899, "0.4": 0.003114960346299759}, "10": {"0": 0.11398936436481887, "0.05": 0.25611763347309735, "0.1": 0.1350177890501848, "0.15": 0.07330652906940217, "0.2": 0.04076296002464584, "0.25": 0.02352497694804075, "0.3": 0.014002631797500581, "0.35": 0.008360469008506406, "0.4": 0.005216646975456396}, "11": {"0": 0.11398936436481887, "0.05": 0.33572670930152915, "0.1": 0.2758527479073066, "0.15": 0.2287267134493596, "0.2": 0.18999562117512137, "0.25": 0.1590268740046631, "0.3": 0.13279944377695788, "0.35": 0.11281321088770661, "0.4": 0.0974283718351906}}, "recall": {"0": {"0": 1.0, "0.05": 0.15885181320173614, "0.1": 0.08710894145052349, "0.15": 0.0594947448305578, "0.2": 0.04401409657579471, "0.25": 0.03391696014504137, "0.3": 0.02679569711259937, "0.35": 0.021374006468599716, "0.4": 0.01733432653904882}, "1": {"0": 1.0, "0.05": 0.13128668929567733, "0.1": 0.06313888017069322, "0.15": 0.0376035775163064, "0.2": 0.0252091778372184, "0.25": 0.01783315462582893, "0.3": 0.012917969309672251, "0.35": 0.009419839835213918, "0.4": 0.006975045069202142}, "2": {"0": 1.0, "0.05": 0.1715387933308076, "0.1": 0.057918242378562, "0.15": 0.026531950519599553, "0.2": 0.015255408416265333, "0.25": 0.009794252551731567, "0.3": 0.006418791824608162, "0.35": 0.0041851080019799924, "0.4": 0.0027098503634712745}, "3": {"0": 1.0, "0.05": 0.1261449379069449, "0.1": 0.01969060494188028, "0.15": 0.004008263968072584, "0.2": 0.0010712680663185422, "0.25": 0.00029168352357867715, "0.3": 9.370432482992848e-05, "0.35": 3.7582673924328025e-05, "0.4": 1.7126999763077187e-05}, "4": {"0": 1.0, "0.05": 0.06535047736483213, "0.1": 0.02797902716249733, "0.15": 0.016664317900062092, "0.2": 0.01114616353183738, "0.25": 0.007679216316604948, "0.3": 0.005450206227089308, "0.35": 0.0037528609961199784, "0.4": 0.002544157043510422}, "5": {"0": 1.0, "0.05": 0.2842483709579822, "0.1": 0.15475053234714337, "0.15": 0.09548208906266235, "0.2": 0.0627888772199387, "0.25": 0.04268776742762013, "0.3": 0.029526939115120172, "0.35": 0.02046588011510653, "0.4": 0.014353876923776461}, "6": {"0": 1.0, "0.05": 0.19543773959381094, "0.1": 0.1839097349063927, "0.15": 0.1745410722241499, "0.2": 0.1637891556740053, "0.25": 0.15292677686061312, "0.3": 0.14581786382903913, "0.35": 0.12971540832567624, "0.4": 0.1256749417878109}, "7": {"0": 1.0, "0.05": 0.1071199561116707, "0.1": 0.0747927653568211, "0.15": 0.06297157060133063, "0.2": 0.056536046900699743, "0.25": 0.05236042815508451, "0.3": 0.049041320012192295, "0.35": 0.04612367597519911, "0.4": 0.043510552065225694}, "8": {"0": 1.0, "0.05": 0.18600774593239025, "0.1": 0.17926395714742205, "0.15": 0.17309256312690122, "0.2": 0.1649047759144265, "0.25": 0.15557027542863294, "0.3": 0.15148996892080727, "0.35": 0.13087903875223855, "0.4": 0.12938435428991168}, "9": {"0": 1.0, "0.05": 0.06605310768626124, "0.1": 0.02239380744108072, "0.15": 0.011294091541121331, "0.2": 0.006909395960937926, "0.25": 0.004558824592748108, "0.3": 0.0031429876095911205, "0.35": 0.002241992345313822, "0.4": 0.0016116836641740769}, "10": {"0": 1.0, "0.05": 0.19135138336813098, "0.1": 0.08135514367532208, "0.15": 0.0405230285515952, "0.2": 0.02160422436979659, "0.25": 0.012198659540182975, "0.3": 0.007172535298785527, "0.35": 0.004252193106259963, "0.4": 0.0026421527708391426}, "11": {"0": 1.0, "0.05": 0.2614709275705013, "0.1": 0.18270048548623397, "0.15": 0.14017487437582507, "0.2": 0.11113069127689393, "0.25": 0.09013982699002424, "0.3": 0.07354057286694377, "0.35": 0.06141605071222695, "0.4": 0.05236531728634293}}, "precision": {"0": {"0": 0.06220500523914973, "0.05": 0.2723147142523616, "0.1": 0.28889305986791625, "0.15": 0.2985474684600644, "0.2": 0.30664012778070193, "0.25": 0.31337460290563907, "0.3": 0.32096311845219944, "0.35": 0.32480138029137884, "0.4": 0.33267808516273695}, "1": {"0": 0.06220500523914973, "0.05": 0.499830307951847, "0.1": 0.5692755201226706, "0.15": 0.5936271932723648, "0.2": 0.598014090666495, "0.25": 0.5951989153850515, "0.3": 0.5717121302352942, "0.35": 0.5364577474676034, "0.4": 0.49523681723868435}, "2": {"0": 0.06220500523914973, "0.05": 0.27029442983858376, "0.1": 0.2999002018370238, "0.15": 0.3305477046259342, "0.2": 0.3917168988852732, "0.25": 0.4471977103746609, "0.3": 0.4490606732305642, "0.35": 0.40153972231472274, "0.4": 0.32481018518518534}, "3": {"0": 0.06220500523914973, "0.05": 0.27999752193862004, "0.1": 0.1925951920162668, "0.15": 0.1407098840955827, "0.2": 0.08636881590631587, "0.25": 0.04122671957671958, "0.3": 0.016927777777777778, "0.35": 0.009777777777777778, "0.4": 0.004666666666666667}, "4": {"0": 0.06220500523914973, "0.05": 0.14229270276929423, "0.1": 0.13802482252362194, "0.15": 0.1391535469175739, "0.2": 0.14049229516640094, "0.25": 0.13653477096603464, "0.3": 0.13331630590478177, "0.35": 0.1205644899394607, "0.4": 0.10674364700477186}, "5": {"0": 0.06220500523914973, "0.05": 0.3716503143383536, "0.1": 0.41934509729555347, "0.15": 0.4447461701126533, "0.2": 0.4620326913524998, "0.25": 0.47595385351094377, "0.3": 0.4889740039232078, "0.35": 0.494598527657267, "0.4": 0.49124226710422575}, "6": {"0": 0.06220500523914973, "0.05": 0.47810566219006606, "0.1": 0.5165987428192994, "0.15": 0.5472080782334864, "0.2": 0.5818343184470586, "0.25": 0.6377399975307874, "0.3": 0.658140851440806, "0.35": 0.6541404185135467, "0.4": 0.6609181501693309}, "7": {"0": 0.06220500523914973,