{"fscore": {"0": {"0": 0.0958002684513562, "0.05": 0.08010057033799546, "0.1": 0.044376478784182244, "0.15": 0.03251859664131738, "0.2": 0.02721697336782301, "0.25": 0.024224301146518086, "0.3": 0.02238492185663217, "0.35": 0.021227022222810275, "0.4": 0.020389980945429893}, "1": {"0": 0.0958002684513562, "0.05": 0.10506999416347972, "0.1": 0.07612421835737866, "0.15": 0.05584823607994913, "0.2": 0.04258189873696792, "0.25": 0.03379878473485039, "0.3": 0.028187615490299626, "0.35": 0.024438088420766998, "0.4": 0.021588536342219758}, "2": {"0": 0.0958002684513562, "0.05": 0.09256480067791505, "0.1": 0.06745414777547559, "0.15": 0.04972450077523809, "0.2": 0.03582072683453571, "0.25": 0.025926351091839033, "0.3": 0.019588932092793228, "0.35": 0.015753279222159532, "0.4": 0.013521133240761304}, "3": {"0": 0.0958002684513562, "0.05": 0.030369865171802967, "0.1": 0.021965174827521465, "0.15": 0.019469936893582965, "0.2": 0.018403642906303697, "0.25": 0.017808353259283375, "0.3": 0.017427728557579902, "0.35": 0.017222524967870474, "0.4": 0.01706787943840543}, "4": {"0": 0.0958002684513562, "0.05": 0.03470588778063771, "0.1": 0.022471123389801416, "0.15": 0.019856625589159637, "0.2": 0.019000194070823297, "0.25": 0.018609177378857797, "0.3": 0.01831168551298339, "0.35": 0.01821798230838988, "0.4": 0.018096976262062803}, "5": {"0": 0.0958002684513562, "0.05": 0.03547636657026928, "0.1": 0.021948380339553732, "0.15": 0.01897572541141184, "0.2": 0.017995550996197682, "0.25": 0.01759788673163447, "0.3": 0.01755989257994993, "0.35": 0.01761275845048069, "0.4": 0.01768423413499963}, "6": {"0": 0.0958002684513562, "0.05": 0.17474352587237346, "0.1": 0.1322462119146039, "0.15": 0.10238175029158673, "0.2": 0.08211834437105676, "0.25": 0.06772422394548297, "0.3": 0.0567167366131765, "0.35": 0.04736147331917519, "0.4": 0.03939802147291293}, "7": {"0": 0.0958002684513562, "0.05": 0.04960497531794429, "0.1": 0.03480374985253175, "0.15": 0.027985444327847928, "0.2": 0.024485314901715276, "0.25": 0.022288004996322698, "0.3": 0.02087945044870781, "0.35": 0.020022397806190723, "0.4": 0.01944941410049564}, "8": {"0": 0.0958002684513562, "0.05": 0.21161046043217024, "0.1": 0.1282822437826417, "0.15": 0.07970204284911477, "0.2": 0.05459490202351571, "0.25": 0.04033985938909645, "0.3": 0.031622846171915714, "0.35": 0.026045382313132977, "0.4": 0.022126632761306334}, "9": {"0": 0.0958002684513562, "0.05": 0.050200976792644784, "0.1": 0.02734758961550921, "0.15": 0.02087420849488912, "0.2": 0.018859023099162788, "0.25": 0.018041001702010163, "0.3": 0.017626684898274715, "0.35": 0.01735271094647852, "0.4": 0.017195111140047646}, "10": {"0": 0.0958002684513562, "0.05": 0.03812236980921946, "0.1": 0.02089112945043414, "0.15": 0.01799322106282173, "0.2": 0.01717030582413711, "0.25": 0.01690742084084243, "0.3": 0.016823961687740033, "0.35": 0.01679330972157905, "0.4": 0.01686648010309315}, "11": {"0": 0.0958002684513562, "0.05": 0.06945661157351055, "0.1": 0.042028311219043414, "0.15": 0.03090325970500149, "0.2": 0.02525813962240437, "0.25": 0.022246894121461205, "0.3": 0.020420409948460925, "0.35": 0.019321570908070726, "0.4": 0.018823959362970523}, "12": {"0": 0.0958002684513562, "0.05": 0.042434531520764124, "0.1": 0.02499934202285633, "0.15": 0.020668752435501824, "0.2": 0.018961444854230926, "0.25": 0.018087520807552427, "0.3": 0.017705053205527923, "0.35": 0.01749532932686591, "0.4": 0.017444248653064116}, "13": {"0": 0.0958002684513562, "0.05": 0.12510455559442835, "0.1": 0.07873870981768663, "0.15": 0.05308287457639514, "0.2": 0.040082564038586434, "0.25": 0.03294911443883236, "0.3": 0.02848798638549081, "0.35": 0.02548698075971828, "0.4": 0.02273426679560673}, "14": {"0": 0.0958002684513562, "0.05": 0.06663303325164271, "0.1": 0.02542039446234022, "0.15": 0.01848260263040303, "0.2": 0.017333740067425586, "0.25": 0.017161359190170717, "0.3": 0.017360704594633524, "0.35": 0.017598117137918083, "0.4": 0.017866644695464298}, "15": {"0": 0.0958002684513562, "0.05": 0.14356626792019095, "0.1": 0.10207640899948625, "0.15": 0.075411268169605, "0.2": 0.05878494066438204, "0.25": 0.04769359539793699, "0.3": 0.03997812123229403, "0.35": 0.034510491921110484, "0.4": 0.03033135326282797}}, "recall": {"0": {"0": 0.4647533172052178, "0.05": 0.06694893345856587, "0.1": 0.031510472072016446, "0.15": 0.022139212303699935, "0.2": 0.01816805743468593, "0.25": 0.015921620583849466, "0.3": 0.014480110686435045, "0.35": 0.01349119063395537, "0.4": 0.012693689458794417}, "1": {"0": 0.4647533172052178, "0.05": 0.11683194016563893, "0.1": 0.06261728521453905, "0.15": 0.03984820345293903, "0.2": 0.02782451643649541, "0.25": 0.02083089616899568, "0.3": 0.01665598364905206, "0.35": 0.013994072517005816, "0.4": 0.01205151736663274}, "2": {"0": 0.4647533172052178, "0.05": 0.08881274832050343, "0.1": 0.05137372786247709, "0.15": 0.03452389711922903, "0.2": 0.023672120217518546, "0.25": 0.016582463714088648, "0.3": 0.012226504714061165, "0.35": 0.009638138423458707, "0.4": 0.008122780079425192}, "3": {"0": 0.4647533172052178, "0.05": 0.020502064486850786, "0.1": 0.014506867158913335, "0.15": 0.012832088724217205, "0.2": 0.012125099435715892, "0.25": 0.011730240873110552, "0.3": 0.011473844968928925, "0.35": 0.011325744563213364, "0.4": 0.011201625736126635}, "4": {"0": 0.4647533172052178, "0.05": 0.02781782566016957, "0.1": 0.015941281611722848, "0.15": 0.013532762612418777, "0.2": 0.012696066278857008, "0.25": 0.012270031026078087, "0.3": 0.011943313639852442, "0.35": 0.011762876712596569, "0.4": 0.011565156667450434}, "5": {"0": 0.4647533172052178, "0.05": 0.030115527118196463, "0.1": 0.015816240974880585, "0.15": 0.012981224843560499, "0.2": 0.01199045148430615, "0.25": 0.011510603502469631, "0.3": 0.011302922389948667, "0.35": 0.011156099519810487, "0.4": 0.011024308125262342}, "6": {"0": 0.4647533172052178, "0.05": 0.19124198224424357, "0.1": 0.11455397229519287, "0.15": 0.07789666782157853, "0.2": 0.05679314311069517, "0.25": 0.04352039732539126, "0.3": 0.03442946321146667, "0.35": 0.027513634951883435, "0.4": 0.022135512800629913}, "7": {"0": 0.4647533172052178, "0.05": 0.03878127815852764, "0.1": 0.024883489811472377, "0.15": 0.019305895667122274, "0.2": 0.01655025694764208, "0.25": 0.014855752430144153, "0.3": 0.01375977592785118, "0.35": 0.01306560942773003, "0.4": 0.012578707482953429}, "8": {"0": 0.4647533172052178, "0.05": 0.19533050848281375, "0.1": 0.0955357172048294, "0.15": 0.05456004759027585, "0.2": 0.0356981617051714, "0.25": 0.025564923823809125, "0.3": 0.019558400080412416, "0.35": 0.015782570739683425, "0.4": 0.013173996357314468}, "9": {"0": 0.4647533172052178, "0.05": 0.03774421326628995, "0.1": 0.01878475413718372, "0.15": 0.014010435583857304, "0.2": 0.012544559082953847, "0.25": 0.011942334620711065, "0.3": 0.011625142959164765, "0.35": 0.011401996129173135, "0.4": 0.011248822615048762}, "10": {"0": 0.4647533172052178, "0.05": 0.02781407947199832, "0.1": 0.014073667232953998, "0.15": 0.011954954629931538, "0.2": 0.011357335173958974, "0.25": 0.011147668333818262, "0.3": 0.011050932969379958, "0.35": 0.010973079869256865, "0.4": 0.010938247763684362}, "11": {"0": 0.4647533172052178, "0.05": 0.05662803606905264, "0.1": 0.029700373484626823, "0.15": 0.020738514417525167, "0.2": 0.016537839236169267, "0.25": 0.014346073009997178, "0.3": 0.013024053905344809, "0.35": 0.01220395822110936, "0.4": 0.011768507387990151}, "12": {"0": 0.4647533172052178, "0.05": 0.034546282292121575, "0.1": 0.017777816049159467, "0.15": 0.014114943222161508, "0.2": 0.012700710398742923, "0.25": 0.011967388725056803, "0.3": 0.011597896771292169, "0.35": 0.011351398208650632, "0.4": 0.011206432061667925}, "13": {"0": 0.4647533172052178, "0.05": 0.11276807579426945, "0.1": 0.05828685569547267, "0.15": 0.036299844892552904, "0.2": 0.02614724004460422, "0.25": 0.020744233084082193, "0.3": 0.017370724571418257, "0.35": 0.015090936011925578, "0.4": 0.01309735172460136}, "14": {"0": 0.4647533172052178,