{"fscore": {"0": {"0": 0.11396083236362174, "0.05": 0.03537857405389795, "0.1": 0.008947135810989784, "0.15": 0.0041319309332337115, "0.2": 0.0022722374107583486, "0.25": 0.0012093383720135158, "0.3": 0.0007434352866687998, "0.35": 0.0005234291959974254, "0.4": 0.00035688034384655356}, "1": {"0": 0.11396083236362174, "0.05": 0.2842066624267621, "0.1": 0.1817915642009445, "0.15": 0.10156387492576158, "0.2": 0.04974971392280915, "0.25": 0.019961794505869244, "0.3": 0.006824091521106543, "0.35": 0.0027005907611025275, "0.4": 0.0012320253789581091}, "2": {"0": 0.11396083236362174, "0.05": 0.30220556290306694, "0.1": 0.26007224597082107, "0.15": 0.21298231738598505, "0.2": 0.1716254284652434, "0.25": 0.13031875402693385, "0.3": 0.09281292934555004, "0.35": 0.06561286404215015, "0.4": 0.04439264070332319}, "3": {"0": 0.11396083236362174, "0.05": 0.33315859714129853, "0.1": 0.30346636115288544, "0.15": 0.2658320324535295, "0.2": 0.22739139714083936, "0.25": 0.1941410678706562, "0.3": 0.16593437705049693, "0.35": 0.1413726201796466, "0.4": 0.11921819790358346}, "4": {"0": 0.11396083236362174, "0.05": 0.04494388984777544, "0.1": 0.004587328459577401, "0.15": 0.00048347439345630455, "0.2": 0.00016021478415046173, "0.25": 5.246452746229736e-05, "0.3": 2.1589512998181728e-05, "0.35": 5.6022408963585436e-06, "0.4": 0.0}, "5": {"0": 0.11396083236362174, "0.05": 0.029456456923362666, "0.1": 0.012305463123722191, "0.15": 0.00850677864645376, "0.2": 0.006528097907838294, "0.25": 0.005028419638385482, "0.3": 0.003553086030839474, "0.35": 0.002579923156087931, "0.4": 0.0018430745617360907}, "6": {"0": 0.11396083236362174, "0.05": 0.13425164973555526, "0.1": 0.05872262708236306, "0.15": 0.033388571619200794, "0.2": 0.021438580265523494, "0.25": 0.014772868106303683, "0.3": 0.010812656127683801, "0.35": 0.0083876318547896, "0.4": 0.006838455699295237}, "7": {"0": 0.11396083236362174, "0.05": 0.3547266871043868, "0.1": 0.3234460813625694, "0.15": 0.2902193090536608, "0.2": 0.2519538548660302, "0.25": 0.2114387137621674, "0.3": 0.1770252610844643, "0.35": 0.14769760288920375, "0.4": 0.12062919005699486}, "8": {"0": 0.11396083236362174, "0.05": 0.07038998437856347, "0.1": 0.03617335404061853, "0.15": 0.022241869483580187, "0.2": 0.015002167757517289, "0.25": 0.010689377018706555, "0.3": 0.007940653916215422, "0.35": 0.006192550991470944, "0.4": 0.004687179514477865}, "9": {"0": 0.11396083236362174, "0.05": 0.22890493414604943, "0.1": 0.18560649002790036, "0.15": 0.13693134956577316, "0.2": 0.08657975615091462, "0.25": 0.05574379650052542, "0.3": 0.037262891626278515, "0.35": 0.024775741116740566, "0.4": 0.0175948738980483}, "10": {"0": 0.11396083236362174, "0.05": 0.08518037702687263, "0.1": 0.027845851554354307, "0.15": 0.01720581170262478, "0.2": 0.011506211113760278, "0.25": 0.008264912712458803, "0.3": 0.005879976100453534, "0.35": 0.0043731823400899586, "0.4": 0.0034116137986744633}, "11": {"0": 0.11396083236362174, "0.05": 0.16363079468680275, "0.1": 0.07074814641268594, "0.15": 0.024610952657392635, "0.2": 0.007216525640641376, "0.25": 0.0027559891091714756, "0.3": 0.001354594121139152, "0.35": 0.0008058457745608329, "0.4": 0.000470237682256906}}, "recall": {"0": {"0": 1.0, "0.05": 0.02671624630939557, "0.1": 0.0054914356707964525, "0.15": 0.0023733968930955284, "0.2": 0.0012587139082739591, "0.25": 0.0006512709164672794, "0.3": 0.0003942140589712838, "0.35": 0.0002745124219285341, "0.4": 0.00018587028731543924}, "1": {"0": 1.0, "0.05": 0.2695844752402587, "0.1": 0.12173915140803677, "0.15": 0.05857604194860943, "0.2": 0.026592903543957727, "0.25": 0.01029002840943808, "0.3": 0.0034693020694512512, "0.35": 0.0013657303110048073, "0.4": 0.0006215343330469734}, "2": {"0": 1.0, "0.05": 0.3114853104660938, "0.1": 0.20809030358260971, "0.15": 0.14762227995788266, "0.2": 0.10822325577445406, "0.25": 0.07659255319810036, "0.3": 0.05180192279116603, "0.35": 0.03533850982776825, "0.4": 0.02332824096621417}, "3": {"0": 1.0, "0.05": 0.2684865338942416, "0.1": 0.2169588642267538, "0.15": 0.17504601504794887, "0.2": 0.14130074639282358, "0.25": 0.11595679491519462, "0.3": 0.09614964587192594, "0.35": 0.07990321015388699, "0.4": 0.06603156302029899}, "4": {"0": 1.0, "0.05": 0.03585833212676859, "0.1": 0.00254265960735771, "0.15": 0.00025151897975841985, "0.2": 8.219946577787538e-05, "0.25": 2.6879802810628347e-05, "0.3": 1.0916655278486442e-05, "0.35": 2.824858757062147e-06, "0.4": 0.0}, "5": {"0": 1.0, "0.05": 0.026079162531475106, "0.1": 0.00724718085019635, "0.15": 0.004563170817735209, "0.2": 0.003418796711538592, "0.25": 0.0026032495170948355, "0.3": 0.0018274037066797924, "0.35": 0.0013216508142874493, "0.4": 0.0009410067016761201}, "6": {"0": 1.0, "0.05": 0.10993614319831009, "0.1": 0.034850201580522586, "0.15": 0.0182796997909338, "0.2": 0.011411083325808181, "0.25": 0.00773458081785392, "0.3": 0.0056057393133753484, "0.35": 0.00431846838283204, "0.4": 0.0035046941510424273}, "7": {"0": 1.0, "0.05": 0.29454627943705447, "0.1": 0.23596021031588843, "0.15": 0.19482248379945868, "0.2": 0.15997687953653747, "0.25": 0.12880352457867966, "0.3": 0.1046477380016097, "0.35": 0.08519027258484588, "0.4": 0.06799648336404801}, "8": {"0": 1.0, "0.05": 0.06075009984466815, "0.1": 0.022899012111043872, "0.15": 0.012782971136896767, "0.2": 0.00822362271224398, "0.25": 0.005704188816537137, "0.3": 0.004165172524503855, "0.35": 0.0032169367347212687, "0.4": 0.002419591318691704}, "9": {"0": 1.0, "0.05": 0.24657084997596154, "0.1": 0.1401458819995486, "0.15": 0.08748044657735998, "0.2": 0.05001792572091403, "0.25": 0.030473645782322298, "0.3": 0.01975317358631287, "0.35": 0.012907729214668694, "0.4": 0.009080793443155653}, "10": {"0": 1.0, "0.05": 0.07313797490541271, "0.1": 0.016432101843286646, "0.15": 0.00938937503394742, "0.2": 0.006096308530699871, "0.25": 0.004312563530315835, "0.3": 0.0030400195911355517, "0.35": 0.002251251026296615, "0.4": 0.0017501520111132495}, "11": {"0": 1.0, "0.05": 0.14749492010923665, "0.1": 0.04246713456079987, "0.15": 0.013203514327300046, "0.2": 0.0037241835133243664, "0.25": 0.0014035090218390363, "0.3": 0.0006859969540429256, "0.35": 0.0004074752534474429, "0.4": 0.00023732014611436815}}, "precision": {"0": {"0": 0.06218900307361576, "0.05": 0.056893724067640025, "0.1": 0.029016410547150817, "0.15": 0.02098776671677675, "0.2": 0.016509784167705942, "0.25": 0.01192503374465139, "0.3": 0.00888841819712167, "0.35": 0.007666291969575815, "0.4": 0.006347801814649476}, "1": {"0": 0.06218900307361576, "0.05": 0.3192155939587277, "0.1": 0.3908546349045222, "0.15": 0.4301264245065601, "0.2": 0.4714789198852074, "0.25": 0.4714933453887019, "0.3": 0.32990129777629806, "0.35": 0.1872023809523809, "0.4": 0.10039999999999998}, "2": {"0": 0.06218900307361576, "0.05": 0.30724860294127493, "0.1": 0.36572607713272076, "0.15": 0.4038090280531531, "0.2": 0.4381963486237708, "0.25": 0.46336793270614113, "0.3": 0.48126492686735006, "0.35": 0.5098289009544723, "0.4": 0.5367450389832701}, "3": {"0": 0.06218900307361576, "0.05": 0.4608070196155247, "0.1": 0.5321693860080033, "0.15": 0.5878737153497036, "0.2": 0.6278028389021648, "0.25": 0.6513330995810115, "0.3": 0.6677228101876201, "0.35": 0.6810595281415832, "0.4": 0.6879537072093059}, "4": {"0": 0.06218900307361576, "0.05": 0.10858702794628848, "0.1": 0.05028741926755158, "0.15": 0.015026936455071136, "0.2": 0.006473148148148148, "0.25": 0.002022222222222222, "0.3": 0.001, "0.35": 0.0003333333333333333, "0.4": 0.0}, "5": {"0": 0.06218900307361576, "0.05": 0.04556525830715939, "0.1": 0.07890496140577101, "0.15": 0.1261656218107777, "0.2": 0.14580865413425195, "0.25": 0.14827129189740618, "0.3": 0.13059271468694975, "0.35": 0.10923205809269262, "0.4": 0.08834157437570478}, "6": {"0": 0.06218900307361576, "0.05": 0.2018754726546632, "0.1": 0.23638454647723736, "0.15": 0.25685389884005233, "0.2": 0.2530842945463778, "0.25": 0.24424301581301516, "0.3": 0.2321978151615618, "0.35": 0.22228100337771398, "0.4": 0.2157448342149193},