{"fscore": {"0": {"0": 0.11398936436481887, "0.05": 0.12407442063682511, "0.1": 0.08688929640991747, "0.15": 0.07025435846624581, "0.2": 0.059318990471504816, "0.25": 0.05118024048134375, "0.3": 0.045027878793948456, "0.35": 0.03945853619653182, "0.4": 0.034474045111497695}, "1": {"0": 0.11398936436481887, "0.05": 0.02158633904506406, "0.1": 0.010376638440970991, "0.15": 0.00622680604951404, "0.2": 0.004248542998726411, "0.25": 0.00301160998252729, "0.3": 0.0023211265847533423, "0.35": 0.0017218516800542817, "0.4": 0.0013619011063844661}, "2": {"0": 0.11398936436481887, "0.05": 0.21231673806871088, "0.1": 0.16015185597653753, "0.15": 0.1279760417066517, "0.2": 0.10344734242994869, "0.25": 0.08471415764687118, "0.3": 0.07033324216773312, "0.35": 0.05905734105119373, "0.4": 0.049471669179058195}, "3": {"0": 0.11398936436481887, "0.05": 0.12077497026287162, "0.1": 0.08777424450327302, "0.15": 0.07151703571253708, "0.2": 0.06036881262117501, "0.25": 0.0512413145400064, "0.3": 0.0438005882573322, "0.35": 0.03752899275309725, "0.4": 0.032482984928300755}, "4": {"0": 0.11398936436481887, "0.05": 0.10639605063667458, "0.1": 0.02444048012525604, "0.15": 0.00920177078937431, "0.2": 0.004499969257687758, "0.25": 0.0025398919109086643, "0.3": 0.0014636289146424666, "0.35": 0.0009116031863869825, "0.4": 0.0005519299308432236}, "5": {"0": 0.11398936436481887, "0.05": 0.09525547046776313, "0.1": 0.06497662209717696, "0.15": 0.04860620022515884, "0.2": 0.03790441692832812, "0.25": 0.0303831488941187, "0.3": 0.024859821396143247, "0.35": 0.02051230370574577, "0.4": 0.016966370186575312}, "6": {"0": 0.11398936436481887, "0.05": 0.044488120790380795, "0.1": 0.014317959042998207, "0.15": 0.0065593525302719774, "0.2": 0.003669997526044589, "0.25": 0.002195237705249556, "0.3": 0.0013853170669038308, "0.35": 0.0009371490382777384, "0.4": 0.0005826856328338304}, "7": {"0": 0.11398936436481887, "0.05": 0.0017360903931545905, "0.1": 0.0004761347481437575, "0.15": 0.00020291947567702552, "0.2": 9.777532476059672e-05, "0.25": 6.355959346710656e-05, "0.3": 3.320970950053326e-05, "0.35": 1.9002224186843706e-05, "0.4": 1.738243776082666e-05}, "8": {"0": 0.11398936436481887, "0.05": 0.11347003980971908, "0.1": 0.04159818544850705, "0.15": 0.01953865203853461, "0.2": 0.0096945968718107, "0.25": 0.004881481440714236, "0.3": 0.0024352010013149825, "0.35": 0.0012070365502156405, "0.4": 0.0006652678598579461}, "9": {"0": 0.11398936436481887, "0.05": 0.08547669699818881, "0.1": 0.05675563240342594, "0.15": 0.04038647758481658, "0.2": 0.0296804282233118, "0.25": 0.022173829646056874, "0.3": 0.016859274386117312, "0.35": 0.012925835121235133, "0.4": 0.010018618737241289}, "10": {"0": 0.11398936436481887, "0.05": 0.005214379486291816, "0.1": 0.0019825950618952842, "0.15": 0.0009223331512778964, "0.2": 0.0004945974189869162, "0.25": 0.00030810901963484755, "0.3": 0.0001882423921364174, "0.35": 0.00011298849928006478, "0.4": 6.172449859880625e-05}, "11": {"0": 0.11398936436481887, "0.05": 0.09759960570283893, "0.1": 0.05965179751294846, "0.15": 0.042490861674404204, "0.2": 0.03210096103837621, "0.25": 0.025331395881567065, "0.3": 0.02063096517417974, "0.35": 0.017061048645822568, "0.4": 0.014282188582025585}}, "recall": {"0": {"0": 1.0, "0.05": 0.06891546875603674, "0.1": 0.04628535469147964, "0.15": 0.03688901841325344, "0.2": 0.030895911787232264, "0.25": 0.026515092899597942, "0.3": 0.023234937830825135, "0.35": 0.02029335858152435, "0.4": 0.01767695734307106}, "1": {"0": 1.0, "0.05": 0.011264407942454096, "0.1": 0.005303285022453982, "0.15": 0.003159687665468571, "0.2": 0.002149218233691424, "0.25": 0.0015210307831309109, "0.3": 0.0011712421294222473, "0.35": 0.0008680995053850321, "0.4": 0.0006862650130474274}, "2": {"0": 1.0, "0.05": 0.16119514768600499, "0.1": 0.1020972282401869, "0.15": 0.07529327105818572, "0.2": 0.058069596403116916, "0.25": 0.046277551772057675, "0.3": 0.03781124695540912, "0.35": 0.03137380008600744, "0.4": 0.026035191233930378}, "3": {"0": 1.0, "0.05": 0.07743713983273956, "0.1": 0.05028282216973119, "0.15": 0.03918543840737279, "0.2": 0.03228834620333839, "0.25": 0.02699349240243089, "0.3": 0.022840775789984828, "0.35": 0.019426701939523342, "0.4": 0.016726330750876827}, "4": {"0": 1.0, "0.05": 0.06769205269495807, "0.1": 0.013310503579356276, "0.15": 0.0048260180135695245, "0.2": 0.002325599643450066, "0.25": 0.0013022946058617278, "0.3": 0.000745677865505357, "0.35": 0.00046340019159206815, "0.4": 0.0002799158868276545}, "5": {"0": 1.0, "0.05": 0.05920265712060374, "0.1": 0.03691354485360904, "0.15": 0.026553614895107092, "0.2": 0.020254026535847906, "0.25": 0.016007219045565145, "0.3": 0.012966721511144906, "0.35": 0.010620427184169562, "0.4": 0.008735099160026101}, "6": {"0": 1.0, "0.05": 0.03180591959365062, "0.1": 0.00852005486256716, "0.15": 0.0036481406547187044, "0.2": 0.0019741105399374436, "0.25": 0.0011575700529999817, "0.3": 0.0007213142101013461, "0.35": 0.0004837627531960403, "0.4": 0.00029891792982288573}, "7": {"0": 1.0, "0.05": 0.0009327128423627232, "0.1": 0.0002459387707226899, "0.15": 0.0001034973543203929, "0.2": 4.967902824242409e-05, "0.25": 3.205795424269844e-05, "0.3": 1.6706563391753682e-05, "0.35": 9.567028338301263e-06, "0.4": 8.752032413280888e-06}, "8": {"0": 1.0, "0.05": 0.06992027120777085, "0.1": 0.022389484221366263, "0.15": 0.010123417331965161, "0.2": 0.004945234226066673, "0.25": 0.0024738252497007326, "0.3": 0.0012304744109017016, "0.35": 0.0006083811279278293, "0.4": 0.00033507132694844053}, "9": {"0": 1.0, "0.05": 0.05283482774125071, "0.1": 0.031906553727874, "0.15": 0.021793775754109432, "0.2": 0.01566302623843415, "0.25": 0.01154176379090764, "0.3": 0.008692300898687248, "0.35": 0.006619973768095002, "0.4": 0.005108514878725419}, "10": {"0": 1.0, "0.05": 0.0032190778333357844, "0.1": 0.0011265912077913374, "0.15": 0.0005004102891889041, "0.2": 0.0002612268104666416, "0.25": 0.0001604531922513356, "0.3": 9.699418870777202e-05, "0.35": 5.778543540575685e-05, "0.4": 3.1392160024792266e-05}, "11": {"0": 1.0, "0.05": 0.05780993076320201, "0.1": 0.032471887561036014, "0.15": 0.02244401671117086, "0.2": 0.01668319994809122, "0.25": 0.013041219602546643, "0.3": 0.010558981268546892, "0.35": 0.008696071473947388, "0.4": 0.007258670169310026}}, "precision": {"0": {"0": 0.06220500523914973, "0.05": 0.7101823092971941, "0.1": 0.8266839829676175, "0.15": 0.8761223142454609, "0.2": 0.9006885508400742, "0.25": 0.9071499930000427, "0.3": 0.9090615913684096, "0.35": 0.9023393930819867, "0.4": 0.8917603353775678}, "1": {"0": 0.06220500523914973, "0.05": 0.3937744748293392, "0.1": 0.36928097673883703, "0.15": 0.3261422149879328, "0.2": 0.27600098039215704, "0.25": 0.22825986698486705, "0.3": 0.19257605820105816, "0.35": 0.15929166666666666, "0.4": 0.13442698412698406}, "2": {"0": 0.06220500523914973, "0.05": 0.334377155299906, "0.1": 0.40766298967858733, "0.15": 0.48122736337924865, "0.2": 0.5495671118576734, "0.25": 0.5974665343981355, "0.3": 0.6172847270477435, "0.35": 0.6302524908832122, "0.4": 0.6332539579065424}, "3": {"0": 0.06220500523914973, "0.05": 0.30768617898262995, "0.1": 0.3940883609496027, "0.15": 0.4752382763240108, "0.2": 0.5463146304825943, "0.25": 0.60451538523064, "0.3": 0.6521437082074454, "0.35": 0.6850698578640217, "0.4": 0.7142383019722012}, "4": {"0": 0.06220500523914973, "0.05": 0.2933304571041151, "0.1": 0.20567084651318415, "0.15": 0.15189485185193863, "0.2": 0.11585548664996644, "0.25": 0.09169725354371555, "0.3": 0.06677641614205085, "0.35": 0.04800666694416695, "0.4": 0.032819944869944856}, "5": {"0": 0.06220500523914973, "0.05": 0.2925467449543907, "0.1": 0.34651128005119974, "0.15": 0.38099257694192135, "0.2": 0.4027517439913751, "0.25": 0.41333867886555786, "0.3": 0.41902744216369864, "0.35": 0.421304520227103, "0.4": 0.41921683034730434}, "6": {"0": 0.06220500523914973, "0.05": 0.08220219593396431, "0.1": 0.0522660176329881, "0.15": 0.03996767835534072, "0.2": 0.03406784838575989,