{"fscore": {"0": {"0": 0.11396083236362174, "0.05": 0.024042055923123595, "0.1": 0.0071129566276324305, "0.15": 0.0026266914935965924, "0.2": 0.0013495591830283515, "0.25": 0.000715740088557607, "0.3": 0.00047045807178556576, "0.35": 0.0003145790692410487, "0.4": 0.00025816610634251975}, "1": {"0": 0.11396083236362174, "0.05": 0.17548724493017642, "0.1": 0.11600215325203438, "0.15": 0.08081927034511413, "0.2": 0.05933166577894166, "0.25": 0.04503040727406399, "0.3": 0.0350349823138991, "0.35": 0.02750478290949762, "0.4": 0.02169046339247748}, "2": {"0": 0.11396083236362174, "0.05": 0.19448044911075354, "0.1": 0.12191017653489702, "0.15": 0.08314478307327923, "0.2": 0.05962398188206947, "0.25": 0.0438969048189191, "0.3": 0.03265281818566961, "0.35": 0.02424602640017606, "0.4": 0.017822373335394482}, "3": {"0": 0.11396083236362174, "0.05": 0.31913357837600753, "0.1": 0.2660695568043012, "0.15": 0.22214698398959656, "0.2": 0.18511532599762254, "0.25": 0.1536330681802462, "0.3": 0.12716971025522578, "0.35": 0.10465070804103195, "0.4": 0.0849016550981071}, "4": {"0": 0.11396083236362174, "0.05": 0.03270426603624732, "0.1": 0.0050755098373220136, "0.15": 0.000624714585165772, "0.2": 8.12857743060971e-05, "0.25": 1.9184297469356606e-05, "0.3": 6.34920634920635e-07, "0.35": 6.34920634920635e-07, "0.4": 0.0}, "5": {"0": 0.11396083236362174, "0.05": 0.01690455622729639, "0.1": 0.006850226801041066, "0.15": 0.003699284245666507, "0.2": 0.002138824468011865, "0.25": 0.0013357221236860659, "0.3": 0.0008159725073515696, "0.35": 0.00059208706323631, "0.4": 0.0004466074822156009}, "6": {"0": 0.11396083236362174, "0.05": 0.1767369303282559, "0.1": 0.09550307512216187, "0.15": 0.055778541675268356, "0.2": 0.03558824980399971, "0.25": 0.023732065986254526, "0.3": 0.016100445034568284, "0.35": 0.010513254907072975, "0.4": 0.006697854142616419}, "7": {"0": 0.11396083236362174, "0.05": 0.3044969766150401, "0.1": 0.2182347247317771, "0.15": 0.15151823770813158, "0.2": 0.10804527693264131, "0.25": 0.07746675798838056, "0.3": 0.05521377345534834, "0.35": 0.03775528852041815, "0.4": 0.024577336302285143}, "8": {"0": 0.11396083236362174, "0.05": 0.08277257145770214, "0.1": 0.020374888033454615, "0.15": 0.006932273894847665, "0.2": 0.0022244803478228487, "0.25": 0.000630266382128074, "0.3": 0.00020037913522227033, "0.35": 7.051837263573823e-05, "0.4": 3.936876893187427e-05}, "9": {"0": 0.11396083236362174, "0.05": 0.20244180973982406, "0.1": 0.12523948729484832, "0.15": 0.07059937680477296, "0.2": 0.03887506947375653, "0.25": 0.02148260317304506, "0.3": 0.012061931032694062, "0.35": 0.006945374275842974, "0.4": 0.003941970508432353}, "10": {"0": 0.11396083236362174, "0.05": 0.0404509790621421, "0.1": 0.011005571060368084, "0.15": 0.0045262774616260494, "0.2": 0.0016374070146079763, "0.25": 0.0005525285584277468, "0.3": 0.0001473919582850622, "0.35": 4.0334613403403575e-05, "0.4": 1.710785925852765e-05}, "11": {"0": 0.11396083236362174, "0.05": 0.054786474470394524, "0.1": 0.023766791014418163, "0.15": 0.012732919942839765, "0.2": 0.007253886325931994, "0.25": 0.004514909632191909, "0.3": 0.002816144767792777, "0.35": 0.001848684647941092, "0.4": 0.0011082235377209535}}, "recall": {"0": {"0": 1.0, "0.05": 0.015445365686103033, "0.1": 0.003906470502640387, "0.15": 0.0013843264235270229, "0.2": 0.0006977644874002237, "0.25": 0.00036667103254639353, "0.3": 0.00023988464728205182, "0.35": 0.00015978657761847625, "0.4": 0.0001310023121784601}, "1": {"0": 1.0, "0.05": 0.12801929255288044, "0.1": 0.07055896998944763, "0.15": 0.04577573025758374, "0.2": 0.032399922282966426, "0.25": 0.024065604177276587, "0.3": 0.01844294980205002, "0.35": 0.01432798116490699, "0.4": 0.0112101706530938}, "2": {"0": 1.0, "0.05": 0.14605192464112232, "0.1": 0.07391953137177427, "0.15": 0.04655687424156675, "0.2": 0.03207933928403365, "0.25": 0.02308732552079668, "0.3": 0.016929611833780178, "0.35": 0.012452101802206404, "0.4": 0.009093517160403297}, "3": {"0": 1.0, "0.05": 0.2637927958270824, "0.1": 0.19271561137209925, "0.15": 0.14997571143318986, "0.2": 0.1187834599570689, "0.25": 0.0945904241856419, "0.3": 0.07569155978822238, "0.35": 0.06054754778958427, "0.4": 0.04791756757044817}, "4": {"0": 1.0, "0.05": 0.021333102183977257, "0.1": 0.0026433618135754395, "0.15": 0.00031832190976412736, "0.2": 4.121935693812047e-05, "0.25": 9.685933109349778e-06, "0.3": 3.177629488401652e-07, "0.35": 3.177629488401652e-07, "0.4": 0.0}, "5": {"0": 1.0, "0.05": 0.013124353858039953, "0.1": 0.004515721446597238, "0.15": 0.0022635435198293456, "0.2": 0.001249169463716217, "0.25": 0.0007565045107988669, "0.3": 0.0004520914913755657, "0.35": 0.0003209239112436886, "0.4": 0.00023827789598756882}, "6": {"0": 1.0, "0.05": 0.1452393070106207, "0.1": 0.05948948224182267, "0.15": 0.03130586877421294, "0.2": 0.019046257313324995, "0.25": 0.012378898239575963, "0.3": 0.008282957781230222, "0.35": 0.0053608845002489185, "0.4": 0.0033965457524136045}, "7": {"0": 1.0, "0.05": 0.22880983375123118, "0.1": 0.1399423609230268, "0.15": 0.08937251275024163, "0.2": 0.06054147003563417, "0.25": 0.0419946893007781, "0.3": 0.029237512097810038, "0.35": 0.01965326461336828, "0.4": 0.012642773384437828}, "8": {"0": 1.0, "0.05": 0.060913458157791325, "0.1": 0.011296403270703232, "0.15": 0.0036193852085951174, "0.2": 0.0011394391168309248, "0.25": 0.00031968235376795596, "0.3": 0.0001014597280677227, "0.35": 3.564554247465847e-05, "0.4": 1.9898341717227148e-05}, "9": {"0": 1.0, "0.05": 0.20940952097218413, "0.1": 0.08494593417757756, "0.15": 0.040640290291993085, "0.2": 0.02086852199104383, "0.25": 0.01116547950911017, "0.3": 0.006175633791558805, "0.35": 0.0035276053552389906, "0.4": 0.001992977355878284}, "10": {"0": 1.0, "0.05": 0.03014160567059659, "0.1": 0.006301991493491502, "0.15": 0.002411529282842088, "0.2": 0.000847202943683108, "0.25": 0.00028219247750700384, "0.3": 7.44880410394283e-05, "0.35": 2.0290905779009462e-05, "0.4": 8.58884096595992e-06}, "11": {"0": 1.0, "0.05": 0.03692249798436053, "0.1": 0.013927266071082347, "0.15": 0.007062303706554755, "0.2": 0.00390096382317443, "0.25": 0.0023821890699039254, "0.3": 0.0014673886348312013, "0.35": 0.0009549295188741489, "0.4": 0.000568388025206534}}, "precision": {"0": {"0": 0.06218900307361576, "0.05": 0.0628574553004629, "0.1": 0.05247884148363213, "0.15": 0.03916334805037889, "0.2": 0.03334214210530975, "0.25": 0.024194965049570343, "0.3": 0.01998783387664968, "0.35": 0.017676479076479082, "0.4": 0.016365608465608472}, "1": {"0": 0.06218900307361576, "0.05": 0.2953794163812793, "0.1": 0.35367823086497596, "0.15": 0.3839973788708114, "0.2": 0.4023843537997634, "0.25": 0.41252026034951217, "0.3": 0.4227648750889255, "0.35": 0.4263451137462097, "0.4": 0.4285126021407569}, "2": {"0": 0.06218900307361576, "0.05": 0.31309276434892014, "0.1": 0.3790899802725252, "0.15": 0.43222175347967495, "0.2": 0.4813792325732326, "0.25": 0.5244129040819349, "0.3": 0.5541294579216532, "0.35": 0.5756037423696742, "0.4": 0.5715125340975679}, "3": {"0": 0.06218900307361576, "0.05": 0.4251151940474089, "0.1": 0.455843754630909, "0.15": 0.45675240863064004, "0.2": 0.4495936863543598, "0.25": 0.4409234469163283, "0.3": 0.4319445348776464, "0.35": 0.4234896743633731, "0.4": 0.4137939059565192}, "4": {"0": 0.06218900307361576, "0.05": 0.10049431122652461, "0.1": 0.13755823318694776, "0.15": 0.04500039682539681, "0.2": 0.008066666666666666, "0.25": 0.0015, "0.3": 0.0003333333333333333, "0.35": 0.0003333333333333333, "0.4": 0.0}, "5": {"0": 0.06218900307361576, "0.05": 0.026423676380864482, "0.1": 0.016405449618210582, "0.15": 0.012088159115158896, "0.2": 0.009174204698549742, "0.25": 0.007125599033843334, "0.3": 0.005168078969975443, "0.35": 0.004711872505146398, "0.4": 0.004391302294350412}, "6": {"0": 0.06218900307361576, "0.05": 0.23551790706002365, "0.1": 0.2571188269208043, "0.15": 0.2793244051675638, "0.2": 0.3070298569520056, "0.25": 0.3397319394369243, "0.3": 0.35380969599032164,