{"fscore": {"0": {"0": 0.11396094052211532, "0.05": 0.10156181907358265, "0.1": 0.05020088709850081, "0.15": 0.02715412281672396, "0.2": 0.01578416201216467, "0.25": 0.009794468081015126, "0.3": 0.006260958430705928, "0.35": 0.004169618443827401, "0.4": 0.0028040782762343303}, "1": {"0": 0.11396086078689495, "0.05": 0.14967199741292056, "0.1": 0.08380204494625357, "0.15": 0.05025749326610666, "0.2": 0.03151963647383937, "0.25": 0.02135777635194671, "0.3": 0.014764055714490848, "0.35": 0.010299983642956999, "0.4": 0.0071931102988342845}, "2": {"0": 0.1138671352264213, "0.05": 0.2745413051141613, "0.1": 0.18429133760233343, "0.15": 0.12462159718489929, "0.2": 0.085942128963446, "0.25": 0.0603043990088854, "0.3": 0.04223522722838526, "0.35": 0.02994799607207097, "0.4": 0.02110777197753388}, "3": {"0": 0.11397021142247238, "0.05": 0.29261777469653966, "0.1": 0.21983430902120263, "0.15": 0.16811535356344057, "0.2": 0.12906341466374402, "0.25": 0.09924250380134982, "0.3": 0.07701744305812179, "0.35": 0.06085713495125729, "0.4": 0.04800403290355967}, "4": {"0": 0.11396083236362174, "0.05": 0.034779261426403314, "0.1": 0.016072205104292598, "0.15": 0.011154518372497013, "0.2": 0.008777023889701677, "0.25": 0.0070023311474747855, "0.3": 0.005551358252873989, "0.35": 0.004234587541189716, "0.4": 0.0029807140481179473}, "5": {"0": 0.11396061778565593, "0.05": 0.029658468931769353, "0.1": 0.012892285112318056, "0.15": 0.006537373273015486, "0.2": 0.003634830797055301, "0.25": 0.002163434117236708, "0.3": 0.0012372382590071292, "0.35": 0.0007975038050606587, "0.4": 0.0005040638608172358}, "6": {"0": 0.11413531111733498, "0.05": 0.19469029761927534, "0.1": 0.13715131133108807, "0.15": 0.09970847448365011, "0.2": 0.07526479687558907, "0.25": 0.058265814063409756, "0.3": 0.045907127310878634, "0.35": 0.03674025963674872, "0.4": 0.0294811442797868}, "7": {"0": 0.11396235173623734, "0.05": 0.23553568260420044, "0.1": 0.17358773504936179, "0.15": 0.13111637068111828, "0.2": 0.09952487103051885, "0.25": 0.0757755229892391, "0.3": 0.05742591799790972, "0.35": 0.04571757978415379, "0.4": 0.036785810607977545}, "8": {"0": 0.11396159730335952, "0.05": 0.08182696064273186, "0.1": 0.04389887923575281, "0.15": 0.027623718960207218, "0.2": 0.018826892806918186, "0.25": 0.01317709831986419, "0.3": 0.009679096203514186, "0.35": 0.007112184124094887, "0.4": 0.0055020189473030745}, "9": {"0": 0.11448971585237458, "0.05": 0.19609048903104007, "0.1": 0.1385010814286248, "0.15": 0.09987186080552178, "0.2": 0.0762189944523535, "0.25": 0.05960453229568819, "0.3": 0.04732356916042092, "0.35": 0.0378448850451653, "0.4": 0.03051457931088485}, "10": {"0": 0.11396083918607464, "0.05": 0.11060339447010396, "0.1": 0.03297122382202911, "0.15": 0.011019099150250159, "0.2": 0.0043810627338832075, "0.25": 0.001986325745415093, "0.3": 0.001030545190790321, "0.35": 0.0005445880022290566, "0.4": 0.00032341667275235614}, "11": {"0": 0.11395915949464777, "0.05": 0.11134525529066608, "0.1": 0.052326478725518086, "0.15": 0.029933121881752123, "0.2": 0.019100305449141302, "0.25": 0.013179966136759811, "0.3": 0.009459469212482278, "0.35": 0.0068016748597821315, "0.4": 0.004921655726432866}}, "recall": {"0": {"0": 1.0, "0.05": 0.0835041532783615, "0.1": 0.03076137979717114, "0.15": 0.01511068497259896, "0.2": 0.008426989593957402, "0.25": 0.005114137024471764, "0.3": 0.0032316091311189897, "0.35": 0.002136249594336, "0.4": 0.001431134069712087}, "1": {"0": 1.0, "0.05": 0.12544289337642386, "0.1": 0.053713054065454, "0.15": 0.029008377929625326, "0.2": 0.017242997827182274, "0.25": 0.011339015032587023, "0.3": 0.007696243916745119, "0.35": 0.00531205357423364, "0.4": 0.0036842644003195306}, "2": {"0": 0.998870242572183, "0.05": 0.22132662012334622, "0.1": 0.12049731699558121, "0.15": 0.07403917198103352, "0.2": 0.048392332510343174, "0.25": 0.03285934469722803, "0.3": 0.02250005463894114, "0.35": 0.01570974651787674, "0.4": 0.01095007709019559}, "3": {"0": 0.9999986226828332, "0.05": 0.2110604859340949, "0.1": 0.1398883070832549, "0.15": 0.09953048787026084, "0.2": 0.07293775234941735, "0.25": 0.0544665691769778, "0.3": 0.04143256127915924, "0.35": 0.03224971447559728, "0.4": 0.025142639516702016}, "4": {"0": 1.0, "0.05": 0.027235795008461593, "0.1": 0.009209523151881983, "0.15": 0.0059224188809745715, "0.2": 0.004543295329992128, "0.25": 0.0035844292901168807, "0.3": 0.0028250226585769885, "0.35": 0.002149563424268577, "0.4": 0.001509942146642262}, "5": {"0": 0.9999957966750687, "0.05": 0.022410021739829113, "0.1": 0.008090866628085659, "0.15": 0.003801802872756879, "0.2": 0.00202508567219238, "0.25": 0.0011748393529091745, "0.3": 0.0006607218573001644, "0.35": 0.00041987365740719967, "0.4": 0.0002628299590940516}, "6": {"0": 0.9989552471292124, "0.05": 0.14285499859296866, "0.1": 0.0838177579747526, "0.15": 0.05668702155521428, "0.2": 0.041207348389281154, "0.25": 0.03121286124715011, "0.3": 0.02423421360394123, "0.35": 0.019192687310790015, "0.4": 0.015282168799873264}, "7": {"0": 1.0, "0.05": 0.15369441407238854, "0.1": 0.10162980115293148, "0.15": 0.07299788217767071, "0.2": 0.05384243227319458, "0.25": 0.040263679597239546, "0.3": 0.0301406843155606, "0.35": 0.02381437406190866, "0.4": 0.01904501130535824}, "8": {"0": 0.9999917549309886, "0.05": 0.06204295133645951, "0.1": 0.026988240946076773, "0.15": 0.015735273412933053, "0.2": 0.0103354627257171, "0.25": 0.007093712026777246, "0.3": 0.005147045923919576, "0.35": 0.0037490546834662614, "0.4": 0.002883376679533636}, "9": {"0": 0.9980024143936433, "0.05": 0.15691393110505694, "0.1": 0.09159962106733806, "0.15": 0.060565445020293304, "0.2": 0.04404038581561726, "0.25": 0.03335307359054291, "0.3": 0.025902025792245632, "0.35": 0.02037196883677844, "0.4": 0.01621991582467209}, "10": {"0": 1.0, "0.05": 0.08403580703503058, "0.1": 0.018900866536707174, "0.15": 0.005858025807813595, "0.2": 0.002269714186124286, "0.25": 0.001019825996476208, "0.3": 0.0005268325044819598, "0.35": 0.0002782035388544998, "0.4": 0.00016494423908766667}, "11": {"0": 0.9999573125802937, "0.05": 0.09086200465323836, "0.1": 0.033009986810684684, "0.15": 0.017116947850491903, "0.2": 0.010418902600740005, "0.25": 0.0070034896326459355, "0.3": 0.004942813346579647, "0.35": 0.0035161516325781334, "0.4": 0.002526583687280384}}, "precision": {"0": {"0": 0.062189060512713286, "0.05": 0.14537505984435062, "0.1": 0.16943826521673727, "0.15": 0.18072322869065024, "0.2": 0.18191998162475082, "0.25": 0.18109865162703886, "0.3": 0.16465439467939438, "0.35": 0.1465464341214339, "0.4": 0.12062173289673274}, "1": {"0": 0.062189017813356486, "0.05": 0.19707351924221633, "0.1": 0.20860046818069403, "0.15": 0.21183458603063834, "0.2": 0.21359730000098295, "0.25": 0.22282024354728688, "0.3": 0.2322624639199893, "0.35": 0.2337170881640523, "0.4": 0.22331454741379034}, "2": {"0": 0.06213975113454835, "0.05": 0.38690921273599427, "0.1": 0.4305912997470307, "0.15": 0.44591615116939815, "0.2": 0.45082628613343856, "0.25": 0.4495141023747725, "0.3": 0.44542197792667604, "0.35": 0.4335486875023173, "0.4": 0.4119659966122497}, "3": {"0": 0.06219404412163756, "0.05": 0.5047832311174314, "0.1": 0.5516357683001747, "0.15": 0.5952401650552641, "0.2": 0.6382717285356463, "0.25": 0.6560534028677093, "0.3": 0.6623446188154358, "0.35": 0.6704308643707659, "0.4": 0.673006612601648}, "4": {"0": 0.06218900307361576, "0.05": 0.06240985292650485, "0.1": 0.10144951462100926, "0.15": 0.17812681999408264, "0.2": 0.23706597887406755, "0.25": 0.2574080724830735, "0.3": 0.24614933862433921, "0.35": 0.20540079365079378, "0.4": 0.15343888888888885}, "5": {"0": 0.062188891510956495, "0.05": 0.04867170472208858, "0.1": 0.03639817981318502, "0.15": 0.02737537033037046, "0.2": 0.02142879550704372, "0.25": 0.017226297469752835, "0.3": 0.012798391668846531, "0.35": 0.010472422254581457, "0.4": 0.008274936706684081}, "6": {"0": 0.06228533815596259, "0.05": 0.34318811489554096, "0.1": 0.4485057497948667, "0.15": 0.517971392287836,