{"fscore": {"0": {"0": 0.11398936436481887, "0.05": 0.3066018844588872, "0.1": 0.28238058190439075, "0.15": 0.24773205365767081, "0.2": 0.20670688144152424, "0.25": 0.16650595585041958, "0.3": 0.1305311291827759, "0.35": 0.10671893639017103, "0.4": 0.08881447650307345}, "1": {"0": 0.11398936436481887, "0.05": 0.25906656428919567, "0.1": 0.21090781836025776, "0.15": 0.17151811023447897, "0.2": 0.13916272091740767, "0.25": 0.11381383083425291, "0.3": 0.09448354450151349, "0.35": 0.0794705478580716, "0.4": 0.06754536019529322}, "2": {"0": 0.11437697109219339, "0.05": 0.2805674667722452, "0.1": 0.2797952674237177, "0.15": 0.27621838236624474, "0.2": 0.26714695823508655, "0.25": 0.259237301281885, "0.3": 0.2604344293461599, "0.35": 0.2242112446403345, "0.4": 0.22421946220225905}, "3": {"0": 0.11398936436481887, "0.05": 0.19158812189655305, "0.1": 0.15086710295663575, "0.15": 0.12622201354142204, "0.2": 0.10799889845740178, "0.25": 0.09380132875062377, "0.3": 0.08181398310335931, "0.35": 0.07144831721600413, "0.4": 0.06171779223014046}, "4": {"0": 0.11398936436481887, "0.05": 0.22217987491295585, "0.1": 0.19217403553678722, "0.15": 0.16918057810439233, "0.2": 0.15148629153989618, "0.25": 0.13665617905266805, "0.3": 0.12376475440802343, "0.35": 0.11338523900926975, "0.4": 0.10465860750860136}, "5": {"0": 0.11398936436481887, "0.05": 0.008715246195252876, "0.1": 0.0010966891783445658, "0.15": 6.022726462253268e-05, "0.2": 1.070135656601822e-05, "0.25": 3.898635477582846e-06, "0.3": 0.0, "0.35": 0.0, "0.4": 0.0}, "6": {"0": 0.11398936436481887, "0.05": 0.0644306982685035, "0.1": 0.029551712672293704, "0.15": 0.01709530104995609, "0.2": 0.010929830345142558, "0.25": 0.007492936299341243, "0.3": 0.005306339598444442, "0.35": 0.003745978021753087, "0.4": 0.0026799755069947307}, "7": {"0": 0.11398936436481887, "0.05": 0.10979959133039492, "0.1": 0.06193099135105455, "0.15": 0.03541343264597318, "0.2": 0.0213449978999299, "0.25": 0.012700587217045303, "0.3": 0.007320281799869325, "0.35": 0.00413424305308433, "0.4": 0.002232259119780622}, "8": {"0": 0.11398936436481887, "0.05": 0.048724820242040855, "0.1": 0.02178068597468236, "0.15": 0.010438937450485073, "0.2": 0.0057905240956760305, "0.25": 0.0036586279282831034, "0.3": 0.00261692728454611, "0.35": 0.001928795763165113, "0.4": 0.0014489212935433736}, "9": {"0": 0.11398936436481887, "0.05": 0.0057461239267514765, "0.1": 0.0025377799842451355, "0.15": 0.0012137764436983712, "0.2": 0.0007114617683879724, "0.25": 0.0004000028803963326, "0.3": 0.00025602325103108375, "0.35": 0.00015496010042504075, "0.4": 0.000111086581425113}, "10": {"0": 0.11398936436481887, "0.05": 0.22553748397816858, "0.1": 0.14722418244043306, "0.15": 0.11152856643131402, "0.2": 0.08840409162436753, "0.25": 0.07038654074263435, "0.3": 0.054937312747012926, "0.35": 0.04183579166903453, "0.4": 0.031459678304719144}, "11": {"0": 0.11398936436481887, "0.05": 0.01567364179601311, "0.1": 0.0010323434242537869, "0.15": 0.00020880936733465443, "0.2": 9.13272945756887e-05, "0.25": 6.379950029157263e-05, "0.3": 4.5740047552137445e-05, "0.35": 2.4440058103133622e-05, "0.4": 1.596469545379995e-05}}, "recall": {"0": {"0": 1.0, "0.05": 0.26534518737473917, "0.1": 0.2102696768256004, "0.15": 0.16727427959228597, "0.2": 0.1311543066634336, "0.25": 0.10060156641118063, "0.3": 0.07587191713035941, "0.35": 0.06032487833219477, "0.4": 0.049159618431214025}, "1": {"0": 1.0, "0.05": 0.22556068686653236, "0.1": 0.1482135218429179, "0.15": 0.10845745794998599, "0.2": 0.08266231219880674, "0.25": 0.0648955011042924, "0.3": 0.05236077657203569, "0.35": 0.04314347050773127, "0.4": 0.03611897577613789}, "2": {"0": 0.9970131874619642, "0.05": 0.19215751803660838, "0.1": 0.19072128013166736, "0.15": 0.1864789775313841, "0.2": 0.17666767341120157, "0.25": 0.1660530059631364, "0.3": 0.16544139166508295, "0.35": 0.13856243462232015, "0.4": 0.13856130032608302}, "3": {"0": 1.0, "0.05": 0.12905482939940144, "0.1": 0.09109697649832145, "0.15": 0.07247774168666747, "0.2": 0.06039656889547907, "0.25": 0.051420288240277286, "0.3": 0.04431304551286483, "0.35": 0.038319130994726024, "0.4": 0.03280477151846029}, "4": {"0": 1.0, "0.05": 0.15500180846598857, "0.1": 0.12256004291632856, "0.15": 0.1022607472948981, "0.2": 0.08831853279345478, "0.25": 0.0778373312002485, "0.3": 0.06951606825903679, "0.35": 0.06301800554607846, "0.4": 0.05769919039427246}, "5": {"0": 1.0, "0.05": 0.0045307659719521064, "0.1": 0.0005547154287025128, "0.15": 3.0465495595979373e-05, "0.2": 5.397210430563977e-06, "0.25": 1.96078431372549e-06, "0.3": 0.0, "0.35": 0.0, "0.4": 0.0}, "6": {"0": 1.0, "0.05": 0.038911953257688724, "0.1": 0.015773064879885553, "0.15": 0.008851459209521323, "0.2": 0.005590034064260624, "0.25": 0.003808385731882482, "0.3": 0.0026897251290714237, "0.35": 0.0018943052357760924, "0.4": 0.0013535835439070852}, "7": {"0": 1.0, "0.05": 0.08120347770436355, "0.1": 0.0352722954373374, "0.15": 0.01873989878436617, "0.2": 0.010982493356623314, "0.25": 0.006458742174953685, "0.3": 0.003704520002681825, "0.35": 0.002086259149359523, "0.4": 0.0011246552161944265}, "8": {"0": 1.0, "0.05": 0.029582969789849207, "0.1": 0.011682572427025218, "0.15": 0.0054145633193379795, "0.2": 0.002963009216937361, "0.25": 0.0018597196638075661, "0.3": 0.001324530719868988, "0.35": 0.0009739233279957922, "0.4": 0.00073019456791868}, "9": {"0": 1.0, "0.05": 0.0040671652607657555, "0.1": 0.0015374487561792447, "0.15": 0.0006929643120549061, "0.2": 0.00039343246633044484, "0.25": 0.00021552398985615152, "0.3": 0.00013607598334555997, "0.35": 8.137184536054147e-05, "0.4": 5.775529671265071e-05}, "10": {"0": 1.0, "0.05": 0.21440238053335903, "0.1": 0.0999816283222451, "0.15": 0.06639383702067468, "0.2": 0.049320621442501295, "0.25": 0.03786583516511367, "0.3": 0.02892453091205171, "0.35": 0.021731200684768547, "0.4": 0.016189892737355282}, "11": {"0": 1.0, "0.05": 0.008471811651509332, "0.1": 0.0005273597678538988, "0.15": 0.0001058976430478805, "0.2": 4.6187481547161755e-05, "0.25": 3.2207679841208473e-05, "0.3": 2.3094451151493316e-05, "0.35": 1.2323164284413419e-05, "0.4": 8.056251502709423e-06}}, "precision": {"0": {"0": 0.06220500523914973, "0.05": 0.3819920826674972, "0.1": 0.4568226881706052, "0.15": 0.5113434553241508, "0.2": 0.5251697385824383, "0.25": 0.5230338193928388, "0.3": 0.5110354976870275, "0.35": 0.5092268010934103, "0.4": 0.5101614169949443}, "1": {"0": 0.06220500523914973, "0.05": 0.3224344211377975, "0.1": 0.39217174309614933, "0.15": 0.44088272416792157, "0.2": 0.4725639304768707, "0.25": 0.4961728902783817, "0.3": 0.5194008570214341, "0.35": 0.5443254967203486, "0.4": 0.5693400379388875}, "2": {"0": 0.06241704115191888, "0.05": 0.5465009278856141, "0.1": 0.5521307641616054, "0.15": 0.5605082774798658, "0.2": 0.5788443881556239, "0.25": 0.6297261310068291, "0.3": 0.6513688658914415, "0.35": 0.6400780324466281, "0.4": 0.6402372669884444}, "3": {"0": 0.06220500523914973, "0.05": 0.40147768877303897, "0.1": 0.48383314673383504, "0.15": 0.5502561890537992, "0.2": 0.5850572617494256, "0.25": 0.6239342285478772, "0.3": 0.6295854795910066, "0.35": 0.629766804832161, "0.4": 0.6235721995872726}, "4": {"0": 0.06220500523914973, "0.05": 0.4140204527691494, "0.1": 0.4741602876966919, "0.15": 0.5299911735132431, "0.2": 0.5868565708162519, "0.25": 0.6270721081561622, "0.3": 0.6379681144099032, "0.35": 0.644352637299618, "0.4": 0.6459429786488291}, "5": {"0": 0.06220500523914973, "0.05": 0.2456172510481731, "0.1": 0.06595555555555557, "0.15": 0.0031666666666666666, "0.2": 0.0006666666666666666, "0.25": 0.0003333333333333333, "0.3": 0.0, "0.35": 0.0, "0.4": 0.0}, "6": {"0": 0.06220500523914973, "0.05": 0.24398696272406578, "0.1": 0.3683345750913571, "0.15": 0.3946868277986914, "0.2": 0.39211599024176447, "0.25": 0.3740637168558993, "0.3": 0.33962355977355957, "0.35": 0.2883214526214526, "0.4": 0.23035119047619057}, "7": {"0": 0.06220500523914973, "0.05": 0.18394226260765023, "0.1": 0.29053225881149836,