{"fscore": {"0": {"0": 0.11398936436481887, "0.05": 0.18277885222218287, "0.1": 0.09588203727642201, "0.15": 0.05621597426406127, "0.2": 0.035316570195997994, "0.25": 0.023224602238494322, "0.3": 0.01591944032069866, "0.35": 0.011175728044596068, "0.4": 0.008051056450536177}, "1": {"0": 0.11398936436481887, "0.05": 0.3555729462087376, "0.1": 0.3026203145482551, "0.15": 0.23717247385299428, "0.2": 0.1757940123516986, "0.25": 0.1252161111674021, "0.3": 0.08809310211089691, "0.35": 0.061325497044024305, "0.4": 0.04279724065193511}, "2": {"0": 0.11398936436481887, "0.05": 0.01125420218406323, "0.1": 0.0030228901676035425, "0.15": 0.0012808590591142988, "0.2": 0.0006200147997619111, "0.25": 0.0003133824862710372, "0.3": 0.00017290437117448254, "0.35": 9.994735660748204e-05, "0.4": 4.877042747473831e-05}, "3": {"0": 0.11398936436481887, "0.05": 0.31426484359566215, "0.1": 0.25722503744987774, "0.15": 0.21350408661939455, "0.2": 0.1782543039427228, "0.25": 0.14956317852381817, "0.3": 0.12493040690814183, "0.35": 0.10472699044707197, "0.4": 0.08802785769955195}, "4": {"0": 0.11398936436481887, "0.05": 0.11311010569745948, "0.1": 0.05396739316358682, "0.15": 0.02810862898719427, "0.2": 0.01549495013019299, "0.25": 0.009017729842370007, "0.3": 0.005135549848033982, "0.35": 0.0031307355155646447, "0.4": 0.0019995787018993387}, "5": {"0": 0.11398936436481887, "0.05": 0.13657077178414465, "0.1": 0.08348063488568275, "0.15": 0.058920867523939345, "0.2": 0.04380789109619773, "0.25": 0.033405984951441745, "0.3": 0.026009143159536615, "0.35": 0.020043306905477492, "0.4": 0.01574677749522482}, "6": {"0": 0.11398936436481887, "0.05": 0.01208219975917787, "0.1": 0.005025241429638866, "0.15": 0.0024746607858002548, "0.2": 0.0013942351115372445, "0.25": 0.0008652874497701786, "0.3": 0.0006151255561624779, "0.35": 0.0003801066931138252, "0.4": 0.0002832505148363737}, "7": {"0": 0.11398936436481887, "0.05": 0.18067885428526342, "0.1": 0.050182707067816364, "0.15": 0.01385693809378021, "0.2": 0.0045071205680856955, "0.25": 0.0018165125794591278, "0.3": 0.0007585003729898629, "0.35": 0.0003089218541068013, "0.4": 0.00013962193257064455}, "8": {"0": 0.11398936436481887, "0.05": 0.3586873510102366, "0.1": 0.27822492249928477, "0.15": 0.20394256573136352, "0.2": 0.1463774189290987, "0.25": 0.10519276948112266, "0.3": 0.07783114220564476, "0.35": 0.0585983088188477, "0.4": 0.04358278597681407}, "9": {"0": 0.11398936436481887, "0.05": 0.08177893166744667, "0.1": 0.010552242228613886, "0.15": 0.002128934278535994, "0.2": 0.0006014957656186452, "0.25": 0.00019438127738504373, "0.3": 6.253891747833077e-05, "0.35": 2.979043099170043e-05, "0.4": 3.6271309394269134e-07}, "10": {"0": 0.11398936436481887, "0.05": 0.03015701837230271, "0.1": 0.007925288825105695, "0.15": 0.0019213748896975344, "0.2": 0.0005533663241338565, "0.25": 0.0002490808422946573, "0.3": 0.0001474382653603427, "0.35": 0.00010884684395889693, "0.4": 8.134085496814171e-05}, "11": {"0": 0.11398936436481887, "0.05": 0.0014021147920724314, "0.1": 2.477091054392421e-05, "0.15": 6.1324092412175315e-06, "0.2": 0.0, "0.25": 0.0, "0.3": 0.0, "0.35": 0.0, "0.4": 0.0}}, "recall": {"0": {"0": 1.0, "0.05": 0.13831837773114924, "0.1": 0.05795127560855848, "0.15": 0.03129976605109541, "0.2": 0.01890923180288137, "0.25": 0.012165709161924975, "0.3": 0.00822958641465439, "0.35": 0.005731582316394739, "0.4": 0.004104957823984138}, "1": {"0": 1.0, "0.05": 0.3356437723044888, "0.1": 0.2302488250872074, "0.15": 0.15924440805833356, "0.2": 0.10812985616137752, "0.25": 0.07227604154184349, "0.3": 0.04864914151558611, "0.35": 0.03284343563454596, "0.4": 0.022459707544782968}, "2": {"0": 1.0, "0.05": 0.006711445350921015, "0.1": 0.0016589475982408714, "0.15": 0.0006799000857336594, "0.2": 0.0003244819082474452, "0.25": 0.00016244109868184428, "0.3": 8.902585778262432e-05, "0.35": 5.1265723235265626e-05, "0.4": 2.4852855796805324e-05}, "3": {"0": 1.0, "0.05": 0.22630708365167046, "0.1": 0.16319365008607828, "0.15": 0.12698013418330054, "0.2": 0.10178875223425306, "0.25": 0.08315033304015326, "0.3": 0.06813934562673823, "0.35": 0.0563318138842446, "0.4": 0.04682846489777955}, "4": {"0": 1.0, "0.05": 0.0932327859147916, "0.1": 0.0328592719883913, "0.15": 0.015530006779757256, "0.2": 0.008213370876031193, "0.25": 0.004686161842618947, "0.3": 0.0026368655926370366, "0.35": 0.0015973294043108584, "0.4": 0.0010154125726771401}, "5": {"0": 1.0, "0.05": 0.08984402744285429, "0.1": 0.048477157365008273, "0.15": 0.032530984499969405, "0.2": 0.023555275416140196, "0.25": 0.017670653804246754, "0.3": 0.013608051404673574, "0.35": 0.010395810617845194, "0.4": 0.008120268461410148}, "6": {"0": 1.0, "0.05": 0.008466833379178182, "0.1": 0.003051100873191798, "0.15": 0.0014109482520363234, "0.2": 0.0007668511473307038, "0.25": 0.0004639416764971794, "0.3": 0.0003250256552536859, "0.35": 0.0001980889664370831, "0.4": 0.00014646672440272183}, "7": {"0": 1.0, "0.05": 0.153006144908934, "0.1": 0.029167847473471214, "0.15": 0.007318424874128048, "0.2": 0.002308662747451276, "0.25": 0.0009206958941608424, "0.3": 0.0003825521143015085, "0.35": 0.00015540176685821156, "0.4": 7.027396032938913e-05}, "8": {"0": 1.0, "0.05": 0.3072214005265426, "0.1": 0.19141611079896037, "0.15": 0.1251693913901193, "0.2": 0.08394801330882946, "0.25": 0.05782311696914591, "0.3": 0.04167195710437228, "0.35": 0.030842957654735954, "0.4": 0.022654107405321634}, "9": {"0": 1.0, "0.05": 0.05595046654768442, "0.1": 0.005743730081520791, "0.15": 0.0010989259287930836, "0.2": 0.00030545000078980694, "0.25": 9.808687929792467e-05, "0.3": 3.151316664147249e-05, "0.35": 1.4973091957887225e-05, "0.4": 1.815541031227306e-07}, "10": {"0": 1.0, "0.05": 0.01897808371992922, "0.1": 0.004178368609719078, "0.15": 0.0009870060288376394, "0.2": 0.0002846482282336526, "0.25": 0.00012849314487363582, "0.3": 7.591061116929007e-05, "0.35": 5.574253189979929e-05, "0.4": 4.166307144743263e-05}, "11": {"0": 1.0, "0.05": 0.0007278505621667886, "0.1": 1.2440434833767436e-05, "0.15": 3.078898284607607e-06, "0.2": 0.0, "0.25": 0.0, "0.3": 0.0, "0.35": 0.0, "0.4": 0.0}}, "precision": {"0": {"0": 0.06220500523914973, "0.05": 0.296491482420766, "0.1": 0.32324044119453815, "0.15": 0.3386595096344081, "0.2": 0.3493297131228759, "0.25": 0.35746467531858306, "0.3": 0.3576107051222961, "0.35": 0.3466526010968738, "0.4": 0.33317089362019736}, "1": {"0": 0.06220500523914973, "0.05": 0.3958920478540571, "0.1": 0.46727494028702776, "0.15": 0.49781980426008743, "0.2": 0.5129260823678917, "0.25": 0.5234163535537907, "0.3": 0.5375271343049809, "0.35": 0.554522394624769, "0.4": 0.5717279993010916}, "2": {"0": 0.06220500523914973, "0.05": 0.054858935328219685, "0.1": 0.030906579247396596, "0.15": 0.022036557104810898, "0.2": 0.01489100127896348, "0.25": 0.009098439629614138, "0.3": 0.006206867545159537, "0.35": 0.00464510368716251, "0.4": 0.002847466422466423}, "3": {"0": 0.06220500523914973, "0.05": 0.5456973244561514, "0.1": 0.65265467865797, "0.15": 0.7345604445968142, "0.2": 0.8013339134767083, "0.25": 0.8491550762812631, "0.3": 0.8781133622039604, "0.35": 0.8913006473180082, "0.4": 0.9007499288556472}, "4": {"0": 0.06220500523914973, "0.05": 0.16079804678716744, "0.1": 0.18650882746218084, "0.15": 0.20124830171142188, "0.2": 0.20607325663935613, "0.25": 0.19524833578376236, "0.3": 0.16480029644590707, "0.35": 0.13491228330966148, "0.4": 0.11089916564916562}, "5": {"0": 0.06220500523914973, "0.05": 0.30639695874443307, "0.1": 0.3415892293135311, "0.15": 0.37025519551797365, "0.2": 0.38555169645420945, "0.25": 0.38792143290884284, "0.3": 0.3851854708823599, "0.35": 0.3791838297633241, "0.4": 0.3654159624649654}, "6": {"0": 0.06220500523914973, "0.05": 0.023841132221768598, "0.1": 0.016602283111808943, "0.15": 0.01202157875659738, "0.2": 0.009488304022308313, "0.25": 0.008512942494440508, "0.3": 0.00809913904232487, "0.35": 0.0067244849153021416, "0.4": 0.006660610106346997}, "7": {"0": 0.06220500523914973,