{"fscore": {"0": {"0": 0.11396083236362174, "0.05": 0.07115139235788993, "0.1": 0.06103586849247003, "0.15": 0.05179422342274325, "0.2": 0.043172450030757065, "0.25": 0.03579102910603591, "0.3": 0.029377441739660785, "0.35": 0.02424739717576352, "0.4": 0.01981712507317916}, "1": {"0": 0.11396083236362174, "0.05": 0.030029269550014098, "0.1": 0.005451729796943104, "0.15": 0.0008270436965825678, "0.2": 0.0001429723636546221, "0.25": 3.48527010174946e-05, "0.3": 1.396505081523726e-05, "0.35": 0.0, "0.4": 0.0}, "2": {"0": 0.11396083236362174, "0.05": 0.07590060545236126, "0.1": 0.02961837245845425, "0.15": 0.010814110312035287, "0.2": 0.004191287455883534, "0.25": 0.0014709640311746032, "0.3": 0.0005676638231747437, "0.35": 0.00019451980483277908, "0.4": 7.355454478970354e-05}, "3": {"0": 0.11396083236362174, "0.05": 0.1930229097646278, "0.1": 0.1411621669320161, "0.15": 0.08677249460785758, "0.2": 0.045979738849492975, "0.25": 0.022567989980599536, "0.3": 0.010845731032108305, "0.35": 0.005760151484197723, "0.4": 0.003068304148472828}, "4": {"0": 0.11396083236362174, "0.05": 0.15910072936882347, "0.1": 0.11105969698272683, "0.15": 0.08435002582368704, "0.2": 0.06601306440534822, "0.25": 0.0524803892154656, "0.3": 0.04159200676502062, "0.35": 0.032837794028087515, "0.4": 0.025782593324881968}, "5": {"0": 0.11396083236362174, "0.05": 0.10750947141299844, "0.1": 0.06020207692653238, "0.15": 0.032585825145217934, "0.2": 0.017109232323831394, "0.25": 0.009456323799009457, "0.3": 0.005171862909243267, "0.35": 0.0030236400510466155, "0.4": 0.0018499922772627284}, "6": {"0": 0.11396083236362174, "0.05": 0.1445415240383308, "0.1": 0.06710520015125156, "0.15": 0.03745827084309687, "0.2": 0.022383965476958284, "0.25": 0.014157694420367687, "0.3": 0.009703249668652542, "0.35": 0.006744618554076382, "0.4": 0.004651870714270054}, "7": {"0": 0.11396083236362174, "0.05": 0.202046982388265, "0.1": 0.12568841121858845, "0.15": 0.08911966633919044, "0.2": 0.06737372139781922, "0.25": 0.05282065571086047, "0.3": 0.04296533577710819, "0.35": 0.03641995937138614, "0.4": 0.031168683853983695}, "8": {"0": 0.11396083236362174, "0.05": 0.17285200019612978, "0.1": 0.12705181963042073, "0.15": 0.09835487459941343, "0.2": 0.07325432007946885, "0.25": 0.054279204403966615, "0.3": 0.03989659730329223, "0.35": 0.029377436073854526, "0.4": 0.02171644328172669}, "9": {"0": 0.11396083236362174, "0.05": 0.054022273681550104, "0.1": 0.024953536562458082, "0.15": 0.013669535613041826, "0.2": 0.008432714868313793, "0.25": 0.005283942870736582, "0.3": 0.003378669421857684, "0.35": 0.0020954932614269377, "0.4": 0.0013037622693325775}, "10": {"0": 0.11396083236362174, "0.05": 0.2222245445782038, "0.1": 0.14044249132065492, "0.15": 0.09500718840386649, "0.2": 0.0680452578369658, "0.25": 0.051015112363439544, "0.3": 0.03903642963309035, "0.35": 0.03075901143718828, "0.4": 0.024440537922654604}, "11": {"0": 0.11396083236362174, "0.05": 0.32209614402384706, "0.1": 0.2601096158491623, "0.15": 0.20081258834135796, "0.2": 0.1517997013285615, "0.25": 0.11331328910480307, "0.3": 0.08544542052712933, "0.35": 0.06545716868858724, "0.4": 0.04923621157586239}, "12": {"0": 0.11396083236362174, "0.05": 0.028216635096123165, "0.1": 0.003845535873675371, "0.15": 0.0012218188039250608, "0.2": 0.00031611717189877243, "0.25": 7.114812714298346e-05, "0.3": 1.011287709515616e-05, "0.35": 1.8993352326685657e-06, "0.4": 0.0}, "13": {"0": 0.11396083236362174, "0.05": 0.21262581039709907, "0.1": 0.1519247142936276, "0.15": 0.11427705614684307, "0.2": 0.08823502496099841, "0.25": 0.06955733690170868, "0.3": 0.05586774994380741, "0.35": 0.0453373423743741, "0.4": 0.03690172251510763}, "14": {"0": 0.11396083236362174, "0.05": 0.06950148659993503, "0.1": 0.028225437981134183, "0.15": 0.013415887698954847, "0.2": 0.0070089907324404795, "0.25": 0.0038554799981955867, "0.3": 0.0023488259556904917, "0.35": 0.0014006940437082094, "0.4": 0.0009549192534911836}, "15": {"0": 0.11396083236362174, "0.05": 0.32931568380918924, "0.1": 0.25013124244780155, "0.15": 0.16411331011405614, "0.2": 0.10379033411780851, "0.25": 0.06307613526932072, "0.3": 0.03737771593428698, "0.35": 0.0209953724828794, "0.4": 0.011135537451353279}}, "recall": {"0": {"0": 1.0, "0.05": 0.06124010183909083, "0.1": 0.0410988263763614, "0.15": 0.03140157686245187, "0.2": 0.02466434564075738, "0.25": 0.019715195825622995, "0.3": 0.01579065502562975, "0.35": 0.012811504594009952, "0.4": 0.010351079990701452}, "1": {"0": 1.0, "0.05": 0.01750552671025818, "0.1": 0.002826701084032502, "0.15": 0.00042029041118196335, "0.2": 7.218356697434716e-05, "0.25": 1.7563732569478214e-05, "0.3": 7.056451612903226e-06, "0.35": 0.0, "0.4": 0.0}, "2": {"0": 1.0, "0.05": 0.06096485218473057, "0.1": 0.017011424519088075, "0.15": 0.0057177441938206465, "0.2": 0.0021572798521308435, "0.25": 0.0007499470883672646, "0.3": 0.0002873245982784742, "0.35": 9.834131285588268e-05, "0.4": 3.721364931219358e-05}, "3": {"0": 1.0, "0.05": 0.20635318752529042, "0.1": 0.10196715831041221, "0.15": 0.05238600913480514, "0.2": 0.025343014167828987, "0.25": 0.011870565878385165, "0.3": 0.0055752197168100846, "0.35": 0.002930472860292513, "0.4": 0.0015525538099714841}, "4": {"0": 1.0, "0.05": 0.10118323467643572, "0.1": 0.06437514726978019, "0.15": 0.04692352086621966, "0.2": 0.035953348092231, "0.25": 0.028228352724867654, "0.3": 0.02215158261664437, "0.35": 0.01735032348042858, "0.4": 0.01353197293814395}, "5": {"0": 1.0, "0.05": 0.0861549529670548, "0.1": 0.03679286937560168, "0.15": 0.018118044122201936, "0.2": 0.009105700369533598, "0.25": 0.004927263078843882, "0.3": 0.002660439874905497, "0.35": 0.0015430795259451025, "0.4": 0.0009389042773081865}, "6": {"0": 1.0, "0.05": 0.12296397923807036, "0.1": 0.04099119043653534, "0.15": 0.02068295102896919, "0.2": 0.011855450103289212, "0.25": 0.007341920925966566, "0.3": 0.0049761521766227695, "0.35": 0.003434037481866704, "0.4": 0.00235661798843881}, "7": {"0": 1.0, "0.05": 0.13488771589229986, "0.1": 0.07296819981159162, "0.15": 0.04894490141585461, "0.2": 0.0359621891851834, "0.25": 0.027753007285377072, "0.3": 0.022354000253148508, "0.35": 0.018823822157724684, "0.4": 0.016032450652595034}, "8": {"0": 1.0, "0.05": 0.12427162054435005, "0.1": 0.07666787095889577, "0.15": 0.056282097314639686, "0.2": 0.040626549349037415, "0.25": 0.029466464891243202, "0.3": 0.021321943059261078, "0.35": 0.015516379378394445, "0.4": 0.011361009580204131}, "9": {"0": 1.0, "0.05": 0.03946884084010073, "0.1": 0.014734972799669078, "0.15": 0.007519553242437634, "0.2": 0.004487834306017869, "0.25": 0.0027598807544318067, "0.3": 0.0017428543975191416, "0.35": 0.0010721913958992796, "0.4": 0.0006633504904179244}, "10": {"0": 1.0, "0.05": 0.18004833299018808, "0.1": 0.08808143406549061, "0.15": 0.05431831039860908, "0.2": 0.03719678601413277, "0.25": 0.027209828156450868, "0.3": 0.02049671977886003, "0.35": 0.015989615922120837, "0.4": 0.012613777051152238}, "11": {"0": 1.0, "0.05": 0.2552514595480115, "0.1": 0.17434023607632795, "0.15": 0.12297142140129305, "0.2": 0.08775116696605367, "0.25": 0.06296496092431195, "0.3": 0.046215782884171754, "0.35": 0.03474504448623182, "0.4": 0.02577139251207741}, "12": {"0": 1.0, "0.05": 0.016636386299853947, "0.1": 0.002077607354607389, "0.15": 0.0006503762951849935, "0.2": 0.00016421908437749081, "0.25": 3.6204029836613114e-05, "0.3": 5.080584792784569e-06, "0.35": 9.523809523809523e-07, "0.4": 0.0}, "13": {"0": 1.0, "0.05": 0.14064729139023024, "0.1": 0.08899241541567506, "0.15": 0.06356988178608086, "0.2": 0.047643837303735816, "0.25": 0.03687471941906547, "0.3": 0.029253599208285068, "0.35": 0.023528798764076216, "0.4": 0.019021477068918064}, "14": {"0": 1.0, "0.05": 0.04005191210157718, "0.1": 0.014987053752295332, "0.15": 0.006932963695742203, "0.2": 0.0035725604485162973, "0.25": 0.0019532273897136794, "0.3": 0.0011870169494660522, "0.35": 0.0007064019110152831, "0.4": 0.0004813303022487591}, "15": {"0": 1.0,