{"fscore": {"0": {"0": 0.0958002684513562, "0.05": 0.07050776716223699, "0.1": 0.030283098048923526, "0.15": 0.020805841570700312, "0.2": 0.01807711406205947, "0.25": 0.01743391699354569, "0.3": 0.017416885286661587, "0.35": 0.01756327565825746, "0.4": 0.017772956512641373}, "1": {"0": 0.0958002684513562, "0.05": 0.05293620816660711, "0.1": 0.03174816791009519, "0.15": 0.02560431258910141, "0.2": 0.02267907878607924, "0.25": 0.021207182144211714, "0.3": 0.020315038090789383, "0.35": 0.01985634348860331, "0.4": 0.019739323304277943}, "2": {"0": 0.0958002684513562, "0.05": 0.04892824576118373, "0.1": 0.023687161298196653, "0.15": 0.01855825684353571, "0.2": 0.017355805019344195, "0.25": 0.016998707589198803, "0.3": 0.01697451003391726, "0.35": 0.0170423287841351, "0.4": 0.01713764855619004}, "3": {"0": 0.0958002684513562, "0.05": 0.04492859385301077, "0.1": 0.024830257353162622, "0.15": 0.020139479788183184, "0.2": 0.018578534813073203, "0.25": 0.017939574885031295, "0.3": 0.017611078485162437, "0.35": 0.017355182023748274, "0.4": 0.017268808308654102}, "4": {"0": 0.0958002684513562, "0.05": 0.1362499471096999, "0.1": 0.0685634361932595, "0.15": 0.04182826071674157, "0.2": 0.030250261277931397, "0.25": 0.024978819853668576, "0.3": 0.022043927524893325, "0.35": 0.019938117048441353, "0.4": 0.01870752627549369}, "5": {"0": 0.0958002684513562, "0.05": 0.11421868791281815, "0.1": 0.07747113953310474, "0.15": 0.05362548703615014, "0.2": 0.04053715040574414, "0.25": 0.03284944297823403, "0.3": 0.028168712479714048, "0.35": 0.025131671496121114, "0.4": 0.02284984475984388}, "6": {"0": 0.0958002684513562, "0.05": 0.037684051807671676, "0.1": 0.02237095692865004, "0.15": 0.018996917638045185, "0.2": 0.01790566401385535, "0.25": 0.017471585495802296, "0.3": 0.01734374739048189, "0.35": 0.01741088925169791, "0.4": 0.017516783737106276}, "7": {"0": 0.0958002684513562, "0.05": 0.12197419109967596, "0.1": 0.08168598453781403, "0.15": 0.05623937557197564, "0.2": 0.04015267333119176, "0.25": 0.03050322629422928, "0.3": 0.024602067074289878, "0.35": 0.020635993594114516, "0.4": 0.01768225792816025}, "8": {"0": 0.0958002684513562, "0.05": 0.08938829442991204, "0.1": 0.07008827112135367, "0.15": 0.05958452143145725, "0.2": 0.05122799385778234, "0.25": 0.04554486278186772, "0.3": 0.04078876068891853, "0.35": 0.036497972062725786, "0.4": 0.032497611096935046}, "9": {"0": 0.0958002684513562, "0.05": 0.11282567684813115, "0.1": 0.06972403307026834, "0.15": 0.04975786720379346, "0.2": 0.039410891240005824, "0.25": 0.033545487118781254, "0.3": 0.02972682802831567, "0.35": 0.02728750076604311, "0.4": 0.025402125005678764}, "10": {"0": 0.0958002684513562, "0.05": 0.05187594525165672, "0.1": 0.022934317506698294, "0.15": 0.018071853324083217, "0.2": 0.01705620214976221, "0.25": 0.016848044828551696, "0.3": 0.01696233531940896, "0.35": 0.017094381755009165, "0.4": 0.01725232974213897}, "11": {"0": 0.0958002684513562, "0.05": 0.07480800249633285, "0.1": 0.052850481744478164, "0.15": 0.0431128086025397, "0.2": 0.037823501239956835, "0.25": 0.03431908077921143, "0.3": 0.031694828595269654, "0.35": 0.02980828861020786, "0.4": 0.028302169037964807}, "12": {"0": 0.0958002684513562, "0.05": 0.13560021645409334, "0.1": 0.1148472979729686, "0.15": 0.10073356840155677, "0.2": 0.09020926649000129, "0.25": 0.08078711017844689, "0.3": 0.07260660376522936, "0.35": 0.06506394145901262, "0.4": 0.05825529290422046}, "13": {"0": 0.0958002684513562, "0.05": 0.21315025684445543, "0.1": 0.18250188184042856, "0.15": 0.15917628364002803, "0.2": 0.1408814114594116, "0.25": 0.12533848940703338, "0.3": 0.11210847395265089, "0.35": 0.09994471516292364, "0.4": 0.08779509105264026}, "14": {"0": 0.0958002684513562, "0.05": 0.06900688962621605, "0.1": 0.03150453398228998, "0.15": 0.021783643725780323, "0.2": 0.018844720971119507, "0.25": 0.017676169445029144, "0.3": 0.01725128919377361, "0.35": 0.01716334299087461, "0.4": 0.01716011746757204}, "15": {"0": 0.0958002684513562, "0.05": 0.112695699369455, "0.1": 0.05334218630772793, "0.15": 0.0330589781775672, "0.2": 0.024867397230115076, "0.25": 0.021353960915269275, "0.3": 0.019749255565174203, "0.35": 0.01904088765967089, "0.4": 0.018805096092478053}}, "recall": {"0": {"0": 0.4647533172052178, "0.05": 0.05854785979712659, "0.1": 0.020916582213150434, "0.15": 0.013842384597790431, "0.2": 0.011844549711838492, "0.25": 0.01125307579616829, "0.3": 0.011054872344131885, "0.35": 0.010930951007011103, "0.4": 0.010809403959134715}, "1": {"0": 0.4647533172052178, "0.05": 0.049419876097118585, "0.1": 0.02568549848125866, "0.15": 0.019125627599649895, "0.2": 0.01597589193180453, "0.25": 0.014264111205462952, "0.3": 0.013154109221862066, "0.35": 0.012442256866868963, "0.4": 0.012014900484696132}, "2": {"0": 0.4647533172052178, "0.05": 0.03841782158412463, "0.1": 0.016262777101567413, "0.15": 0.012396104703501193, "0.2": 0.011478080208658792, "0.25": 0.011164188653544632, "0.3": 0.011063050459134444, "0.35": 0.010998415591412894, "0.4": 0.010928642516582807}, "3": {"0": 0.4647533172052178, "0.05": 0.03528943877753564, "0.1": 0.017276987032554616, "0.15": 0.01359056790832197, "0.2": 0.012371764479053434, "0.25": 0.01186048874914039, "0.3": 0.011571505766489208, "0.35": 0.01132601928475504, "0.4": 0.011182077222352631}, "4": {"0": 0.4647533172052178, "0.05": 0.12217159778555212, "0.1": 0.049424570790273105, "0.15": 0.028237059059295758, "0.2": 0.019825096079026577, "0.25": 0.016069549203063874, "0.3": 0.013955717206850828, "0.35": 0.012421052571612782, "0.4": 0.011463540176293256}, "5": {"0": 0.4647533172052178, "0.05": 0.10294758544088134, "0.1": 0.05672864598630736, "0.15": 0.03680040938491729, "0.2": 0.026963119742657596, "0.25": 0.021389400728077955, "0.3": 0.01800277400391379, "0.35": 0.015767384919708933, "0.4": 0.014076313420021611}, "6": {"0": 0.4647533172052178, "0.05": 0.028989230888104605, "0.1": 0.015262956206565842, "0.15": 0.012637494726888038, "0.2": 0.011766966861675355, "0.25": 0.011369610394855711, "0.3": 0.011169100001012372, "0.35": 0.011086357771155393, "0.4": 0.011014420531938832}, "7": {"0": 0.4647533172052178, "0.05": 0.12941432494354915, "0.1": 0.06611890572057175, "0.15": 0.040032204267238775, "0.2": 0.02621791564043803, "0.25": 0.018669056610930886, "0.3": 0.014334118560034958, "0.35": 0.011572426503617618, "0.4": 0.009618063533589842}, "8": {"0": 0.4647533172052178, "0.05": 0.09376991760338783, "0.1": 0.057390627997643946, "0.15": 0.04306799044747369, "0.2": 0.03425001853137764, "0.25": 0.02880141582528454, "0.3": 0.02474465693569811, "0.35": 0.021438893821666076, "0.4": 0.01858672136441304}, "9": {"0": 0.4647533172052178, "0.05": 0.10107757752092528, "0.1": 0.05147218998011579, "0.15": 0.03412609354071708, "0.2": 0.025926396654913732, "0.25": 0.02141939388845532, "0.3": 0.018513327733850036, "0.35": 0.01661666159012919, "0.4": 0.015148772160970795}, "10": {"0": 0.4647533172052178, "0.05": 0.03946585385768157, "0.1": 0.0155174800300798, "0.15": 0.012001836919894595, "0.2": 0.011236430428992944, "0.25": 0.01100976303728362, "0.3": 0.010966250827843206, "0.35": 0.010910161046869104, "0.4": 0.010833421546834301}, "11": {"0": 0.4647533172052178, "0.05": 0.07073485719686264, "0.1": 0.042046386175267174, "0.15": 0.03178428249714599, "0.2": 0.026619222565537157, "0.25": 0.02331648805396915, "0.3": 0.020927376274847, "0.35": 0.019152312310207618, "0.4": 0.017720661776556925}, "12": {"0": 0.4647533172052178, "0.05": 0.1351534554241623, "0.1": 0.09509127277179168, "0.15": 0.07556959236579495, "0.2": 0.06326789503885302, "0.25": 0.053766821951927314, "0.3": 0.04627709962195297, "0.35": 0.03996873712424054, "0.4": 0.034667852566204506}, "13": {"0": 0.4647533172052178, "0.05": 0.21430927551915924, "0.1": 0.15447762982172963, "0.15": 0.12295430745241197, "0.2": 0.10305923515759745, "0.25": 0.08783390905232015, "0.3": 0.07562220854546917, "0.35": 0.06509228472373461, "0.4": 0.0552860922134111}, "14": {"0": 0.4647533172052178, "0.05": 0.057440107966632854,