{"fscore": {"0": {"0": 0.0958002684513562, "0.05": 0.034706111382696955, "0.1": 0.02252657565771815, "0.15": 0.01924203978775733, "0.2": 0.018034301352679166, "0.25": 0.017447035316271984, "0.3": 0.017202791348158684, "0.35": 0.017009851069715837, "0.4": 0.016878569071485605}, "1": {"0": 0.0958002684513562, "0.05": 0.062375088085415684, "0.1": 0.03409937993874941, "0.15": 0.023524080237273728, "0.2": 0.02008117785410131, "0.25": 0.018734897468311678, "0.3": 0.018104778179184346, "0.35": 0.017906338646217924, "0.4": 0.01787059422202695}, "2": {"0": 0.0958002684513562, "0.05": 0.10465684534640345, "0.1": 0.044147193418542584, "0.15": 0.026623981103297712, "0.2": 0.02074320613358495, "0.25": 0.018813083195814706, "0.3": 0.018259659652725857, "0.35": 0.018212996324321253, "0.4": 0.018366537073755133}, "3": {"0": 0.0958002684513562, "0.05": 0.03398325555702151, "0.1": 0.022973305123344983, "0.15": 0.01975082871655019, "0.2": 0.01835322459913844, "0.25": 0.017680263221987087, "0.3": 0.017331894797110253, "0.35": 0.017195146130808085, "0.4": 0.0171319571245755}, "4": {"0": 0.0958002684513562, "0.05": 0.09724580118169024, "0.1": 0.07397453584820546, "0.15": 0.05957012201086982, "0.2": 0.04965433530905241, "0.25": 0.04258418068855562, "0.3": 0.037112609427434724, "0.35": 0.032239979360867914, "0.4": 0.027983439603877034}, "5": {"0": 0.0958002684513562, "0.05": 0.03591063034800603, "0.1": 0.02395494789626017, "0.15": 0.02060560806821227, "0.2": 0.019144931144907232, "0.25": 0.0182367911139187, "0.3": 0.01775873753966259, "0.35": 0.01751769170569658, "0.4": 0.017428250127033015}, "6": {"0": 0.0958002684513562, "0.05": 0.04742645077506149, "0.1": 0.02126141124320054, "0.15": 0.017523908851304615, "0.2": 0.01678395726460016, "0.25": 0.01664712753896999, "0.3": 0.016685961336447404, "0.35": 0.016750867980180262, "0.4": 0.016834531744707674}, "7": {"0": 0.0958002684513562, "0.05": 0.20579983112775913, "0.1": 0.15053357648077423, "0.15": 0.11535006204445843, "0.2": 0.0935242579438216, "0.25": 0.07877504980603167, "0.3": 0.0669896324018262, "0.35": 0.0574576794264262, "0.4": 0.048736726448471504}, "8": {"0": 0.0958002684513562, "0.05": 0.0657953416281939, "0.1": 0.030658792061222764, "0.15": 0.020613078824625517, "0.2": 0.01788422132297849, "0.25": 0.017030594312191817, "0.3": 0.016815911750119955, "0.35": 0.01680425362624728, "0.4": 0.016871383473867463}, "9": {"0": 0.0958002684513562, "0.05": 0.03694581921791806, "0.1": 0.023323553559628937, "0.15": 0.01974844819758567, "0.2": 0.01859061369106305, "0.25": 0.018085326634376, "0.3": 0.017787608522646093, "0.35": 0.01780449031368998, "0.4": 0.01793768201435794}, "10": {"0": 0.0958002684513562, "0.05": 0.05742850232789288, "0.1": 0.032015409289833915, "0.15": 0.02396389280291078, "0.2": 0.020659062030327104, "0.25": 0.01925268400832249, "0.3": 0.01854559524539279, "0.35": 0.01822728374728533, "0.4": 0.01817357558103883}, "11": {"0": 0.0958002684513562, "0.05": 0.08081862850330898, "0.1": 0.0419740501941918, "0.15": 0.028953645220483444, "0.2": 0.023623345950825284, "0.25": 0.021042440976570743, "0.3": 0.01960457591530894, "0.35": 0.0189381799911163, "0.4": 0.018407611438986494}, "12": {"0": 0.0958002684513562, "0.05": 0.038702972772257795, "0.1": 0.024736231661162195, "0.15": 0.020386207399165145, "0.2": 0.018490850643843107, "0.25": 0.017709398975389812, "0.3": 0.017324179945784862, "0.35": 0.017110325401314703, "0.4": 0.017029070130927235}, "13": {"0": 0.0958002684513562, "0.05": 0.06526398114625837, "0.1": 0.03693877009949864, "0.15": 0.027629312632027097, "0.2": 0.023518368937003247, "0.25": 0.02114839154588623, "0.3": 0.019922141677107492, "0.35": 0.019234870739090863, "0.4": 0.01879452063766904}, "14": {"0": 0.0958002684513562, "0.05": 0.0831376758149928, "0.1": 0.053249646807258744, "0.15": 0.04122375578242217, "0.2": 0.03486716126281835, "0.25": 0.03082781589624945, "0.3": 0.028239269981137214, "0.35": 0.02664369394600356, "0.4": 0.025427747411546166}, "15": {"0": 0.0958002684513562, "0.05": 0.033035777326435214, "0.1": 0.02009498662840028, "0.15": 0.017831115840143536, "0.2": 0.01715675765147305, "0.25": 0.01689239558273983, "0.3": 0.016721292686977623, "0.35": 0.016610853474306388, "0.4": 0.01650743182961875}}, "recall": {"0": {"0": 0.4647533172052178, "0.05": 0.02488785288466731, "0.1": 0.015210020423824692, "0.15": 0.012793361270282666, "0.2": 0.01192587004105406, "0.25": 0.011503401424304099, "0.3": 0.011318177314010195, "0.35": 0.011163416772010474, "0.4": 0.01104452954129336}, "1": {"0": 0.4647533172052178, "0.05": 0.054229935826661205, "0.1": 0.02511491225322858, "0.15": 0.01635562275879566, "0.2": 0.013572418808139386, "0.25": 0.012402819296364966, "0.3": 0.011765793276163642, "0.35": 0.0114237336692769, "0.4": 0.011190551354264137}, "2": {"0": 0.4647533172052178, "0.05": 0.09815574141476206, "0.1": 0.032819169050152905, "0.15": 0.01829578295380627, "0.2": 0.013737467314665344, "0.25": 0.012156774399596676, "0.3": 0.01153864302843585, "0.35": 0.011244789171696655, "0.4": 0.011061457641391288}, "3": {"0": 0.4647533172052178, "0.05": 0.025739411001256558, "0.1": 0.01588055908550165, "0.15": 0.013300454567778838, "0.2": 0.012217145311351095, "0.25": 0.011685316790261035, "0.3": 0.01138901425648477, "0.35": 0.01124078434191269, "0.4": 0.011134479885832023}, "4": {"0": 0.4647533172052178, "0.05": 0.10108483552707333, "0.1": 0.061648452050575384, "0.15": 0.04448801616532504, "0.2": 0.03444659543858153, "0.25": 0.027948616198017463, "0.3": 0.023312928808513222, "0.35": 0.019516176921344063, "0.4": 0.016440339727871386}, "5": {"0": 0.4647533172052178, "0.05": 0.02755438132219376, "0.1": 0.016679485699763852, "0.15": 0.013929127986292988, "0.2": 0.012775295394461823, "0.25": 0.01207651539177569, "0.3": 0.011689980187221291, "0.35": 0.011453946345285446, "0.4": 0.0113024839425819}, "6": {"0": 0.4647533172052178, "0.05": 0.03750458515904378, "0.1": 0.014900200472460405, "0.15": 0.01186085316378455, "0.2": 0.01119984081204724, "0.25": 0.011024046830745635, "0.3": 0.010980511386528861, "0.35": 0.010947551860263523, "0.4": 0.010907078522970652}, "7": {"0": 0.4647533172052178, "0.05": 0.2110878991825036, "0.1": 0.12774053294344478, "0.15": 0.08880656038350773, "0.2": 0.06747466836580425, "0.25": 0.05399084367355669, "0.3": 0.04388336238473624, "0.35": 0.03613554170171032, "0.4": 0.029500450943866136}, "8": {"0": 0.4647533172052178, "0.05": 0.050882968751183505, "0.1": 0.021268041797497417, "0.15": 0.013906983713918282, "0.2": 0.011913345583430374, "0.25": 0.011247445233573735, "0.3": 0.011025459255246367, "0.35": 0.010921123727941646, "0.4": 0.010851896163829422}, "9": {"0": 0.4647533172052178, "0.05": 0.032244744344815834, "0.1": 0.017048039425498804, "0.15": 0.013567613692673232, "0.2": 0.012369303743465534, "0.25": 0.011775910190651395, "0.3": 0.011380789371243663, "0.35": 0.011210029478088213, "0.4": 0.011117548904764997}, "10": {"0": 0.4647533172052178, "0.05": 0.04649374186017862, "0.1": 0.022304743293387976, "0.15": 0.016030586182898675, "0.2": 0.013567817804372004, "0.25": 0.012470001013006923, "0.3": 0.01184937867144676, "0.35": 0.011469124892504536, "0.4": 0.011244260804310586}, "11": {"0": 0.4647533172052178, "0.05": 0.06774661327844478, "0.1": 0.03026994325908565, "0.15": 0.01987497891478111, "0.2": 0.01584409727776652, "0.25": 0.013901858305320085, "0.3": 0.012789876526942938, "0.35": 0.012200277826504027, "0.4": 0.011704690450250342}, "12": {"0": 0.4647533172052178, "0.05": 0.027820102448138023, "0.1": 0.016714369401728078, "0.15": 0.013567211677252429, "0.2": 0.012234964055454722, "0.25": 0.011682454636267055, "0.3": 0.011396001414605585, "0.35": 0.011214672508795012, "0.4": 0.011108202629850489}, "13": {"0": 0.4647533172052178, "0.05": 0.0540877894329295, "0.1": 0.026379803012092154, "0.15": 0.01884039275776176, "0.2": 0.015695964427208393, "0.25": 0.013911005079310607, "0.3": 0.012939675409290424, "0.35": 0.012329873432876297, "0.4": 0.011873048477586853}, "14": {"0": 0.4647533172052178,