{"fscore": {"0": {"0": 0.11398936436481887, "0.05": 0.22602548097979558, "0.1": 0.18632794603347574, "0.15": 0.15612527593207043, "0.2": 0.13106531800880492, "0.25": 0.11161050864520439, "0.3": 0.09575760559839269, "0.35": 0.08279140122555204, "0.4": 0.07184588396142601}, "1": {"0": 0.11398936436481887, "0.05": 0.23054975061951136, "0.1": 0.15322694106275894, "0.15": 0.10926292933646338, "0.2": 0.07973438594799191, "0.25": 0.05954240725031413, "0.3": 0.045229626576691835, "0.35": 0.035488989663680436, "0.4": 0.02795382525145901}, "2": {"0": 0.11398936436481887, "0.05": 0.18952338157139131, "0.1": 0.13874637071061507, "0.15": 0.10782694498315555, "0.2": 0.08376920053240908, "0.25": 0.06380524978537737, "0.3": 0.047526653945746955, "0.35": 0.03518390161838937, "0.4": 0.025547732213072553}, "3": {"0": 0.11398936436481887, "0.05": 0.289658355422401, "0.1": 0.19655961895458143, "0.15": 0.13728849326279052, "0.2": 0.09932153330874542, "0.25": 0.07344628811139334, "0.3": 0.05548197352622566, "0.35": 0.043013828298573725, "0.4": 0.03349434132195916}, "4": {"0": 0.11398936436481887, "0.05": 0.16174014010966364, "0.1": 0.0978137219747296, "0.15": 0.06226765700359968, "0.2": 0.042184189732673794, "0.25": 0.029506756628839056, "0.3": 0.02104826672897367, "0.35": 0.015109999933248406, "0.4": 0.01103072876969817}, "5": {"0": 0.11398936436481887, "0.05": 0.07080452539610507, "0.1": 0.03064222598830297, "0.15": 0.016519759951284983, "0.2": 0.009983807415460143, "0.25": 0.006158487753042829, "0.3": 0.004009874116342774, "0.35": 0.0027943380065199737, "0.4": 0.0018943180148773594}, "6": {"0": 0.11398936436481887, "0.05": 0.34506254920464946, "0.1": 0.27299555109394236, "0.15": 0.21644226362379831, "0.2": 0.1733358638199914, "0.25": 0.13986463675773766, "0.3": 0.11243249163501715, "0.35": 0.09148204650238466, "0.4": 0.07402824320988609}, "7": {"0": 0.11398936436481887, "0.05": 0.2160781504786372, "0.1": 0.15811225912369545, "0.15": 0.12095508383420495, "0.2": 0.0946874805741544, "0.25": 0.07457063069416325, "0.3": 0.05918740798341041, "0.35": 0.04655292436937654, "0.4": 0.03657873852072596}, "8": {"0": 0.11398936436481887, "0.05": 0.03500737941394899, "0.1": 0.020890126636068557, "0.15": 0.014303918042350112, "0.2": 0.010453121391703702, "0.25": 0.007999105472166817, "0.3": 0.006317353367793491, "0.35": 0.005022568642224269, "0.4": 0.004039984552343546}, "9": {"0": 0.11398936436481887, "0.05": 0.24152417168099313, "0.1": 0.213301545553365, "0.15": 0.1944089438250891, "0.2": 0.17685346440198235, "0.25": 0.1593117238206007, "0.3": 0.1424635383069765, "0.35": 0.12708243754803789, "0.4": 0.1134736705603722}, "10": {"0": 0.11398936436481887, "0.05": 0.18506888151498768, "0.1": 0.10417696710180963, "0.15": 0.06531257806528701, "0.2": 0.04248947153942551, "0.25": 0.027743378040981044, "0.3": 0.017380916411141194, "0.35": 0.010638925837559151, "0.4": 0.0064579485851728674}, "11": {"0": 0.11398936436481887, "0.05": 0.1197911379093905, "0.1": 0.057451369187804704, "0.15": 0.032442245586544884, "0.2": 0.019675219108785547, "0.25": 0.012607933211006509, "0.3": 0.008438507368447767, "0.35": 0.005756824262855568, "0.4": 0.004048063326099076}}, "recall": {"0": {"0": 1.0, "0.05": 0.1516777513399856, "0.1": 0.11339262941013449, "0.15": 0.0906291229671459, "0.2": 0.07396944027311543, "0.25": 0.06181242732507905, "0.3": 0.05229222855250263, "0.35": 0.04464886933333098, "0.4": 0.038340315978713554}, "1": {"0": 1.0, "0.05": 0.14567757543715806, "0.1": 0.08755211414712225, "0.15": 0.05976257987647773, "0.2": 0.042527313272402334, "0.25": 0.031249273471180467, "0.3": 0.023487017786030368, "0.35": 0.01829424447499201, "0.4": 0.014331169203568136}, "2": {"0": 1.0, "0.05": 0.1263858473065545, "0.1": 0.08025218313618565, "0.15": 0.059246571771136756, "0.2": 0.044790884370200144, "0.25": 0.03354137599586318, "0.3": 0.02468988296704029, "0.35": 0.018124756380518286, "0.4": 0.013076105267791158}, "3": {"0": 1.0, "0.05": 0.20421688616957506, "0.1": 0.11927028821654079, "0.15": 0.07782363977158989, "0.2": 0.05421673497556392, "0.25": 0.03915131472114562, "0.3": 0.029107748490305237, "0.35": 0.022332726864582625, "0.4": 0.017260950390985724}, "4": {"0": 1.0, "0.05": 0.09862772171534678, "0.1": 0.05411414396012158, "0.15": 0.03307612881296204, "0.2": 0.02194495506418832, "0.25": 0.015167250778795896, "0.3": 0.01074342993444989, "0.35": 0.0076775915944791474, "0.4": 0.005586946529736446}, "5": {"0": 1.0, "0.05": 0.0402372498782252, "0.1": 0.016210089819664663, "0.15": 0.008540180542700108, "0.2": 0.005108301005773447, "0.25": 0.003131463634831897, "0.3": 0.0020320871086395302, "0.35": 0.0014134139137594885, "0.4": 0.0009570763943909396}, "6": {"0": 1.0, "0.05": 0.25689856615262235, "0.1": 0.1738285903251885, "0.15": 0.1283388250380597, "0.2": 0.09859062389436313, "0.25": 0.07735821889306552, "0.3": 0.0609498814018579, "0.35": 0.0488686621474002, "0.4": 0.039086187889601866}, "7": {"0": 1.0, "0.05": 0.1536145033111353, "0.1": 0.09749618974061489, "0.15": 0.06991445399672527, "0.2": 0.05270540343659444, "0.25": 0.040461551129684165, "0.3": 0.03154561121651607, "0.35": 0.02448107641339422, "0.4": 0.01904180715573555}, "8": {"0": 1.0, "0.05": 0.01817792331290318, "0.1": 0.010695274244093963, "0.15": 0.007281240632597419, "0.2": 0.005303019881650226, "0.25": 0.004049449900655925, "0.3": 0.0031934280536806037, "0.35": 0.0025359397489994966, "0.4": 0.0020381604382974875}, "9": {"0": 1.0, "0.05": 0.16480027762288377, "0.1": 0.13561843248698396, "0.15": 0.11807522071535449, "0.2": 0.10401313968099159, "0.25": 0.09161732803849665, "0.3": 0.08064475348658415, "0.35": 0.07095505762772757, "0.4": 0.06262805294606119}, "10": {"0": 1.0, "0.05": 0.1444237241479291, "0.1": 0.06306498667882171, "0.15": 0.03614915091572789, "0.2": 0.022578157617896354, "0.25": 0.01442483650936717, "0.3": 0.008922043929990619, "0.35": 0.0054178941720402505, "0.4": 0.0032731910162300017}, "11": {"0": 1.0, "0.05": 0.08523584668016605, "0.1": 0.034480530066881176, "0.15": 0.018145730088043217, "0.2": 0.010591017869749295, "0.25": 0.006628375889227674, "0.3": 0.004371163920488372, "0.35": 0.00295374160110237, "0.4": 0.002063384035327794}}, "precision": {"0": {"0": 0.06220500523914973, "0.05": 0.472427716474163, "0.1": 0.5692732220034661, "0.15": 0.6295429626014477, "0.2": 0.6561332310711365, "0.25": 0.6689277646534474, "0.3": 0.6769276506827944, "0.35": 0.6927291655266697, "0.4": 0.7130688660239487}, "1": {"0": 0.06220500523914973, "0.05": 0.5894420045994514, "0.1": 0.6711701847678248, "0.15": 0.7153796808780468, "0.2": 0.7401761103903506, "0.25": 0.7543223608207363, "0.3": 0.7591301822647232, "0.35": 0.7622163480047217, "0.4": 0.7462327156517384}, "2": {"0": 0.06220500523914973, "0.05": 0.40222679030010106, "0.1": 0.5491656602246066, "0.15": 0.6521872904383836, "0.2": 0.7178390589113536, "0.25": 0.7507486897186192, "0.3": 0.7597511986537696, "0.35": 0.7482297721676211, "0.4": 0.7160234933767059}, "3": {"0": 0.06220500523914973, "0.05": 0.5303746705282812, "0.1": 0.6074205236888081, "0.15": 0.6455904427754093, "0.2": 0.6709825466790936, "0.25": 0.6906175227728599, "0.3": 0.709548094331781, "0.35": 0.719939567617545, "0.4": 0.7180955178883976}, "4": {"0": 0.06220500523914973, "0.05": 0.529570280631538, "0.1": 0.6326965917782467, "0.15": 0.6961050854137011, "0.2": 0.7512746939110378, "0.25": 0.7574012650685813, "0.3": 0.7351912513514614, "0.35": 0.6799547968915617, "0.4": 0.616106938431939}, "5": {"0": 0.06220500523914973, "0.05": 0.36192826517027243, "0.1": 0.382862507109239, "0.15": 0.3744277240248218, "0.2": 0.3453002982440679, "0.25": 0.29707312232973976, "0.3": 0.24127485692412176, "0.35": 0.19562817460317458, "0.4": 0.15307971380471375}, "6": {"0": 0.06220500523914973, "0.05": 0.5589768335414942, "0.1": 0.6860207308750689, "0.15": 0.753295150931742, "0.2": 0.7960216229603545, "0.25": 0.8273818675991151, "0.3": 0.8477555616453948, "0.35": 0.8667647760323341, "0.4": 0.875006713453559}, "7": {"0": 0.06220500523914973,