{"fscore": {"0": {"0": 0.11396083236362174, "0.05": 0.029697700996422084, "0.1": 0.012379579651001312, "0.15": 0.006293725195772379, "0.2": 0.003730780883517702, "0.25": 0.0024410212017524067, "0.3": 0.0015996260519376623, "0.35": 0.0010216079463564978, "0.4": 0.000701504198072348}, "1": {"0": 0.11396083236362174, "0.05": 0.17537819309530123, "0.1": 0.1320044744194823, "0.15": 0.10355099550839679, "0.2": 0.0832289479362796, "0.25": 0.06790960899426267, "0.3": 0.05539254074420776, "0.35": 0.04548900445893311, "0.4": 0.037079564517760864}, "2": {"0": 0.11396083236362174, "0.05": 0.2956190301760768, "0.1": 0.20860283714658745, "0.15": 0.15083453734379906, "0.2": 0.11289864045427789, "0.25": 0.08670351910284557, "0.3": 0.06792259496971755, "0.35": 0.05406194777088109, "0.4": 0.04403108322113117}, "3": {"0": 0.11396083236362174, "0.05": 0.22289003186854583, "0.1": 0.15301558305158985, "0.15": 0.10898657105461694, "0.2": 0.07837268342555638, "0.25": 0.05727224592776822, "0.3": 0.0423243769581973, "0.35": 0.03126557239278151, "0.4": 0.02311282793320032}, "4": {"0": 0.11396083236362174, "0.05": 0.021469462030252483, "0.1": 0.004167841330895592, "0.15": 0.0014731207551532597, "0.2": 0.0006853127507046013, "0.25": 0.0002677579634993946, "0.3": 0.00018277380087235398, "0.35": 9.528449131575007e-05, "0.4": 5.997760636970677e-05}, "5": {"0": 0.11396083236362174, "0.05": 0.022947061631711216, "0.1": 0.01086309746008686, "0.15": 0.006416907301289639, "0.2": 0.0040281098895484455, "0.25": 0.0026099230429679956, "0.3": 0.0017348703606096254, "0.35": 0.001141690474674021, "0.4": 0.00075052817581992}, "6": {"0": 0.11396083236362174, "0.05": 0.18100485230983374, "0.1": 0.11726100236602634, "0.15": 0.07858764571941367, "0.2": 0.0547363441399449, "0.25": 0.03929183876189085, "0.3": 0.028852185531626284, "0.35": 0.021668957866500884, "0.4": 0.016454811097734647}, "7": {"0": 0.11396083236362174, "0.05": 0.3637152703861535, "0.1": 0.30557630872429886, "0.15": 0.2419415936552205, "0.2": 0.18912167889652667, "0.25": 0.148160585607211, "0.3": 0.11706674198609017, "0.35": 0.09371018218040507, "0.4": 0.07437650629858861}, "8": {"0": 0.11396083236362174, "0.05": 0.08526627951478723, "0.1": 0.029436030096329134, "0.15": 0.012872928555462277, "0.2": 0.0065868636208002975, "0.25": 0.003875253880132502, "0.3": 0.0024171910827202416, "0.35": 0.0015714335230739814, "0.4": 0.0010933306412341192}, "9": {"0": 0.11396083236362174, "0.05": 0.20373108731695477, "0.1": 0.14495102075231764, "0.15": 0.10026797297137549, "0.2": 0.06703853018686315, "0.25": 0.04491970553979953, "0.3": 0.03046483404845642, "0.35": 0.02175394812974615, "0.4": 0.015582220453622201}, "10": {"0": 0.11396083236362174, "0.05": 0.1548397829485378, "0.1": 0.08504223204897719, "0.15": 0.050305115410566176, "0.2": 0.03171130671708522, "0.25": 0.02084480917162083, "0.3": 0.014102134782716812, "0.35": 0.009844021705191365, "0.4": 0.006968553637176057}, "11": {"0": 0.11396083236362174, "0.05": 0.11652581516288908, "0.1": 0.07717742232458523, "0.15": 0.05699038886689119, "0.2": 0.044537623946540233, "0.25": 0.03611986192960857, "0.3": 0.03009325806590196, "0.35": 0.02562024482847922, "0.4": 0.0220828308179441}}, "recall": {"0": {"0": 1.0, "0.05": 0.022213479480066932, "0.1": 0.007341250752201171, "0.15": 0.003461781675473612, "0.2": 0.001987343209331254, "0.25": 0.0012749900245883812, "0.3": 0.0008257551708501206, "0.35": 0.0005234730674546336, "0.4": 0.00035807846784312547}, "1": {"0": 1.0, "0.05": 0.1488676426906985, "0.1": 0.09164089811932977, "0.15": 0.06544689441079433, "0.2": 0.04975877185397842, "0.25": 0.03912800333451698, "0.3": 0.031067655907903658, "0.35": 0.02502098760306594, "0.4": 0.020085017174701264}, "2": {"0": 1.0, "0.05": 0.22197820363797113, "0.1": 0.13269170000971584, "0.15": 0.08881193432964844, "0.2": 0.06365026145729645, "0.25": 0.04756420640888742, "0.3": 0.03656942004551912, "0.35": 0.02871378111079089, "0.4": 0.023156544152580224}, "3": {"0": 1.0, "0.05": 0.16893539597725601, "0.1": 0.10039318195657164, "0.15": 0.06635875459913995, "0.2": 0.04545726404809875, "0.25": 0.03211852192525782, "0.3": 0.023167865826629806, "0.35": 0.016807044365244488, "0.4": 0.01224867088698683}, "4": {"0": 1.0, "0.05": 0.015575587037623425, "0.1": 0.0023286882473914365, "0.15": 0.0007744341661117816, "0.2": 0.0003534284843842214, "0.25": 0.00013663676145941607, "0.3": 9.275880058225099e-05, "0.35": 4.8225226622436806e-05, "0.4": 3.0386456656586643e-05}, "5": {"0": 1.0, "0.05": 0.018094813976078823, "0.1": 0.0070795732014304145, "0.15": 0.00385104367752654, "0.2": 0.002299755439613482, "0.25": 0.0014426209786986934, "0.3": 0.0009397172003414434, "0.35": 0.0006077864056504548, "0.4": 0.0003940134622269992}, "6": {"0": 1.0, "0.05": 0.16465067311576898, "0.1": 0.07934907175943377, "0.15": 0.04721199798038843, "0.2": 0.03090723316835377, "0.25": 0.021426195020302092, "0.3": 0.015386466231047545, "0.35": 0.011381651865613362, "0.4": 0.008549075833390433}, "7": {"0": 1.0, "0.05": 0.29156854179519487, "0.1": 0.2102427098782537, "0.15": 0.15264408629599796, "0.2": 0.11246918185975659, "0.25": 0.08449005208109758, "0.3": 0.06476603142721887, "0.35": 0.050699409931938826, "0.4": 0.03955659914911226}, "8": {"0": 1.0, "0.05": 0.06245103942106373, "0.1": 0.016614798438626253, "0.15": 0.006855161548740469, "0.2": 0.0034310769440213805, "0.25": 0.001998942704474504, "0.3": 0.0012404163521876972, "0.35": 0.0008043490190328027, "0.4": 0.0005581124351751452}, "9": {"0": 1.0, "0.05": 0.1913678250669819, "0.1": 0.10209835257181153, "0.15": 0.06152330027707001, "0.2": 0.03816074012769346, "0.25": 0.024496261928433526, "0.3": 0.016175319945916186, "0.35": 0.011357565580640243, "0.4": 0.008047438036869572}, "10": {"0": 1.0, "0.05": 0.124656839373723, "0.1": 0.05265540618447353, "0.15": 0.028375857043015817, "0.2": 0.017140263752216802, "0.25": 0.011006437198216885, "0.3": 0.007339259742654114, "0.35": 0.005074668456984909, "0.4": 0.0035711490703727975}, "11": {"0": 1.0, "0.05": 0.09322924698297376, "0.1": 0.05250395190039286, "0.15": 0.035957220757274255, "0.2": 0.026844648367136504, "0.25": 0.021083788906718817, "0.3": 0.017160307584425733, "0.35": 0.014336461536254298, "0.4": 0.01218977187211048}}, "precision": {"0": {"0": 0.06218900307361576, "0.05": 0.05181678756509166, "0.1": 0.05275819260648283, "0.15": 0.05126832688110202, "0.2": 0.04919599419962539, "0.25": 0.050966277042284146, "0.3": 0.04313671897953301, "0.35": 0.03696878840823854, "0.4": 0.03001879411438235}, "1": {"0": 0.06218900307361576, "0.05": 0.22430134847962513, "0.1": 0.25207931203032263, "0.15": 0.26908898073424337, "0.2": 0.28076618655939856, "0.25": 0.28929869478196724, "0.3": 0.2925950832774231, "0.35": 0.2932079071708158, "0.4": 0.288240633018503}, "2": {"0": 0.06218900307361576, "0.05": 0.4622342892317495, "0.1": 0.5171103734698674, "0.15": 0.5402066433506157, "0.2": 0.5507624723132122, "0.25": 0.5561388515313346, "0.3": 0.5551495518064816, "0.35": 0.551285080427031, "0.4": 0.5492017188616842}, "3": {"0": 0.06218900307361576, "0.05": 0.34579515844040565, "0.1": 0.34689979774952107, "0.15": 0.33380873627286195, "0.2": 0.3162115604155319, "0.25": 0.30046276932115434, "0.3": 0.2865765226966652, "0.35": 0.272965901023705, "0.4": 0.25394217159539856}, "4": {"0": 0.06218900307361576, "0.05": 0.043406755909776336, "0.1": 0.03428109724930293, "0.15": 0.030913616421704683, "0.2": 0.023043610093610094, "0.25": 0.011999999999999997, "0.3": 0.00936111111111111, "0.35": 0.005277777777777779, "0.4": 0.0034444444444444453}, "5": {"0": 0.06218900307361576, "0.05": 0.035007691258551625, "0.1": 0.027049400211392634, "0.15": 0.023127540742278702, "0.2": 0.020689321693994744, "0.25": 0.017639605029798274, "0.3": 0.01512087044902432, "0.35": 0.013511012344546892, "0.4": 0.011745034956178723}, "6": {"0": 0.06218900307361576, "0.05": 0.21514144662502585, "0.1": 0.25527227010014114, "0.15": 0.28252102869273255, "0.2": 0.305024518242615, "0.25": 0.31953829485635876, "0.3": 0.331531111322932,