{"fscore": {"0": {"0": 0.11396083236362174, "0.05": 0.017623290662290608, "0.1": 0.005816972994167086, "0.15": 0.00246074845681909, "0.2": 0.0011866378692100127, "0.25": 0.0006961816658806216, "0.3": 0.0003519559935197809, "0.35": 0.00019465727979052906, "0.4": 9.223718087237253e-05}, "1": {"0": 0.11396083236362174, "0.05": 0.1422765040616055, "0.1": 0.09151499697558005, "0.15": 0.06395421508812618, "0.2": 0.0465587648534662, "0.25": 0.03468601013636917, "0.3": 0.026354329311672493, "0.35": 0.019986483277170328, "0.4": 0.015151977667400911}, "2": {"0": 0.11396083236362174, "0.05": 0.04587724904175738, "0.1": 0.024059413561463575, "0.15": 0.01471830173383158, "0.2": 0.009801601801794036, "0.25": 0.006777708675660594, "0.3": 0.004673187670531397, "0.35": 0.0031353017646835557, "0.4": 0.0022327606910486873}, "3": {"0": 0.11396083236362174, "0.05": 0.07790186273458562, "0.1": 0.0434943276381318, "0.15": 0.02642593444394226, "0.2": 0.01699009528495382, "0.25": 0.01157976291366388, "0.3": 0.00826727090233232, "0.35": 0.00620333984635466, "0.4": 0.0047212080855060425}, "4": {"0": 0.11396083236362174, "0.05": 0.2167827676750928, "0.1": 0.16900214758944837, "0.15": 0.13053761731635422, "0.2": 0.10079849263774374, "0.25": 0.07880506418349072, "0.3": 0.06178174447119403, "0.35": 0.048303459072307, "0.4": 0.037887033920950386}, "5": {"0": 0.11396083236362174, "0.05": 0.09961294074163529, "0.1": 0.03149019782686649, "0.15": 0.012679162262396803, "0.2": 0.006084999415078573, "0.25": 0.003079165082100423, "0.3": 0.001654216387440728, "0.35": 0.0009701427857229011, "0.4": 0.0005155596185748259}, "6": {"0": 0.11396083236362174, "0.05": 0.17330143272991874, "0.1": 0.10049964339695615, "0.15": 0.06105273873001547, "0.2": 0.038796992694176295, "0.25": 0.02563513013378314, "0.3": 0.01793752736363528, "0.35": 0.012958740292414372, "0.4": 0.009292305300810908}, "7": {"0": 0.11396083236362174, "0.05": 0.14639068338410072, "0.1": 0.06981496027488907, "0.15": 0.03421647118937873, "0.2": 0.01718575683895903, "0.25": 0.009019433417271155, "0.3": 0.004939484752076622, "0.35": 0.0029548152441333333, "0.4": 0.0019517134819478433}, "8": {"0": 0.11396083236362174, "0.05": 0.2281585818536372, "0.1": 0.1913739595771185, "0.15": 0.15767953770698007, "0.2": 0.12731083929479817, "0.25": 0.10167688199158656, "0.3": 0.08045429464667697, "0.35": 0.06337346381600518, "0.4": 0.04924163248167607}, "9": {"0": 0.11396083236362174, "0.05": 0.08688084821130876, "0.1": 0.05447078106316309, "0.15": 0.03508021257152607, "0.2": 0.02361833241293082, "0.25": 0.016617678345877174, "0.3": 0.012141099705064943, "0.35": 0.008567450298069506, "0.4": 0.006262165844681513}, "10": {"0": 0.11396083236362174, "0.05": 0.26078315996838564, "0.1": 0.21358756040072097, "0.15": 0.1729130899594607, "0.2": 0.14006373189987062, "0.25": 0.11455128970480005, "0.3": 0.09440938530119211, "0.35": 0.07861909568492238, "0.4": 0.06533295835821512}, "11": {"0": 0.11396083236362174, "0.05": 0.19859677103341902, "0.1": 0.12627287681322175, "0.15": 0.08142674288052616, "0.2": 0.055166147031590666, "0.25": 0.039633120546042455, "0.3": 0.030297070531005044, "0.35": 0.024166617190863642, "0.4": 0.019745996228431366}, "12": {"0": 0.11396083236362174, "0.05": 0.1871943066437776, "0.1": 0.1106802220362759, "0.15": 0.06610821853522235, "0.2": 0.041071942426585094, "0.25": 0.02639262079430246, "0.3": 0.017381427300520325, "0.35": 0.011827437660472152, "0.4": 0.008238430562577951}, "13": {"0": 0.11396083236362174, "0.05": 0.1360153702233533, "0.1": 0.08995444216448827, "0.15": 0.06470024935609123, "0.2": 0.04852520031622084, "0.25": 0.037377167974843084, "0.3": 0.029142546906978727, "0.35": 0.0223875669722688, "0.4": 0.017177496664877483}, "14": {"0": 0.11396083236362174, "0.05": 0.16700234450163776, "0.1": 0.09237737094994046, "0.15": 0.055435659513017675, "0.2": 0.03480210559387281, "0.25": 0.022699405060400645, "0.3": 0.015263660287047632, "0.35": 0.010047845327347269, "0.4": 0.00660867153853541}, "15": {"0": 0.11396083236362174, "0.05": 0.288176313625556, "0.1": 0.18748617462284506, "0.15": 0.11041381923817421, "0.2": 0.06605139462519054, "0.25": 0.04160125485900456, "0.3": 0.02794473991420934, "0.35": 0.01911603844582536, "0.4": 0.013091960533615407}}, "recall": {"0": {"0": 1.0, "0.05": 0.014797538559477786, "0.1": 0.003849666152697289, "0.15": 0.0014830535690997285, "0.2": 0.0006822802933946163, "0.25": 0.0003892391575908674, "0.3": 0.00019210164042467767, "0.35": 0.00010452423114057362, "0.4": 4.925958673274779e-05}, "1": {"0": 1.0, "0.05": 0.12177523615802947, "0.1": 0.05702212175306976, "0.15": 0.03572078052880271, "0.2": 0.024830464165853782, "0.25": 0.018076047469868326, "0.3": 0.013559627645198444, "0.35": 0.010209900756126903, "0.4": 0.007702578144575046}, "2": {"0": 1.0, "0.05": 0.039881952822237034, "0.1": 0.016403768581632054, "0.15": 0.009052169681807592, "0.2": 0.005692480402340759, "0.25": 0.0037880606114424832, "0.3": 0.002544357890249039, "0.35": 0.0016754085592893065, "0.4": 0.0011744299790882409}, "3": {"0": 1.0, "0.05": 0.0735683137629864, "0.1": 0.030505334859557653, "0.15": 0.01627240751697959, "0.2": 0.009812684975151751, "0.25": 0.006452475683128455, "0.3": 0.0045054140479910436, "0.35": 0.0033367979954126814, "0.4": 0.002520429379239431}, "4": {"0": 1.0, "0.05": 0.18172550542965318, "0.1": 0.11333029630141937, "0.15": 0.07939570167910326, "0.2": 0.058001732337466604, "0.25": 0.043793166100324174, "0.3": 0.033503592930840355, "0.35": 0.02574433344693098, "0.4": 0.0199345991483903}, "5": {"0": 1.0, "0.05": 0.0805872288520871, "0.1": 0.018463700491839655, "0.15": 0.00678404226791178, "0.2": 0.003150049622104623, "0.25": 0.001570702977818336, "0.3": 0.0008385374298895356, "0.35": 0.0004900230995848827, "0.4": 0.0002598604040944281}, "6": {"0": 1.0, "0.05": 0.15835730712225354, "0.1": 0.06926481583558408, "0.15": 0.037279259536959174, "0.2": 0.022235585334131617, "0.25": 0.01413801576625499, "0.3": 0.009647189039350228, "0.35": 0.006848106437750014, "0.4": 0.004851380512502451}, "7": {"0": 1.0, "0.05": 0.12279185555797346, "0.1": 0.04281496682899832, "0.15": 0.018918456543553803, "0.2": 0.009097336337604296, "0.25": 0.0046682912843420115, "0.3": 0.002524612563655121, "0.35": 0.0014998595933416149, "0.4": 0.0009867578586253364}, "8": {"0": 1.0, "0.05": 0.19504411129005358, "0.1": 0.13493544563201332, "0.15": 0.10024648812266922, "0.2": 0.07595667138967686, "0.25": 0.0581190104178488, "0.3": 0.044606063736784204, "0.35": 0.03436267114794321, "0.4": 0.026227003704042406}, "9": {"0": 1.0, "0.05": 0.0766195528379781, "0.1": 0.03571288225714214, "0.15": 0.020503429591357713, "0.2": 0.013036276153063409, "0.25": 0.008880676968298406, "0.3": 0.00636721310191716, "0.35": 0.004433136593160318, "0.4": 0.00321449808109516}, "10": {"0": 1.0, "0.05": 0.2227070176605852, "0.1": 0.14995688159622408, "0.15": 0.10937605124221375, "0.2": 0.08317572430507023, "0.25": 0.06523006057618903, "0.3": 0.05219544690520083, "0.35": 0.042546230875147986, "0.4": 0.03478298148230723}, "11": {"0": 1.0, "0.05": 0.18035278628506202, "0.1": 0.08687505933298631, "0.15": 0.04956107596133894, "0.2": 0.03151731841093005, "0.25": 0.021835199486719442, "0.3": 0.016329022974412393, "0.35": 0.012816900817656397, "0.4": 0.01035472186623477}, "12": {"0": 1.0, "0.05": 0.14859212994789003, "0.1": 0.06881874267698283, "0.15": 0.037349263649709884, "0.2": 0.022155245778429082, "0.25": 0.013871170268783591, "0.3": 0.008990129721737405, "0.35": 0.006061081170420607, "0.4": 0.004195187381941271}, "13": {"0": 1.0, "0.05": 0.11713394061128128, "0.1": 0.06306206243869077, "0.15": 0.04092027307072659, "0.2": 0.028782065134834292, "0.25": 0.021249101146712447, "0.3": 0.016055270512905576, "0.35": 0.012054656191876253, "0.4": 0.009088416236130601}, "14": {"0": 1.0, "0.05": 0.1401342832056107, "0.1": 0.05773503422614101, "0.15": 0.03113583211543705, "0.2": 0.01859500948763617, "0.25": 0.011832737243487315, "0.3": 0.007845768371131982, "0.35": 0.005122809122716641,