{"fscore": {"0": {"0": 0.11396084094397256, "0.05": 0.02301090156507889, "0.1": 0.007637067516947385, "0.15": 0.0033378034293618567, "0.2": 0.0019429842878926644, "0.25": 0.0011637545163227753, "0.3": 0.0007094781969359367, "0.35": 0.00044650154038512713, "0.4": 0.00028292290636172825}, "1": {"0": 0.1139699679817576, "0.05": 0.17830404794775695, "0.1": 0.12335140021398376, "0.15": 0.086573603217645, "0.2": 0.06186749702784564, "0.25": 0.04463296367261836, "0.3": 0.032568319553659984, "0.35": 0.023919425280944432, "0.4": 0.01766780909084099}, "2": {"0": 0.11314179341935489, "0.05": 0.23520106238645536, "0.1": 0.14762312794185622, "0.15": 0.09685096910612659, "0.2": 0.06605185703820504, "0.25": 0.04656482164389132, "0.3": 0.03346627485973606, "0.35": 0.024467284024764023, "0.4": 0.018204004166201253}, "3": {"0": 0.11403888047813886, "0.05": 0.23417420843107384, "0.1": 0.16310132393983398, "0.15": 0.11234956228448086, "0.2": 0.07882150493869443, "0.25": 0.0563097767947631, "0.3": 0.04091777186097745, "0.35": 0.029775281356781227, "0.4": 0.021900689853820314}, "4": {"0": 0.11396083236362174, "0.05": 0.014663698409092226, "0.1": 0.0028137915175669424, "0.15": 0.0006069381939517399, "0.2": 0.00013252756552409168, "0.25": 4.381942362537463e-05, "0.3": 0.0, "0.35": 0.0, "0.4": 0.0}, "5": {"0": 0.11396094996971164, "0.05": 0.02469371081916984, "0.1": 0.009501244161473778, "0.15": 0.004781793037616518, "0.2": 0.002531021060256073, "0.25": 0.0015118233274192417, "0.3": 0.0008866079249630533, "0.35": 0.000571947053968827, "0.4": 0.0003913435444703159}, "6": {"0": 0.11396085272851748, "0.05": 0.13364719730413327, "0.1": 0.06155327736933281, "0.15": 0.032907513495563846, "0.2": 0.019554324467003253, "0.25": 0.012244544556746756, "0.3": 0.00785586095361711, "0.35": 0.005429463147296436, "0.4": 0.0037296535249616404}, "7": {"0": 0.11396136988740284, "0.05": 0.335082856256465, "0.1": 0.2706151370262547, "0.15": 0.2086676087986937, "0.2": 0.15858256382684519, "0.25": 0.12072666489152734, "0.3": 0.09343511530390439, "0.35": 0.07319330304570526, "0.4": 0.05715180923583839}, "8": {"0": 0.11396083504139273, "0.05": 0.05653430832342187, "0.1": 0.013573502740079926, "0.15": 0.005244037615930215, "0.2": 0.0024848974854164907, "0.25": 0.0013341071552342443, "0.3": 0.0008791616273135195, "0.35": 0.000576333156458514, "0.4": 0.0003881302235570607}, "9": {"0": 0.11396113078893699, "0.05": 0.20781745724309655, "0.1": 0.12740721606794983, "0.15": 0.07155787990739149, "0.2": 0.04116429055586698, "0.25": 0.024556956598756615, "0.3": 0.01426352163923762, "0.35": 0.008197323193039492, "0.4": 0.004997361738166152}, "10": {"0": 0.11396083726522974, "0.05": 0.11345832206944567, "0.1": 0.053682817277431134, "0.15": 0.026474724632323653, "0.2": 0.01451252635024211, "0.25": 0.008395969629890683, "0.3": 0.005002162036031527, "0.35": 0.002984005727808183, "0.4": 0.0019308930674422301}, "11": {"0": 0.11416881689701457, "0.05": 0.11375071969183231, "0.1": 0.06825609877520007, "0.15": 0.043807872041134475, "0.2": 0.029701049428329886, "0.25": 0.020201400667533533, "0.3": 0.014365495594427126, "0.35": 0.010520388180460485, "0.4": 0.007839629725186871}}, "recall": {"0": {"0": 1.0, "0.05": 0.01695664163642541, "0.1": 0.004424264237967248, "0.15": 0.0018062445974797402, "0.2": 0.001026097617437758, "0.25": 0.0006041426609481099, "0.3": 0.0003644925062198583, "0.35": 0.00022878352223262865, "0.4": 0.00014426544055606307}, "1": {"0": 0.9999977393210515, "0.05": 0.15001472281832212, "0.1": 0.08116613668060906, "0.15": 0.051664189158303654, "0.2": 0.03504296523128038, "0.25": 0.024493113765560636, "0.3": 0.017490661105029583, "0.35": 0.012653103263246606, "0.4": 0.009242742602174912}, "2": {"0": 0.9879404400024737, "0.05": 0.17527417078570776, "0.1": 0.09114650097980675, "0.15": 0.05525696244939483, "0.2": 0.036139362231719395, "0.25": 0.024865877651699005, "0.3": 0.01759109796722625, "0.35": 0.0127199580879573, "0.4": 0.009393233933421011}, "3": {"0": 0.9999530211974792, "0.05": 0.17041982665471972, "0.1": 0.10274679312997284, "0.15": 0.06587924145546606, "0.2": 0.04426178379972117, "0.25": 0.030721888017925456, "0.3": 0.021876752762428908, "0.35": 0.015679546386024937, "0.4": 0.01140746274088393}, "4": {"0": 1.0, "0.05": 0.010662968680839331, "0.1": 0.0015686549856709284, "0.15": 0.0003157226527039324, "0.2": 6.793778661402233e-05, "0.25": 2.2305481548668956e-05, "0.3": 0.0, "0.35": 0.0, "0.4": 0.0}, "5": {"0": 1.0, "0.05": 0.019663970057767672, "0.1": 0.006131467620088443, "0.15": 0.0028353368059660586, "0.2": 0.0014325408874549294, "0.25": 0.0008330221399317762, "0.3": 0.00047894517518166447, "0.35": 0.0003043975230713199, "0.4": 0.00020451248089052435}, "6": {"0": 1.0, "0.05": 0.09953900534878149, "0.1": 0.035764866913457274, "0.15": 0.017758842678194973, "0.2": 0.010259425253126992, "0.25": 0.006337912617904202, "0.3": 0.004032808876958212, "0.35": 0.0027761822663158174, "0.4": 0.0019007793462909157}, "7": {"0": 0.9999920018729296, "0.05": 0.26026101788381983, "0.1": 0.1783102300023182, "0.15": 0.12646468805109923, "0.2": 0.09115868641070839, "0.25": 0.06698029169063405, "0.3": 0.05060512536074254, "0.35": 0.03894943009697537, "0.4": 0.030021337802461804}, "8": {"0": 1.0, "0.05": 0.03991610472638223, "0.1": 0.00757077960062091, "0.15": 0.0028052419873277924, "0.2": 0.0013091529610843506, "0.25": 0.0006983082642735181, "0.3": 0.0004586944981679008, "0.35": 0.00030085287928399994, "0.4": 0.00020217668336847898}, "9": {"0": 0.9999998350651493, "0.05": 0.1999039495508629, "0.1": 0.08445992157144072, "0.15": 0.041111667162966076, "0.2": 0.022238020934275553, "0.25": 0.012863011727122812, "0.3": 0.007350619427301567, "0.35": 0.004187938554385274, "0.4": 0.0025379292088316082}, "10": {"0": 1.0, "0.05": 0.0918967638276445, "0.1": 0.03270809052692589, "0.15": 0.014620561144139512, "0.2": 0.007681639899727006, "0.25": 0.004353049700890759, "0.3": 0.002566545237351154, "0.35": 0.0015215808438282898, "0.4": 0.0009812504896175628}, "11": {"0": 0.9982663172500263, "0.05": 0.09077205648413762, "0.1": 0.04454330743240153, "0.15": 0.02621926992620011, "0.2": 0.016937390165231346, "0.25": 0.01115965683698891, "0.3": 0.007765301220634934, "0.35": 0.005600755810497219, "0.4": 0.0041286241439275}}, "precision": {"0": {"0": 0.06218900755441032, "0.05": 0.0433691839857256, "0.1": 0.04113088736828233, "0.15": 0.03777072609794411, "0.2": 0.03457935535516933, "0.25": 0.029906648852237108, "0.3": 0.022737746512746522, "0.35": 0.015717760942760946, "0.4": 0.011774999999999999}, "1": {"0": 0.06219400440161469, "0.05": 0.23109700859534965, "0.1": 0.2783017911677759, "0.15": 0.298855584131964, "0.2": 0.30644369542260363, "0.25": 0.30406752070864146, "0.3": 0.3003010925958049, "0.35": 0.2915764185404909, "0.4": 0.2810673588729495}, "2": {"0": 0.06176505628935214, "0.05": 0.38000346248635575, "0.1": 0.42336499509145803, "0.15": 0.4410189955884626, "0.2": 0.4466652259377557, "0.25": 0.4446377464005086, "0.3": 0.43439779010538715, "0.35": 0.4197682142241781, "0.4": 0.4002253799420292}, "3": {"0": 0.062232271831800245, "0.05": 0.3976167189838778, "0.1": 0.43116350374593093, "0.15": 0.42710119923087186, "0.2": 0.41450196870254447, "0.25": 0.3991385626609586, "0.3": 0.3840131944831039, "0.35": 0.3667902922338623, "0.4": 0.35117397513575044}, "4": {"0": 0.06218900307361576, "0.05": 0.03282301830954263, "0.1": 0.02502701527425811, "0.15": 0.013562127687127693, "0.2": 0.005406878306878307, "0.25": 0.002, "0.3": 0.0, "0.35": 0.0, "0.4": 0.0}, "5": {"0": 0.06218906483472966, "0.05": 0.03718978003888839, "0.1": 0.02499731703145217, "0.15": 0.018928494708912703, "0.2": 0.014314771536174001, "0.25": 0.01171220994524536, "0.3": 0.008731035906692261, "0.35": 0.0074161420774876185, "0.4": 0.007725624185183006}, "6": {"0": 0.06218901360149444, "0.05": 0.240042304000931, "0.1": 0.31456931877218314, "0.15": 0.3852494564216572, "0.2": 0.4170698646124834, "0.25": 0.3986565100940029, "0.3": 0.34112833534854226, "0.35": 0.27539222082927983,