{"fscore": {"0": {"0": 0.11396083236362174, "0.05": 0.07344674133285363, "0.1": 0.023832563624980922, "0.15": 0.008472138492014737, "0.2": 0.0037794589915587404, "0.25": 0.002118426562330785, "0.3": 0.0013156267072984811, "0.35": 0.0008377223513599507, "0.4": 0.0005606567781586448}, "1": {"0": 0.11396083236362174, "0.05": 0.1063281186124435, "0.1": 0.02839347425544306, "0.15": 0.007307751863568031, "0.2": 0.002268046821258831, "0.25": 0.0009378347842432663, "0.3": 0.00030581527252460984, "0.35": 0.0001377958739045657, "0.4": 3.2166393161006596e-05}, "2": {"0": 0.11396083236362174, "0.05": 0.07404858663150929, "0.1": 0.026561737621761818, "0.15": 0.008828542453902882, "0.2": 0.0033249904862610305, "0.25": 0.0014848647378045672, "0.3": 0.0007564509127404839, "0.35": 0.00039332238290110447, "0.4": 0.00022774687650560692}, "3": {"0": 0.11396083236362174, "0.05": 0.19770458684397899, "0.1": 0.13188435431546977, "0.15": 0.08367081186728095, "0.2": 0.05381634708161014, "0.25": 0.03521966440193742, "0.3": 0.022949623850933694, "0.35": 0.015616173405809003, "0.4": 0.010580799245517095}, "4": {"0": 0.11396083236362174, "0.05": 0.3119478114499213, "0.1": 0.24868204025760443, "0.15": 0.21124163208257032, "0.2": 0.1853378989794162, "0.25": 0.1633490541340905, "0.3": 0.14357528322967134, "0.35": 0.12612391746576487, "0.4": 0.1102998273047167}, "5": {"0": 0.11396083236362174, "0.05": 0.07827712409918636, "0.1": 0.02598781704033175, "0.15": 0.009416815420724936, "0.2": 0.0036737311598006085, "0.25": 0.00161430424756398, "0.3": 0.0007396662223595517, "0.35": 0.0003524418425969344, "0.4": 0.00021787737918803088}, "6": {"0": 0.11396083236362174, "0.05": 0.07281960373433306, "0.1": 0.020944842515262324, "0.15": 0.006756691872267479, "0.2": 0.0025350426547484095, "0.25": 0.0009777791878762545, "0.3": 0.00039826278868193267, "0.35": 0.00016445775152309767, "0.4": 5.714482871420065e-05}, "7": {"0": 0.11396083236362174, "0.05": 0.05193431112440198, "0.1": 0.026167180321734415, "0.15": 0.015716564755757733, "0.2": 0.010354726859820779, "0.25": 0.007017630465354701, "0.3": 0.004914358123355571, "0.35": 0.0034833901474964914, "0.4": 0.00252323815525552}, "8": {"0": 0.11396083236362174, "0.05": 0.131839348876195, "0.1": 0.07952547460874987, "0.15": 0.04337797063941439, "0.2": 0.022409409624016257, "0.25": 0.010869707569873583, "0.3": 0.005361581506711011, "0.35": 0.0026418741287104136, "0.4": 0.0012789080096519783}, "9": {"0": 0.11396083236362174, "0.05": 0.020647298686327382, "0.1": 0.003046237057369608, "0.15": 0.0006754785721071823, "0.2": 0.00021381197003244231, "0.25": 0.00010107878343295085, "0.3": 6.145865660043752e-05, "0.35": 3.3419653787915034e-05, "0.4": 1.696201579819989e-05}, "10": {"0": 0.11396083236362174, "0.05": 0.12011259662023391, "0.1": 0.059192941945772654, "0.15": 0.033203489717438965, "0.2": 0.02060972748035855, "0.25": 0.013272686899089588, "0.3": 0.008517444680257951, "0.35": 0.005470985488900266, "0.4": 0.0036224726442289075}, "11": {"0": 0.11396083236362174, "0.05": 0.20697412576134858, "0.1": 0.1723176267508362, "0.15": 0.13444132188027222, "0.2": 0.10398355232408583, "0.25": 0.08092006664985148, "0.3": 0.06352825861522891, "0.35": 0.04909310095051957, "0.4": 0.037298446999702355}, "12": {"0": 0.11396083236362174, "0.05": 0.11657915392803703, "0.1": 0.05238625721177142, "0.15": 0.026726540591623823, "0.2": 0.013910432632365848, "0.25": 0.00741035267067437, "0.3": 0.004103587317214994, "0.35": 0.0024198454672910625, "0.4": 0.0015081487820993314}, "13": {"0": 0.11396083236362174, "0.05": 0.048220625133635404, "0.1": 0.010978813384065946, "0.15": 0.004107250251686479, "0.2": 0.0016487752528912267, "0.25": 0.0006008165820648623, "0.3": 0.00022267848856360054, "0.35": 9.299019158020266e-05, "0.4": 1.545725322414497e-05}, "14": {"0": 0.11396083236362174, "0.05": 0.08885334611042145, "0.1": 0.043190029591037925, "0.15": 0.023262075974934387, "0.2": 0.013893325579010168, "0.25": 0.009234895897953094, "0.3": 0.0064152989042811255, "0.35": 0.004577119439311075, "0.4": 0.003324242986673349}, "15": {"0": 0.11396083236362174, "0.05": 0.2477248556420689, "0.1": 0.1455481650093249, "0.15": 0.07807474757654052, "0.2": 0.036976682581623406, "0.25": 0.0171165125297583, "0.3": 0.007672454272518232, "0.35": 0.0033559367122374456, "0.4": 0.0015416283541954288}}, "recall": {"0": {"0": 1.0, "0.05": 0.06495427637121959, "0.1": 0.014678980698914622, "0.15": 0.004650452846722438, "0.2": 0.0019953615521998893, "0.25": 0.001097035840694726, "0.3": 0.0006753980435369541, "0.35": 0.0004280647092723735, "0.4": 0.000285750853420466}, "1": {"0": 1.0, "0.05": 0.09659860898436487, "0.1": 0.017256260512252267, "0.15": 0.003953931082702032, "0.2": 0.0011793565701499352, "0.25": 0.00048026314399110656, "0.3": 0.00015478307442571177, "0.35": 6.9634257281097e-05, "0.4": 1.6222571375762884e-05}, "2": {"0": 1.0, "0.05": 0.06039105702904686, "0.1": 0.015626787396938076, "0.15": 0.004730339395696845, "0.2": 0.0017222766318992228, "0.25": 0.0007585305105461615, "0.3": 0.00038402601454351373, "0.35": 0.00019913125220033656, "0.4": 0.00011505410195502493}, "3": {"0": 1.0, "0.05": 0.19959245994887595, "0.1": 0.09448348143514766, "0.15": 0.05118534043009991, "0.2": 0.03038779551794143, "0.25": 0.019039186520727988, "0.3": 0.012088633842769248, "0.35": 0.008100551451485083, "0.4": 0.005434695923082093}, "4": {"0": 1.0, "0.05": 0.2747407598055195, "0.1": 0.17791140602311795, "0.15": 0.13837183971398817, "0.2": 0.11515989549050883, "0.25": 0.09776218415821322, "0.3": 0.0834339818977002, "0.35": 0.07154424448575362, "0.4": 0.06129171624192636}, "5": {"0": 1.0, "0.05": 0.06400941197119792, "0.1": 0.015401839568403162, "0.15": 0.005112822145413408, "0.2": 0.0019281852268358054, "0.25": 0.0008322427773118906, "0.3": 0.0003791136788095038, "0.35": 0.00017960930163048438, "0.4": 0.00011061220183294207}, "6": {"0": 1.0, "0.05": 0.05269232667286369, "0.1": 0.011405181710407955, "0.15": 0.0034854593836317295, "0.2": 0.0012908334289539357, "0.25": 0.0004953258048419486, "0.3": 0.00020134639054639677, "0.35": 8.285046648358826e-05, "0.4": 2.8797648241763164e-05}, "7": {"0": 1.0, "0.05": 0.04216574177753592, "0.1": 0.019147246514802086, "0.15": 0.010898932179758338, "0.2": 0.006929663290420654, "0.25": 0.004568885850053331, "0.3": 0.0031349847022772792, "0.35": 0.002171050473306495, "0.4": 0.0015470465137810935}, "8": {"0": 1.0, "0.05": 0.1157484938628797, "0.1": 0.05127216053013638, "0.15": 0.02472611750052806, "0.2": 0.012050501835899898, "0.25": 0.005670889644598402, "0.3": 0.002755597334262898, "0.35": 0.0013473087374455978, "0.4": 0.0006491454897690537}, "9": {"0": 1.0, "0.05": 0.015333243278305566, "0.1": 0.0017061254838670174, "0.15": 0.00035687792791457544, "0.2": 0.00011154675016941403, "0.25": 5.2599922658951556e-05, "0.3": 3.1656959192533875e-05, "0.35": 1.7288998504261934e-05, "0.4": 8.643876394594623e-06}, "10": {"0": 1.0, "0.05": 0.11191052359265542, "0.1": 0.04222082289424782, "0.15": 0.020920293908358402, "0.2": 0.01211669752455938, "0.25": 0.007473529531321642, "0.3": 0.0046537453352918645, "0.35": 0.0029289657688131997, "0.4": 0.001909385107400082}, "11": {"0": 1.0, "0.05": 0.21302666078555615, "0.1": 0.1334173191010499, "0.15": 0.08918742824189915, "0.2": 0.062743912822887, "0.25": 0.045995107272435866, "0.3": 0.03473247936661981, "0.35": 0.0261404597100171, "0.4": 0.019514654020025023}, "12": {"0": 1.0, "0.05": 0.09439237622287719, "0.1": 0.031108430859024365, "0.15": 0.014538798919154482, "0.2": 0.007307200110004036, "0.25": 0.0038281264056348246, "0.3": 0.0021017519921105047, "0.35": 0.0012318999588546938, "0.4": 0.0007650959943555298}, "13": {"0": 1.0, "0.05": 0.030112304466134346, "0.1": 0.0057973223542300036, "0.15": 0.002102568968817351, "0.2": 0.0008357590765109225, "0.25": 0.0003033702821320633, "0.3": 0.00011225036358512998, "0.35": 4.6834796194182564e-05, "0.4": 7.770290833577155e-06}, "14": {"0": 1.0, "0.05": 0.0756323165213152, "0.1": 0.02841468766170968,