{"fscore": {"0": {"0": 0.0958002684513562, "0.05": 0.04743392771894361, "0.1": 0.030973704771810807, "0.15": 0.02600630688957798, "0.2": 0.023150971719612293, "0.25": 0.021579696051403315, "0.3": 0.020451915330792308, "0.35": 0.019664956062847686, "0.4": 0.019128081537114743}, "1": {"0": 0.0958002684513562, "0.05": 0.09973979962935772, "0.1": 0.07687883621712947, "0.15": 0.060450923249690675, "0.2": 0.04868562606958672, "0.25": 0.039963835131462615, "0.3": 0.03353031435396141, "0.35": 0.028332244612704546, "0.4": 0.024189215580775632}, "2": {"0": 0.0958002684513562, "0.05": 0.04650876761995674, "0.1": 0.026477868668551733, "0.15": 0.021279826518971978, "0.2": 0.01921797931290066, "0.25": 0.018180819064739808, "0.3": 0.017681618032944924, "0.35": 0.017298959579691867, "0.4": 0.01703676552238281}, "3": {"0": 0.0958002684513562, "0.05": 0.11949244983160177, "0.1": 0.06169433306365653, "0.15": 0.038618607946786655, "0.2": 0.027420254077197972, "0.25": 0.022003072793372627, "0.3": 0.01962499446219496, "0.35": 0.018450560065649, "0.4": 0.01733023383011242}, "4": {"0": 0.0958002684513562, "0.05": 0.029712656802176416, "0.1": 0.020977321127015808, "0.15": 0.018289849899397234, "0.2": 0.017271862061258737, "0.25": 0.016885940912789405, "0.3": 0.016678010350578, "0.35": 0.016524342707686435, "0.4": 0.016303747480371306}, "5": {"0": 0.0958002684513562, "0.05": 0.032351652676351046, "0.1": 0.01787197398309984, "0.15": 0.012887557054403623, "0.2": 0.010913252676909634, "0.25": 0.009991803731494593, "0.3": 0.009475631729702389, "0.35": 0.009272856585443951, "0.4": 0.009219704373283687}, "6": {"0": 0.0958002684513562, "0.05": 0.1462482475602179, "0.1": 0.1130262511143559, "0.15": 0.08859383089536703, "0.2": 0.07022307010873277, "0.25": 0.05643654013658315, "0.3": 0.04580696684642288, "0.35": 0.03789001626439524, "0.4": 0.0322126838448329}, "7": {"0": 0.0958002684513562, "0.05": 0.037611225784761206, "0.1": 0.02349048905506203, "0.15": 0.019834953047125188, "0.2": 0.01842071538920436, "0.25": 0.017710785626856223, "0.3": 0.01733890078666695, "0.35": 0.017137042598380555, "0.4": 0.0170462148624282}, "8": {"0": 0.0958002684513562, "0.05": 0.09254307670938931, "0.1": 0.05493587143999746, "0.15": 0.03975070816172738, "0.2": 0.032045635984339856, "0.25": 0.027765233210897758, "0.3": 0.025135098503743545, "0.35": 0.023338059328296926, "0.4": 0.02222410042790426}, "9": {"0": 0.0958002684513562, "0.05": 0.1872210538351415, "0.1": 0.12292663373083622, "0.15": 0.08624003079379852, "0.2": 0.06702555549756796, "0.25": 0.05493008869817933, "0.3": 0.04651125019440358, "0.35": 0.04070739516040386, "0.4": 0.036415818882257624}, "10": {"0": 0.0958002684513562, "0.05": 0.03839666293678202, "0.1": 0.023680325836900946, "0.15": 0.020092909692381117, "0.2": 0.018582607982131065, "0.25": 0.017825250421789316, "0.3": 0.017462976719864954, "0.35": 0.01725113890553047, "0.4": 0.017177282246738156}, "11": {"0": 0.0958002684513562, "0.05": 0.05838580059310094, "0.1": 0.03655233486460979, "0.15": 0.027968741842790277, "0.2": 0.02339112874507307, "0.25": 0.020681971748764988, "0.3": 0.01912378323968253, "0.35": 0.018404583680501962, "0.4": 0.01803356008346393}, "12": {"0": 0.0958002684513562, "0.05": 0.045988219768417965, "0.1": 0.027305114054760035, "0.15": 0.021974256555710184, "0.2": 0.019812806873775974, "0.25": 0.018764864212179024, "0.3": 0.018127731594482405, "0.35": 0.017756826217539615, "0.4": 0.017529958371415348}, "13": {"0": 0.0958002684513562, "0.05": 0.053995605692244014, "0.1": 0.030057718203688813, "0.15": 0.022945237689193175, "0.2": 0.020936076061943313, "0.25": 0.02029413910405109, "0.3": 0.019822431231106285, "0.35": 0.01958504385151277, "0.4": 0.019409873652642913}, "14": {"0": 0.0958002684513562, "0.05": 0.05439165559264354, "0.1": 0.030187487113249103, "0.15": 0.023001494645753528, "0.2": 0.020504640957398308, "0.25": 0.019484813711523684, "0.3": 0.01899979503804691, "0.35": 0.018842489717185287, "0.4": 0.018842057759408642}, "15": {"0": 0.0958002684513562, "0.05": 0.03652478950344093, "0.1": 0.025529569605462158, "0.15": 0.021592827520746677, "0.2": 0.01970053463301195, "0.25": 0.018685051604509995, "0.3": 0.017986330334115792, "0.35": 0.01764000833776386, "0.4": 0.017424331564362797}}, "recall": {"0": {"0": 0.4647533172052178, "0.05": 0.03758682616253875, "0.1": 0.022108910090294073, "0.15": 0.01780543563802016, "0.2": 0.01551276582014278, "0.25": 0.014283495673567577, "0.3": 0.013418253842180804, "0.35": 0.012802513860495026, "0.4": 0.012357164792722052}, "1": {"0": 0.4647533172052178, "0.05": 0.10905916381328913, "0.1": 0.06419055447610476, "0.15": 0.04420988652712043, "0.2": 0.03281407605134836, "0.25": 0.02546117551216155, "0.3": 0.020453537620346726, "0.35": 0.016689749154740006, "0.4": 0.013845374245483568}, "2": {"0": 0.4647533172052178, "0.05": 0.03517958928465017, "0.1": 0.018337689172201934, "0.15": 0.014318987562456047, "0.2": 0.012794003183610018, "0.25": 0.012046086286034952, "0.3": 0.011685795267378923, "0.35": 0.011411845930520597, "0.4": 0.011217144878279529}, "3": {"0": 0.4647533172052178, "0.05": 0.11534887920622756, "0.1": 0.05128787856115548, "0.15": 0.029569625073722235, "0.2": 0.01974747940133259, "0.25": 0.015032481911997159, "0.3": 0.012801220050648458, "0.35": 0.011525434322257855, "0.4": 0.010384253003418713}, "4": {"0": 0.4647533172052178, "0.05": 0.02284665850966137, "0.1": 0.014556177224101538, "0.15": 0.012327170660761359, "0.2": 0.01151462437258591, "0.25": 0.011202403804089793, "0.3": 0.011029341734659973, "0.35": 0.010897987412514307, "0.4": 0.010720178925206417}, "5": {"0": 0.4647533172052178, "0.05": 0.027887939029874877, "0.1": 0.013942822021152513, "0.15": 0.009568232886136186, "0.2": 0.007809558677603, "0.25": 0.006944539411447912, "0.3": 0.006415604349862089, "0.35": 0.0061299831289388035, "0.4": 0.005957506923614586}, "6": {"0": 0.4647533172052178, "0.05": 0.14711484240704, "0.1": 0.09234139297535739, "0.15": 0.06557326595484134, "0.2": 0.04861218194918951, "0.25": 0.03710961124042352, "0.3": 0.028842969641178866, "0.35": 0.022998909394461017, "0.4": 0.018959544206830076}, "7": {"0": 0.4647533172052178, "0.05": 0.027388874391009115, "0.1": 0.01602913272582499, "0.15": 0.013290519302604942, "0.2": 0.012248430808043357, "0.25": 0.011726401516885426, "0.3": 0.011445658386852098, "0.35": 0.011279091693832248, "0.4": 0.011183349917102868}, "8": {"0": 0.4647533172052178, "0.05": 0.08269805241420482, "0.1": 0.041483989748734275, "0.15": 0.0279089245760181, "0.2": 0.02156674384679908, "0.25": 0.018154224265894765, "0.3": 0.0160671105169846, "0.35": 0.014643098628542376, "0.4": 0.013706729638036735}, "9": {"0": 0.4647533172052178, "0.05": 0.18609199229472384, "0.1": 0.0994863416333023, "0.15": 0.06271477427785327, "0.2": 0.04557309194342664, "0.25": 0.03557092828497444, "0.3": 0.02894012414811923, "0.35": 0.024498575191072413, "0.4": 0.021249697933745745}, "10": {"0": 0.4647533172052178, "0.05": 0.028309648643906688, "0.1": 0.01616352935308344, "0.15": 0.013463086219288423, "0.2": 0.012358145743785388, "0.25": 0.011807423790735296, "0.3": 0.011531919450756916, "0.35": 0.011353408509818908, "0.4": 0.011252966276973485}, "11": {"0": 0.4647533172052178, "0.05": 0.04854783538000931, "0.1": 0.026400934946745856, "0.15": 0.01929096986254454, "0.2": 0.015769528097865883, "0.25": 0.01373508877748682, "0.3": 0.01253831592945204, "0.35": 0.011917890309733023, "0.4": 0.01152655281397748}, "12": {"0": 0.4647533172052178, "0.05": 0.03607810915629895, "0.1": 0.019294219860338337, "0.15": 0.015056848789695654, "0.2": 0.013362727377928155, "0.25": 0.012537668602181922, "0.3": 0.012027324220942914, "0.35": 0.01170885292583299, "0.4": 0.011479806951902025}, "13": {"0": 0.4647533172052178, "0.05": 0.05043313120234242, "0.1": 0.02302503473507505, "0.15": 0.016028673897438676, "0.2": 0.013871713317650932, "0.25": 0.012993231855453835, "0.3": 0.012371165389258712, "0.35": 0.011974010550936658, "0.4": 0.011672864810011572}, "14": {"0": 0.4647533172052178,