{"fscore": {"0": {"0": 0.11398936436481887, "0.05": 0.015431092724701292, "0.1": 0.004292217267363959, "0.15": 0.002011302040774692, "0.2": 0.0011847019154469047, "0.25": 0.0006582782423132121, "0.3": 0.0003770324415697213, "0.35": 0.0003198621674945448, "0.4": 0.000224040844173437}, "1": {"0": 0.11398936436481887, "0.05": 0.24621210444488884, "0.1": 0.15250088108690987, "0.15": 0.08042727509800061, "0.2": 0.04568540927153228, "0.25": 0.027981289664324005, "0.3": 0.02032427364640128, "0.35": 0.016238066773774696, "0.4": 0.013196255483337613}, "2": {"0": 0.11398936436481887, "0.05": 0.26353069520436356, "0.1": 0.20601146950081758, "0.15": 0.1551752904108147, "0.2": 0.11653861645152788, "0.25": 0.0872687471875937, "0.3": 0.06288527524413401, "0.35": 0.04349200173547922, "0.4": 0.02887964470525289}, "3": {"0": 0.11398936436481887, "0.05": 0.32580011096855543, "0.1": 0.2983055144385, "0.15": 0.2692965442873712, "0.2": 0.2331929492822963, "0.25": 0.20005498093308574, "0.3": 0.16917208581036147, "0.35": 0.1395104690529867, "0.4": 0.11243626693881532}, "4": {"0": 0.11398936436481887, "0.05": 0.003955884789827149, "0.1": 0.00010947460438936472, "0.15": 1.165057346207897e-05, "0.2": 7.751937984496124e-06, "0.25": 7.751937984496124e-06, "0.3": 0.0, "0.35": 0.0, "0.4": 0.0}, "5": {"0": 0.11398936436481887, "0.05": 0.03243821505930617, "0.1": 0.011812125140592473, "0.15": 0.00399232613510628, "0.2": 0.0018143869696595572, "0.25": 0.0009535115189274183, "0.3": 0.0006817985364747466, "0.35": 0.0005341705298813479, "0.4": 0.00038420353289829896}, "6": {"0": 0.11398936436481887, "0.05": 0.18329624025304062, "0.1": 0.08709595168635559, "0.15": 0.04329503899645167, "0.2": 0.02564061959361913, "0.25": 0.016960447600907487, "0.3": 0.011872243341842116, "0.35": 0.008584433216774559, "0.4": 0.006477894213093275}, "7": {"0": 0.11398936436481887, "0.05": 0.3142017721573812, "0.1": 0.2655107429017439, "0.15": 0.2083762860553676, "0.2": 0.16613038218153328, "0.25": 0.136995915869056, "0.3": 0.10865403340680535, "0.35": 0.0813054453753677, "0.4": 0.05898431921295015}, "8": {"0": 0.11398936436481887, "0.05": 0.07640576987913691, "0.1": 0.02796350265033214, "0.15": 0.014308738522259274, "0.2": 0.008944016586767349, "0.25": 0.00634237877471858, "0.3": 0.004498448493923632, "0.35": 0.0033226014493423933, "0.4": 0.002604838484653246}, "9": {"0": 0.11398936436481887, "0.05": 0.18791561816448227, "0.1": 0.1294131178675331, "0.15": 0.07928219265921367, "0.2": 0.051604931990255336, "0.25": 0.03429442302021165, "0.3": 0.022406827759444567, "0.35": 0.014713588991637844, "0.4": 0.009935236890097737}, "10": {"0": 0.11398936436481887, "0.05": 0.05923739160796734, "0.1": 0.02203177552532221, "0.15": 0.014081947227105299, "0.2": 0.009950235334965921, "0.25": 0.007216325154416282, "0.3": 0.005227318581752223, "0.35": 0.003745797038161728, "0.4": 0.002766885098219678}, "11": {"0": 0.11398936436481887, "0.05": 0.165405846494704, "0.1": 0.08643704701794244, "0.15": 0.034351312459248017, "0.2": 0.008926949747820675, "0.25": 0.0016697828480973884, "0.3": 0.0005272484996674229, "0.35": 0.0002838918546715224, "0.4": 0.0001551537686823629}}, "recall": {"0": {"0": 1.0, "0.05": 0.01030497887536459, "0.1": 0.002427627081600303, "0.15": 0.0010832789358957524, "0.2": 0.0006254000253780467, "0.25": 0.00034171624621205405, "0.3": 0.0001938143191760618, "0.35": 0.00016354192227767598, "0.4": 0.00011410694824961739}, "1": {"0": 1.0, "0.05": 0.21743532316997558, "0.1": 0.0980468946691721, "0.15": 0.044940939147574764, "0.2": 0.024231173115751195, "0.25": 0.01454361444455953, "0.3": 0.010458339828561593, "0.35": 0.008302536290266675, "0.4": 0.0067198836653153005}, "2": {"0": 1.0, "0.05": 0.23281260298359424, "0.1": 0.14562260286971163, "0.15": 0.098235516755092, "0.2": 0.0690145853457514, "0.25": 0.04950448732615283, "0.3": 0.034580852073559494, "0.35": 0.023365213157785603, "0.4": 0.01523432627062123}, "3": {"0": 1.0, "0.05": 0.26598864442290826, "0.1": 0.2167965517284666, "0.15": 0.18300953256556493, "0.2": 0.15080668257358595, "0.25": 0.12365676315807246, "0.3": 0.10062431434699945, "0.35": 0.08027621668341783, "0.4": 0.06294666476010073}, "4": {"0": 1.0, "0.05": 0.0030716812655734913, "0.1": 5.8384746942431045e-05, "0.15": 5.893955215222183e-06, "0.2": 3.92156862745098e-06, "0.25": 3.92156862745098e-06, "0.3": 0.0, "0.35": 0.0, "0.4": 0.0}, "5": {"0": 1.0, "0.05": 0.027308672753405015, "0.1": 0.007509953152835197, "0.15": 0.002275042450246181, "0.2": 0.0009929878783328998, "0.25": 0.0005085251255498958, "0.3": 0.00035779324339515193, "0.35": 0.0002777136205677736, "0.4": 0.00019836630967521367}, "6": {"0": 1.0, "0.05": 0.15289183021456046, "0.1": 0.0543421642743002, "0.15": 0.024397677172823914, "0.2": 0.013787622793661048, "0.25": 0.008913128496500486, "0.3": 0.006156776343643559, "0.35": 0.004412916444900999, "0.4": 0.0033129207113242287}, "7": {"0": 1.0, "0.05": 0.23720221855838755, "0.1": 0.1734100681528244, "0.15": 0.12654169486897235, "0.2": 0.09662409495402155, "0.25": 0.07742016947712324, "0.3": 0.05979440647140406, "0.35": 0.04367327344198132, "0.4": 0.03111574559036736}, "8": {"0": 1.0, "0.05": 0.07031851127146214, "0.1": 0.018063065630637597, "0.15": 0.008231817579848977, "0.2": 0.004896051383102637, "0.25": 0.0033823454675294008, "0.3": 0.002359574554363155, "0.35": 0.0017183857318423242, "0.4": 0.001335268469407709}, "9": {"0": 1.0, "0.05": 0.17300745172216303, "0.1": 0.08874657138743856, "0.15": 0.04768533920747663, "0.2": 0.029059999535085684, "0.25": 0.018604800540463734, "0.3": 0.011878268999981217, "0.35": 0.00768128086762998, "0.4": 0.005135315904815703}, "10": {"0": 1.0, "0.05": 0.043358219716824846, "0.1": 0.012179924361643866, "0.15": 0.007379281993762994, "0.2": 0.005119781073986817, "0.25": 0.0036840001041122013, "0.3": 0.0026568898589874332, "0.35": 0.001898482809887806, "0.4": 0.0013994496650669248}, "11": {"0": 1.0, "0.05": 0.14864414914972102, "0.1": 0.05160141109886981, "0.15": 0.01824035720816505, "0.2": 0.004576123380496208, "0.25": 0.0008462023775891066, "0.3": 0.0002666325360331623, "0.35": 0.00014340890042427947, "0.4": 7.837831185279753e-05}}, "precision": {"0": {"0": 0.06220500523914973, "0.05": 0.03685202481623071, "0.1": 0.02422558784426872, "0.15": 0.021513070404521648, "0.2": 0.019472614483938843, "0.25": 0.01600638676575714, "0.3": 0.013071420246420244, "0.35": 0.012460449735449736, "0.4": 0.009462433862433861}, "1": {"0": 0.06220500523914973, "0.05": 0.2984267003823459, "0.1": 0.36749223405279197, "0.15": 0.42064391237175697, "0.2": 0.4766828059309697, "0.25": 0.48000439323530575, "0.3": 0.49499375794054207, "0.35": 0.5236381864344001, "0.4": 0.5274854372025948}, "2": {"0": 0.06220500523914973, "0.05": 0.3172258242540708, "0.1": 0.37082287890533444, "0.15": 0.39408860272502066, "0.2": 0.4071891182960519, "0.25": 0.4104694609776505, "0.3": 0.39719792489572886, "0.35": 0.37265055691315835, "0.4": 0.340437712635103}, "3": {"0": 0.06220500523914973, "0.05": 0.4419125621571715, "0.1": 0.5050821796308067, "0.15": 0.5418642851912344, "0.2": 0.548439453364493, "0.25": 0.5610912043247517, "0.3": 0.5737187022447366, "0.35": 0.5816469197221755, "0.4": 0.5849093009774138}, "4": {"0": 0.06220500523914973, "0.05": 0.008702727566080821, "0.1": 0.0018724867724867727, "0.15": 0.0005, "0.2": 0.0003333333333333333, "0.25": 0.0003333333333333333, "0.3": 0.0, "0.35": 0.0, "0.4": 0.0}, "5": {"0": 0.06220500523914973, "0.05": 0.04381286332723485, "0.1": 0.03261077949030686, "0.15": 0.0199801090118929, "0.2": 0.013398808365174219, "0.25": 0.010430319056841296, "0.3": 0.00983407668937591, "0.35": 0.010160343788993248, "0.4": 0.009479403210813052}, "6": {"0": 0.06220500523914973, "0.05": 0.255742404257674, "0.1": 0.2749522587752081, "0.15": 0.2773921623872102, "0.2": 0.2942141455402075, "0.25": 0.31263639991116715, "0.3": 0.3149561792879751, "0.35": 0.30171403873903874, "0.4": 0.2745676767676769}, "7": {"0": 0.06220500523914973, "0.05": 0.49250845844020574, "0.1": 0.6047934503915459,