{"fscore": {"0": {"0": 0.11396083236362174, "0.05": 0.035716697417653334, "0.1": 0.009459218281084494, "0.15": 0.0019590723376590774, "0.2": 0.00029735049605214374, "0.25": 1.097646645591851e-05, "0.3": 0.0, "0.35": 0.0, "0.4": 0.0}, "1": {"0": 0.11396083236362174, "0.05": 0.10975917850540115, "0.1": 0.08152238260049534, "0.15": 0.0622302901846745, "0.2": 0.047652354825369114, "0.25": 0.03577336365953687, "0.3": 0.026214374073526173, "0.35": 0.018533674643098182, "0.4": 0.013390580364948517}, "2": {"0": 0.11396083236362174, "0.05": 0.07545200110719089, "0.1": 0.031012137877189677, "0.15": 0.015790787145481825, "0.2": 0.008937030161038246, "0.25": 0.005457281800871621, "0.3": 0.003704751287409675, "0.35": 0.0025802384585117575, "0.4": 0.0017752039970956005}, "3": {"0": 0.11396083236362174, "0.05": 0.1347622041756753, "0.1": 0.0454204330949768, "0.15": 0.018863321144558538, "0.2": 0.008111210942774888, "0.25": 0.0031313636834790575, "0.3": 0.0011146852825606296, "0.35": 0.0005008705225606038, "0.4": 0.00030875859191778786}, "4": {"0": 0.11396083236362174, "0.05": 0.30843301256513345, "0.1": 0.24737543737595577, "0.15": 0.20022432159569242, "0.2": 0.16295849574032648, "0.25": 0.13151113180260607, "0.3": 0.10638614463068378, "0.35": 0.08547271595190797, "0.4": 0.06846072495717453}, "5": {"0": 0.11396083236362174, "0.05": 0.04542550197169715, "0.1": 0.01703943997965765, "0.15": 0.009415999976277274, "0.2": 0.005882946624055353, "0.25": 0.0041430927974211084, "0.3": 0.0031581933310990723, "0.35": 0.0023925579364467795, "0.4": 0.0018602078435898688}, "6": {"0": 0.11396083236362174, "0.05": 0.10559215357115535, "0.1": 0.07054492629997813, "0.15": 0.04878510469521788, "0.2": 0.03503533425147464, "0.25": 0.025458894954565534, "0.3": 0.019164413447263665, "0.35": 0.01488319035627414, "0.4": 0.011983684136974378}, "7": {"0": 0.11396083236362174, "0.05": 0.20711497477962823, "0.1": 0.10504997097707146, "0.15": 0.05847709070248531, "0.2": 0.03548503466755962, "0.25": 0.021652105524534542, "0.3": 0.012649466148892376, "0.35": 0.0070078181480895205, "0.4": 0.0035526129522062745}, "8": {"0": 0.11396083236362174, "0.05": 0.145996115650619, "0.1": 0.102068371198083, "0.15": 0.07385402611619003, "0.2": 0.055407637842841514, "0.25": 0.04209417220740878, "0.3": 0.03299127398559278, "0.35": 0.02576980967239952, "0.4": 0.020293176880722786}, "9": {"0": 0.11396083236362174, "0.05": 0.14328757793331814, "0.1": 0.07558559834794483, "0.15": 0.04122708311971132, "0.2": 0.024490638668749832, "0.25": 0.01610403924029184, "0.3": 0.011384357020687231, "0.35": 0.008050461333219508, "0.4": 0.005769617929678388}, "10": {"0": 0.11396083236362174, "0.05": 0.04473350046952472, "0.1": 0.020857743460412942, "0.15": 0.012368363817916268, "0.2": 0.008187097235620904, "0.25": 0.005695226286049276, "0.3": 0.004244422453342093, "0.35": 0.0032499857706275548, "0.4": 0.0026201199044650924}, "11": {"0": 0.11396083236362174, "0.05": 0.16084230102142955, "0.1": 0.08386536695038796, "0.15": 0.04564089591524167, "0.2": 0.02723550133372674, "0.25": 0.017644080235613716, "0.3": 0.012164944347230148, "0.35": 0.008677857646328757, "0.4": 0.006356579515810944}, "12": {"0": 0.11396083236362174, "0.05": 0.07692978686726755, "0.1": 0.032188090846387074, "0.15": 0.01895842009006513, "0.2": 0.013130740558346166, "0.25": 0.009719802178984932, "0.3": 0.0076446883385181495, "0.35": 0.006199983549252185, "0.4": 0.005149992315598327}, "13": {"0": 0.11396083236362174, "0.05": 0.06816835182135413, "0.1": 0.026188622333968594, "0.15": 0.012638199655278001, "0.2": 0.007345750213967014, "0.25": 0.004879295209503937, "0.3": 0.0034778508180447515, "0.35": 0.0026215698980095723, "0.4": 0.002158685450729409}, "14": {"0": 0.11396083236362174, "0.05": 0.13896857944525123, "0.1": 0.10417410507857919, "0.15": 0.08332041842378561, "0.2": 0.06792095896912259, "0.25": 0.05558363431317548, "0.3": 0.0459013142763402, "0.35": 0.03791660601002181, "0.4": 0.031263205914210314}, "15": {"0": 0.11396083236362174, "0.05": 0.30198875223105853, "0.1": 0.21652127873265328, "0.15": 0.15543064015182997, "0.2": 0.1115688597091927, "0.25": 0.08086608561819612, "0.3": 0.05972257458697646, "0.35": 0.04508956041242469, "0.4": 0.034621525197068605}}, "recall": {"0": {"0": 1.0, "0.05": 0.025296792498131226, "0.1": 0.004988819651621299, "0.15": 0.0009976819763872283, "0.2": 0.00015074531967688255, "0.25": 5.5836637950681434e-06, "0.3": 0.0, "0.35": 0.0, "0.4": 0.0}, "1": {"0": 1.0, "0.05": 0.11407940514757532, "0.1": 0.06277591305684345, "0.15": 0.04113981753271653, "0.2": 0.028783873751879473, "0.25": 0.020446395833446176, "0.3": 0.014437744590140716, "0.35": 0.00993895306363734, "0.4": 0.007063506827380155}, "2": {"0": 1.0, "0.05": 0.059643359037294015, "0.1": 0.019096051141473544, "0.15": 0.008918845876136061, "0.2": 0.0048419051161748845, "0.25": 0.0028872254552427196, "0.3": 0.0019303658434341741, "0.35": 0.0013316905280139144, "0.4": 0.0009101087244646199}, "3": {"0": 1.0, "0.05": 0.11202196078865102, "0.1": 0.02642648511236838, "0.15": 0.010031165686938777, "0.2": 0.004186480865386859, "0.25": 0.0015953021948469195, "0.3": 0.0005656965128452618, "0.35": 0.0002536835343831103, "0.4": 0.0001561246206197492}, "4": {"0": 1.0, "0.05": 0.27265628690901383, "0.1": 0.1765435123932949, "0.15": 0.12919161154463402, "0.2": 0.09896024553553853, "0.25": 0.0765764056332336, "0.3": 0.06009579061254224, "0.35": 0.04715177264399205, "0.4": 0.03706480117713259}, "5": {"0": 1.0, "0.05": 0.0366618042808392, "0.1": 0.010346142724333858, "0.15": 0.005258428565119595, "0.2": 0.0031639018528655935, "0.25": 0.0021818552435575924, "0.3": 0.0016413293857320598, "0.35": 0.0012329315741555927, "0.4": 0.0009531515415258478}, "6": {"0": 1.0, "0.05": 0.0929591795430215, "0.1": 0.045554601730151544, "0.15": 0.02817416806872572, "0.2": 0.019191383846801097, "0.25": 0.01354077890269887, "0.3": 0.010007558609903332, "0.35": 0.007680352942418176, "0.4": 0.006133248056079321}, "7": {"0": 1.0, "0.05": 0.1759739730695437, "0.1": 0.07021586024595965, "0.15": 0.03522027743621456, "0.2": 0.020205630795136972, "0.25": 0.011917878030574779, "0.3": 0.006809803298571872, "0.35": 0.0037156372742655625, "0.4": 0.0018635075998683429}, "8": {"0": 1.0, "0.05": 0.14697364449037284, "0.1": 0.08063534050152467, "0.15": 0.05148380907838321, "0.2": 0.03573488981982878, "0.25": 0.0257052160918086, "0.3": 0.019384994535342297, "0.35": 0.014720434004889862, "0.4": 0.01135224983490569}, "9": {"0": 1.0, "0.05": 0.1200012265908295, "0.1": 0.04590754416354555, "0.15": 0.022647695305867008, "0.2": 0.012901473353861055, "0.25": 0.008318009535114435, "0.3": 0.005820534739577813, "0.35": 0.00408914564065768, "0.4": 0.0029211360928508407}, "10": {"0": 1.0, "0.05": 0.0339619932449049, "0.1": 0.013205053466545586, "0.15": 0.007270519616122134, "0.2": 0.004607780878697841, "0.25": 0.0031105371729604927, "0.3": 0.002270940620933149, "0.35": 0.0017139796262909829, "0.4": 0.0013681537913609106}, "11": {"0": 1.0, "0.05": 0.12360474384011351, "0.1": 0.05257889970403924, "0.15": 0.02629692814966992, "0.2": 0.015008596635779324, "0.25": 0.009473235282791375, "0.3": 0.006421722892305438, "0.35": 0.00453116505789516, "0.4": 0.003294066942557075}, "12": {"0": 1.0, "0.05": 0.05171661137420765, "0.1": 0.018083694190204263, "0.15": 0.010144306525770167, "0.2": 0.006880338729335503, "0.25": 0.005031790919067068, "0.3": 0.003929714289308696, "0.35": 0.0031717827843216377, "0.4": 0.002626673582888564}, "13": {"0": 1.0, "0.05": 0.04880113547720962, "0.1": 0.015292370610941113, "0.15": 0.007048762731970599, "0.2": 0.004073730756884107, "0.25": 0.0027180189591189197, "0.3": 0.0019524720811948117, "0.35": 0.0014837960847573389, "0.4": 0.0012261366655193482}, "14": {"0": 1.0, "0.05": 0.14344247627153348, "0.1": 0.08239678714551651, "0.15": 0.05754313720188737, "0.2": 0.043179424309839384, "0.25": 0.033432055668525036, "0.3": 0.026536806902071372, "0.35": 0.021283603884081945, "0.4": 0.01716703601416031}, "15": {"0": 1.0,