{"fscore": {"0": {"0": 0.11396083236362174, "0.05": 0.005590124287392347, "0.1": 0.00017289888949024285, "0.15": 2.33476338120714e-05, "0.2": 0.0, "0.25": 0.0, "0.3": 0.0, "0.35": 0.0, "0.4": 0.0}, "1": {"0": 0.11396083236362174, "0.05": 0.0002513286102474782, "0.1": 0.0, "0.15": 0.0, "0.2": 0.0, "0.25": 0.0, "0.3": 0.0, "0.35": 0.0, "0.4": 0.0}, "2": {"0": 0.11396083236362174, "0.05": 0.0011945702638634199, "0.1": 7.168458781362007e-06, "0.15": 0.0, "0.2": 0.0, "0.25": 0.0, "0.3": 0.0, "0.35": 0.0, "0.4": 0.0}, "3": {"0": 0.11396083236362174, "0.05": 0.1684886062183473, "0.1": 0.09407128702313289, "0.15": 0.044870178721846864, "0.2": 0.014060098351955012, "0.25": 0.003048375962223562, "0.3": 0.00035513556017340703, "0.35": 3.79168759526802e-05, "0.4": 3.765751978782393e-06}, "4": {"0": 0.11396083236362174, "0.05": 0.2780420543089121, "0.1": 0.18825942134559084, "0.15": 0.10874478152737233, "0.2": 0.0504007933544851, "0.25": 0.012493094507480354, "0.3": 0.0006897614884450308, "0.35": 0.0, "0.4": 0.0}, "5": {"0": 0.11396083236362174, "0.05": 0.0018215743510140543, "0.1": 3.5087719298245606e-06, "0.15": 0.0, "0.2": 0.0, "0.25": 0.0, "0.3": 0.0, "0.35": 0.0, "0.4": 0.0}, "6": {"0": 0.11396083236362174, "0.05": 0.028834077831688024, "0.1": 7.401392693301961e-05, "0.15": 0.0, "0.2": 0.0, "0.25": 0.0, "0.3": 0.0, "0.35": 0.0, "0.4": 0.0}, "7": {"0": 0.11396083236362174, "0.05": 0.21264769611017786, "0.1": 0.07696705885580754, "0.15": 0.021094042603308917, "0.2": 0.004069709337517442, "0.25": 0.0009124002860757367, "0.3": 0.0002693487917020386, "0.35": 8.931308296628822e-05, "0.4": 2.7039703591427728e-05}, "8": {"0": 0.11396083236362174, "0.05": 0.23765787734445049, "0.1": 0.15944089151163493, "0.15": 0.09034069000238973, "0.2": 0.041540681571983984, "0.25": 0.012338121126186243, "0.3": 0.0023798707905426037, "0.35": 0.00043235579342295043, "0.4": 6.729151237386923e-05}, "9": {"0": 0.11396083236362174, "0.05": 0.014295483396106382, "0.1": 0.0005917558091405594, "0.15": 0.00012075377954378097, "0.2": 2.0099467319462585e-05, "0.25": 3.2051282051282054e-06, "0.3": 3.2051282051282054e-06, "0.35": 0.0, "0.4": 0.0}, "10": {"0": 0.11396083236362174, "0.05": 0.017728347217935127, "0.1": 0.0007386728979141962, "0.15": 9.275470860796099e-05, "0.2": 2.6555515874493916e-05, "0.25": 1.021324354657688e-05, "0.3": 1.0270933635419616e-05, "0.35": 4.040404040404041e-06, "0.4": 0.0}, "11": {"0": 0.11396083236362174, "0.05": 0.3290309688744701, "0.1": 0.21102401589342643, "0.15": 0.08336352183214533, "0.2": 0.020772330454346576, "0.25": 0.002937835734164511, "0.3": 0.0003580621544641668, "0.35": 0.0, "0.4": 0.0}, "12": {"0": 0.11396083236362174, "0.05": 0.0019822767795366052, "0.1": 0.0, "0.15": 0.0, "0.2": 0.0, "0.25": 0.0, "0.3": 0.0, "0.35": 0.0, "0.4": 0.0}, "13": {"0": 0.11396083236362174, "0.05": 0.01708498384769335, "0.1": 7.91740285707634e-05, "0.15": 1.635667067517532e-05, "0.2": 6.28930817610063e-06, "0.25": 0.0, "0.3": 0.0, "0.35": 0.0, "0.4": 0.0}, "14": {"0": 0.11396083236362174, "0.05": 0.07843068635915418, "0.1": 0.006764182752275259, "0.15": 0.0007892470901347135, "0.2": 0.00019435787596842676, "0.25": 8.06201044001531e-05, "0.3": 4.658941948212278e-05, "0.35": 3.0338219787026378e-05, "0.4": 2.5231198216863536e-05}, "15": {"0": 0.11396083236362174, "0.05": 0.33032417921314583, "0.1": 0.17303884067522202, "0.15": 0.06951911696715954, "0.2": 0.029742475354968743, "0.25": 0.013032655112156068, "0.3": 0.007771709442058619, "0.35": 0.004645795077269883, "0.4": 0.0024323486811136854}}, "recall": {"0": {"0": 1.0, "0.05": 0.004419727520561156, "0.1": 9.872298747043362e-05, "0.15": 1.2575919504737304e-05, "0.2": 0.0, "0.25": 0.0, "0.3": 0.0, "0.35": 0.0, "0.4": 0.0}, "1": {"0": 1.0, "0.05": 0.00012979097166968388, "0.1": 0.0, "0.15": 0.0, "0.2": 0.0, "0.25": 0.0, "0.3": 0.0, "0.35": 0.0, "0.4": 0.0}, "2": {"0": 1.0, "0.05": 0.0008653038140033077, "0.1": 3.875968992248062e-06, "0.15": 0.0, "0.2": 0.0, "0.25": 0.0, "0.3": 0.0, "0.35": 0.0, "0.4": 0.0}, "3": {"0": 1.0, "0.05": 0.13911819958861668, "0.1": 0.05293145497036188, "0.15": 0.023777760544098175, "0.2": 0.0072683732643043335, "0.25": 0.0015594806889132871, "0.3": 0.00017991771003315142, "0.35": 1.931129762832834e-05, "0.4": 1.8893893893893893e-06}, "4": {"0": 1.0, "0.05": 0.1878739192073139, "0.1": 0.11654593830260969, "0.15": 0.06636494927767421, "0.2": 0.030371973743779673, "0.25": 0.007248171194495071, "0.3": 0.00036847445423857463, "0.35": 0.0, "0.4": 0.0}, "5": {"0": 1.0, "0.05": 0.0011206945359689903, "0.1": 1.7636684303350968e-06, "0.15": 0.0, "0.2": 0.0, "0.25": 0.0, "0.3": 0.0, "0.35": 0.0, "0.4": 0.0}, "6": {"0": 1.0, "0.05": 0.019039004285857627, "0.1": 3.741894751063633e-05, "0.15": 0.0, "0.2": 0.0, "0.25": 0.0, "0.3": 0.0, "0.35": 0.0, "0.4": 0.0}, "7": {"0": 1.0, "0.05": 0.15106431254901445, "0.1": 0.04540503966262997, "0.15": 0.011512533938475665, "0.2": 0.002101924409644925, "0.25": 0.00046423973934059984, "0.3": 0.00013621748425677934, "0.35": 4.510650476312113e-05, "0.4": 1.3634893396950547e-05}, "8": {"0": 1.0, "0.05": 0.1548532543385024, "0.1": 0.09792668383711943, "0.15": 0.05422611550028675, "0.2": 0.024208169941270886, "0.25": 0.006818308102104413, "0.3": 0.0012447297042815692, "0.35": 0.00022121553384605967, "0.4": 3.4042424261031157e-05}, "9": {"0": 1.0, "0.05": 0.009844915030284892, "0.1": 0.00030943690523784146, "0.15": 6.198390150402783e-05, "0.2": 1.0246316318284926e-05, "0.25": 1.6260162601626016e-06, "0.3": 1.6260162601626016e-06, "0.35": 0.0, "0.4": 0.0}, "10": {"0": 1.0, "0.05": 0.011779579005196323, "0.1": 0.00039126007308054736, "0.15": 4.764694584250581e-05, "0.2": 1.3565321842027345e-05, "0.25": 5.281235729743681e-06, "0.3": 5.281235729743681e-06, "0.35": 2.044989775051125e-06, "0.4": 0.0}, "11": {"0": 1.0, "0.05": 0.28619355752739484, "0.1": 0.14427239807418715, "0.15": 0.04984184203007925, "0.2": 0.011121047675533468, "0.25": 0.0015034004602734665, "0.3": 0.00018119820119398637, "0.35": 0.0, "0.4": 0.0}, "12": {"0": 1.0, "0.05": 0.0010583292847485552, "0.1": 0.0, "0.15": 0.0, "0.2": 0.0, "0.25": 0.0, "0.3": 0.0, "0.35": 0.0, "0.4": 0.0}, "13": {"0": 1.0, "0.05": 0.010438541171977995, "0.1": 4.0482321267279506e-05, "0.15": 8.261207818729942e-06, "0.2": 3.174603174603175e-06, "0.25": 0.0, "0.3": 0.0, "0.35": 0.0, "0.4": 0.0}, "14": {"0": 1.0, "0.05": 0.05221704306270052, "0.1": 0.003647288337810765, "0.15": 0.0004050856664787063, "0.2": 9.926286375966812e-05, "0.25": 4.1312568251261916e-05, "0.3": 2.3968084445501473e-05, "0.35": 1.566409070461453e-05, "0.4": 1.2999255539779363e-05}, "15": {"0": 1.0, "0.05": 0.32210151796794134, "0.1": 0.1146801815088264, "0.15": 0.03859939458056729, "0.2": 0.015463441288679915, "0.25": 0.006633237357854859, "0.3": 0.00393149177853475, "0.35": 0.0023467590673688027, "0.4": 0.0012268588041049466}}, "precision": {"0": {"0": 0.06218900307361576, "0.05": 0.010115289593870482, "0.1": 0.0011108419830320488, "0.15": 0.00017752525252525252, "0.2": 0.0, "0.25": 0.0, "0.3": 0.0, "0.35": 0.0, "0.4": 0.0}, "1": {"0": 0.06218900307361576, "0.05": 0.010747619047619048, "0.1": 0.0, "0.15": 0.0, "0.2": 0.0, "0.25": 0.0, "0.3": 0.0, "0.35": 0.0, "0.4": 0.0}, "2": {"0": 0.06218900307361576, "0.05": 0.0043119026372489, "0.1": 4.7619047619047614e-05, "0.15": 0.0, "0.2": 0.0, "0.25": 0.0, "0.3": 0.0, "0.35": 0.0, "0.4": 0.0}, "3": {"0": 0.06218900307361576, "0.05": 0.25038108111146784, "0.1": 0.5045697457472408, "0.15": 0.5078460934436191, "0.2": 0.31193915343915396, "0.25": 0.09975555555555557, "0.3": 0.017888888888888888, "0.35": 0.0021666666666666666, "0.4": 0.0006666666666666666}, "4": {"0": 0.06218900307361576, "0.05": 0.6090209444110447, "0.1": 0.6020782917627532, "0.15": 0.41776695502132793, "0.2": 0.22347790501530088, "0.25": 0.0821480661869858, "0.3": 0.012682679738562094, "0.35": 0.0, "0.4": 0.0}, "5": {"0": 0.06218900307361576, "0.05": 0.011805464675248336, "0.1": 0.0003333333333333333, "0.15": 0.0, "0.2": 0.0, "0.25": 0.0, "0.3": 0.0, "0.35": 0.0,