{"fscore": {"0": {"0": 0.0958002684513562, "0.05": 0.10360831564752913, "0.1": 0.07756002372531325, "0.15": 0.05842915987236319, "0.2": 0.047394443041900394, "0.25": 0.040211959541831176, "0.3": 0.03504466913009237, "0.35": 0.031373317010206424, "0.4": 0.02856553721866557}, "1": {"0": 0.0958002684513562, "0.05": 0.023041299995467404, "0.1": 0.0190175686387088, "0.15": 0.017889800158016646, "0.2": 0.017418139256732888, "0.25": 0.01713940448753133, "0.3": 0.01700479554818604, "0.35": 0.016995911538131903, "0.4": 0.017008810287498833}, "2": {"0": 0.0958002684513562, "0.05": 0.0317704960668546, "0.1": 0.026949649394110348, "0.15": 0.024731434341134385, "0.2": 0.023424233117664253, "0.25": 0.022579941037808637, "0.3": 0.02196101855071139, "0.35": 0.021496654470447817, "0.4": 0.021034146551079137}, "3": {"0": 0.0958002684513562, "0.05": 0.23668963432322354, "0.1": 0.2056032910364759, "0.15": 0.1809078002046082, "0.2": 0.1607349588314866, "0.25": 0.1435849555710765, "0.3": 0.12819499246001137, "0.35": 0.11468306638536478, "0.4": 0.10257958346328559}, "4": {"0": 0.0958002684513562, "0.05": 0.019322734008791705, "0.1": 0.01675141386941068, "0.15": 0.016608948235668733, "0.2": 0.01660206103457267, "0.25": 0.01661490304164787, "0.3": 0.016637059534325514, "0.35": 0.016693413423353485, "0.4": 0.016771199296581562}, "5": {"0": 0.0958002684513562, "0.05": 0.01747121991510897, "0.1": 0.016856692039753915, "0.15": 0.016730813208739592, "0.2": 0.016726204781593264, "0.25": 0.01676663349592033, "0.3": 0.016842513560586875, "0.35": 0.016898572623401442, "0.4": 0.016987509819585623}, "6": {"0": 0.0958002684513562, "0.05": 0.017389160110455038, "0.1": 0.016836093091664006, "0.15": 0.016717888065807162, "0.2": 0.01663659330683344, "0.25": 0.01663269062970452, "0.3": 0.01666506870345155, "0.35": 0.016690736396114392, "0.4": 0.01671479417947158}, "7": {"0": 0.0958002684513562, "0.05": 0.054781958151837784, "0.1": 0.03569464324048668, "0.15": 0.028987780083609815, "0.2": 0.02582536187734923, "0.25": 0.02420005882387156, "0.3": 0.023096139550086894, "0.35": 0.02224730258758844, "0.4": 0.02148980632106679}, "8": {"0": 0.0958002684513562, "0.05": 0.016454149345628454, "0.1": 0.016497080798994743, "0.15": 0.01654488859012082, "0.2": 0.016556939009253962, "0.25": 0.016562306078148546, "0.3": 0.01657218025814554, "0.35": 0.016581807071545645, "0.4": 0.016593033207408757}, "9": {"0": 0.0958002684513562, "0.05": 0.10796146785521936, "0.1": 0.047401889081861354, "0.15": 0.02711982669656975, "0.2": 0.020756292440263405, "0.25": 0.018504843851467872, "0.3": 0.017585516403699285, "0.35": 0.01707337301289634, "0.4": 0.01670335023618292}, "10": {"0": 0.0958002684513562, "0.05": 0.021549221481996263, "0.1": 0.01777375833001142, "0.15": 0.01713379483285674, "0.2": 0.01687166767845947, "0.25": 0.016768257037454777, "0.3": 0.01671310408429548, "0.35": 0.016660045555503374, "0.4": 0.016636305539954894}, "11": {"0": 0.0958002684513562, "0.05": 0.029649690609410258, "0.1": 0.025223422633817265, "0.15": 0.02288664877250372, "0.2": 0.021383533130184422, "0.25": 0.02040916487371688, "0.3": 0.019844075024916707, "0.35": 0.01942742848311205, "0.4": 0.019172117777805104}, "12": {"0": 0.0958002684513562, "0.05": 0.10041816375030689, "0.1": 0.07248329833448529, "0.15": 0.05825523064706232, "0.2": 0.04914628924991029, "0.25": 0.04250625802608209, "0.3": 0.03761243407454584, "0.35": 0.034094717040865564, "0.4": 0.03143725133416144}, "13": {"0": 0.0958002684513562, "0.05": 0.017323808161845304, "0.1": 0.01666216302242605, "0.15": 0.016646269230590358, "0.2": 0.016727167533995665, "0.25": 0.016847018539750416, "0.3": 0.01697350092240734, "0.35": 0.01711461167418974, "0.4": 0.01719234307801967}, "14": {"0": 0.0958002684513562, "0.05": 0.01864551740746069, "0.1": 0.01666983644631133, "0.15": 0.01647706996947162, "0.2": 0.016628155990083285, "0.25": 0.016781900624557828, "0.3": 0.01695583186731206, "0.35": 0.017140975226222693, "0.4": 0.0173081608919571}, "15": {"0": 0.0958002684513562, "0.05": 0.07468273475519323, "0.1": 0.04642446673995675, "0.15": 0.03634893043110038, "0.2": 0.03162124997188288, "0.25": 0.02876916230194638, "0.3": 0.02676734529286805, "0.35": 0.025344121958654812, "0.4": 0.024256137432414254}}, "recall": {"0": {"0": 0.4647533172052178, "0.05": 0.10546228721249457, "0.1": 0.06386334750325373, "0.15": 0.04338768037997285, "0.2": 0.032939396322305386, "0.25": 0.026559159677412677, "0.3": 0.02217873014126648, "0.35": 0.019134793698249955, "0.4": 0.01689744281992781}, "1": {"0": 0.4647533172052178, "0.05": 0.017202953922134438, "0.1": 0.013278218885988248, "0.15": 0.01219859287356839, "0.2": 0.011728750913751461, "0.25": 0.011448687814007194, "0.3": 0.011286459847757316, "0.35": 0.011216276236130118, "0.4": 0.011157013864202347}, "2": {"0": 0.4647533172052178, "0.05": 0.025582093540807985, "0.1": 0.01991881491600378, "0.15": 0.017481373238566668, "0.2": 0.016059685961092106, "0.25": 0.015129536405071201, "0.3": 0.014465677977990395, "0.35": 0.013936051975623602, "0.4": 0.013464482607232563}, "3": {"0": 0.4647533172052178, "0.05": 0.24169026511726321, "0.1": 0.17876637651786115, "0.15": 0.1429044082652923, "0.2": 0.11831576234609271, "0.25": 0.09980434847594016, "0.3": 0.08488267368183576, "0.35": 0.07295269349407996, "0.4": 0.06306685870821872}, "4": {"0": 0.4647533172052178, "0.05": 0.013499329058489653, "0.1": 0.011138650700244872, "0.15": 0.010993516787062623, "0.2": 0.010975046846058763, "0.25": 0.010970173694201606, "0.3": 0.01096339223245753, "0.35": 0.010960981612502297, "0.4": 0.010952896711133883}, "5": {"0": 0.4647533172052178, "0.05": 0.013442310459298761, "0.1": 0.011923287637781247, "0.15": 0.011441481146547954, "0.2": 0.01122858153907315, "0.25": 0.01112083636534843, "0.3": 0.011076415376370734, "0.35": 0.011030425684616046, "0.4": 0.011013187018030309}, "6": {"0": 0.4647533172052178, "0.05": 0.012403878454120994, "0.1": 0.011621288446091277, "0.15": 0.011363806846869587, "0.2": 0.0111997391188337, "0.25": 0.011125820135559765, "0.3": 0.011088806536163636, "0.35": 0.011055312029685252, "0.4": 0.01102890474814177}, "7": {"0": 0.4647533172052178, "0.05": 0.051102749356421735, "0.1": 0.0272817745354457, "0.15": 0.02038182070854816, "0.2": 0.01734107726871731, "0.25": 0.01571719913292124, "0.3": 0.014594712072542428, "0.35": 0.013717968072202527, "0.4": 0.012952042942177633}, "8": {"0": 0.4647533172052178, "0.05": 0.011211194990607663, "0.1": 0.011047595405309033, "0.15": 0.011013646274858823, "0.2": 0.010989611348640333, "0.25": 0.01097468744278104, "0.3": 0.010969082693656379, "0.35": 0.010966341771739491, "0.4": 0.010966341771739491}, "9": {"0": 0.4647533172052178, "0.05": 0.08468766977173135, "0.1": 0.03236664894391598, "0.15": 0.018067703581697733, "0.2": 0.013706349401650508, "0.25": 0.012150866448970864, "0.3": 0.011469638434360978, "0.35": 0.011039849452695951, "0.4": 0.010680866546256995}, "10": {"0": 0.4647533172052178, "0.05": 0.014743225490035917, "0.1": 0.01190203606331202, "0.15": 0.011382388791445762, "0.2": 0.011173551107483639, "0.25": 0.011093380184110827, "0.3": 0.011052040253924285, "0.35": 0.011011719449377195, "0.4": 0.010990613956425577}, "11": {"0": 0.4647533172052178, "0.05": 0.02255360930208298, "0.1": 0.01813547895864317, "0.15": 0.015997132543872507, "0.2": 0.014644155746077359, "0.25": 0.01376625738452479, "0.3": 0.01320778331958851, "0.35": 0.012788484195406576, "0.4": 0.012489396974147688}, "12": {"0": 0.4647533172052178, "0.05": 0.07843134359432917, "0.1": 0.05187746668750816, "0.15": 0.040349258514229054, "0.2": 0.03341213475492212, "0.25": 0.028491246401320815, "0.3": 0.024924239776038578, "0.35": 0.022361074651593208, "0.4": 0.020430385549444024}, "13": {"0": 0.4647533172052178, "0.05": 0.013883289878555817, "0.1": 0.012445048801637024, "0.15": 0.01195104854321426, "0.2": 0.011672726330816263, "0.25": 0.011494320139047044, "0.3": 0.011372033127581976, "0.35": 0.011292388247281205, "0.4": 0.0111911146794663}, "14": {"0": 0.4647533172052178,