{"fscore": {"0": {"0": 0.11696607480043449, "0.05": 0.28198253549560753, "0.1": 0.28114496569395475, "0.15": 0.274012846886597, "0.2": 0.2644812464463159, "0.25": 0.25577236953134486, "0.3": 0.24682785379370237, "0.35": 0.22246206968578314, "0.4": 0.22030335325793726}, "1": {"0": 0.11417351292079002, "0.05": 0.18240026475541873, "0.1": 0.1307911056705594, "0.15": 0.08770012926335391, "0.2": 0.05885111939846789, "0.25": 0.03914669471946749, "0.3": 0.025843382322403758, "0.35": 0.017281540714597265, "0.4": 0.011759847382821376}, "2": {"0": 0.11417351063249795, "0.05": 0.23404499412366261, "0.1": 0.1876981319116847, "0.15": 0.1359287153163046, "0.2": 0.09179664759726694, "0.25": 0.0597583076352284, "0.3": 0.03745918356398635, "0.35": 0.023367235113821876, "0.4": 0.014162360891027846}, "3": {"0": 0.11417352385794038, "0.05": 0.16813221013596405, "0.1": 0.14526437953279067, "0.15": 0.12393350985016313, "0.2": 0.10552821554564806, "0.25": 0.08934764609222298, "0.3": 0.07499535985121257, "0.35": 0.062147955883395674, "0.4": 0.050778170484037835}, "4": {"0": 0.11418466922601056, "0.05": 0.21347882771133192, "0.1": 0.1800520248169872, "0.15": 0.14466833583561448, "0.2": 0.11585465288762013, "0.25": 0.09319195406719802, "0.3": 0.07592374308109309, "0.35": 0.06219214770382672, "0.4": 0.05132749065158989}, "5": {"0": 0.11417352037415616, "0.05": 0.1481399734557933, "0.1": 0.08321990982026356, "0.15": 0.04978696072831384, "0.2": 0.033542705448967, "0.25": 0.024824008971733837, "0.3": 0.019484922610026507, "0.35": 0.01563752438078468, "0.4": 0.012582828758601892}, "6": {"0": 0.11417351022905459, "0.05": 0.10652387699571161, "0.1": 0.05835966510909648, "0.15": 0.039319697696345815, "0.2": 0.030823532627304192, "0.25": 0.025434590082712958, "0.3": 0.021910313026006236, "0.35": 0.01872200419291919, "0.4": 0.01584555436477922}, "7": {"0": 0.11417351022905459, "0.05": 0.1207542476250247, "0.1": 0.05671582051920332, "0.15": 0.025139804775284297, "0.2": 0.011897814629986644, "0.25": 0.006111020792358998, "0.3": 0.0033650851897573464, "0.35": 0.0019740613786834453, "0.4": 0.001171423376036091}, "8": {"0": 0.11417375386816034, "0.05": 0.33157939584064733, "0.1": 0.2329064942038842, "0.15": 0.1639549567118418, "0.2": 0.11648280489201844, "0.25": 0.08319271002408161, "0.3": 0.05970370748886404, "0.35": 0.04473851717066113, "0.4": 0.03399671237538622}, "9": {"0": 0.11417963247213339, "0.05": 0.18007255650349083, "0.1": 0.12774917141322267, "0.15": 0.08732455890254612, "0.2": 0.06000222810170793, "0.25": 0.04202980872764401, "0.3": 0.030241055790094798, "0.35": 0.022510635827055526, "0.4": 0.017033279691074477}, "10": {"0": 0.11417351022905459, "0.05": 0.1366779515929388, "0.1": 0.06691506666604215, "0.15": 0.03306389400860953, "0.2": 0.01748138211058285, "0.25": 0.010117887955239407, "0.3": 0.006336921648848113, "0.35": 0.0042020579722912435, "0.4": 0.002744984770673609}, "11": {"0": 0.11417351022905459, "0.05": 0.062456158627846835, "0.1": 0.015383909350587116, "0.15": 0.004366256986269895, "0.2": 0.0012843601289887112, "0.25": 0.00042426295821240966, "0.3": 0.00014475324473591734, "0.35": 4.9833068270617684e-05, "0.4": 2.045987618935961e-05}, "12": {"0": 0.11417351022905459, "0.05": 0.06669164778305059, "0.1": 0.020646103100259168, "0.15": 0.007103717487467741, "0.2": 0.0025911980009800883, "0.25": 0.000913956404324878, "0.3": 0.0002690824645957556, "0.35": 9.08529296848318e-05, "0.4": 2.4075546411699008e-05}, "13": {"0": 0.1141750652677444, "0.05": 0.27426573515423414, "0.1": 0.18093421437782575, "0.15": 0.12736269608341635, "0.2": 0.09384705603430772, "0.25": 0.0713815075589162, "0.3": 0.055247104136512924, "0.35": 0.04348097733477609, "0.4": 0.03529009988946055}, "14": {"0": 0.11417351022905459, "0.05": 0.061956694625821936, "0.1": 0.05046118203994056, "0.15": 0.039707395930736314, "0.2": 0.030388775850962998, "0.25": 0.022983276324984116, "0.3": 0.0177026466983001, "0.35": 0.013705920770476743, "0.4": 0.010492796513532063}, "15": {"0": 0.114176056863018, "0.05": 0.1879554925270454, "0.1": 0.15738990393378854, "0.15": 0.13332081527846984, "0.2": 0.11504026577018826, "0.25": 0.10130197430057589, "0.3": 0.08938233971328337, "0.35": 0.07879822578867512, "0.4": 0.06887185340975405}}, "recall": {"0": {"0": 0.9983891152456503, "0.05": 0.2074831929912573, "0.1": 0.19726888298006912, "0.15": 0.18744754159607496, "0.2": 0.17618731623490824, "0.25": 0.16450119437421012, "0.3": 0.15641120879526943, "0.35": 0.1382495666518145, "0.4": 0.13643072294488498}, "1": {"0": 1.0, "0.05": 0.18263470206859003, "0.1": 0.09235265256849762, "0.15": 0.05356501302552254, "0.2": 0.03333181785057348, "0.25": 0.021239846005919914, "0.3": 0.013649953262964754, "0.35": 0.008975397288059085, "0.4": 0.006049427277350323}, "2": {"0": 1.0, "0.05": 0.24377577506652254, "0.1": 0.13726848104907194, "0.15": 0.08556718598759397, "0.2": 0.053195406133498276, "0.25": 0.032874107702641306, "0.3": 0.019959636532178505, "0.35": 0.012216597845914149, "0.4": 0.007309875865404294}, "3": {"0": 1.0, "0.05": 0.16543606776800385, "0.1": 0.11115674622424976, "0.15": 0.0842092872956247, "0.2": 0.06675002288508185, "0.25": 0.05372009559369983, "0.3": 0.04345107944856193, "0.35": 0.03496056962456498, "0.4": 0.02790156007721612}, "4": {"0": 0.9999896728486991, "0.05": 0.22364690390436717, "0.1": 0.1381910280315265, "0.15": 0.09585775622961855, "0.2": 0.07047924840083565, "0.25": 0.053747511367824116, "0.3": 0.042275150294205394, "0.35": 0.03378726080239163, "0.4": 0.027411125012877676}, "5": {"0": 1.0, "0.05": 0.1602646097812431, "0.1": 0.05829103129704816, "0.15": 0.029689227928789072, "0.2": 0.01871184886249271, "0.25": 0.013430441473411348, "0.3": 0.01036757767130053, "0.35": 0.008233309606384796, "0.4": 0.006582274764857554}, "6": {"0": 1.0, "0.05": 0.100613769728088, "0.1": 0.04111743312843455, "0.15": 0.024960326501153568, "0.2": 0.018517887910108267, "0.25": 0.014731842704147895, "0.3": 0.012385085841574094, "0.35": 0.010402141829274467, "0.4": 0.008697068343022387}, "7": {"0": 1.0, "0.05": 0.1170459018960456, "0.1": 0.03561459121122399, "0.15": 0.013830164394133046, "0.2": 0.006233323851839577, "0.25": 0.0031377963390086727, "0.3": 0.0017130982275676409, "0.35": 0.0010002994045338522, "0.4": 0.0005922409444604581}, "8": {"0": 1.0, "0.05": 0.3044600602475397, "0.1": 0.16126977553615163, "0.15": 0.10068452262545842, "0.2": 0.06699598590300761, "0.25": 0.04598742682755765, "0.3": 0.032169243481075124, "0.35": 0.02372233029290445, "0.4": 0.017821898533176152}, "9": {"0": 0.9999681655904777, "0.05": 0.19537712670356924, "0.1": 0.09450411609075744, "0.15": 0.054850083539718, "0.2": 0.03461455632558616, "0.25": 0.023063336811504187, "0.3": 0.016101094144215414, "0.35": 0.011755594571069694, "0.4": 0.008787150348626553}, "10": {"0": 1.0, "0.05": 0.12810424484479213, "0.1": 0.043064111817049236, "0.15": 0.018728910430425492, "0.2": 0.009427516594564853, "0.25": 0.0053209197200709945, "0.3": 0.0032907578274093026, "0.35": 0.002169251246412468, "0.4": 0.0014100261875885946}, "11": {"0": 1.0, "0.05": 0.05884612956399237, "0.1": 0.009413988828773878, "0.15": 0.002375689088798663, "0.2": 0.0006708603683269007, "0.25": 0.00021862081261157126, "0.3": 7.385299566128661e-05, "0.35": 2.5296447916365656e-05, "0.4": 1.0373477895882977e-05}, "12": {"0": 1.0, "0.05": 0.06476171681047377, "0.1": 0.013099097859519057, "0.15": 0.0039902493413226815, "0.2": 0.0013862996539390014, "0.25": 0.0004793750269108622, "0.3": 0.00013961493679505836, "0.35": 4.650530775008425e-05, "0.4": 1.2228868615506779e-05}, "13": {"0": 1.0, "0.05": 0.2574940567381162, "0.1": 0.12479489305063682, "0.15": 0.07688884597198392, "0.2": 0.05293686991599831, "0.25": 0.038760404502141375, "0.3": 0.029347159957860754, "0.35": 0.02278190229121998, "0.4": 0.01831755186102162}, "14": {"0": 1.0, "0.05": 0.06358956667787534, "0.1": 0.04046427842070698, "0.15": 0.027997564480576935, "0.2": 0.019510463465889725, "0.25": 0.01375565810052665, "0.3": 0.010060917959983887,