{"fscore": {"0": {"0": 0.11417351022905459, "0.05": 0.19635012067740185, "0.1": 0.07918926561521981, "0.15": 0.031047149944205245, "0.2": 0.013543567703094719, "0.25": 0.006217730974479851, "0.3": 0.003140441688078176, "0.35": 0.0016904358081481325, "0.4": 0.0008593671059232679}, "1": {"0": 0.1141735102892629, "0.05": 0.16742788203361064, "0.1": 0.10643182947160897, "0.15": 0.06956758530940972, "0.2": 0.04732288320909164, "0.25": 0.03430485168782025, "0.3": 0.026481102213601393, "0.35": 0.02129111110056834, "0.4": 0.01766535028848851}, "2": {"0": 0.11417351022905459, "0.05": 0.10616794459415825, "0.1": 0.07423369066188715, "0.15": 0.057319005161029814, "0.2": 0.04112909737748482, "0.25": 0.025749818738039023, "0.3": 0.014254865944389461, "0.35": 0.007136498878836539, "0.4": 0.0033265254343472148}, "3": {"0": 0.11417351124034568, "0.05": 0.09494093251537643, "0.1": 0.053153289429726844, "0.15": 0.031337706036180864, "0.2": 0.018819794256508093, "0.25": 0.011286736405626283, "0.3": 0.0065967558396609095, "0.35": 0.0035775709183324855, "0.4": 0.0018951066260382745}, "4": {"0": 0.11417414893610979, "0.05": 0.18069173063568264, "0.1": 0.15852237256856425, "0.15": 0.13556972521679456, "0.2": 0.11524038947055108, "0.25": 0.09722982555517175, "0.3": 0.08184421262954551, "0.35": 0.06816210257498106, "0.4": 0.05652762629749046}, "5": {"0": 0.11417351022905459, "0.05": 0.056552308864008, "0.1": 0.019305137674112086, "0.15": 0.006688330655069983, "0.2": 0.002526350500168364, "0.25": 0.0007778746041087856, "0.3": 0.00024072697681914543, "0.35": 6.750041987055641e-05, "0.4": 2.2642927821138988e-06}, "6": {"0": 0.11425300756511109, "0.05": 0.25638152000870074, "0.1": 0.20574151149040468, "0.15": 0.15541901044427026, "0.2": 0.1128825358497983, "0.25": 0.08029036828423171, "0.3": 0.05739259143776336, "0.35": 0.04155625221776197, "0.4": 0.030954145458561597}, "7": {"0": 0.11417363382051537, "0.05": 0.041114477521711094, "0.1": 0.021943921572021872, "0.15": 0.012714121944400471, "0.2": 0.007192773273980641, "0.25": 0.004228764078557282, "0.3": 0.002525472200316817, "0.35": 0.0015977360402321436, "0.4": 0.0010004287248845899}, "8": {"0": 0.11418592617195657, "0.05": 0.26432852525199413, "0.1": 0.21050150219561725, "0.15": 0.17739452581478446, "0.2": 0.15471078984766146, "0.25": 0.13715852941922613, "0.3": 0.12258412799703157, "0.35": 0.10889610102016306, "0.4": 0.09617999304316713}, "9": {"0": 0.11417351291023584, "0.05": 0.06830260056794517, "0.1": 0.03514663371505421, "0.15": 0.015537368958683281, "0.2": 0.005851770258817548, "0.25": 0.0022081048082208832, "0.3": 0.0009545035057360023, "0.35": 0.0005191445328723755, "0.4": 0.00034527802412781614}, "10": {"0": 0.11417351022905459, "0.05": 0.059185133891303233, "0.1": 0.0205578749905466, "0.15": 0.006027835546997343, "0.2": 0.0015406200427251437, "0.25": 0.00047699735026041513, "0.3": 0.00015756838251796914, "0.35": 5.0952007168879025e-05, "0.4": 2.092604191223411e-05}, "11": {"0": 0.11417351022905459, "0.05": 0.06504549222995572, "0.1": 0.028406348975096182, "0.15": 0.013436513517494189, "0.2": 0.007103957425000403, "0.25": 0.00429547268573863, "0.3": 0.002850581213416839, "0.35": 0.0020430794517378196, "0.4": 0.00145960325025548}, "12": {"0": 0.11418502929853093, "0.05": 0.2238716232235967, "0.1": 0.1781665109919917, "0.15": 0.13744828810889045, "0.2": 0.10576209397710101, "0.25": 0.0820126280225182, "0.3": 0.06428940973410988, "0.35": 0.050852852772007066, "0.4": 0.04038886708274477}, "13": {"0": 0.11418745936423895, "0.05": 0.24736670106694142, "0.1": 0.22159597856094454, "0.15": 0.2049481225691911, "0.2": 0.19418138432841814, "0.25": 0.1859888477818112, "0.3": 0.1793254164562844, "0.35": 0.17285720991620815, "0.4": 0.16575651072361866}, "14": {"0": 0.11417351022905459, "0.05": 0.08213851651791056, "0.1": 0.035031228275115255, "0.15": 0.01517673650361366, "0.2": 0.0069923246745661515, "0.25": 0.0035133183300930485, "0.3": 0.0018877703750910457, "0.35": 0.0011008960290897123, "0.4": 0.0006249320387481771}, "15": {"0": 0.11472263210819934, "0.05": 0.2966503125350098, "0.1": 0.25724627331319244, "0.15": 0.22914938983373273, "0.2": 0.20797777553616906, "0.25": 0.18947613657260967, "0.3": 0.17269160797137056, "0.35": 0.15618362408459333, "0.4": 0.14056055576345158}}, "recall": {"0": {"0": 1.0, "0.05": 0.19204606441355634, "0.1": 0.050746066151684824, "0.15": 0.017393487028960913, "0.2": 0.007199212105963329, "0.25": 0.003240968724340923, "0.3": 0.001615460765108684, "0.35": 0.000865461030986903, "0.4": 0.0004379395787501681}, "1": {"0": 1.0, "0.05": 0.17673097697327209, "0.1": 0.07896903486955663, "0.15": 0.04436731630327984, "0.2": 0.027850195192981153, "0.25": 0.019266898888234536, "0.3": 0.01444810957373107, "0.35": 0.011384964765132254, "0.4": 0.00931325009775171}, "2": {"0": 1.0, "0.05": 0.10111522968316727, "0.1": 0.0545076775168505, "0.15": 0.03755450328655229, "0.2": 0.025044148042868176, "0.25": 0.014810061818483792, "0.3": 0.007842994149689881, "0.35": 0.0038191121184689945, "0.4": 0.0017473423967949294}, "3": {"0": 1.0, "0.05": 0.09714951133507764, "0.1": 0.038777132380189254, "0.15": 0.019878526858680537, "0.2": 0.011075977389280088, "0.25": 0.0063626252530119025, "0.3": 0.0036136685790781877, "0.35": 0.0019161493528167697, "0.4": 0.0010032038185474206}, "4": {"0": 1.0, "0.05": 0.19634719122665586, "0.1": 0.1281833598277686, "0.15": 0.09564485590125045, "0.2": 0.0749486188592341, "0.25": 0.05986576512429212, "0.3": 0.04841271540125093, "0.35": 0.03909358675864852, "0.4": 0.03164258862942368}, "5": {"0": 1.0, "0.05": 0.04764538370153032, "0.1": 0.012086338839717112, "0.15": 0.0037490492839904687, "0.2": 0.001352284445548015, "0.25": 0.000407652569713677, "0.3": 0.00012478124195280365, "0.35": 3.485633840836914e-05, "0.4": 1.1398219598098776e-06}, "6": {"0": 0.9999795774190265, "0.05": 0.2855040689165248, "0.1": 0.17241608786433804, "0.15": 0.10995325472363551, "0.2": 0.07183853681310319, "0.25": 0.04771556692886319, "0.3": 0.03256344731750718, "0.35": 0.022815253964622913, "0.4": 0.01660658297429041}, "7": {"0": 0.9999937927127613, "0.05": 0.04206203424600591, "0.1": 0.017055610943459674, "0.15": 0.008676013433472825, "0.2": 0.004541419682146937, "0.25": 0.002541181684394942, "0.3": 0.0014700401798460596, "0.35": 0.000908987474078063, "0.4": 0.0005609389546597824}, "8": {"0": 0.9999986545538535, "0.05": 0.2576542832272617, "0.1": 0.1726444204032804, "0.15": 0.13304108986379062, "0.2": 0.10928224927805606, "0.25": 0.09261911678952546, "0.3": 0.07986750538986502, "0.35": 0.06875387731650712, "0.4": 0.05905675386501572}, "9": {"0": 1.0, "0.05": 0.06561619426882999, "0.1": 0.023882677538035114, "0.15": 0.00928412674602746, "0.2": 0.0032875684755903495, "0.25": 0.0011941366317553713, "0.3": 0.0005015612684151909, "0.35": 0.00026824666899924444, "0.4": 0.0001768178684803019}, "10": {"0": 1.0, "0.05": 0.05308585921341718, "0.1": 0.012636109407604611, "0.15": 0.0033279344609462424, "0.2": 0.0008145718989391879, "0.25": 0.00024607770215813874, "0.3": 8.042628498926982e-05, "0.35": 2.5996957543285263e-05, "0.4": 1.0584863527310361e-05}, "11": {"0": 1.0, "0.05": 0.07236548155751393, "0.1": 0.02178277791006488, "0.15": 0.009017001268199891, "0.2": 0.004561308613822005, "0.25": 0.0027252222013360245, "0.3": 0.0018148868699655444, "0.35": 0.0012984043157502833, "0.4": 0.0009223093680801831}, "12": {"0": 0.9999961245607949, "0.05": 0.25104059015674624, "0.1": 0.14621979372199023, "0.15": 0.09608618798256086, "0.2": 0.06718358787792807, "0.25": 0.048974287622614195, "0.3": 0.03679934224454751, "0.35": 0.02824492494612639, "0.4": 0.021939303348452555}, "13": {"0": 0.9999980646861815, "0.05": 0.21836437801821287, "0.1": 0.1673634220131992, "0.15": 0.1442164687066683, "0.2": 0.13107052122962198, "0.25": 0.12190417986352438, "0.3": 0.11488033460633314, "0.35": 0.10858345808062932, "0.4": 0.10234282904693608}, "14": {"0": 1.0, "0.05": 0.0829069762876303, "0.1": 0.023877391910409787, "0.15": 0.008886965481910902,