{"fscore": {"0": {"0": 0.11398936436481887, "0.05": 0.06251440144272875, "0.1": 0.022629840308929488, "0.15": 0.011868125877231512, "0.2": 0.007563722872115361, "0.25": 0.00540233384106843, "0.3": 0.004167265280611117, "0.35": 0.003283562857086252, "0.4": 0.0025789802662494637}, "1": {"0": 0.11398936436481887, "0.05": 0.03940226238850329, "0.1": 0.019851101058486018, "0.15": 0.012491300809071616, "0.2": 0.00884440618748935, "0.25": 0.006842535161399007, "0.3": 0.0054953365307412625, "0.35": 0.004391134699239558, "0.4": 0.003510383667807246}, "2": {"0": 0.11398936436481887, "0.05": 0.1550602821430232, "0.1": 0.12817356709804045, "0.15": 0.10382031398278478, "0.2": 0.08429829654022251, "0.25": 0.06868424499424933, "0.3": 0.05603429217520912, "0.35": 0.04642371942690429, "0.4": 0.03860011854644347}, "3": {"0": 0.11398936436481887, "0.05": 0.1476093911990788, "0.1": 0.07512942021868386, "0.15": 0.042948490056897874, "0.2": 0.026288694812021632, "0.25": 0.017582690023043798, "0.3": 0.012421932928594169, "0.35": 0.008941689612807377, "0.4": 0.006469897593720604}, "4": {"0": 0.11398936436481887, "0.05": 0.279446280376216, "0.1": 0.24384856525926663, "0.15": 0.2149302425983544, "0.2": 0.19098153725719377, "0.25": 0.1702753024197477, "0.3": 0.15224508476936394, "0.35": 0.13628393014151113, "0.4": 0.12198827884337671}, "5": {"0": 0.11398936436481887, "0.05": 0.22254035977740175, "0.1": 0.20800537054724771, "0.15": 0.1929851076026691, "0.2": 0.17730470582787622, "0.25": 0.16276870038235744, "0.3": 0.14830746048418922, "0.35": 0.13537810952659685, "0.4": 0.12259408175280036}, "6": {"0": 0.11398936436481887, "0.05": 0.07319104165629002, "0.1": 0.037657542203115665, "0.15": 0.022627911136000652, "0.2": 0.014480037038961963, "0.25": 0.009777684948296455, "0.3": 0.006694813886081317, "0.35": 0.004619455910371161, "0.4": 0.0032595009270814435}, "7": {"0": 0.11398936436481887, "0.05": 0.3248844189312009, "0.1": 0.2585048952523267, "0.15": 0.2026920647184675, "0.2": 0.16161521647810706, "0.25": 0.13196582757361414, "0.3": 0.10863704394430942, "0.35": 0.08861292424328204, "0.4": 0.07031536454339084}, "8": {"0": 0.11398936436481887, "0.05": 0.19058396100520372, "0.1": 0.13652607798087107, "0.15": 0.10493165881244164, "0.2": 0.08475570925894274, "0.25": 0.07012760271715698, "0.3": 0.05864578829071111, "0.35": 0.0491793454090383, "0.4": 0.04120345490013279}, "9": {"0": 0.11398936436481887, "0.05": 0.15862531747261271, "0.1": 0.11363733082083607, "0.15": 0.08860738761249866, "0.2": 0.0712623075983604, "0.25": 0.05876761807269945, "0.3": 0.049345553780534915, "0.35": 0.04144400791092843, "0.4": 0.03502372096566238}, "10": {"0": 0.11398936436481887, "0.05": 0.066392266502925, "0.1": 0.03334081845948597, "0.15": 0.020248776997421607, "0.2": 0.013796408438694655, "0.25": 0.009596096435934646, "0.3": 0.006855143897089791, "0.35": 0.004808719842241553, "0.4": 0.0035604433810699637}, "11": {"0": 0.11398936436481887, "0.05": 0.2014869700998352, "0.1": 0.13566465224398175, "0.15": 0.08700377582765181, "0.2": 0.05445642333309129, "0.25": 0.032885286532025715, "0.3": 0.01932894873786416, "0.35": 0.010774620333001628, "0.4": 0.005716991371195896}, "12": {"0": 0.11398936436481887, "0.05": 0.24962434993166624, "0.1": 0.1360677733358982, "0.15": 0.07488446906826403, "0.2": 0.041989805044020806, "0.25": 0.024017869360238288, "0.3": 0.014123012250209278, "0.35": 0.008507358715633647, "0.4": 0.005315826855203429}, "13": {"0": 0.11398936436481887, "0.05": 0.1999454678087458, "0.1": 0.10186219280780112, "0.15": 0.057449981404312365, "0.2": 0.03605848480394429, "0.25": 0.024118101855994206, "0.3": 0.016784313627553657, "0.35": 0.01208942188759505, "0.4": 0.008850634630347758}, "14": {"0": 0.11398936436481887, "0.05": 0.07742683510892097, "0.1": 0.012717503938681462, "0.15": 0.0026355285286366317, "0.2": 0.0004936327100052482, "0.25": 7.977367981781846e-05, "0.3": 0.0, "0.35": 0.0, "0.4": 0.0}, "15": {"0": 0.11398936436481887, "0.05": 0.2176929228312712, "0.1": 0.18282147820922837, "0.15": 0.15455574101881928, "0.2": 0.13227607530121158, "0.25": 0.11351846033195341, "0.3": 0.09701562444543926, "0.35": 0.08307452251334485, "0.4": 0.0704202479705954}}, "recall": {"0": {"0": 1.0, "0.05": 0.05175039039768644, "0.1": 0.013666995135965383, "0.15": 0.0065438501863755525, "0.2": 0.004012246343493653, "0.25": 0.0028122679379062768, "0.3": 0.0021470386531844492, "0.35": 0.0016803268409691032, "0.4": 0.0013138252855623745}, "1": {"0": 1.0, "0.05": 0.029514323738201582, "0.1": 0.012326779348139727, "0.15": 0.00719885955152828, "0.2": 0.004883840058193909, "0.25": 0.0036805848510242174, "0.3": 0.002906275657297782, "0.35": 0.002295278487705894, "0.4": 0.0018179512988081292}, "2": {"0": 1.0, "0.05": 0.15161582126892675, "0.1": 0.09854030021494223, "0.15": 0.07044699493951852, "0.2": 0.052874284191804594, "0.25": 0.04080623079438228, "0.3": 0.0320907888789578, "0.35": 0.02587407669039074, "0.4": 0.02106500654177056}, "3": {"0": 1.0, "0.05": 0.1359443511890732, "0.1": 0.050935520799190045, "0.15": 0.025543149812285157, "0.2": 0.014618161992937518, "0.25": 0.009425948512995925, "0.3": 0.006512312857975491, "0.35": 0.004622661518328208, "0.4": 0.0033146049352391683}, "4": {"0": 1.0, "0.05": 0.19663031905000997, "0.1": 0.1568381267864298, "0.15": 0.13200587299595049, "0.2": 0.11415623285776175, "0.25": 0.0996413028704815, "0.3": 0.08749466461364769, "0.35": 0.07704495028787291, "0.4": 0.06795803897294385}, "5": {"0": 1.0, "0.05": 0.1964907451758769, "0.1": 0.15074581222173528, "0.15": 0.12850737552040029, "0.2": 0.11251894103824751, "0.25": 0.09988911376185133, "0.3": 0.08862730184576882, "0.35": 0.07912106787998269, "0.4": 0.07029817004266364}, "6": {"0": 1.0, "0.05": 0.07032857955973743, "0.1": 0.027259592923357702, "0.15": 0.014470338594056808, "0.2": 0.008634043767199702, "0.25": 0.005585507290034546, "0.3": 0.0037096089199337577, "0.35": 0.002506298660631332, "0.4": 0.0017377657958937789}, "7": {"0": 1.0, "0.05": 0.31818756420448735, "0.1": 0.19211320936555057, "0.15": 0.13338779589820585, "0.2": 0.09909422906087792, "0.25": 0.07719779262034028, "0.3": 0.0613968059927532, "0.35": 0.048749558251860246, "0.4": 0.03787227327208626}, "8": {"0": 1.0, "0.05": 0.18001572407345237, "0.1": 0.10017922128461897, "0.15": 0.06827884117869418, "0.2": 0.051398060190593106, "0.25": 0.040605213818143096, "0.3": 0.03290647794965516, "0.35": 0.026961347949581528, "0.4": 0.02220680067357449}, "9": {"0": 1.0, "0.05": 0.13405065275688544, "0.1": 0.07502744563470574, "0.15": 0.05291719746560968, "0.2": 0.040339511537003686, "0.25": 0.032176250750838534, "0.3": 0.02643209800510521, "0.35": 0.02185791489581713, "0.4": 0.01826373045365165}, "10": {"0": 1.0, "0.05": 0.06084460722798772, "0.1": 0.025812250719640772, "0.15": 0.014297674838465809, "0.2": 0.009162829896489352, "0.25": 0.006085466553239797, "0.3": 0.0041988279872031435, "0.35": 0.00286098615562676, "0.4": 0.00207064422720417}, "11": {"0": 1.0, "0.05": 0.20399759647306318, "0.1": 0.09811470435729748, "0.15": 0.05375144406321813, "0.2": 0.030907092026713674, "0.25": 0.01775822034297387, "0.3": 0.01013214135764324, "0.35": 0.005549759351484043, "0.4": 0.0029142702645538624}, "12": {"0": 1.0, "0.05": 0.24603154655974074, "0.1": 0.08884737601050802, "0.15": 0.04268552095473519, "0.2": 0.022617416140776253, "0.25": 0.012583032817714772, "0.3": 0.007289785966976249, "0.35": 0.0043555173664695775, "0.4": 0.0027069798578421332}, "13": {"0": 1.0, "0.05": 0.14253069980295885, "0.1": 0.05964361161083987, "0.15": 0.03127044945445749, "0.2": 0.018987408337578175, "0.25": 0.012480851762289044, "0.3": 0.008606110211313838, "0.35": 0.006162017052664982, "0.4": 0.004493321345069118}, "14": {"0": 1.0, "0.05": 0.04787642368919792, "0.1": 0.006702747432320279, "0.15": 0.0013538504244058126, "0.2": 0.00025088245282224765, "0.25": 4.0323126668037096e-05, "0.3": 0.0, "0.35": 0.0, "0.4": 0.0}, "15": {"0": 1.0, "0.05": 0.19992417799405302, "0.1": 0.13276529595602068, "0.15": 0.10045319348004267,