{"fscore": {"0": {"0": 0.11398936436481887, "0.05": 0.03602943334680581, "0.1": 0.013595348838357208, "0.15": 0.006468897403305787, "0.2": 0.003433256634416328, "0.25": 0.001973129676406061, "0.3": 0.0011186951643875585, "0.35": 0.0007285862337220129, "0.4": 0.0004516547247095633}, "1": {"0": 0.11398936436481887, "0.05": 0.17619243757683783, "0.1": 0.12661318270205363, "0.15": 0.09702267322216138, "0.2": 0.07597706425566621, "0.25": 0.06083929610770915, "0.3": 0.048910123187404404, "0.35": 0.03911090773563015, "0.4": 0.031172203343956033}, "2": {"0": 0.11398936436481887, "0.05": 0.2586892728594517, "0.1": 0.1877019085459971, "0.15": 0.14221933340433598, "0.2": 0.11202637472769625, "0.25": 0.09039911166577988, "0.3": 0.07429590189122748, "0.35": 0.06202891733914123, "0.4": 0.05200597930866467}, "3": {"0": 0.11398936436481887, "0.05": 0.2515426423207454, "0.1": 0.18824166597018813, "0.15": 0.1420799862920357, "0.2": 0.110090553922977, "0.25": 0.08525414581693067, "0.3": 0.06533351437702689, "0.35": 0.04910118624482959, "0.4": 0.0362989437224419}, "4": {"0": 0.11398936436481887, "0.05": 0.03698307572044128, "0.1": 0.00821969038864018, "0.15": 0.00202075863596666, "0.2": 0.0006215947862170671, "0.25": 0.00024876878914329754, "0.3": 9.251421061813664e-05, "0.35": 3.358952105304719e-05, "0.4": 0.0}, "5": {"0": 0.11398936436481887, "0.05": 0.014793007136474271, "0.1": 0.004966116826758438, "0.15": 0.0025578935788921403, "0.2": 0.0014422306245371879, "0.25": 0.0008779580731837342, "0.3": 0.0005408172588328179, "0.35": 0.00036588390794187994, "0.4": 0.000261930643559631}, "6": {"0": 0.11398936436481887, "0.05": 0.17010441049783517, "0.1": 0.10550509006924007, "0.15": 0.06888448155753758, "0.2": 0.0467432870059849, "0.25": 0.03310533607377693, "0.3": 0.024178337925343664, "0.35": 0.017954762140860073, "0.4": 0.013336147585390324}, "7": {"0": 0.11398936436481887, "0.05": 0.3519401943217456, "0.1": 0.3159738738769519, "0.15": 0.2725081085005232, "0.2": 0.22995144354032823, "0.25": 0.18905826704427078, "0.3": 0.15113551230294098, "0.35": 0.1172018494142293, "0.4": 0.08819160156617886}, "8": {"0": 0.11398936436481887, "0.05": 0.11954999434286069, "0.1": 0.04294230444445251, "0.15": 0.018459444413128526, "0.2": 0.008925974543530718, "0.25": 0.004552672368690215, "0.3": 0.002603122554521051, "0.35": 0.0015743889117691603, "0.4": 0.0010794748862590013}, "9": {"0": 0.11398936436481887, "0.05": 0.2157237274518179, "0.1": 0.1428063240907499, "0.15": 0.08965537286565686, "0.2": 0.05717817394927704, "0.25": 0.037616462325879986, "0.3": 0.025787802483971476, "0.35": 0.017768611640027448, "0.4": 0.012222993429825328}, "10": {"0": 0.11398936436481887, "0.05": 0.15503354622684562, "0.1": 0.07596149077311455, "0.15": 0.04131318034581527, "0.2": 0.02436762803714708, "0.25": 0.014933123664831363, "0.3": 0.009568870068986584, "0.35": 0.006189700250585517, "0.4": 0.0041155444179542845}, "11": {"0": 0.11398936436481887, "0.05": 0.12253323716933022, "0.1": 0.0741112924799971, "0.15": 0.04861673136907597, "0.2": 0.034776578970565616, "0.25": 0.02582587106083309, "0.3": 0.020020759391529603, "0.35": 0.015972195126823262, "0.4": 0.012709135223553264}}, "recall": {"0": {"0": 1.0, "0.05": 0.027049077706442555, "0.1": 0.007986517667289592, "0.15": 0.0035323696647507033, "0.2": 0.0018133181839315364, "0.25": 0.0010272132103626012, "0.3": 0.0005748724142992042, "0.35": 0.000372018720476358, "0.4": 0.0002295841806638187}, "1": {"0": 1.0, "0.05": 0.14677610548476328, "0.1": 0.0870710310370512, "0.15": 0.06099081662196731, "0.2": 0.04526776333047997, "0.25": 0.03496676110661259, "0.3": 0.027385217527952147, "0.35": 0.021473924141691025, "0.4": 0.016853285435304382}, "2": {"0": 1.0, "0.05": 0.1950682964681955, "0.1": 0.12051830268914521, "0.15": 0.08473882136694283, "0.2": 0.06391689666653683, "0.25": 0.05014937804142201, "0.3": 0.04040265966576925, "0.35": 0.03324656710408536, "0.4": 0.027566554861372647}, "3": {"0": 1.0, "0.05": 0.20454281215413808, "0.1": 0.1312224071294419, "0.15": 0.0906717091435024, "0.2": 0.06622086840871036, "0.25": 0.049113256006194005, "0.3": 0.036434361125234425, "0.35": 0.026716536094448504, "0.4": 0.01938452355158185}, "4": {"0": 1.0, "0.05": 0.027802663144659068, "0.1": 0.004636808135772068, "0.15": 0.0010593975039514258, "0.2": 0.00031836960175588654, "0.25": 0.00012628301328878453, "0.3": 4.678906585245119e-05, "0.35": 1.7030774003831945e-05, "0.4": 0.0}, "5": {"0": 1.0, "0.05": 0.010832764706624755, "0.1": 0.003144546153699976, "0.15": 0.0015231064932816562, "0.2": 0.000825344156785537, "0.25": 0.00048710121841734637, "0.3": 0.00029333621098368115, "0.35": 0.00019565628235430384, "0.4": 0.00013843932871528722}, "6": {"0": 1.0, "0.05": 0.16544816262404255, "0.1": 0.07457421834906168, "0.15": 0.042498799782117326, "0.2": 0.026809619763386798, "0.25": 0.018196502418992424, "0.3": 0.012939948792610954, "0.35": 0.009434216961226892, "0.4": 0.0069174332941058765}, "7": {"0": 1.0, "0.05": 0.29385485903626574, "0.1": 0.2291916838057068, "0.15": 0.1823774325935595, "0.2": 0.1450655176029158, "0.25": 0.1136869845115933, "0.3": 0.0873607733361909, "0.35": 0.0655472758140719, "0.4": 0.04802832739344759}, "8": {"0": 1.0, "0.05": 0.0930804310433985, "0.1": 0.024465849531134953, "0.15": 0.009792628212029147, "0.2": 0.0046166027316274115, "0.25": 0.0023300630832654634, "0.3": 0.0013243459215904385, "0.35": 0.0007981764064449955, "0.4": 0.0005460533065232113}, "9": {"0": 1.0, "0.05": 0.2135764085795563, "0.1": 0.1028873126482726, "0.15": 0.055318072144860765, "0.2": 0.032450876103325615, "0.25": 0.020382861856524867, "0.3": 0.013597841115941905, "0.35": 0.009217924695056794, "0.4": 0.006276953947858703}, "10": {"0": 1.0, "0.05": 0.12783591492847585, "0.1": 0.046320183271094946, "0.15": 0.022890307212054747, "0.2": 0.012971486180882915, "0.25": 0.007779035274100683, "0.3": 0.0049274999454318, "0.35": 0.0031641596214568614, "0.4": 0.002094574290064895}, "11": {"0": 1.0, "0.05": 0.09479652629561404, "0.1": 0.04867363252399498, "0.15": 0.02967960358881032, "0.2": 0.020342964607128592, "0.25": 0.014665319143906142, "0.3": 0.011131727946869011, "0.35": 0.00873173734661337, "0.4": 0.006861879337125939}}, "precision": {"0": {"0": 0.06220500523914973, "0.05": 0.06157422234190146, "0.1": 0.05913410095930026, "0.15": 0.05666319996333371, "0.2": 0.05278330718367707, "0.25": 0.043799617093432934, "0.3": 0.03732238053814141, "0.35": 0.030989950789950805, "0.4": 0.024071143671143682}, "1": {"0": 0.06220500523914973, "0.05": 0.2336216480167598, "0.1": 0.2511449657627437, "0.15": 0.2613753997877788, "0.2": 0.26582981267446953, "0.25": 0.26820164969474675, "0.3": 0.26705645741966944, "0.35": 0.2607490119410382, "0.4": 0.2514552565350812}, "2": {"0": 0.06220500523914973, "0.05": 0.40227614961959934, "0.1": 0.44942476730180364, "0.15": 0.4750884730692753, "0.2": 0.4953097609342633, "0.25": 0.5113206808097938, "0.3": 0.5271749123305435, "0.35": 0.5449631770023671, "0.4": 0.5575382520594576}, "3": {"0": 0.06220500523914973, "0.05": 0.34433541554101293, "0.1": 0.3553263313965741, "0.15": 0.35272225075853453, "0.2": 0.35305730888671755, "0.25": 0.3531896727864314, "0.3": 0.35284913103075066, "0.35": 0.34956246279574854, "0.4": 0.34299226430950763}, "4": {"0": 0.06220500523914973, "0.05": 0.06530926875886488, "0.1": 0.04997902399045582, "0.15": 0.03369446337259813, "0.2": 0.02201785714285715, "0.25": 0.012694444444444446, "0.3": 0.005638888888888888, "0.35": 0.0015, "0.4": 0.0}, "5": {"0": 0.06220500523914973, "0.05": 0.0262254854170318, "0.1": 0.013701188817076385, "0.15": 0.009425560301212573, "0.2": 0.006857543129364439, "0.25": 0.005683770555949531, "0.3": 0.0046397674100540545, "0.35": 0.003832295203095372, "0.4": 0.0033862218231455513}, "6": {"0": 0.06220500523914973, "0.05": 0.1851390562463415, "0.1": 0.1987442191317041, "0.15": 0.20841415987758088, "0.2": 0.21826348375995314, "0.25": 0.2306985686306597, "0.3": 0.24484912242666462, "0.35": 0.26120905774111586, "0.4": 0.27513683859856497},