{"fscore": {"0": {"0": 0.11417351022905459, "0.05": 0.10703643941115089, "0.1": 0.062223186048747096, "0.15": 0.03984094338348398, "0.2": 0.027882810091578628, "0.25": 0.019956239564499885, "0.3": 0.014764515392963027, "0.35": 0.010992376318973878, "0.4": 0.008096268941391998}, "1": {"0": 0.11417351022905459, "0.05": 0.07153690097678879, "0.1": 0.025573705792782266, "0.15": 0.008306419964496811, "0.2": 0.0031667017913922573, "0.25": 0.0012558214408558482, "0.3": 0.0005506228019558471, "0.35": 0.0002163867825210431, "0.4": 0.00012144461621185643}, "2": {"0": 0.11417351022905459, "0.05": 0.09816360424018125, "0.1": 0.03299972627787317, "0.15": 0.009269177505578693, "0.2": 0.0026620140554444766, "0.25": 0.000824629678426339, "0.3": 0.00022004051144672383, "0.35": 4.1446875292068015e-05, "0.4": 6.169678498053468e-06}, "3": {"0": 0.11417351032478215, "0.05": 0.1380373476606861, "0.1": 0.06113005626757219, "0.15": 0.02942165452493327, "0.2": 0.015575167231977572, "0.25": 0.008378518922768174, "0.3": 0.004743959453358317, "0.35": 0.0027558783064144366, "0.4": 0.0015949313095570679}, "4": {"0": 0.11417567496942707, "0.05": 0.32098970502135177, "0.1": 0.2290284652450859, "0.15": 0.15959948173041932, "0.2": 0.11190501147208873, "0.25": 0.08067619821693, "0.3": 0.05999913189187559, "0.35": 0.045494263069769725, "0.4": 0.0361179920052931}, "5": {"0": 0.11417364797867277, "0.05": 0.23035363957838076, "0.1": 0.14780671294739156, "0.15": 0.09658054089277321, "0.2": 0.06318906597095665, "0.25": 0.04114394388682616, "0.3": 0.026653646535602333, "0.35": 0.01751456436276448, "0.4": 0.011575162231974268}, "6": {"0": 0.11417351100059868, "0.05": 0.0690797339529453, "0.1": 0.03892893289355897, "0.15": 0.02478709612933598, "0.2": 0.014482744312943415, "0.25": 0.00795608485697725, "0.3": 0.003996813737426422, "0.35": 0.0019812981098647855, "0.4": 0.0009749460469763417}, "7": {"0": 0.12711070744605138, "0.05": 0.26597460786796157, "0.1": 0.2659614755982779, "0.15": 0.2618847350537172, "0.2": 0.25608930298288163, "0.25": 0.2494784538421846, "0.3": 0.24265283301632923, "0.35": 0.2143541653260777, "0.4": 0.20953902593867613}, "8": {"0": 0.11417351043867989, "0.05": 0.09595054671050217, "0.1": 0.07503574783183217, "0.15": 0.0637453244416459, "0.2": 0.054067263027277, "0.25": 0.04363157636729625, "0.3": 0.033902350254650604, "0.35": 0.026127779770503297, "0.4": 0.02003765237574909}, "9": {"0": 0.11417351022905459, "0.05": 0.03126777107040674, "0.1": 0.006078587194138094, "0.15": 0.0016382238654432794, "0.2": 0.0005315326428414298, "0.25": 0.00019606191019674936, "0.3": 9.112384944850481e-05, "0.35": 5.601339354164773e-05, "0.4": 2.9830864635229066e-05}, "10": {"0": 0.11423335313170449, "0.05": 0.29939822718662934, "0.1": 0.2677829506302622, "0.15": 0.23473061399722253, "0.2": 0.20597707409858676, "0.25": 0.18029190911481513, "0.3": 0.15663796052794993, "0.35": 0.1344436444684035, "0.4": 0.11390334941219486}, "11": {"0": 0.11417351022905459, "0.05": 0.03558091775622943, "0.1": 0.015822618486718686, "0.15": 0.009651418342630313, "0.2": 0.0065259055243149094, "0.25": 0.004335370901982234, "0.3": 0.0027883607451718324, "0.35": 0.001602061126817795, "0.4": 0.0009587471319167506}, "12": {"0": 0.11421310595189885, "0.05": 0.33174078311907584, "0.1": 0.2412673727917141, "0.15": 0.18361871187603565, "0.2": 0.1471335963349195, "0.25": 0.12094323120395357, "0.3": 0.10303785482667888, "0.35": 0.09086980443033653, "0.4": 0.08114306135654144}, "13": {"0": 0.11420360679758318, "0.05": 0.21884836198495575, "0.1": 0.17500790288219947, "0.15": 0.1433427899784188, "0.2": 0.11585482113361331, "0.25": 0.0928090085812212, "0.3": 0.07364734715919909, "0.35": 0.05860220757720344, "0.4": 0.04637549772162143}, "14": {"0": 0.11419708049573958, "0.05": 0.25659762419768045, "0.1": 0.209228214619016, "0.15": 0.15107107580108725, "0.2": 0.1074812357535979, "0.25": 0.07658529115964824, "0.3": 0.05482544932521365, "0.35": 0.03956475036760441, "0.4": 0.02873882060885455}, "15": {"0": 0.11420849050026231, "0.05": 0.126945571431237, "0.1": 0.10099179024857388, "0.15": 0.0853531703000138, "0.2": 0.07492954047061785, "0.25": 0.06734505207559535, "0.3": 0.061288638267573185, "0.35": 0.05568943517691781, "0.4": 0.050703298002506475}}, "recall": {"0": {"0": 1.0, "0.05": 0.09977157997787837, "0.1": 0.042853880594538374, "0.15": 0.024298012736892433, "0.2": 0.01592774587666814, "0.25": 0.0109555578231394, "0.3": 0.007906933848399357, "0.35": 0.005798315851405873, "0.4": 0.004230197883597335}, "1": {"0": 1.0, "0.05": 0.06280712855691903, "0.1": 0.015833304755452925, "0.15": 0.004601224060043711, "0.2": 0.0016788374946961491, "0.25": 0.0006506729681792032, "0.3": 0.00028205415140850315, "0.35": 0.00011022908844379858, "0.4": 6.14693871057916e-05}, "2": {"0": 1.0, "0.05": 0.09713656816299072, "0.1": 0.02188733426326612, "0.15": 0.00535826527237497, "0.2": 0.0014723686947505997, "0.25": 0.000445986561717976, "0.3": 0.00011882666409675555, "0.35": 2.234979424626968e-05, "0.4": 3.396439173170848e-06}, "3": {"0": 1.0, "0.05": 0.12464419453874015, "0.1": 0.03844921678894184, "0.15": 0.01643843265062534, "0.2": 0.008286749615305308, "0.25": 0.004354182278544073, "0.3": 0.0024342957296772144, "0.35": 0.0014038417097053538, "0.4": 0.0008093447996064972}, "4": {"0": 1.0, "0.05": 0.32461685797916096, "0.1": 0.15982995137399036, "0.15": 0.09590295137853955, "0.2": 0.06266956004439984, "0.25": 0.0435739478165456, "0.3": 0.03178600949199057, "0.35": 0.023820715213294028, "0.4": 0.01876875941327748}, "5": {"0": 1.0, "0.05": 0.2501855829535357, "0.1": 0.10813115549767545, "0.15": 0.059607390502750636, "0.2": 0.035897302939282734, "0.25": 0.02234327265042171, "0.3": 0.014099761697218846, "0.35": 0.009112003008445946, "0.4": 0.005957966480884384}, "6": {"0": 1.0, "0.05": 0.06687321299121146, "0.1": 0.02710185008304429, "0.15": 0.015176546139072574, "0.2": 0.00829446708329493, "0.25": 0.004386551043782783, "0.3": 0.0021469962664292766, "0.35": 0.0010458009416510921, "0.4": 0.0005068630810647632}, "7": {"0": 0.8828818008288244, "0.05": 0.2001956278617021, "0.1": 0.18886720852032368, "0.15": 0.17974644120502778, "0.2": 0.1701826256281951, "0.25": 0.16036821177499616, "0.3": 0.15388017893131184, "0.35": 0.13283460908110084, "0.4": 0.1290522343058126}, "8": {"0": 1.0, "0.05": 0.0718198010357595, "0.1": 0.04367681862118171, "0.15": 0.03467033837037214, "0.2": 0.02860742916905418, "0.25": 0.022725013825615994, "0.3": 0.017466802780498124, "0.35": 0.013365227672448294, "0.4": 0.01020052735772221}, "9": {"0": 1.0, "0.05": 0.028920657858413232, "0.1": 0.003846092406967458, "0.15": 0.0009413249065404895, "0.2": 0.0002923422567845451, "0.25": 0.00010638030908201069, "0.3": 4.955656945129172e-05, "0.35": 3.0381977693281504e-05, "0.4": 1.5912951736937215e-05}, "10": {"0": 0.9999632326167998, "0.05": 0.28256788392232474, "0.1": 0.21095626098931358, "0.15": 0.1666749269829127, "0.2": 0.13670501893559675, "0.25": 0.11383410264718305, "0.3": 0.09514577532726659, "0.35": 0.07909588189590039, "0.4": 0.06523627119612568}, "11": {"0": 1.0, "0.05": 0.03295269349538997, "0.1": 0.010723636777773661, "0.15": 0.0059157598793077035, "0.2": 0.0038225746075225635, "0.25": 0.0024673487317814903, "0.3": 0.0015556140551394376, "0.35": 0.0008844703245705646, "0.4": 0.0005232152527670197}, "12": {"0": 0.9999985691870906, "0.05": 0.3135107652207186, "0.1": 0.18181996805493397, "0.15": 0.12213006542425382, "0.2": 0.09030818577827167, "0.25": 0.07040751958216843, "0.3": 0.05792819574774836, "0.35": 0.04996066831136197, "0.4": 0.04388909205172943}, "13": {"0": 0.9999778220535664, "0.05": 0.198924588566845, "0.1": 0.12938254260285956, "0.15": 0.09529661022693565, "0.2": 0.071949579272801, "0.25": 0.05492175535535136, "0.3": 0.042006026734800264, "0.35": 0.03252912097462597, "0.4": 0.025226625318003168}, "14": {"0": 0.9999972627531658, "0.05": 0.28995710991947965, "0.1": 0.1747974710636168, "0.15": 0.10655711296464854, "0.2": 0.06832368154673446, "0.25": 0.04533718420653506,