{"fscore": {"0": {"0": 0.11396083236362174, "0.05": 0.017757776964862294, "0.1": 0.00874609993727871, "0.15": 0.006400069526386993, "0.2": 0.0037086940546966793, "0.25": 0.001689836353728887, "0.3": 0.0005015572768840539, "0.35": 5.57794872039071e-05, "0.4": 2.1183850742305064e-05}, "1": {"0": 0.11396083236362174, "0.05": 0.019368675866309963, "0.1": 0.0019974212753984797, "0.15": 0.00018725173799962044, "0.2": 2.688643716224501e-05, "0.25": 4.3010752688172045e-06, "0.3": 0.0, "0.35": 0.0, "0.4": 0.0}, "2": {"0": 0.11396083236362174, "0.05": 0.03459153384279895, "0.1": 0.011706830108900885, "0.15": 0.005101041883679951, "0.2": 0.002636631413667452, "0.25": 0.0014137068625014253, "0.3": 0.000658963625233892, "0.35": 0.00035543646629489456, "0.4": 0.00021852661545206716}, "3": {"0": 0.11396083236362174, "0.05": 0.17473992717241935, "0.1": 0.10974994189576844, "0.15": 0.0581911086025563, "0.2": 0.030315527687669434, "0.25": 0.016157029286842952, "0.3": 0.008734382668119186, "0.35": 0.005001890064312597, "0.4": 0.003121972128233966}, "4": {"0": 0.11396083236362174, "0.05": 0.30599721896890336, "0.1": 0.23429153513770928, "0.15": 0.18135894564301733, "0.2": 0.13956065253920022, "0.25": 0.0997266435842875, "0.3": 0.06240646955344265, "0.35": 0.031011144601600545, "0.4": 0.013548437778108114}, "5": {"0": 0.11396083236362174, "0.05": 0.017144214083443347, "0.1": 0.0013781575634450993, "0.15": 0.00040432743121279904, "0.2": 0.00021321798041487898, "0.25": 0.00010007696613887104, "0.3": 4.484975534142522e-05, "0.35": 2.8649773722681034e-05, "0.4": 1.14021277610801e-05}, "6": {"0": 0.11396083236362174, "0.05": 0.06169700989065268, "0.1": 0.005883998807915199, "0.15": 0.000345519786747762, "0.2": 1.8360020053029387e-05, "0.25": 4.8661800486618e-06, "0.3": 0.0, "0.35": 0.0, "0.4": 0.0}, "7": {"0": 0.11396083236362174, "0.05": 0.24096436164422028, "0.1": 0.10131790055013602, "0.15": 0.04265422907587218, "0.2": 0.012041806428107338, "0.25": 0.0023115999271178323, "0.3": 0.00035481343348535166, "0.35": 8.463895800553282e-05, "0.4": 1.2337333107993916e-05}, "8": {"0": 0.11396083236362174, "0.05": 0.2720543356068552, "0.1": 0.2047436608937211, "0.15": 0.16053190949698512, "0.2": 0.12538708068353308, "0.25": 0.09489035000703024, "0.3": 0.06942351607446368, "0.35": 0.04782961635272903, "0.4": 0.03073987083118883}, "9": {"0": 0.11396083236362174, "0.05": 0.03407165847873775, "0.1": 0.007235442767922405, "0.15": 0.0016379569282714088, "0.2": 0.0004375683399259051, "0.25": 0.00018682948052323186, "0.3": 0.00010442721129683967, "0.35": 7.044920490590963e-05, "0.4": 4.026061327082768e-05}, "10": {"0": 0.11396083236362174, "0.05": 0.0690690952464729, "0.1": 0.027596480430408923, "0.15": 0.014355496296996253, "0.2": 0.008233125609796292, "0.25": 0.005024072353087498, "0.3": 0.0031270517338764965, "0.35": 0.0018746308510079119, "0.4": 0.0010845847757354871}, "11": {"0": 0.11396083236362174, "0.05": 0.2726270576297205, "0.1": 0.21001614202901653, "0.15": 0.13407657311846413, "0.2": 0.0848327337254246, "0.25": 0.05607125518204153, "0.3": 0.03499869632123457, "0.35": 0.023593295968817894, "0.4": 0.014660347917548075}, "12": {"0": 0.11396083236362174, "0.05": 0.023430860405151126, "0.1": 0.00021890168414491314, "0.15": 3.8096766498802996e-05, "0.2": 6.255035523328206e-06, "0.25": 0.0, "0.3": 0.0, "0.35": 0.0, "0.4": 0.0}, "13": {"0": 0.11396083236362174, "0.05": 0.14144738291919012, "0.1": 0.030647927472013673, "0.15": 0.005451510262441505, "0.2": 0.0014463669690530836, "0.25": 0.00048470468681611096, "0.3": 0.0002498910187144371, "0.35": 0.0001105101606026298, "0.4": 4.411205226900747e-05}, "14": {"0": 0.11396083236362174, "0.05": 0.1517766147908647, "0.1": 0.06661201566148768, "0.15": 0.027442241440475315, "0.2": 0.01199488559500599, "0.25": 0.005326060690756471, "0.3": 0.0026536711085861867, "0.35": 0.0016382304173895358, "0.4": 0.0011463077978474934}, "15": {"0": 0.11396083236362174, "0.05": 0.32914866621197253, "0.1": 0.19606932753385448, "0.15": 0.09608713741574412, "0.2": 0.04671763667627494, "0.25": 0.022996097059929152, "0.3": 0.012677571263371813, "0.35": 0.0075266448324051525, "0.4": 0.005186045733591371}}, "recall": {"0": {"0": 1.0, "0.05": 0.013304599055687665, "0.1": 0.005028802678735369, "0.15": 0.003449893824413515, "0.2": 0.0019389706829071951, "0.25": 0.0008675795527643773, "0.3": 0.0002561699445401889, "0.35": 2.836801437478174e-05, "0.4": 1.070688779042485e-05}, "1": {"0": 1.0, "0.05": 0.014032301099021946, "0.1": 0.001088890379619407, "0.15": 9.668869838209804e-05, "0.2": 1.3673733615207832e-05, "0.25": 2.1645021645021648e-06, "0.3": 0.0, "0.35": 0.0, "0.4": 0.0}, "2": {"0": 1.0, "0.05": 0.02768779641114062, "0.1": 0.007310965156826258, "0.15": 0.0029090879723504422, "0.2": 0.001442090681658838, "0.25": 0.0007539995076285118, "0.3": 0.00034518623710170685, "0.35": 0.00018455153867666504, "0.4": 0.00011260765777513058}, "3": {"0": 1.0, "0.05": 0.16263823809136294, "0.1": 0.06792306818387721, "0.15": 0.03178095888544855, "0.2": 0.01589709786855528, "0.25": 0.008320993809075018, "0.3": 0.00445361860097415, "0.35": 0.002534916471827199, "0.4": 0.0015776378012426757}, "4": {"0": 1.0, "0.05": 0.22522536945263258, "0.1": 0.14820127113285128, "0.15": 0.10899771534812652, "0.2": 0.08124618364497702, "0.25": 0.05619393626006921, "0.3": 0.03394210481111354, "0.35": 0.01628323800376497, "0.4": 0.0069437697811605996}, "5": {"0": 1.0, "0.05": 0.010707663091134044, "0.1": 0.0007119391586377144, "0.15": 0.00020605466078083215, "0.2": 0.00010796703552949283, "0.25": 5.056475837792053e-05, "0.3": 2.2703380549073217e-05, "0.35": 1.4529493574016655e-05, "0.4": 5.806595697163702e-06}, "6": {"0": 1.0, "0.05": 0.04366827680378984, "0.1": 0.0030317067987225108, "0.15": 0.00017481613029356305, "0.2": 9.232872506489723e-06, "0.25": 2.450980392156863e-06, "0.3": 0.0, "0.35": 0.0, "0.4": 0.0}, "7": {"0": 1.0, "0.05": 0.17235935266990762, "0.1": 0.059208234514894056, "0.15": 0.023607613327982092, "0.2": 0.006346395059804212, "0.25": 0.0011867476598945788, "0.3": 0.00018093068739658528, "0.35": 4.283800361571335e-05, "0.4": 6.22704315886134e-06}, "8": {"0": 1.0, "0.05": 0.19174621250392468, "0.1": 0.12816327564624552, "0.15": 0.09618108964754668, "0.2": 0.07288381108082155, "0.25": 0.0536640590051769, "0.3": 0.038313555938640546, "0.35": 0.025726791205566247, "0.4": 0.016154628908371636}, "9": {"0": 1.0, "0.05": 0.025289709315673748, "0.1": 0.0038841576422213465, "0.15": 0.000848641775228283, "0.2": 0.0002248070725685625, "0.25": 9.512760336471363e-05, "0.3": 5.312207096261188e-05, "0.35": 3.575836614540502e-05, "0.4": 2.0476387899051294e-05}, "10": {"0": 1.0, "0.05": 0.055274390033052595, "0.1": 0.016388714893344054, "0.15": 0.007833259961675098, "0.2": 0.004341197762024421, "0.25": 0.002600572293453435, "0.3": 0.0016014211150161212, "0.35": 0.0009546301859373571, "0.4": 0.0005509249286064485}, "11": {"0": 1.0, "0.05": 0.27366518829532754, "0.1": 0.151754461610957, "0.15": 0.08306583676972103, "0.2": 0.04809422516682765, "0.25": 0.030340148709091186, "0.3": 0.018436028450366227, "0.35": 0.012239260155124299, "0.4": 0.0075357109710096504}, "12": {"0": 1.0, "0.05": 0.016563701602834123, "0.1": 0.00011209349649912061, "0.15": 1.924618648764475e-05, "0.2": 3.1571876399462605e-06, "0.25": 0.0, "0.3": 0.0, "0.35": 0.0, "0.4": 0.0}, "13": {"0": 1.0, "0.05": 0.10440284066486853, "0.1": 0.017152011667045133, "0.15": 0.002826958635994142, "0.2": 0.0007367783718329831, "0.25": 0.00024534490110086503, "0.3": 0.0001264595177153428, "0.35": 5.5796111441703914e-05, "0.4": 2.2227616335119272e-05}, "14": {"0": 1.0, "0.05": 0.11389207484986964, "0.1": 0.039115126562275136, "0.15": 0.014947365941159689, "0.2": 0.006323875221225804, "0.25": 0.0027484119605202945, "0.3": 0.0013539413369453364, "0.35": 0.0008318960974891866, "0.4": 0.0005811594698421516}, "15": {"0": 1.0, "0.05": 0.30997024242611054, "0.1": 0.1317902461773167, "0.15": 0.054946944475385145, "0.2": 0.02483259830349255,