{"fscore": {"0": {"0": 0.11398936436481887, "0.05": 0.10777212115115112, "0.1": 0.08007885568522767, "0.15": 0.05896583022590603, "0.2": 0.04695194828425076, "0.25": 0.03736405288783139, "0.3": 0.029396946141142934, "0.35": 0.022771216825192894, "0.4": 0.017263416521232568}, "1": {"0": 0.11398936436481887, "0.05": 0.07692298967254162, "0.1": 0.03268571187918017, "0.15": 0.015092719451217571, "0.2": 0.007492231121932754, "0.25": 0.0037048318627887974, "0.3": 0.0019595348838734555, "0.35": 0.0009656706839605377, "0.4": 0.0004691757347691218}, "2": {"0": 0.11398936436481887, "0.05": 0.021541942083004736, "0.1": 0.007755233298977706, "0.15": 0.006494966161796445, "0.2": 0.005718301390840563, "0.25": 0.004485754253836598, "0.3": 0.003067231144649422, "0.35": 0.0016748635216757087, "0.4": 0.0007065211589345048}, "3": {"0": 0.11398936436481887, "0.05": 0.2282617111152594, "0.1": 0.18123429832618365, "0.15": 0.1336953273564675, "0.2": 0.09597438050365728, "0.25": 0.06990917599852167, "0.3": 0.05101546468772383, "0.35": 0.03692879908098502, "0.4": 0.026080635569387278}, "4": {"0": 0.11398936436481887, "0.05": 0.1988887677027051, "0.1": 0.14432320807805102, "0.15": 0.11180950511515067, "0.2": 0.08901092455776195, "0.25": 0.07116975182367646, "0.3": 0.057109294592830644, "0.35": 0.0458634687021087, "0.4": 0.03638167244721073}, "5": {"0": 0.11398936436481887, "0.05": 0.12859311952056549, "0.1": 0.06508512362245829, "0.15": 0.037802421372766515, "0.2": 0.025179496924490133, "0.25": 0.01846375667187569, "0.3": 0.014072717708448835, "0.35": 0.01099924790659697, "0.4": 0.008746383591320087}, "6": {"0": 0.11398936436481887, "0.05": 0.12203929336969095, "0.1": 0.056368903018984555, "0.15": 0.03105591615321968, "0.2": 0.019766093235531242, "0.25": 0.012835334596249609, "0.3": 0.008234596738954506, "0.35": 0.005288313333733502, "0.4": 0.0031408190146628863}, "7": {"0": 0.11398936436481887, "0.05": 0.20862282166649027, "0.1": 0.10286715625211838, "0.15": 0.055584245041540394, "0.2": 0.029783893979712, "0.25": 0.01616523899472948, "0.3": 0.009427695579713687, "0.35": 0.0062311675689132266, "0.4": 0.004530946594771106}, "8": {"0": 0.11398936436481887, "0.05": 0.3200510641637064, "0.1": 0.27737713901177574, "0.15": 0.25084012266338934, "0.2": 0.22893332096962554, "0.25": 0.2072775239691166, "0.3": 0.18649379818019837, "0.35": 0.16769733717902968, "0.4": 0.14934383688740735}, "9": {"0": 0.11398936436481887, "0.05": 0.1905426510627768, "0.1": 0.11918240348214844, "0.15": 0.07992520472656747, "0.2": 0.05722098201330996, "0.25": 0.042767671520773036, "0.3": 0.033186021026409926, "0.35": 0.02615937739260537, "0.4": 0.021097620837147866}, "10": {"0": 0.11398936436481887, "0.05": 0.1558667892412728, "0.1": 0.08062039158671415, "0.15": 0.04152508895832704, "0.2": 0.020548086960678807, "0.25": 0.00997974518010053, "0.3": 0.004473159352338431, "0.35": 0.002180351302859375, "0.4": 0.0010767978315563012}, "11": {"0": 0.11398936436481887, "0.05": 0.2725471487894355, "0.1": 0.2677392450743949, "0.15": 0.2573510842869501, "0.2": 0.24184285678123846, "0.25": 0.22168475370899055, "0.3": 0.20337094551636836, "0.35": 0.1913119627109355, "0.4": 0.18115106592595395}, "12": {"0": 0.11398936436481887, "0.05": 0.1473285596745032, "0.1": 0.08881546943846308, "0.15": 0.05286726340942409, "0.2": 0.03339992475228384, "0.25": 0.021583813511367598, "0.3": 0.014401833457812915, "0.35": 0.009758537491054103, "0.4": 0.006500245599881685}, "13": {"0": 0.11398936436481887, "0.05": 0.037119055010652234, "0.1": 0.024912762734788794, "0.15": 0.018650828397891138, "0.2": 0.013897919347811585, "0.25": 0.0102298099404141, "0.3": 0.007457825383798271, "0.35": 0.005445219942557296, "0.4": 0.0037298397146348244}, "14": {"0": 0.11398936436481887, "0.05": 0.056778319965250165, "0.1": 0.02673626696799815, "0.15": 0.014099203693614643, "0.2": 0.007795723242677384, "0.25": 0.004502666108219875, "0.3": 0.002531219875943278, "0.35": 0.0015668238966811499, "0.4": 0.0009389498833743937}, "15": {"0": 0.11398936436481887, "0.05": 0.2100070705947812, "0.1": 0.11289418042270884, "0.15": 0.06834687148203583, "0.2": 0.044674741892625415, "0.25": 0.03125659092243034, "0.3": 0.023133678722361002, "0.35": 0.01753840894143279, "0.4": 0.013691926760266334}}, "recall": {"0": {"0": 1.0, "0.05": 0.09320254571504956, "0.1": 0.05405852722431978, "0.15": 0.035738998593874145, "0.2": 0.02680185933073811, "0.25": 0.020519317229143002, "0.3": 0.015713591375745167, "0.35": 0.011943099192753248, "0.4": 0.008937188907559011}, "1": {"0": 1.0, "0.05": 0.0606967371800621, "0.1": 0.019077101103539315, "0.15": 0.008102438546069441, "0.2": 0.003898529422346056, "0.25": 0.001900761079320655, "0.3": 0.0009984393957876143, "0.35": 0.0004893994592390004, "0.4": 0.0002374723735157142}, "2": {"0": 1.0, "0.05": 0.012836690982410142, "0.1": 0.004022690750628281, "0.15": 0.0032915006743061887, "0.2": 0.0028856976700084415, "0.25": 0.002262157257819448, "0.3": 0.0015470404703868852, "0.35": 0.0008449571145708413, "0.4": 0.000356514740503868}, "3": {"0": 1.0, "0.05": 0.23325375493576173, "0.1": 0.13750157882416547, "0.15": 0.08775095596210528, "0.2": 0.057692445600251094, "0.25": 0.03975086768902536, "0.3": 0.02790748289324264, "0.35": 0.019684643020410942, "0.4": 0.01364173117223908}, "4": {"0": 1.0, "0.05": 0.1254703363562516, "0.1": 0.08350667196015717, "0.15": 0.06253594522708376, "0.2": 0.04863337735434124, "0.25": 0.038220344611526236, "0.3": 0.030258225640989622, "0.35": 0.02403308249577731, "0.4": 0.01889747552983075}, "5": {"0": 1.0, "0.05": 0.09246005801986952, "0.1": 0.03836167931767237, "0.15": 0.02073625006365646, "0.2": 0.013360505275606501, "0.25": 0.009625605258081558, "0.3": 0.007261155450400263, "0.35": 0.00563757660930916, "0.4": 0.0044622066255385505}, "6": {"0": 1.0, "0.05": 0.11132803974696727, "0.1": 0.03778008564932605, "0.15": 0.0184954297521863, "0.2": 0.011111755096797953, "0.25": 0.006985719257570756, "0.3": 0.004389077228431526, "0.35": 0.0027822979403356505, "0.4": 0.0016357745393448374}, "7": {"0": 1.0, "0.05": 0.17458639044691673, "0.1": 0.06706087627569268, "0.15": 0.03271764234201815, "0.2": 0.01657477632349231, "0.25": 0.008715868066846957, "0.3": 0.004980148923497823, "0.35": 0.0032515933018078223, "0.4": 0.002345300011875935}, "8": {"0": 1.0, "0.05": 0.249306921619515, "0.1": 0.1917788973222965, "0.15": 0.1659526474487433, "0.2": 0.14685453148051458, "0.25": 0.12935488894055883, "0.3": 0.1135504635018538, "0.35": 0.09992917944351651, "0.4": 0.0871970185641893}, "9": {"0": 1.0, "0.05": 0.16187171953988075, "0.1": 0.0743372863365128, "0.15": 0.045058859700558125, "0.2": 0.030830587630226305, "0.25": 0.02250795953597108, "0.3": 0.01723965635830488, "0.35": 0.013473084502980202, "0.4": 0.010806057487528529}, "10": {"0": 1.0, "0.05": 0.11417453187594559, "0.1": 0.04627732587338458, "0.15": 0.02220160500661087, "0.2": 0.01065863589448422, "0.25": 0.005106056726829549, "0.3": 0.002271317069036054, "0.35": 0.0011041953382802624, "0.4": 0.0005438129157970165}, "11": {"0": 1.0, "0.05": 0.22070707871675638, "0.1": 0.19252073176615447, "0.15": 0.17465959130837655, "0.2": 0.1565085785339484, "0.25": 0.13896853443458307, "0.3": 0.1251910074900489, "0.35": 0.1163202290859908, "0.4": 0.10897126567922855}, "12": {"0": 1.0, "0.05": 0.11931844738319566, "0.1": 0.054245340216359704, "0.15": 0.02931633630584897, "0.2": 0.017782250787018, "0.25": 0.01126006789209864, "0.3": 0.007433637186798084, "0.35": 0.005000322722477539, "0.4": 0.003314127347208673}, "13": {"0": 1.0, "0.05": 0.03016931061518661, "0.1": 0.016903079108758937, "0.15": 0.011495039725021429, "0.2": 0.008066458982668152, "0.25": 0.005708423411485824, "0.3": 0.004043452592310577, "0.35": 0.0028945610370638346, "0.4": 0.0019547345146149107}, "14": {"0": 1.0, "0.05": 0.04340729662006883, "0.1": 0.01638554807783363, "0.15": 0.007909159048199802, "0.2": 0.004179689205990523, "0.25": 0.0023606251897127398, "0.3": 0.0013077524966051597, "0.35": 0.0008037557779959158,