{"fscore": {"0": {"0": 0.11396083236362174, "0.05": 0.04272968890032475, "0.1": 0.017042152258850758, "0.15": 0.008325916392820782, "0.2": 0.004638117227372772, "0.25": 0.0027906232011103396, "0.3": 0.0017232005859208843, "0.35": 0.0010894886213657442, "0.4": 0.0007279583107834001}, "1": {"0": 0.11396083236362174, "0.05": 0.0350134830486331, "0.1": 0.009321607658826505, "0.15": 0.0022189258299401336, "0.2": 0.00048317680131978644, "0.25": 0.00012514098128599036, "0.3": 8.191038010287533e-05, "0.35": 3.492495519877695e-05, "0.4": 9.05905216606222e-06}, "2": {"0": 0.11396083236362174, "0.05": 0.05361542532079784, "0.1": 0.021799711680561842, "0.15": 0.009564388777133922, "0.2": 0.0048432224021638685, "0.25": 0.0028296668528465544, "0.3": 0.0017674640045086862, "0.35": 0.0010869862834121749, "0.4": 0.0008039105021141322}, "3": {"0": 0.11396083236362174, "0.05": 0.19534657452670012, "0.1": 0.16645868442313674, "0.15": 0.14550021927995177, "0.2": 0.12991253024178473, "0.25": 0.11698694290621772, "0.3": 0.10603036113467257, "0.35": 0.09618772410745523, "0.4": 0.08716727048551655}, "4": {"0": 0.11396083236362174, "0.05": 0.14628046174186896, "0.1": 0.06823868461462745, "0.15": 0.03242269012356075, "0.2": 0.01602470612952652, "0.25": 0.007836133635154273, "0.3": 0.004125847564164074, "0.35": 0.002153514738559521, "0.4": 0.0010499605823586827}, "5": {"0": 0.11396083236362174, "0.05": 0.060116204432621466, "0.1": 0.023047099976107602, "0.15": 0.01016835618224697, "0.2": 0.004876965426422889, "0.25": 0.002583945916133416, "0.3": 0.0014739351958044933, "0.35": 0.0009301392829240555, "0.4": 0.0005507007892444115}, "6": {"0": 0.11396083236362174, "0.05": 0.21036841540131912, "0.1": 0.11618399195569677, "0.15": 0.07052449913475134, "0.2": 0.045530776002382825, "0.25": 0.030833456717193414, "0.3": 0.021592951319289032, "0.35": 0.015345285229840508, "0.4": 0.011145334678420257}, "7": {"0": 0.11396083236362174, "0.05": 0.2556180693070306, "0.1": 0.1568315860740804, "0.15": 0.09768291236597881, "0.2": 0.06333579303400012, "0.25": 0.043143159297986566, "0.3": 0.029749168310558332, "0.35": 0.020739589100236613, "0.4": 0.013929567839974701}, "8": {"0": 0.11396083236362174, "0.05": 0.30008756075202586, "0.1": 0.2551710299179289, "0.15": 0.22453746564426486, "0.2": 0.197678169339697, "0.25": 0.17294491444725266, "0.3": 0.14956426928791255, "0.35": 0.13184735282548835, "0.4": 0.11685945525906417}, "9": {"0": 0.11396083236362174, "0.05": 0.03129262479680487, "0.1": 0.014174129737447843, "0.15": 0.008920545821322595, "0.2": 0.006124985004753068, "0.25": 0.004342284237162826, "0.3": 0.003207745910286318, "0.35": 0.00229415419659146, "0.4": 0.0016798925582951728}, "10": {"0": 0.11396083236362174, "0.05": 0.09443883287624848, "0.1": 0.027922248988829106, "0.15": 0.009269179532083753, "0.2": 0.003342598788134041, "0.25": 0.0013951597777486985, "0.3": 0.0006511964327752431, "0.35": 0.0003310421159616213, "0.4": 0.00011903648217556346}, "11": {"0": 0.11396083236362174, "0.05": 0.19613112758980847, "0.1": 0.1219987822615678, "0.15": 0.06490565864345836, "0.2": 0.034043201414530565, "0.25": 0.018686663628952917, "0.3": 0.01061550287641061, "0.35": 0.005847720197256857, "0.4": 0.0034634561138718735}, "12": {"0": 0.11396083236362174, "0.05": 0.03408350224965273, "0.1": 0.003472998229754745, "0.15": 0.0006931610375880387, "0.2": 0.000192347622954152, "0.25": 7.674328490207633e-05, "0.3": 1.1493742767151006e-05, "0.35": 6.846093545858375e-06, "0.4": 6.846093545858375e-06}, "13": {"0": 0.11396083236362174, "0.05": 0.2512793038903798, "0.1": 0.15993360206606314, "0.15": 0.09900707266810438, "0.2": 0.06235587169328158, "0.25": 0.03998654203570603, "0.3": 0.02597896347963278, "0.35": 0.01687505498981502, "0.4": 0.010988070245973066}, "14": {"0": 0.11396083236362174, "0.05": 0.3027962751186616, "0.1": 0.22608561720823236, "0.15": 0.16808179647199145, "0.2": 0.12814372880725636, "0.25": 0.09974263861615966, "0.3": 0.07892457111566815, "0.35": 0.06419310568555008, "0.4": 0.0522959664861711}, "15": {"0": 0.11396083236362174, "0.05": 0.306790071392635, "0.1": 0.20871774325740822, "0.15": 0.13416018643676692, "0.2": 0.08411716979589634, "0.25": 0.05216201335755516, "0.3": 0.03162985103793426, "0.35": 0.018769002468295232, "0.4": 0.01082524634508632}}, "recall": {"0": {"0": 1.0, "0.05": 0.037741493246891876, "0.1": 0.011678960507039055, "0.15": 0.005151652617085684, "0.2": 0.002708387200493832, "0.25": 0.001574773966462582, "0.3": 0.0009481812245323408, "0.35": 0.0005872614884462322, "0.4": 0.0003873577905307782}, "1": {"0": 1.0, "0.05": 0.02999593424406041, "0.1": 0.005552557112476702, "0.15": 0.0011957124419711713, "0.2": 0.00025001632575286634, "0.25": 6.412900566974707e-05, "0.3": 4.1750545056460644e-05, "0.35": 1.7675117264137998e-05, "0.4": 4.587732528909e-06}, "2": {"0": 1.0, "0.05": 0.045090246607680885, "0.1": 0.013693522906501037, "0.15": 0.005399982766025166, "0.2": 0.0025998023866432365, "0.25": 0.0014804655727551858, "0.3": 0.0009121007999411551, "0.35": 0.0005562724792199991, "0.4": 0.0004094044294629768}, "3": {"0": 1.0, "0.05": 0.17826087919888184, "0.1": 0.11718041386824452, "0.15": 0.09174304391485005, "0.2": 0.07718867577242029, "0.25": 0.06695772450273635, "0.3": 0.05918074843458561, "0.35": 0.05267598275706407, "0.4": 0.047049545854886646}, "4": {"0": 1.0, "0.05": 0.10207450667482004, "0.1": 0.0381316207515868, "0.15": 0.017091052828065292, "0.2": 0.00825388728025906, "0.25": 0.003990995292916284, "0.3": 0.0020917047628990167, "0.35": 0.0010886776619469863, "0.4": 0.0005293145541497794}, "5": {"0": 1.0, "0.05": 0.0483513976194661, "0.1": 0.0140879587647589, "0.15": 0.0057000234864701465, "0.2": 0.0026238215701905134, "0.25": 0.001358297557471199, "0.3": 0.0007657512521301729, "0.35": 0.0004782930805344332, "0.4": 0.000281720187930183}, "6": {"0": 1.0, "0.05": 0.18078551292113984, "0.1": 0.07438900567617825, "0.15": 0.0405920892953699, "0.2": 0.024875713703341157, "0.25": 0.016380260147949542, "0.3": 0.011277847891992245, "0.35": 0.007927548869283303, "0.4": 0.0057171269750042435}, "7": {"0": 1.0, "0.05": 0.22459518694843078, "0.1": 0.103363807539107, "0.15": 0.05736069893824226, "0.2": 0.03507330838779441, "0.25": 0.023126534524617482, "0.3": 0.015618504888899565, "0.35": 0.010749839997974088, "0.4": 0.007153810196676673}, "8": {"0": 1.0, "0.05": 0.22133720364935375, "0.1": 0.17087914023634956, "0.15": 0.1423358328797127, "0.2": 0.12065672740251715, "0.25": 0.102903885406112, "0.3": 0.0871952730434942, "0.35": 0.07564009683126208, "0.4": 0.06606508978563409}, "9": {"0": 1.0, "0.05": 0.02502238299079152, "0.1": 0.009527563270260926, "0.15": 0.005512389134179132, "0.2": 0.003601542914675566, "0.25": 0.0024602468771288116, "0.3": 0.0017699000713360215, "0.35": 0.0012399639123594234, "0.4": 0.0008930905329674494}, "10": {"0": 1.0, "0.05": 0.07381776137173758, "0.1": 0.016116025855836855, "0.15": 0.004942547298506766, "0.2": 0.0017293906475189802, "0.25": 0.0007114979717632314, "0.3": 0.00033079560698208346, "0.35": 0.00016791552558386184, "0.4": 6.027976902129108e-05}, "11": {"0": 1.0, "0.05": 0.18875143984242604, "0.1": 0.08205502463024407, "0.15": 0.03764542680705685, "0.2": 0.01844660889145262, "0.25": 0.00979149500390055, "0.3": 0.005471638115993895, "0.35": 0.0029850762480438256, "0.4": 0.0017595656883557852}, "12": {"0": 1.0, "0.05": 0.023421459279315996, "0.1": 0.0018632832530916176, "0.15": 0.0003575581808954982, "0.2": 9.803210639761194e-05, "0.25": 3.89105847615571e-05, "0.3": 5.795602238667409e-06, "0.35": 3.4481843982918226e-06, "0.4": 3.4481843982918226e-06}, "13": {"0": 1.0, "0.05": 0.24464281776801958, "0.1": 0.11370520954988401, "0.15": 0.06100853086284845, "0.2": 0.03561851066065472, "0.25": 0.02185074096112088, "0.3": 0.013813028171891709, "0.35": 0.008817392089980922, "0.4": 0.005675408197897887}, "14": {"0": 1.0, "0.05": 0.2651148343742734, "0.1": 0.15366519988905364, "0.15": 0.10236390372709334, "0.2": 0.07354584656599333, "0.25": 0.055219393252109984,