{"fscore": {"0": {"0": 0.11398936436481887, "0.05": 0.015270684183257915, "0.1": 0.0031610137972294906, "0.15": 0.0010610227004378765, "0.2": 0.00043771360415042934, "0.25": 0.00016759907637717487, "0.3": 9.80134412184456e-05, "0.35": 6.102133370734834e-05, "0.4": 4.857069698355609e-05}, "1": {"0": 0.11398936436481887, "0.05": 0.1561610776455152, "0.1": 0.09950853272713266, "0.15": 0.0644392158823969, "0.2": 0.043586700666119534, "0.25": 0.030647207173476236, "0.3": 0.0219985849788417, "0.35": 0.015804664461910343, "0.4": 0.011101404585323245}, "2": {"0": 0.11398936436481887, "0.05": 0.05885461365766637, "0.1": 0.02007015862185123, "0.15": 0.008781817465225935, "0.2": 0.0052808231355219734, "0.25": 0.00361935301840843, "0.3": 0.0025270347472119187, "0.35": 0.001880901829634515, "0.4": 0.0014196204127291784}, "3": {"0": 0.11398936436481887, "0.05": 0.0956401962816232, "0.1": 0.041908355119384746, "0.15": 0.0189708495687963, "0.2": 0.009699374279450253, "0.25": 0.005351782099231806, "0.3": 0.003072668612284129, "0.35": 0.0018035393009189606, "0.4": 0.0011722281179355025}, "4": {"0": 0.11398936436481887, "0.05": 0.23455228047169904, "0.1": 0.15920317315616597, "0.15": 0.10956872752567244, "0.2": 0.07725225534446804, "0.25": 0.05574806845132933, "0.3": 0.04035670704782024, "0.35": 0.029277591351161945, "0.4": 0.02132483430205282}, "5": {"0": 0.11398936436481887, "0.05": 0.10998298124858895, "0.1": 0.051292887116257464, "0.15": 0.026035667743503722, "0.2": 0.01470749018355033, "0.25": 0.008576692771038688, "0.3": 0.005056593571485164, "0.35": 0.0031398217405414672, "0.4": 0.0019048663842661088}, "6": {"0": 0.11398936436481887, "0.05": 0.12939262248365252, "0.1": 0.061786828037455735, "0.15": 0.033253325605526275, "0.2": 0.020355100359008154, "0.25": 0.012886792399048299, "0.3": 0.00844728109014687, "0.35": 0.005633249842534913, "0.4": 0.003824130509825001}, "7": {"0": 0.11398936436481887, "0.05": 0.1380688568333069, "0.1": 0.06091306973984246, "0.15": 0.030088316585387877, "0.2": 0.016463306559637052, "0.25": 0.009571725322919245, "0.3": 0.00572169105298564, "0.35": 0.0034578098061321936, "0.4": 0.00205718871732112}, "8": {"0": 0.11398936436481887, "0.05": 0.21394591547341818, "0.1": 0.1251807578618544, "0.15": 0.07488668170402335, "0.2": 0.046874678302002926, "0.25": 0.0318460520531291, "0.3": 0.02332496544664205, "0.35": 0.01828299766336886, "0.4": 0.015063239545274613}, "9": {"0": 0.11398936436481887, "0.05": 0.09995560838006579, "0.1": 0.06238710645116582, "0.15": 0.04218988569754982, "0.2": 0.02974778400482603, "0.25": 0.021439520956259745, "0.3": 0.015521176628624242, "0.35": 0.011350446609625666, "0.4": 0.007969990528504311}, "10": {"0": 0.11398936436481887, "0.05": 0.333815885395367, "0.1": 0.2779199392643685, "0.15": 0.22633928689574717, "0.2": 0.18483927049140117, "0.25": 0.15111136419569987, "0.3": 0.12416083326019971, "0.35": 0.10176343797611617, "0.4": 0.08264233488642093}, "11": {"0": 0.11398936436481887, "0.05": 0.21262956502039818, "0.1": 0.1457935208212828, "0.15": 0.09756489054543768, "0.2": 0.06678784566531287, "0.25": 0.046881237527590845, "0.3": 0.033002628978115796, "0.35": 0.022909115586984125, "0.4": 0.015182266069320544}, "12": {"0": 0.11398936436481887, "0.05": 0.1885970581248437, "0.1": 0.11019562828687118, "0.15": 0.07118560972026883, "0.2": 0.048631027273483576, "0.25": 0.03533876695421221, "0.3": 0.02647006292240607, "0.35": 0.020859948051820384, "0.4": 0.01687564235486632}, "13": {"0": 0.11398936436481887, "0.05": 0.23048155467114687, "0.1": 0.16023446072904649, "0.15": 0.11224880284253874, "0.2": 0.07983954146254427, "0.25": 0.05826572187104811, "0.3": 0.04311792466907239, "0.35": 0.03206929715235883, "0.4": 0.024317587851310326}, "14": {"0": 0.11398936436481887, "0.05": 0.13455194192432715, "0.1": 0.07940921907801232, "0.15": 0.050989089913183114, "0.2": 0.03494519216992486, "0.25": 0.024782511998834682, "0.3": 0.018079356925811963, "0.35": 0.013126319577804402, "0.4": 0.009512726484561008}, "15": {"0": 0.11398936436481887, "0.05": 0.3057796366167939, "0.1": 0.20581865901276727, "0.15": 0.13119873050039918, "0.2": 0.08336291923246568, "0.25": 0.053336064665200154, "0.3": 0.03398834054144332, "0.35": 0.022037801545815288, "0.4": 0.014328258668804864}}, "recall": {"0": {"0": 1.0, "0.05": 0.01060251652449275, "0.1": 0.0018161025305682425, "0.15": 0.0005758386093246566, "0.2": 0.0002318720998514974, "0.25": 8.758860066349117e-05, "0.3": 5.054155250494374e-05, "0.35": 3.145943381086905e-05, "0.4": 2.4871165842870523e-05}, "1": {"0": 1.0, "0.05": 0.12792992153312932, "0.1": 0.06069098868327448, "0.15": 0.035746482272117464, "0.2": 0.023211598718689705, "0.25": 0.01598205430380002, "0.3": 0.011333234343761798, "0.35": 0.008078132532657602, "0.4": 0.005644082512098642}, "2": {"0": 1.0, "0.05": 0.048748401690345326, "0.1": 0.01289324706267474, "0.15": 0.005156731594974352, "0.2": 0.0029639854439916374, "0.25": 0.0019801406074416213, "0.3": 0.001357005148519998, "0.35": 0.0009981768142961324, "0.4": 0.0007449003122730964}, "3": {"0": 1.0, "0.05": 0.09278976076306936, "0.1": 0.028540013261081663, "0.15": 0.011172936547573798, "0.2": 0.005335332697393309, "0.25": 0.0028431226004429783, "0.3": 0.0016005323200986743, "0.35": 0.0009320722242841565, "0.4": 0.000601886276808027}, "4": {"0": 1.0, "0.05": 0.21362766524713198, "0.1": 0.10708384760725598, "0.15": 0.06574796077507493, "0.2": 0.043775451205949084, "0.25": 0.03049964517436188, "0.3": 0.021569345456568797, "0.35": 0.015383087242440491, "0.4": 0.011069293196430336}, "5": {"0": 1.0, "0.05": 0.0920441982790743, "0.1": 0.031099533683023515, "0.15": 0.01421007476995113, "0.2": 0.007706899214425145, "0.25": 0.004411715738922249, "0.3": 0.0025773209757402123, "0.35": 0.0015915109985693082, "0.4": 0.0009627812380464728}, "6": {"0": 1.0, "0.05": 0.11078950303644469, "0.1": 0.038898019143492744, "0.15": 0.01883655702326427, "0.2": 0.010994589458938307, "0.25": 0.006774770809378109, "0.3": 0.004374651637803531, "0.35": 0.002888975687266122, "0.4": 0.0019492775941577915}, "7": {"0": 1.0, "0.05": 0.10079613971673983, "0.1": 0.03566610721653598, "0.15": 0.016352277050692456, "0.2": 0.008656950743767985, "0.25": 0.004951948729340628, "0.3": 0.00293265542012924, "0.35": 0.0017623371568941627, "0.4": 0.001044110301822282}, "8": {"0": 1.0, "0.05": 0.14511749328377993, "0.1": 0.07305976558746118, "0.15": 0.041180990053201416, "0.2": 0.02497878010049522, "0.25": 0.016658337268486034, "0.3": 0.012055462364339353, "0.35": 0.009374413298174898, "0.4": 0.007681773102540452}, "9": {"0": 1.0, "0.05": 0.08657888576213726, "0.1": 0.04047396182812383, "0.15": 0.024605096122648083, "0.2": 0.01644853392028591, "0.25": 0.01150510853343393, "0.3": 0.00817684813690537, "0.35": 0.005906131085643585, "0.4": 0.004111723033756512}, "10": {"0": 1.0, "0.05": 0.29407263191479044, "0.1": 0.19708003346380074, "0.15": 0.14413642218799108, "0.2": 0.11042439487437242, "0.25": 0.08656689516685831, "0.3": 0.06912334851724947, "0.35": 0.05547420569948347, "0.4": 0.04430648016256014}, "11": {"0": 1.0, "0.05": 0.19798023825757624, "0.1": 0.0983401962358829, "0.15": 0.057683957314670256, "0.2": 0.03704369633567679, "0.25": 0.025086742368897616, "0.3": 0.017281173010984606, "0.35": 0.0118391757914621, "0.4": 0.00777161799756804}, "12": {"0": 1.0, "0.05": 0.1387701660415701, "0.1": 0.0656214245120974, "0.15": 0.039437844679815925, "0.2": 0.026033013885930108, "0.25": 0.018564600650112617, "0.3": 0.013740271724885386, "0.35": 0.01074432199974502, "0.4": 0.008641096186584596}, "13": {"0": 1.0, "0.05": 0.19014597432387326, "0.1": 0.10463803471050032, "0.15": 0.06651524592603218, "0.2": 0.04490025496575706, "0.25": 0.03176868431439624, "0.3": 0.023036632629876232, "0.35": 0.016901311989744837, "0.4": 0.0126938499296188}, "14": {"0": 1.0, "0.05": 0.10963844113909171, "0.1": 0.04890856901312138, "0.15": 0.028686490717421204, "0.2": 0.018889949007415863, "0.25": 0.01310592409177643, "0.3": 0.00944247928851342,