{"fscore": {"0": {"0": 0.11398936436481887, "0.05": 0.12480415681797008, "0.1": 0.05517728954140341, "0.15": 0.028062196671068653, "0.2": 0.01649169891630589, "0.25": 0.010760390578693093, "0.3": 0.007494999912175424, "0.35": 0.0054576400139319785, "0.4": 0.004037342551630675}, "1": {"0": 0.11398936436481887, "0.05": 0.2105268710163844, "0.1": 0.14084292512419852, "0.15": 0.09266837794922227, "0.2": 0.0599908645166148, "0.25": 0.037960599831910025, "0.3": 0.024654384958135926, "0.35": 0.016641209378753047, "0.4": 0.01156255365442773}, "2": {"0": 0.11398936436481887, "0.05": 0.2801314624533298, "0.1": 0.2180922146520715, "0.15": 0.16773732907168631, "0.2": 0.12447563810596157, "0.25": 0.08940154972049355, "0.3": 0.06291258448369313, "0.35": 0.04464206496573929, "0.4": 0.03138574212468113}, "3": {"0": 0.11398936436481887, "0.05": 0.3453372931628125, "0.1": 0.286014277642981, "0.15": 0.2309252574459018, "0.2": 0.1824070418893898, "0.25": 0.14224940195435784, "0.3": 0.11000955664690294, "0.35": 0.08456341180799046, "0.4": 0.06333831065336505}, "4": {"0": 0.11398936436481887, "0.05": 0.07114504089493594, "0.1": 0.03771362829146185, "0.15": 0.022162375887948376, "0.2": 0.014471142787830144, "0.25": 0.009685806265822008, "0.3": 0.006394227353320422, "0.35": 0.004171111827838421, "0.4": 0.0025994554271106434}, "5": {"0": 0.11398936436481887, "0.05": 0.020154701034883413, "0.1": 0.00909412123575696, "0.15": 0.00533166488526981, "0.2": 0.0035101348753810518, "0.25": 0.00241092753525144, "0.3": 0.0017107290353656351, "0.35": 0.0011964471437935565, "0.4": 0.0008713003213069115}, "6": {"0": 0.11398936436481887, "0.05": 0.24943923124103162, "0.1": 0.17661749192791923, "0.15": 0.1315714145061563, "0.2": 0.10068478852886267, "0.25": 0.07813303623248488, "0.3": 0.0616842425307825, "0.35": 0.04928501474264362, "0.4": 0.039557915300454334}, "7": {"0": 0.11398936436481887, "0.05": 0.31107499345812806, "0.1": 0.250181903720286, "0.15": 0.20002931736757068, "0.2": 0.1597349868363727, "0.25": 0.12651188686632425, "0.3": 0.1000937954311998, "0.35": 0.08113392203361576, "0.4": 0.06498125889002485}, "8": {"0": 0.11398936436481887, "0.05": 0.14504943685270238, "0.1": 0.0804197282265541, "0.15": 0.04990206601597529, "0.2": 0.0340714238266625, "0.25": 0.02470017680679523, "0.3": 0.01871771558757171, "0.35": 0.014591796888486835, "0.4": 0.011638132138612804}, "9": {"0": 0.11398936436481887, "0.05": 0.2088025736766418, "0.1": 0.1680964586980663, "0.15": 0.13786310529055296, "0.2": 0.11326837507268836, "0.25": 0.09497811596017124, "0.3": 0.08026635060008183, "0.35": 0.0686047938385512, "0.4": 0.058549583601005595}, "10": {"0": 0.11398936436481887, "0.05": 0.21980175312615788, "0.1": 0.10156485702585841, "0.15": 0.04823282099978472, "0.2": 0.02433348207075963, "0.25": 0.013166339895364263, "0.3": 0.0071730678507867214, "0.35": 0.003949297351632562, "0.4": 0.002322672411808523}, "11": {"0": 0.11398936436481887, "0.05": 0.1370080313511903, "0.1": 0.09391094222896118, "0.15": 0.06320138230628565, "0.2": 0.04325162157521763, "0.25": 0.030178511458976123, "0.3": 0.02191040437316927, "0.35": 0.01614125077157557, "0.4": 0.011999218386072472}}, "recall": {"0": {"0": 1.0, "0.05": 0.10214264741074587, "0.1": 0.034079397025419185, "0.15": 0.015725229803506886, "0.2": 0.00885100470465205, "0.25": 0.005652805970040523, "0.3": 0.0038879989413584818, "0.35": 0.002808595177109653, "0.4": 0.002065002411874612}, "1": {"0": 1.0, "0.05": 0.19996662357054057, "0.1": 0.09654644255086414, "0.15": 0.05552118368192138, "0.2": 0.03354700689248632, "0.25": 0.020411692933560942, "0.3": 0.012956589303558277, "0.35": 0.008625402367216492, "0.4": 0.00593533687254411}, "2": {"0": 1.0, "0.05": 0.22969384882288296, "0.1": 0.14919918078542285, "0.15": 0.10402313273225892, "0.2": 0.07245486063485687, "0.25": 0.04983965074691888, "0.3": 0.03403072205208401, "0.35": 0.023664682033935777, "0.4": 0.016399197152140693}, "3": {"0": 1.0, "0.05": 0.2645934316882542, "0.1": 0.19281391590950378, "0.15": 0.14328637239975958, "0.2": 0.10733137406995315, "0.25": 0.08065413745166244, "0.3": 0.06064814816710786, "0.35": 0.04562767182782485, "0.4": 0.033592031965505614}, "4": {"0": 1.0, "0.05": 0.06016058418842474, "0.1": 0.022931746318149777, "0.15": 0.012234685970505359, "0.2": 0.0076910299456134715, "0.25": 0.0050529348613840485, "0.3": 0.003298225424487003, "0.35": 0.0021374726027803418, "0.4": 0.0013260049008927562}, "5": {"0": 1.0, "0.05": 0.014732579389097618, "0.1": 0.00578730222286701, "0.15": 0.0032013475007151813, "0.2": 0.0020307543381840056, "0.25": 0.001360728002467185, "0.3": 0.0009478126263495765, "0.35": 0.000653010030546126, "0.4": 0.0004704146509510514}, "6": {"0": 1.0, "0.05": 0.18347112808934932, "0.1": 0.1096262178382377, "0.15": 0.07605236330611881, "0.2": 0.05597158861910994, "0.25": 0.04237846419016173, "0.3": 0.03289939182631653, "0.35": 0.0259770478082643, "0.4": 0.020661666666716032}, "7": {"0": 1.0, "0.05": 0.22758186095935629, "0.1": 0.16005531357841707, "0.15": 0.11912109647314047, "0.2": 0.09110979015527858, "0.25": 0.07003627199842621, "0.3": 0.05426140306805668, "0.35": 0.04331932452552063, "0.4": 0.034266928343692174}, "8": {"0": 1.0, "0.05": 0.11326321760489841, "0.1": 0.0493296425648525, "0.15": 0.028244433034798917, "0.2": 0.018570809146986476, "0.25": 0.013170956192186814, "0.3": 0.009837500625575448, "0.35": 0.007597660964446747, "0.4": 0.0060198294597411895}, "9": {"0": 1.0, "0.05": 0.15841527845265602, "0.1": 0.11118113228129059, "0.15": 0.08512165825680866, "0.2": 0.06687016485711214, "0.25": 0.054412516087761445, "0.3": 0.0449658940001761, "0.35": 0.037781531326758294, "0.4": 0.03178704187552781}, "10": {"0": 1.0, "0.05": 0.19150441233079724, "0.1": 0.06302789377605345, "0.15": 0.0267583139369242, "0.2": 0.012880329570717417, "0.25": 0.00681497973548272, "0.3": 0.0036668860182081375, "0.35": 0.002004259591025782, "0.4": 0.0011752727968024216}, "11": {"0": 1.0, "0.05": 0.12341592972270352, "0.1": 0.06583866589760631, "0.15": 0.03921678230062077, "0.2": 0.025072292584796468, "0.25": 0.016780898907374636, "0.3": 0.01186399554989924, "0.35": 0.008590823919065285, "0.4": 0.006307035654408018}}, "precision": {"0": {"0": 0.06220500523914973, "0.05": 0.1720974879870683, "0.1": 0.16626663130060895, "0.15": 0.16034833652010563, "0.2": 0.15884596361517958, "0.25": 0.1573880556083548, "0.3": 0.15402051173561723, "0.35": 0.14815872582260228, "0.4": 0.14387408224214696}, "1": {"0": 0.06220500523914973, "0.05": 0.23422184699755413, "0.1": 0.2794980473037495, "0.15": 0.3054099111153212, "0.2": 0.3159979455531145, "0.25": 0.31156876843051484, "0.3": 0.3042363562445594, "0.35": 0.29816766032783437, "0.4": 0.29571124572208984}, "2": {"0": 0.06220500523914973, "0.05": 0.37997678806827284, "0.1": 0.43167252481387525, "0.15": 0.4649127301598657, "0.2": 0.48364394339439015, "0.25": 0.48953939974757954, "0.3": 0.4902057398827965, "0.35": 0.4888686724385456, "0.4": 0.47917767723914245}, "3": {"0": 0.06220500523914973, "0.05": 0.5223075339215416, "0.1": 0.5878369703108394, "0.15": 0.6452700703926509, "0.2": 0.677085629819719, "0.25": 0.6926851758185967, "0.3": 0.7020722203496422, "0.35": 0.7093673120554698, "0.4": 0.7089091254844675}, "4": {"0": 0.06220500523914973, "0.05": 0.0968775906241342, "0.1": 0.1287217232714272, "0.15": 0.15526208390450327, "0.2": 0.17329910459671785, "0.25": 0.17682267686017625, "0.3": 0.16247531265031193, "0.35": 0.1306835978835975, "0.4": 0.09531428571428573}, "5": {"0": 0.06220500523914973, "0.05": 0.03575060240214201, "0.1": 0.024928716451271656, "0.15": 0.019255247644811988, "0.2": 0.015727373406923546, "0.25": 0.013025578287861979, "0.3": 0.01120976419641016, "0.35": 0.009738475942843362, "0.4": 0.007977408149388656}, "6": {"0": 0.06220500523914973, "0.05": 0.42705764192683127, "0.1": 0.5168336124597771, "0.15": 0.5771295212748463, "0.2": 0.6184442059563063, "0.25": 0.643154476842727, "0.3": 0.6559895100095937, "0.35": 0.6588160214913159, "0.4": 0.6568793982076043},