{"fscore": {"0": {"0": 0.11417561750095584, "0.05": 0.12318199981416521, "0.1": 0.08656509389647936, "0.15": 0.06580613954967135, "0.2": 0.05204861791687265, "0.25": 0.04186620105682991, "0.3": 0.03461431687555049, "0.35": 0.028961021209298922, "0.4": 0.025376214267935255}, "1": {"0": 0.1141735207661571, "0.05": 0.07205420087475503, "0.1": 0.02991309887141795, "0.15": 0.013574599041374688, "0.2": 0.0071582451172987616, "0.25": 0.004299884264734542, "0.3": 0.0029786941430101767, "0.35": 0.00203236521742184, "0.4": 0.001524790774894285}, "2": {"0": 0.11417351022905459, "0.05": 0.11831688537432096, "0.1": 0.06413939665175435, "0.15": 0.03671209498419478, "0.2": 0.022635570647982696, "0.25": 0.014742406078887755, "0.3": 0.010060456327100207, "0.35": 0.0069313658322247285, "0.4": 0.004937202107823782}, "3": {"0": 0.11417351022905459, "0.05": 0.04050881082315258, "0.1": 0.011653682998098923, "0.15": 0.004133822176721106, "0.2": 0.0017538510781133542, "0.25": 0.000704657187229037, "0.3": 0.00031293855635656175, "0.35": 0.00015076499517880645, "0.4": 6.373150295200828e-05}, "4": {"0": 0.11417587341621675, "0.05": 0.11227949724115555, "0.1": 0.08019750019484868, "0.15": 0.056942270205256794, "0.2": 0.0409944823918319, "0.25": 0.030584484221358822, "0.3": 0.023548618311036922, "0.35": 0.01786357275021091, "0.4": 0.01456109020470616}, "5": {"0": 0.11462391281950014, "0.05": 0.2795496245485687, "0.1": 0.25853589140709976, "0.15": 0.2363256688702439, "0.2": 0.21436712082308126, "0.25": 0.1937995766540725, "0.3": 0.17671632365629186, "0.35": 0.1543910569356034, "0.4": 0.14314150172753107}, "6": {"0": 0.11417644116834186, "0.05": 0.16320914087165156, "0.1": 0.1274143329892932, "0.15": 0.09960880164098554, "0.2": 0.07918309478104141, "0.25": 0.06367520132145514, "0.3": 0.05221580715009742, "0.35": 0.042582438535673305, "0.4": 0.03537254263075947}, "7": {"0": 0.114175282058682, "0.05": 0.16939076853696075, "0.1": 0.14130630373042152, "0.15": 0.1148770919714683, "0.2": 0.09198347747423204, "0.25": 0.07406543959628226, "0.3": 0.06045911812561356, "0.35": 0.04908012256027477, "0.4": 0.04082170672232935}, "8": {"0": 0.11417554120968083, "0.05": 0.05780502517466157, "0.1": 0.03727545695779126, "0.15": 0.02746137199621022, "0.2": 0.021202597104569707, "0.25": 0.01695055995900725, "0.3": 0.013738963035546564, "0.35": 0.011323097580282283, "0.4": 0.009428478635338342}, "9": {"0": 0.1141737608244332, "0.05": 0.15796001973606913, "0.1": 0.11504060989417186, "0.15": 0.08340118399562468, "0.2": 0.06268872599958962, "0.25": 0.04765026402713378, "0.3": 0.03704755583461055, "0.35": 0.029097994066783178, "0.4": 0.0233941807177513}, "10": {"0": 0.11417368357275619, "0.05": 0.07678391928448457, "0.1": 0.03243594293004283, "0.15": 0.01781252999875214, "0.2": 0.011393986106044309, "0.25": 0.008112673042934254, "0.3": 0.006148796522366818, "0.35": 0.004936577140438758, "0.4": 0.004132655876753062}, "11": {"0": 0.11417351022905459, "0.05": 0.023423662006621843, "0.1": 0.005014081176313639, "0.15": 0.0015210769669061056, "0.2": 0.0005393870833894783, "0.25": 0.00013937351701582299, "0.3": 3.29037210047014e-05, "0.35": 1.2118009764277416e-05, "0.4": 6.113590511707525e-06}, "12": {"0": 0.11417396723579082, "0.05": 0.12999637740642342, "0.1": 0.08492939958084131, "0.15": 0.0568050727493592, "0.2": 0.04019003193037197, "0.25": 0.029874205066637963, "0.3": 0.023451972834110175, "0.35": 0.018429845200769016, "0.4": 0.015062606057451718}, "13": {"0": 0.11418994697416361, "0.05": 0.17036868337967057, "0.1": 0.14720390975875325, "0.15": 0.12732959644468697, "0.2": 0.11144454840424108, "0.25": 0.09741344434361865, "0.3": 0.0855742017786124, "0.35": 0.07457021096594844, "0.4": 0.06567162616796751}, "14": {"0": 0.1141736619284296, "0.05": 0.036538311567384116, "0.1": 0.01998894846955531, "0.15": 0.012373033619427005, "0.2": 0.008419586242756691, "0.25": 0.00566500334997472, "0.3": 0.003983524867352035, "0.35": 0.002711955884261355, "0.4": 0.0018196942281500522}, "15": {"0": 0.11417427366837553, "0.05": 0.14254206161688676, "0.1": 0.09849078343198057, "0.15": 0.06869424859512116, "0.2": 0.05083839424136116, "0.25": 0.039585598463985565, "0.3": 0.031759862602074716, "0.35": 0.02601062528592485, "0.4": 0.022535470484875628}}, "recall": {"0": {"0": 0.9999960894261479, "0.05": 0.11350414561360071, "0.1": 0.05845909003538625, "0.15": 0.03937552093375279, "0.2": 0.029302110159289747, "0.25": 0.022754842463171887, "0.3": 0.018405576322054598, "0.35": 0.015180665565051404, "0.4": 0.013185508698919945}, "1": {"0": 1.0, "0.05": 0.06547021537325709, "0.1": 0.019310991965571383, "0.15": 0.007889025467684668, "0.2": 0.00397749102925015, "0.25": 0.00233440935457441, "0.3": 0.0015917883292595463, "0.35": 0.0010758750088037696, "0.4": 0.0008013299619165466}, "2": {"0": 1.0, "0.05": 0.10606446821783928, "0.1": 0.03924448634436682, "0.15": 0.02013785200894721, "0.2": 0.011923422871889727, "0.25": 0.007626770095961971, "0.3": 0.005153125007202309, "0.35": 0.0035298133360134472, "0.4": 0.0025056490193074914}, "3": {"0": 1.0, "0.05": 0.037762862129972465, "0.1": 0.007237502430698766, "0.15": 0.0022788148462300636, "0.2": 0.0009225092069958678, "0.25": 0.0003631644900902363, "0.3": 0.00015988381301027424, "0.35": 7.68067497303856e-05, "0.4": 3.233978265060089e-05}, "4": {"0": 0.999979051738334, "0.05": 0.11609714008098454, "0.1": 0.05748296260068066, "0.15": 0.03488017648683098, "0.2": 0.023241271969684184, "0.25": 0.016638793643259545, "0.3": 0.01252310497080188, "0.35": 0.009369208174183175, "0.4": 0.0075647715952002915}, "5": {"0": 0.9992670854435431, "0.05": 0.2461366919342347, "0.1": 0.1914094724169561, "0.15": 0.1608706154996534, "0.2": 0.1378153827115005, "0.25": 0.11915118644102601, "0.3": 0.10526307324100774, "0.35": 0.0897412960578865, "0.4": 0.08195823307187175}, "6": {"0": 0.9999785007035558, "0.05": 0.1675708532531716, "0.1": 0.09036737900782207, "0.15": 0.06119573088869027, "0.2": 0.04539071541154036, "0.25": 0.0350967676242231, "0.3": 0.028101482234367686, "0.35": 0.02255020568271198, "0.4": 0.01851879504413443}, "7": {"0": 0.999994469439184, "0.05": 0.16633482408692526, "0.1": 0.10077609508616077, "0.15": 0.07185844601363996, "0.2": 0.053763550749295425, "0.25": 0.041583759855377184, "0.3": 0.033049499192671125, "0.35": 0.02633134514017227, "0.4": 0.02161427587166691}, "8": {"0": 0.9999906518132324, "0.05": 0.058086750958372, "0.1": 0.027535982335141304, "0.15": 0.017636099552559317, "0.2": 0.012581013642477235, "0.25": 0.009578201826722603, "0.3": 0.007511383842022422, "0.35": 0.006054135711961308, "0.4": 0.004961276504770219}, "9": {"0": 0.999997871772033, "0.05": 0.16281781166888648, "0.1": 0.07909959585528388, "0.15": 0.04962441780184382, "0.2": 0.03494700723899427, "0.25": 0.025680165825645605, "0.3": 0.019580381210988682, "0.35": 0.015186188121634784, "0.4": 0.012105822778003839}, "10": {"0": 1.0, "0.05": 0.07376825580190728, "0.1": 0.021466871466001715, "0.15": 0.010419524821778842, "0.2": 0.0063173226430760406, "0.25": 0.004375553767503125, "0.3": 0.0032649325020331784, "0.35": 0.0025968469770613705, "0.4": 0.0021597275825337957}, "11": {"0": 1.0, "0.05": 0.022034412506930685, "0.1": 0.003137151127358365, "0.15": 0.0008585479927750761, "0.2": 0.00029374370869003126, "0.25": 7.468824652954689e-05, "0.3": 1.687469980401929e-05, "0.35": 6.198241824433343e-06, "0.4": 3.1134025754066104e-06}, "12": {"0": 0.9999928464532434, "0.05": 0.13039372720064857, "0.1": 0.05734532208463991, "0.15": 0.03329542802827279, "0.2": 0.022149142932048692, "0.25": 0.015977622925743184, "0.3": 0.012334819259014453, "0.35": 0.009596143147032664, "0.4": 0.007792121783849036}, "13": {"0": 0.9998992574220952, "0.05": 0.1836576122813155, "0.1": 0.11212037668372646, "0.15": 0.083066602566042, "0.2": 0.06700632182761435, "0.25": 0.0557106640081777, "0.3": 0.04742921847821959, "0.35": 0.04043571425239404, "0.4": 0.03508516236352796}, "14": {"0": 0.9999936550600093, "0.05": 0.03728854004883571, "0.1": 0.015481749414748745,