{"fscore": {"0": {"0": 0.11398936436481887, "0.05": 0.024763780607862208, "0.1": 0.0026788527042633375, "0.15": 0.0002696628385889758, "0.2": 3.8150108025065475e-05, "0.25": 2.7560233800318413e-06, "0.3": 2.7560233800318413e-06, "0.35": 1.1947431302270012e-06, "0.4": 0.0}, "1": {"0": 0.11398936436481887, "0.05": 0.12872503954392725, "0.1": 0.05826250986197257, "0.15": 0.024172300126534832, "0.2": 0.011347131136189946, "0.25": 0.0058665266633238745, "0.3": 0.003245270169315025, "0.35": 0.0018927104912581478, "0.4": 0.001212851173172761}, "2": {"0": 0.11398936436481887, "0.05": 0.08696821022178489, "0.1": 0.03283560635636581, "0.15": 0.014920424032757855, "0.2": 0.007139336876485656, "0.25": 0.00232797123750718, "0.3": 0.0006489102989082566, "0.35": 0.00010817820980593762, "0.4": 2.202055084640105e-05}, "3": {"0": 0.11398936436481887, "0.05": 0.25368632214283254, "0.1": 0.18368697098565354, "0.15": 0.12608685654630253, "0.2": 0.0861874507101463, "0.25": 0.05919177930592708, "0.3": 0.040295445736679564, "0.35": 0.027558992204282692, "0.4": 0.018428042271285642}, "4": {"0": 0.11398936436481887, "0.05": 0.19048536445328232, "0.1": 0.12727084137791084, "0.15": 0.08972070156465498, "0.2": 0.062320018701033625, "0.25": 0.04366596762115624, "0.3": 0.030273502217191696, "0.35": 0.02029611957077524, "0.4": 0.012749081346132368}, "5": {"0": 0.11398936436481887, "0.05": 0.04730827726626761, "0.1": 0.012439035612179536, "0.15": 0.005084639779053864, "0.2": 0.0025890433206389074, "0.25": 0.0015106190951611833, "0.3": 0.0009072172904692614, "0.35": 0.000501345165101733, "0.4": 0.00034492065205894853}, "6": {"0": 0.11398936436481887, "0.05": 0.21070776345336076, "0.1": 0.12972805359521417, "0.15": 0.08334980407690866, "0.2": 0.056480225452290624, "0.25": 0.03998473749745276, "0.3": 0.02797425315329555, "0.35": 0.020341892183722378, "0.4": 0.014726062268078655}, "7": {"0": 0.11398936436481887, "0.05": 0.2883858285588837, "0.1": 0.26434726886920307, "0.15": 0.24003615320064642, "0.2": 0.21752715755403418, "0.25": 0.19797319640388855, "0.3": 0.1813909023911907, "0.35": 0.1669091173365237, "0.4": 0.15363925881432716}, "8": {"0": 0.11398936436481887, "0.05": 0.24244582445873017, "0.1": 0.17167364198871413, "0.15": 0.13021282794694378, "0.2": 0.10145748913406248, "0.25": 0.07793424841211863, "0.3": 0.05783309892093301, "0.35": 0.04077515011840487, "0.4": 0.02630097969828644}, "9": {"0": 0.11398936436481887, "0.05": 0.037772582088213276, "0.1": 0.024335482857138185, "0.15": 0.017064335810744548, "0.2": 0.011888136353848265, "0.25": 0.008195936746213654, "0.3": 0.005750736431494663, "0.35": 0.0040728239165490066, "0.4": 0.0029261954914055945}, "10": {"0": 0.11398936436481887, "0.05": 0.08107653650251134, "0.1": 0.02422206472791192, "0.15": 0.007902745114729434, "0.2": 0.0023523796603130923, "0.25": 0.0006524048903478598, "0.3": 0.00018991100748533808, "0.35": 6.965019279902559e-05, "0.4": 3.762136729946644e-05}, "11": {"0": 0.11398936436481887, "0.05": 0.28759808512696866, "0.1": 0.261434929531738, "0.15": 0.22993903587473327, "0.2": 0.20041471468677088, "0.25": 0.17181543647864844, "0.3": 0.14178533143369113, "0.35": 0.11100311977881236, "0.4": 0.08052884702559088}, "12": {"0": 0.11398936436481887, "0.05": 0.14560338040671345, "0.1": 0.09384826420422966, "0.15": 0.06596762494050093, "0.2": 0.04570000967679636, "0.25": 0.030592904950085823, "0.3": 0.019925672565448905, "0.35": 0.012937069195010418, "0.4": 0.00848604762589662}, "13": {"0": 0.11398936436481887, "0.05": 0.03949085096683501, "0.1": 0.00756573834579785, "0.15": 0.0019397892646364193, "0.2": 0.0007338465534331249, "0.25": 0.00037779522524749833, "0.3": 0.00017804581631679155, "0.35": 8.02927854815804e-05, "0.4": 6.018603190478983e-05}, "14": {"0": 0.11398936436481887, "0.05": 0.21906557789390865, "0.1": 0.15288936425385855, "0.15": 0.1157002776636219, "0.2": 0.09147728123214886, "0.25": 0.07292644305221135, "0.3": 0.05920538145220364, "0.35": 0.04889232734760013, "0.4": 0.0405335889709302}, "15": {"0": 0.11398936436481887, "0.05": 0.31604473718998527, "0.1": 0.21324023259233238, "0.15": 0.12804125133628963, "0.2": 0.0673568922206586, "0.25": 0.030634989914339796, "0.3": 0.012911942539002142, "0.35": 0.005259692087039964, "0.4": 0.001977231791889759}}, "recall": {"0": {"0": 1.0, "0.05": 0.01856372129750509, "0.1": 0.00143657039101341, "0.15": 0.0001382752394382251, "0.2": 1.9228971420761972e-05, "0.25": 1.3809166589402765e-06, "0.3": 1.3809166589402765e-06, "0.35": 5.984440454817475e-07, "0.4": 0.0}, "1": {"0": 1.0, "0.05": 0.11203603106855528, "0.1": 0.03468752425589336, "0.15": 0.012959018758237992, "0.2": 0.005874983974402194, "0.25": 0.0029990709368796554, "0.3": 0.0016508650596436345, "0.35": 0.000959702687962245, "0.4": 0.0006143066827411722}, "2": {"0": 1.0, "0.05": 0.06916858720155104, "0.1": 0.01869542077652724, "0.15": 0.007832906565781452, "0.2": 0.003651687990509397, "0.25": 0.001181546316731028, "0.3": 0.0003283451795896308, "0.35": 5.4561015318010107e-05, "0.4": 1.1066181895249858e-05}, "3": {"0": 1.0, "0.05": 0.21854239563233732, "0.1": 0.12033945379782572, "0.15": 0.07358489794123431, "0.2": 0.04743017577323876, "0.25": 0.031550636087466964, "0.3": 0.021062525961641043, "0.35": 0.014227340229956696, "0.4": 0.009430259988249569}, "4": {"0": 1.0, "0.05": 0.13748742441582598, "0.1": 0.07608627598923237, "0.15": 0.05040751210339864, "0.2": 0.033811700701192174, "0.25": 0.02315929426910295, "0.3": 0.015799936457943035, "0.35": 0.010464942499531756, "0.4": 0.006512795453378967}, "5": {"0": 1.0, "0.05": 0.03627898739583441, "0.1": 0.007138695807135539, "0.15": 0.002738148459637764, "0.2": 0.001361284897254896, "0.25": 0.0007826480366185806, "0.3": 0.00046666791537719585, "0.35": 0.0002564742977802969, "0.4": 0.0001760260781212412}, "6": {"0": 1.0, "0.05": 0.16520407006688037, "0.1": 0.07771938926754843, "0.15": 0.045986957324046555, "0.2": 0.030091159292594337, "0.25": 0.02090877174302307, "0.3": 0.014450786872627129, "0.35": 0.010427288341587898, "0.4": 0.007510181917993155}, "7": {"0": 1.0, "0.05": 0.22761327376803064, "0.1": 0.18111154587288705, "0.15": 0.15513156802623188, "0.2": 0.1359994518007766, "0.25": 0.1210473467873951, "0.3": 0.10907219808655047, "0.35": 0.09888896973977963, "0.4": 0.08973270494758608}, "8": {"0": 1.0, "0.05": 0.16109533387134603, "0.1": 0.10224820813160582, "0.15": 0.07374361840786589, "0.2": 0.05570056698473435, "0.25": 0.04181104036793257, "0.3": 0.030469646113973067, "0.35": 0.021187220637049742, "0.4": 0.013522014784076468}, "9": {"0": 1.0, "0.05": 0.03109976728488856, "0.1": 0.016571063193668426, "0.15": 0.010592238089503332, "0.2": 0.006960353934197981, "0.25": 0.0046102939224675395, "0.3": 0.0031471551525314033, "0.35": 0.002186992702377501, "0.4": 0.0015488784564402567}, "10": {"0": 1.0, "0.05": 0.048808967541807066, "0.1": 0.012608924261535419, "0.15": 0.004016580001205846, "0.2": 0.0011886499939519801, "0.25": 0.00032878365670540097, "0.3": 9.554152038859494e-05, "0.35": 3.503700500775019e-05, "0.4": 1.891613262570561e-05}, "11": {"0": 1.0, "0.05": 0.28477914544866095, "0.1": 0.20587123256307685, "0.15": 0.16285840219139863, "0.2": 0.13304311828647397, "0.25": 0.10855794670140938, "0.3": 0.08570756082259003, "0.35": 0.06440178575174195, "0.4": 0.04496098861505816}, "12": {"0": 1.0, "0.05": 0.11827345127672388, "0.1": 0.05614269427286907, "0.15": 0.03630464455215094, "0.2": 0.02422249920635859, "0.25": 0.01587542511384679, "0.3": 0.010205013815080053, "0.35": 0.006576342114100493, "0.4": 0.004295323257017083}, "13": {"0": 1.0, "0.05": 0.027615535304899817, "0.1": 0.004199258190577236, "0.15": 0.0010158866383238898, "0.2": 0.000376582270878886, "0.25": 0.00019250433500832265, "0.3": 9.041042210703743e-05, "0.35": 4.059144117856879e-05, "0.4": 3.039160694156974e-05}, "14": {"0": 1.0, "0.05": 0.14164021047191389, "0.1": 0.08884404416840123, "0.15": 0.06393136830750978, "0.2": 0.04914505802468392, "0.25": 0.03851548426476799, "0.3": 0.030948544036738086,