{"fscore": {"0": {"0": 0.11398936436481887, "0.05": 0.31105226694855476, "0.1": 0.26911366430033423, "0.15": 0.18532705373542713, "0.2": 0.12232167937472851, "0.25": 0.08177823910079904, "0.3": 0.058806097988908713, "0.35": 0.04186361928089766, "0.4": 0.029582994171328876}, "1": {"0": 0.11398936436481887, "0.05": 0.09296997504239696, "0.1": 0.012972306169715135, "0.15": 0.0028197028283107758, "0.2": 0.000787283760661257, "0.25": 0.00025134376142779355, "0.3": 5.790505641088827e-05, "0.35": 9.23353259801858e-06, "0.4": 3.0030030030030034e-06}, "2": {"0": 0.11398936436481887, "0.05": 0.002750474585518458, "0.1": 7.826266503765361e-05, "0.15": 9.320175438596492e-06, "0.2": 0.0, "0.25": 0.0, "0.3": 0.0, "0.35": 0.0, "0.4": 0.0}, "3": {"0": 0.11398936436481887, "0.05": 0.00984854773472659, "0.1": 0.0006694120114298268, "0.15": 1.6797681398406587e-05, "0.2": 0.0, "0.25": 0.0, "0.3": 0.0, "0.35": 0.0, "0.4": 0.0}, "4": {"0": 0.11398936436481887, "0.05": 0.019280189517090988, "0.1": 0.0038515517197636484, "0.15": 0.001070461558682651, "0.2": 0.0004177367619635331, "0.25": 0.00023816505327633127, "0.3": 0.00015626253555631872, "0.35": 0.00010606869870499356, "0.4": 6.155076821338043e-05}, "5": {"0": 0.11398936436481887, "0.05": 0.3017578565357695, "0.1": 0.18924488445866489, "0.15": 0.12470067912283721, "0.2": 0.06845361130439707, "0.25": 0.03537134661791586, "0.3": 0.020518974455738706, "0.35": 0.012878564101078266, "0.4": 0.009037609655951809}, "6": {"0": 0.11398936436481887, "0.05": 0.33762686294966676, "0.1": 0.2871515367288819, "0.15": 0.1815377245242624, "0.2": 0.11571191717663144, "0.25": 0.07095616107042735, "0.3": 0.04409623487749766, "0.35": 0.02803576330415578, "0.4": 0.01584524337680445}, "7": {"0": 0.11398936436481887, "0.05": 0.006961917275777653, "0.1": 0.0020818590856953563, "0.15": 0.000910643321740828, "0.2": 0.00042243402658583386, "0.25": 0.00020645729866090921, "0.3": 0.00011657135071143559, "0.35": 5.629319069815608e-05, "0.4": 2.4031627192014105e-05}, "8": {"0": 0.11398936436481887, "0.05": 0.09121294976830317, "0.1": 0.03248900347235534, "0.15": 0.009612319575601703, "0.2": 0.003059493191805503, "0.25": 0.001135938153998748, "0.3": 0.0005417929108245324, "0.35": 0.00023627597971281666, "0.4": 8.668330119251614e-05}, "9": {"0": 0.11398936436481887, "0.05": 0.2781680112350323, "0.1": 0.279038821928662, "0.15": 0.2755909505889982, "0.2": 0.2664651311919808, "0.25": 0.2588867628581838, "0.3": 0.25982984175960944, "0.35": 0.2242577555875681, "0.4": 0.22420918964265726}, "10": {"0": 0.11398936436481887, "0.05": 0.004598388511386999, "0.1": 5.989478356872642e-05, "0.15": 0.0, "0.2": 0.0, "0.25": 0.0, "0.3": 0.0, "0.35": 0.0, "0.4": 0.0}, "11": {"0": 0.11398858227748915, "0.05": 0.26414684658491944, "0.1": 0.2633602905813537, "0.15": 0.26077023802397853, "0.2": 0.2538485969864024, "0.25": 0.24648971666789674, "0.3": 0.24848343320220936, "0.35": 0.21412568678304653, "0.4": 0.21412700312696975}}, "recall": {"0": {"0": 1.0, "0.05": 0.33791507757968453, "0.1": 0.2219516662977691, "0.15": 0.12835047283115467, "0.2": 0.07439480785181085, "0.25": 0.045668171968562814, "0.3": 0.031446237123316796, "0.35": 0.02182573317671194, "0.4": 0.015213075177893704}, "1": {"0": 1.0, "0.05": 0.0668889310879726, "0.1": 0.006884860219853921, "0.15": 0.001441900585646622, "0.2": 0.00039957925007346286, "0.25": 0.0001269527137636788, "0.3": 2.924074730269569e-05, "0.35": 4.652949713992999e-06, "0.4": 1.508295625942685e-06}, "2": {"0": 1.0, "0.05": 0.0017065657500601047, "0.1": 4.002406210683363e-05, "0.15": 4.695053205454911e-06, "0.2": 0.0, "0.25": 0.0, "0.3": 0.0, "0.35": 0.0, "0.4": 0.0}, "3": {"0": 1.0, "0.05": 0.006472706312294309, "0.1": 0.00036106519952587096, "0.15": 8.549470476848395e-06, "0.2": 0.0, "0.25": 0.0, "0.3": 0.0, "0.35": 0.0, "0.4": 0.0}, "4": {"0": 1.0, "0.05": 0.012436681111113498, "0.1": 0.0021282515388668893, "0.15": 0.0005675615156681854, "0.2": 0.00021621191525531404, "0.25": 0.00012209034936105668, "0.3": 7.971528582038498e-05, "0.35": 5.401811079769589e-05, "0.4": 3.122503622146467e-05}, "5": {"0": 1.0, "0.05": 0.27653005486669435, "0.1": 0.1325357945263356, "0.15": 0.07456203850364958, "0.2": 0.03773856692656215, "0.25": 0.018665724370137454, "0.3": 0.01059078741282599, "0.35": 0.006565056532682995, "0.4": 0.004582383006852557}, "6": {"0": 1.0, "0.05": 0.3657695482050419, "0.1": 0.23146447317130223, "0.15": 0.11957138520393183, "0.2": 0.06680479896286909, "0.25": 0.03824424634670066, "0.3": 0.023014219054914433, "0.35": 0.014402443241640603, "0.4": 0.008059463262341334}, "7": {"0": 1.0, "0.05": 0.005199606399834396, "0.1": 0.001264654240190941, "0.15": 0.0005221752565371183, "0.2": 0.00023677138932984296, "0.25": 0.00011345854549354226, "0.3": 6.272329854193351e-05, "0.35": 2.967485005833497e-05, "0.4": 1.2511683338552714e-05}, "8": {"0": 1.0, "0.05": 0.07292924767405883, "0.1": 0.01867563808607678, "0.15": 0.005071066708942307, "0.2": 0.0015739080015639026, "0.25": 0.0005781658938827161, "0.3": 0.00027516603063520604, "0.35": 0.00011984014072924792, "0.4": 4.392766695029881e-05}, "9": {"0": 1.0, "0.05": 0.1922641222775677, "0.1": 0.19070080674505252, "0.15": 0.18639368558748268, "0.2": 0.1763550708121009, "0.25": 0.16562695292839716, "0.3": 0.16495683659517826, "0.35": 0.13856689450265713, "0.4": 0.1385265884798596}, "10": {"0": 1.0, "0.05": 0.002656304954723737, "0.1": 3.0285639796797687e-05, "0.15": 0.0, "0.2": 0.0, "0.25": 0.0, "0.3": 0.0, "0.35": 0.0, "0.4": 0.0}, "11": {"0": 0.9999761255028283, "0.05": 0.18112952168689853, "0.1": 0.17966248713029587, "0.15": 0.17605275100889847, "0.2": 0.16775809691747642, "0.25": 0.15810246999479038, "0.3": 0.1578295223978591, "0.35": 0.13230298166948926, "0.4": 0.13230298166948926}}, "precision": {"0": {"0": 0.06220500523914973, "0.05": 0.3003239272477874, "0.1": 0.3620615417998745, "0.15": 0.3607576184315181, "0.2": 0.3802464269558073, "0.25": 0.43813701625955187, "0.3": 0.524769645788587, "0.35": 0.6137626213133206, "0.4": 0.6756383285768872}, "1": {"0": 0.06220500523914973, "0.05": 0.2620700839416914, "0.1": 0.2735239677257503, "0.15": 0.129408201058201, "0.2": 0.04238888888888889, "0.25": 0.014666666666666666, "0.3": 0.0033333333333333335, "0.35": 0.0006666666666666666, "0.4": 0.0003333333333333333}, "2": {"0": 0.06220500523914973, "0.05": 0.01725555617584348, "0.1": 0.003011111111111111, "0.15": 0.0006666666666666666, "0.2": 0.0, "0.25": 0.0, "0.3": 0.0, "0.35": 0.0, "0.4": 0.0}, "3": {"0": 0.06220500523914973, "0.05": 0.031128294987865374, "0.1": 0.007946919114024375, "0.15": 0.0006111111111111111, "0.2": 0.0, "0.25": 0.0, "0.3": 0.0, "0.35": 0.0, "0.4": 0.0}, "4": {"0": 0.06220500523914973, "0.05": 0.07394771153518545, "0.1": 0.04569618127994383, "0.15": 0.022511562213235668, "0.2": 0.013426831501831504, "0.25": 0.009031990231990231, "0.3": 0.006495482295482295, "0.35": 0.004481196581196582, "0.4": 0.0032253968253968257}, "5": {"0": 0.06220500523914973, "0.05": 0.35047768348529823, "0.1": 0.3661269166923567, "0.15": 0.45391035234426047, "0.2": 0.47507875185534987, "0.25": 0.4800062366731568, "0.3": 0.516356326252643, "0.35": 0.5310592754467757, "0.4": 0.4987779100529101}, "6": {"0": 0.06220500523914973, "0.05": 0.3268634670129919, "0.1": 0.4025901151728589, "0.15": 0.4119022362386686, "0.2": 0.48057179477583734, "0.25": 0.5621132515294897, "0.3": 0.6455918580904889, "0.35": 0.6914298635596814, "0.4": 0.6352384512728075}, "7": {"0": 0.06220500523914973, "0.05": 0.012770910364008084, "0.1": 0.007400982732472315, "0.15": 0.005068223658983786, "0.2": 0.0030880137145104995, "0.25": 0.0022236096691979046, "0.3": 0.0015204014939309057, "0.35": 0.0013055555555555557, "0.4": 0.00039444444444444444}, "8": {"0": 0.06220500523914973, "0.05": 0.17591906130354665, "0.1": 0.2635974912240995, "0.15": 0.18959446706962182, "0.2": 0.1037712540183128, "0.25": 0.05433675213675212, "0.3": 0.026277777777777775, "0.35": 0.011333333333333334, "0.4": 0.003833333333333333}, "9": {"0": 0.06220500523914973,