{"fscore": {"0": {"0": 0.11398936436481887, "0.05": 0.29442182363972463, "0.1": 0.11457825740358875, "0.15": 0.04775785154318193, "0.2": 0.0229158424223099, "0.25": 0.013432638001547308, "0.3": 0.009545281542214873, "0.35": 0.007716787645943703, "0.4": 0.006272226312518658}, "1": {"0": 0.11398936436481887, "0.05": 0.03888361404034158, "0.1": 0.00587918657280723, "0.15": 0.0007005880077247181, "0.2": 9.836550279253302e-05, "0.25": 2.7715818888057608e-05, "0.3": 8.110599078341014e-06, "0.35": 0.0, "0.4": 0.0}, "2": {"0": 0.11398936436481887, "0.05": 0.3107526050131699, "0.1": 0.29074405085429483, "0.15": 0.2607868606367088, "0.2": 0.22761732078569855, "0.25": 0.19567184667326187, "0.3": 0.16610488669927456, "0.35": 0.1409353847314546, "0.4": 0.11729919030981745}, "3": {"0": 0.11398936436481887, "0.05": 0.2991150885228243, "0.1": 0.21435940946634094, "0.15": 0.1426233530920598, "0.2": 0.08904002518354812, "0.25": 0.052375277709784264, "0.3": 0.028372571728366817, "0.35": 0.014017907148176417, "0.4": 0.006532692902998185}, "4": {"0": 0.11398936436481887, "0.05": 0.28796383934716446, "0.1": 0.21901256489780674, "0.15": 0.16034653387716483, "0.2": 0.11848977309058381, "0.25": 0.09164559762700254, "0.3": 0.07339577193650296, "0.35": 0.05914375703928521, "0.4": 0.04700576420251889}, "5": {"0": 0.11398936436481887, "0.05": 0.030436696496997914, "0.1": 0.0029410507590803903, "0.15": 0.0005043568519154097, "0.2": 3.399072151354839e-05, "0.25": 8.573247828262156e-06, "0.3": 0.0, "0.35": 0.0, "0.4": 0.0}, "6": {"0": 0.11398936436481887, "0.05": 0.008332076707612188, "0.1": 0.0034861381120404214, "0.15": 0.001690208907021297, "0.2": 0.0009743943854455226, "0.25": 0.0005643667306368634, "0.3": 0.0002982204879981157, "0.35": 0.00017227763090411989, "0.4": 8.907612420854192e-05}, "7": {"0": 0.11398936436481887, "0.05": 0.3254024416805621, "0.1": 0.2244542164440022, "0.15": 0.15124374734830748, "0.2": 0.1011720415608992, "0.25": 0.0688015062864857, "0.3": 0.047140267212658224, "0.35": 0.03225871410691855, "0.4": 0.021714503441100923}, "8": {"0": 0.11398936436481887, "0.05": 0.21802519973606801, "0.1": 0.123486565843555, "0.15": 0.07384253847452324, "0.2": 0.047412387514822324, "0.25": 0.03171054844289488, "0.3": 0.0222273648617917, "0.35": 0.0154570581320704, "0.4": 0.011018456772178704}, "9": {"0": 0.11398936436481887, "0.05": 0.050234344100738224, "0.1": 0.020948951066788898, "0.15": 0.010549681766462626, "0.2": 0.0057777929036579995, "0.25": 0.003450809566546506, "0.3": 0.0023149395614616747, "0.35": 0.0016440744133968618, "0.4": 0.001171091039026465}, "10": {"0": 0.11398936436481887, "0.05": 0.06876283952072908, "0.1": 0.03367096943205411, "0.15": 0.017650757327343003, "0.2": 0.012658777586627975, "0.25": 0.010896370701407709, "0.3": 0.008136849337550104, "0.35": 0.0042480666109140815, "0.4": 0.001260454002748948}, "11": {"0": 0.11398936436481887, "0.05": 0.2575093567874283, "0.1": 0.22329616170168812, "0.15": 0.1974065637894498, "0.2": 0.17667920418341715, "0.25": 0.15956863773378113, "0.3": 0.1447140536850477, "0.35": 0.13289300646854782, "0.4": 0.12302016441000964}}, "recall": {"0": {"0": 1.0, "0.05": 0.27570582633371116, "0.1": 0.07102609489028233, "0.15": 0.0260209654992073, "0.2": 0.011912287302145823, "0.25": 0.006855362164212416, "0.3": 0.004833804945666425, "0.35": 0.003896802998812838, "0.4": 0.003162037956679602}, "1": {"0": 1.0, "0.05": 0.025326304853344632, "0.1": 0.0031117424687113465, "0.15": 0.0003600974951880619, "0.2": 4.9801263866666316e-05, "0.25": 1.3971238912403188e-05, "0.3": 4.080210976762701e-06, "0.35": 0.0, "0.4": 0.0}, "2": {"0": 1.0, "0.05": 0.244075693113298, "0.1": 0.198735372396059, "0.15": 0.16566995566441794, "0.2": 0.13841733237028486, "0.25": 0.11529686116917426, "0.3": 0.09532119767221667, "0.35": 0.07916055535288698, "0.4": 0.06464038730426423}, "3": {"0": 1.0, "0.05": 0.297424025718142, "0.1": 0.15741797065763685, "0.15": 0.08908029589160783, "0.2": 0.050795052499393006, "0.25": 0.02835390432444212, "0.3": 0.014901205229676945, "0.35": 0.007232471998116395, "0.4": 0.0033383321958263225}, "4": {"0": 1.0, "0.05": 0.25370436764054827, "0.1": 0.157522656005288, "0.15": 0.10406569844394356, "0.2": 0.07191107350904703, "0.25": 0.05305750717577998, "0.3": 0.04106180556700522, "0.35": 0.03223915086692409, "0.4": 0.02510935016022916}, "5": {"0": 1.0, "0.05": 0.018312529473135532, "0.1": 0.0015279443519116856, "0.15": 0.00025571089697452425, "0.2": 1.7121590820657657e-05, "0.25": 4.3347385718783355e-06, "0.3": 0.0, "0.35": 0.0, "0.4": 0.0}, "6": {"0": 1.0, "0.05": 0.006166790908468388, "0.1": 0.002333360789522532, "0.15": 0.0010456521117777448, "0.2": 0.0005650898751060675, "0.25": 0.00031245450430529955, "0.3": 0.00016007872755599765, "0.35": 9.055607882797685e-05, "0.4": 4.6260953591140636e-05}, "7": {"0": 1.0, "0.05": 0.2458857855316788, "0.1": 0.13758454437560333, "0.15": 0.08539918514875201, "0.2": 0.054797803372012115, "0.25": 0.036373073884673264, "0.3": 0.024547107773798222, "0.35": 0.016623504981379652, "0.4": 0.011111990859250818}, "8": {"0": 1.0, "0.05": 0.1557607239442006, "0.1": 0.07228599543551298, "0.15": 0.0404822085893317, "0.2": 0.025212254830664985, "0.25": 0.016564973574994486, "0.3": 0.011489293399898157, "0.35": 0.00793049714174004, "0.4": 0.0056237204871086395}, "9": {"0": 1.0, "0.05": 0.03912920716970284, "0.1": 0.013156570192851224, "0.15": 0.006043375634799319, "0.2": 0.0031525996246150653, "0.25": 0.0018279538460220968, "0.3": 0.001205595141858154, "0.35": 0.0008467936381681818, "0.4": 0.0005996733118569968}, "10": {"0": 1.0, "0.05": 0.06737362660071687, "0.1": 0.02202614020687424, "0.15": 0.009920941822370254, "0.2": 0.006725856010454689, "0.25": 0.005636389026289969, "0.3": 0.004157417788461116, "0.35": 0.0021573398784496918, "0.4": 0.0006378646595521792}, "11": {"0": 1.0, "0.05": 0.1873791846134861, "0.1": 0.1440474303066057, "0.15": 0.12034777748955064, "0.2": 0.10389408023936998, "0.25": 0.09146013044374175, "0.3": 0.08135883142508833, "0.35": 0.07362039181408458, "0.4": 0.06739730547186285}}, "precision": {"0": {"0": 0.06220500523914973, "0.05": 0.34098582045470505, "0.1": 0.3604060176025782, "0.15": 0.4017698238998297, "0.2": 0.4704977758563815, "0.25": 0.5387126423893691, "0.3": 0.5821125678787444, "0.35": 0.5807761904761904, "0.4": 0.5370714285714283}, "1": {"0": 0.06220500523914973, "0.05": 0.12315597683995366, "0.1": 0.11174059462060192, "0.15": 0.026785846560846555, "0.2": 0.005666666666666667, "0.25": 0.002, "0.3": 0.0006666666666666666, "0.35": 0.0, "0.4": 0.0}, "2": {"0": 0.06220500523914973, "0.05": 0.44794309498153356, "0.1": 0.5724379264046779, "0.15": 0.6529770727258907, "0.2": 0.6897793685278633, "0.25": 0.7028259669061064, "0.3": 0.7083822931166797, "0.35": 0.7124620840972915, "0.4": 0.7130002512699051}, "3": {"0": 0.06220500523914973, "0.05": 0.3143914892728704, "0.1": 0.35686420472545055, "0.15": 0.3908999631555736, "0.2": 0.41025193470168875, "0.25": 0.41795362151960375, "0.3": 0.3935181581805513, "0.35": 0.3296465378888037, "0.4": 0.236474064401627}, "4": {"0": 0.06220500523914973, "0.05": 0.3495444017857786, "0.1": 0.3820380457731779, "0.15": 0.3730297775252894, "0.2": 0.3616501395647205, "0.25": 0.36434901882225396, "0.3": 0.3791425881652764, "0.35": 0.39890214876650665, "0.4": 0.42257240988478245}, "5": {"0": 0.06220500523914973, "0.05": 0.12483987048264679, "0.1": 0.07183034188034178, "0.15": 0.027666666666666662, "0.2": 0.0031666666666666666, "0.25": 0.0006666666666666666, "0.3": 0.0, "0.35": 0.0, "0.4": 0.0}, "6": {"0": 0.06220500523914973, "0.05": 0.015044957578498821, "0.1": 0.008486763169512794, "0.15": 0.005426651070757054, "0.2": 0.004405618550139383, "0.25": 0.0037723662656755823, "0.3": 0.003143933436722778, "0.35": 0.002279647900518481, "0.4": 0.0017383515161217705}, "7": {"0": 0.06220500523914973, "0.05": 0.5100960659365271, "0.1": 0.6715321506872587, "0.15": 0.7731562295713992, "0.2": 0.8210901863117013, "0.25": 0.8414968419285775, "0.3": 0.8465068877378519,