{"fscore": {"0": {"0": 0.11398936436481887, "0.05": 0.1657350264115798, "0.1": 0.10802781432921993, "0.15": 0.07377341718332804, "0.2": 0.051989372745949024, "0.25": 0.03727448558236908, "0.3": 0.027221730446270926, "0.35": 0.019951596576770928, "0.4": 0.014813057160742158}, "1": {"0": 0.11398936436481887, "0.05": 0.2160113435866211, "0.1": 0.12261923077065276, "0.15": 0.07515627573077101, "0.2": 0.048702652704199795, "0.25": 0.03272759430311202, "0.3": 0.02228895488611249, "0.35": 0.015182007532576564, "0.4": 0.009935434663252763}, "2": {"0": 0.11398936436481887, "0.05": 0.12727598902203152, "0.1": 0.049664102806960105, "0.15": 0.027511748833291483, "0.2": 0.017319203593870958, "0.25": 0.011286801256378574, "0.3": 0.00760227160031947, "0.35": 0.0052979753629409385, "0.4": 0.003884399631578725}, "3": {"0": 0.11398936436481887, "0.05": 0.12534384176953353, "0.1": 0.019241449129051416, "0.15": 0.003407800466393294, "0.2": 0.0006097670745968515, "0.25": 0.00013028205906371235, "0.3": 2.2097158736514596e-05, "0.35": 6.6290772663971866e-06, "0.4": 0.0}, "4": {"0": 0.11398936436481887, "0.05": 0.06288510863018089, "0.1": 0.0275762644948449, "0.15": 0.01714331293444974, "0.2": 0.012087401234328072, "0.25": 0.008825843065277991, "0.3": 0.006513470852863169, "0.35": 0.004659700777820409, "0.4": 0.0032701893358509314}, "5": {"0": 0.11398936436481887, "0.05": 0.3022115098530911, "0.1": 0.19544894920720188, "0.15": 0.11828147029345085, "0.2": 0.07037023762241665, "0.25": 0.04163314381594873, "0.3": 0.024391107493505704, "0.35": 0.014043868792597251, "0.4": 0.00784469832040357}, "6": {"0": 0.11398936436481887, "0.05": 0.28793980772402267, "0.1": 0.27718114690876267, "0.15": 0.2665109598916991, "0.2": 0.2568966954722739, "0.25": 0.24870925786610357, "0.3": 0.24078867105555868, "0.35": 0.2183443134598293, "0.4": 0.21253310432970315}, "7": {"0": 0.11398936436481887, "0.05": 0.16933136608921742, "0.1": 0.12518897928463482, "0.15": 0.10757381645904615, "0.2": 0.09700194301910511, "0.25": 0.08852999630034543, "0.3": 0.08013027400202745, "0.35": 0.0718283844887966, "0.4": 0.06392721379946137}, "8": {"0": 0.11398936436481887, "0.05": 0.26938721992541204, "0.1": 0.2639599971595385, "0.15": 0.25650639451125745, "0.2": 0.24696770932667755, "0.25": 0.23900405409879136, "0.3": 0.2337914090746802, "0.35": 0.2068699705782481, "0.4": 0.20412499235170048}, "9": {"0": 0.11398936436481887, "0.05": 0.04951817165620518, "0.1": 0.0196480175450149, "0.15": 0.010098771759717852, "0.2": 0.006191670525441349, "0.25": 0.004105949485645444, "0.3": 0.0028241616805638483, "0.35": 0.001965887613663391, "0.4": 0.001457792866860362}, "10": {"0": 0.11398936436481887, "0.05": 0.21858542957198507, "0.1": 0.10011359634325644, "0.15": 0.04620242141111446, "0.2": 0.02241473840285526, "0.25": 0.011386034509572032, "0.3": 0.005849755762940397, "0.35": 0.0029072337579170533, "0.4": 0.001490580062800154}, "11": {"0": 0.11398936436481887, "0.05": 0.30300813986136793, "0.1": 0.241335903152587, "0.15": 0.1931403811528842, "0.2": 0.1539430810810974, "0.25": 0.1233201109803831, "0.3": 0.0983083300905553, "0.35": 0.0806165013147417, "0.4": 0.0662922474959479}}, "recall": {"0": {"0": 1.0, "0.05": 0.135072420467681, "0.1": 0.07089295846321744, "0.15": 0.04422992336200918, "0.2": 0.029627881224221032, "0.25": 0.02056595198710904, "0.3": 0.01467707618700739, "0.35": 0.010576903880717409, "0.4": 0.00775706994396172}, "1": {"0": 1.0, "0.05": 0.14228256653796936, "0.1": 0.06986099378507081, "0.15": 0.04075607756506504, "0.2": 0.025763675564175383, "0.25": 0.017064917070808677, "0.3": 0.01151341293449531, "0.35": 0.007786824373023337, "0.4": 0.005068814676626064}, "2": {"0": 1.0, "0.05": 0.09904433937618129, "0.1": 0.02916296556560402, "0.15": 0.014853988143990752, "0.2": 0.009056900891765828, "0.25": 0.005814873891382421, "0.3": 0.0038835851619755416, "0.35": 0.002691723313864211, "0.4": 0.001966466428560402}, "3": {"0": 1.0, "0.05": 0.09091112351545798, "0.1": 0.010511672132230202, "0.15": 0.0017571362054646514, "0.2": 0.00030894454017785857, "0.25": 6.554329722801323e-05, "0.3": 1.1101218353958068e-05, "0.35": 3.32312263857169e-06, "0.4": 0.0}, "4": {"0": 1.0, "0.05": 0.048622870147278716, "0.1": 0.017135461984711012, "0.15": 0.00984807668272792, "0.2": 0.0066635234511996135, "0.25": 0.0047457170435941205, "0.3": 0.003444857476742672, "0.35": 0.0024361047316799438, "0.4": 0.0016948692763211453}, "5": {"0": 1.0, "0.05": 0.26243695697360786, "0.1": 0.1278023299877033, "0.15": 0.0687324428883412, "0.2": 0.03846505959847503, "0.25": 0.021997869933374544, "0.3": 0.012629770125825064, "0.35": 0.00718690178552306, "0.4": 0.0039852011993889115}, "6": {"0": 1.0, "0.05": 0.22729520645867754, "0.1": 0.20158803475631937, "0.15": 0.18422740294582085, "0.2": 0.1703399155664593, "0.25": 0.1575717178708472, "0.3": 0.14952543633562884, "0.35": 0.13281483531582308, "0.4": 0.12809480703938653}, "7": {"0": 1.0, "0.05": 0.102895427864643, "0.1": 0.07092729407633439, "0.15": 0.05934989666272903, "0.2": 0.052715297130565254, "0.25": 0.0476151240101888, "0.3": 0.042740614946872174, "0.35": 0.03806129994002254, "0.4": 0.03367636158788561}, "8": {"0": 1.0, "0.05": 0.1979564395042779, "0.1": 0.1854778963213977, "0.15": 0.17492028873940152, "0.2": 0.1632232966459219, "0.25": 0.1516361381921596, "0.3": 0.1464893454670513, "0.35": 0.12677150903356735, "0.4": 0.12462623036913514}, "9": {"0": 1.0, "0.05": 0.03939365100164711, "0.1": 0.012456393035826603, "0.15": 0.005882574520164228, "0.2": 0.0034537245794301038, "0.25": 0.0022277318591836484, "0.3": 0.0015041352027807013, "0.35": 0.0010337947504878086, "0.4": 0.0007595895628742087}, "10": {"0": 1.0, "0.05": 0.15460026154396306, "0.1": 0.05783795482836828, "0.15": 0.02481102222743683, "0.2": 0.011656467391328104, "0.25": 0.0058297440999666465, "0.3": 0.0029706584976239223, "0.35": 0.0014696915512658888, "0.4": 0.0007516774977755115}, "11": {"0": 1.0, "0.05": 0.22390927449312972, "0.1": 0.15203968303044296, "0.15": 0.11363896631047764, "0.2": 0.08697049677806713, "0.25": 0.06780821242771495, "0.3": 0.05301181082928839, "0.35": 0.04288089721956763, "0.4": 0.03487030722025553}}, "precision": {"0": {"0": 0.06220500523914973, "0.05": 0.22511052687082678, "0.1": 0.2425695266237187, "0.15": 0.24262403849784914, "0.2": 0.2366797909095469, "0.25": 0.22722726960976275, "0.3": 0.21942649785724533, "0.35": 0.21201552692025227, "0.4": 0.20559746597082487}, "1": {"0": 0.06220500523914973, "0.05": 0.4977930914986349, "0.1": 0.5884807287081754, "0.15": 0.60624472180642, "0.2": 0.596129169316905, "0.25": 0.5560064138958266, "0.3": 0.5003110520200881, "0.35": 0.45133941939742417, "0.4": 0.37670539550645177}, "2": {"0": 0.06220500523914973, "0.05": 0.19465528247424274, "0.1": 0.19692154732754188, "0.15": 0.24134424279407404, "0.2": 0.27963903924965167, "0.25": 0.29276375983705144, "0.3": 0.2855571953344788, "0.35": 0.2657464563214564, "0.4": 0.25200715303215315}, "3": {"0": 0.06220500523914973, "0.05": 0.2240138494014347, "0.1": 0.14392538566844232, "0.15": 0.08373864422614404, "0.2": 0.036570670995671, "0.25": 0.013927777777777777, "0.3": 0.0033333333333333335, "0.35": 0.0015, "0.4": 0.0}, "4": {"0": 0.06220500523914973, "0.05": 0.09667237588403368, "0.1": 0.07949705849262492, "0.15": 0.07675442362338805, "0.2": 0.07822550249164031, "0.25": 0.0780272604394555, "0.3": 0.07620126412721066, "0.35": 0.07224254293173035, "0.4": 0.06528373130195468}, "5": {"0": 0.06220500523914973, "0.05": 0.3747276880098986, "0.1": 0.447172785344365, "0.15": 0.4702148803273688, "0.2": 0.47985606334708875, "0.25": 0.4785936549736867, "0.3": 0.4697610172804168, "0.35": 0.43064353000617356, "0.4": 0.36697098875982154}, "6": {"0": 0.06220500523914973, "0.05": 0.4118838965295095, "0.1": 0.46501617117182953, "0.15": 0.5052635179838647, "0.2": 0.5512543375074799, "0.25": 0.6293188680622682, "0.3": 0.6633321220734137, "0.35": 0.667182698530172, "0.4": 0.6818660638599365}, "7": {"0": 0.06220500523914973, "0.05": 0.5252297556829352,