{"fscore": {"0": {"0": 0.11398936436481887, "0.05": 0.10577300228077571, "0.1": 0.05885849567100873, "0.15": 0.037171680154780555, "0.2": 0.02438761535392729, "0.25": 0.01661235871690108, "0.3": 0.011556505880371886, "0.35": 0.008173074398799817, "0.4": 0.0059268353634989125}, "1": {"0": 0.11398936436481887, "0.05": 0.21808302075677738, "0.1": 0.17149920084444023, "0.15": 0.1395375995194592, "0.2": 0.11526896873159252, "0.25": 0.09701616415202435, "0.3": 0.0826167184049012, "0.35": 0.07146281416101476, "0.4": 0.06171709316842157}, "2": {"0": 0.11398936436481887, "0.05": 0.2721871891307747, "0.1": 0.17800945654283126, "0.15": 0.11808017602345713, "0.2": 0.08078924473820039, "0.25": 0.05702691737355368, "0.3": 0.041637858963938935, "0.35": 0.03173398275857402, "0.4": 0.024712310407845748}, "3": {"0": 0.11398936436481887, "0.05": 0.07150629091640845, "0.1": 0.03890976596848097, "0.15": 0.024273014004978596, "0.2": 0.01610415410790722, "0.25": 0.011111746453775417, "0.3": 0.007639201654202387, "0.35": 0.005365312641723395, "0.4": 0.003680485965707389}, "4": {"0": 0.11398936436481887, "0.05": 0.07447492798788469, "0.1": 0.02182053153781897, "0.15": 0.010354324636995068, "0.2": 0.005826942811262161, "0.25": 0.003676090259414244, "0.3": 0.002346307252957531, "0.35": 0.0015367313535361873, "0.4": 0.0010165375812243647}, "5": {"0": 0.11398936436481887, "0.05": 0.21269503876072554, "0.1": 0.12826460282920127, "0.15": 0.07772301337981208, "0.2": 0.048108809655617, "0.25": 0.03114988783746125, "0.3": 0.020759407665545702, "0.35": 0.014068755801377631, "0.4": 0.00971453893166963}, "6": {"0": 0.11398936436481887, "0.05": 0.009415020291540859, "0.1": 0.0027591050615146263, "0.15": 0.0010990934254712314, "0.2": 0.0004825360358450398, "0.25": 0.0002015598484305162, "0.3": 0.00010191770331889637, "0.35": 6.211353915581944e-05, "0.4": 1.8292905662126644e-05}, "7": {"0": 0.11398936436481887, "0.05": 0.1994051127569608, "0.1": 0.09486307612640699, "0.15": 0.04966563761700499, "0.2": 0.02805551300577819, "0.25": 0.016674664370442918, "0.3": 0.01013259536311029, "0.35": 0.0060318780525262005, "0.4": 0.0036589209199641903}, "8": {"0": 0.11398936436481887, "0.05": 0.21822428586042034, "0.1": 0.1181761147857875, "0.15": 0.06674843410617207, "0.2": 0.03916229011531907, "0.25": 0.02344832281906698, "0.3": 0.014282380351016217, "0.35": 0.00885418039324861, "0.4": 0.00543448624742193}, "9": {"0": 0.11398936436481887, "0.05": 0.22859386599172243, "0.1": 0.19126211153080905, "0.15": 0.16005643158853522, "0.2": 0.13364320337503482, "0.25": 0.11302699378962523, "0.3": 0.0959021347549449, "0.35": 0.08290308690784616, "0.4": 0.07181555900738447}, "10": {"0": 0.11398936436481887, "0.05": 0.054941594880765054, "0.1": 0.021665330077883144, "0.15": 0.011296094084662589, "0.2": 0.006709484126399063, "0.25": 0.004267021779903302, "0.3": 0.002752630524119222, "0.35": 0.0017019598495433578, "0.4": 0.0010869962300223144}, "11": {"0": 0.11398936436481887, "0.05": 0.1702363765240212, "0.1": 0.08881558716894648, "0.15": 0.04974509542523042, "0.2": 0.029525187540285054, "0.25": 0.018629887802267882, "0.3": 0.01217111904825717, "0.35": 0.008364917176174281, "0.4": 0.0058856789824631795}}, "recall": {"0": {"0": 1.0, "0.05": 0.06538279664677836, "0.1": 0.03295915474858027, "0.15": 0.020015639455898362, "0.2": 0.01285357811062466, "0.25": 0.008639720348187973, "0.3": 0.005956483763860463, "0.35": 0.004186510206488989, "0.4": 0.0030220577457543752}, "1": {"0": 1.0, "0.05": 0.15053063168281433, "0.1": 0.10422998121366214, "0.15": 0.08002814729125525, "0.2": 0.06400638282350744, "0.25": 0.05285082858315812, "0.3": 0.04443093264693917, "0.35": 0.0380710192376982, "0.4": 0.03261883353756983}, "2": {"0": 1.0, "0.05": 0.197318100045087, "0.1": 0.10730944742381258, "0.15": 0.06618782458195432, "0.2": 0.04362081935022507, "0.25": 0.03012295553665914, "0.3": 0.021690661483332357, "0.35": 0.016378047791696094, "0.4": 0.012670841870233152}, "3": {"0": 1.0, "0.05": 0.03839310608033597, "0.1": 0.02010970531135478, "0.15": 0.012402440680601017, "0.2": 0.008185143309744595, "0.25": 0.005630656035752209, "0.3": 0.0038619255706860795, "0.35": 0.0027077266319862985, "0.4": 0.001855526502870403}, "4": {"0": 1.0, "0.05": 0.045022943611706806, "0.1": 0.011683199909694882, "0.15": 0.005362040896412883, "0.2": 0.0029785563466504764, "0.25": 0.001867289999610823, "0.3": 0.0011869934818100384, "0.35": 0.0007757905036530645, "0.4": 0.0005123453895850183}, "5": {"0": 1.0, "0.05": 0.14147209253619975, "0.1": 0.0733856590020933, "0.15": 0.042009160668389216, "0.2": 0.025278567334562893, "0.25": 0.016118132505216456, "0.3": 0.010639295220340989, "0.35": 0.007169158172052532, "0.4": 0.004930006695358501}, "6": {"0": 1.0, "0.05": 0.004916087895660657, "0.1": 0.001405731535501732, "0.15": 0.0005583386464977065, "0.2": 0.0002454986276120962, "0.25": 0.00010325015914878447, "0.3": 5.27120236105966e-05, "0.35": 3.133478787258179e-05, "0.4": 9.227642905662026e-06}, "7": {"0": 1.0, "0.05": 0.1243451523413371, "0.1": 0.05196464836051111, "0.15": 0.026046741691424173, "0.2": 0.014430457515130394, "0.25": 0.008500184198335729, "0.3": 0.005137198576877371, "0.35": 0.0030490559141865686, "0.4": 0.0018453557376056245}, "8": {"0": 1.0, "0.05": 0.13429723568432198, "0.1": 0.0650250180455297, "0.15": 0.03529320405499948, "0.2": 0.02030409996660647, "0.25": 0.012022472876230898, "0.3": 0.007272094477190184, "0.35": 0.004488702319771641, "0.4": 0.002747103043553795}, "9": {"0": 1.0, "0.05": 0.16505710067802015, "0.1": 0.11952724022171522, "0.15": 0.09374630276709989, "0.2": 0.0753926165000157, "0.25": 0.06231610400040055, "0.3": 0.05203605837750487, "0.35": 0.04445727772678966, "0.4": 0.038134809928333895}, "10": {"0": 1.0, "0.05": 0.032916402146994324, "0.1": 0.011634098107008196, "0.15": 0.005864733193111047, "0.2": 0.0034327814300441914, "0.25": 0.0021656061144229026, "0.3": 0.0013924274240573974, "0.35": 0.000859260992798318, "0.4": 0.0005480513776563782}, "11": {"0": 1.0, "0.05": 0.12606459488206373, "0.1": 0.05306526919893853, "0.15": 0.02743920368635226, "0.2": 0.01566349090501208, "0.25": 0.009685931028612144, "0.3": 0.006249570736461314, "0.35": 0.004264117486047166, "0.4": 0.002986413155816877}}, "precision": {"0": {"0": 0.06220500523914973, "0.05": 0.3024501529923004, "0.1": 0.316142493308077, "0.15": 0.3123101662427291, "0.2": 0.29825642787888823, "0.25": 0.27967349086371973, "0.3": 0.2576836124641359, "0.35": 0.23496946591829382, "0.4": 0.2183602214064173}, "1": {"0": 0.06220500523914973, "0.05": 0.4216340191762575, "0.1": 0.5313971124894986, "0.15": 0.6194044243657151, "0.2": 0.6825931368545853, "0.25": 0.7195105028294524, "0.3": 0.738358088869615, "0.35": 0.751267233584936, "0.4": 0.7572884577121998}, "2": {"0": 0.06220500523914973, "0.05": 0.4713889246630155, "0.1": 0.5825614313141422, "0.15": 0.6348183865312917, "0.2": 0.6628777684428421, "0.25": 0.6742804347758342, "0.3": 0.6769540789955961, "0.35": 0.6776779381995062, "0.4": 0.6708073044986442}, "3": {"0": 0.06220500523914973, "0.05": 0.632533103151891, "0.1": 0.7925738334685237, "0.15": 0.7825458833864422, "0.2": 0.7046233498837982, "0.25": 0.6113680454737552, "0.3": 0.510507106972548, "0.35": 0.4234399877899877, "0.4": 0.3361907287157287}, "4": {"0": 0.06220500523914973, "0.05": 0.2450123885570208, "0.1": 0.20945682978468524, "0.15": 0.21000892517110378, "0.2": 0.19300945897960725, "0.25": 0.17337702188162696, "0.3": 0.14198335738335732, "0.35": 0.11380304232804225, "0.4": 0.09076944444444449}, "5": {"0": 0.06220500523914973, "0.05": 0.4607169640638593, "0.1": 0.5808179285646434, "0.15": 0.6321773004061961, "0.2": 0.6430432750404648, "0.25": 0.6280216297939293, "0.3": 0.5916463152201534, "0.35": 0.535577748723265, "0.4": 0.4743195995009461}, "6": {"0": 0.06220500523914973, "0.05": 0.16950728064726256, "0.1": 0.12473643953200855, "0.15": 0.06949512285195152, "0.2": 0.03659822425940073, "0.25": 0.016643293650793648, "0.3": 0.00811611111111111, "0.35": 0.005716666666666666,