{"fscore": {"0": {"0": 0.11398936436481887, "0.05": 0.1703394593647421, "0.1": 0.08153564990732756, "0.15": 0.04488678331797713, "0.2": 0.02726737206962937, "0.25": 0.017242512322228974, "0.3": 0.010983193604874781, "0.35": 0.007001324806711827, "0.4": 0.004433717418187325}, "1": {"0": 0.11398936436481887, "0.05": 0.3361810163516552, "0.1": 0.26702524692728263, "0.15": 0.19464618819659793, "0.2": 0.1276373061573423, "0.25": 0.08288007512657049, "0.3": 0.05589595957628117, "0.35": 0.03913980132647473, "0.4": 0.02722393178835875}, "2": {"0": 0.11398936436481887, "0.05": 0.017322912027914583, "0.1": 0.0041889621408409084, "0.15": 0.0014356050057730539, "0.2": 0.0006078331531533121, "0.25": 0.00022766323369931708, "0.3": 9.775922633616288e-05, "0.35": 6.545612661397715e-05, "0.4": 3.831991561671028e-05}, "3": {"0": 0.11398936436481887, "0.05": 0.3243760457444575, "0.1": 0.25553735977388004, "0.15": 0.20888968724808074, "0.2": 0.1723910777756842, "0.25": 0.14152862786430023, "0.3": 0.11487325451484755, "0.35": 0.09390457403048487, "0.4": 0.07559187652766614}, "4": {"0": 0.11398936436481887, "0.05": 0.0957663699623063, "0.1": 0.04312965529720516, "0.15": 0.021142519598549212, "0.2": 0.010816533340363848, "0.25": 0.005810544698589388, "0.3": 0.0029148056749347547, "0.35": 0.0013773296203934166, "0.4": 0.000807954119239607}, "5": {"0": 0.11398936436481887, "0.05": 0.1566877142547131, "0.1": 0.09041861866048953, "0.15": 0.061079239428748204, "0.2": 0.043430824428473104, "0.25": 0.03235767908447586, "0.3": 0.02410530516470176, "0.35": 0.018048845886002612, "0.4": 0.013621287237586538}, "6": {"0": 0.11398936436481887, "0.05": 0.015108699323900986, "0.1": 0.006028217938360585, "0.15": 0.003065871422338631, "0.2": 0.0017869397555836683, "0.25": 0.0010928859164122849, "0.3": 0.0007024804323720629, "0.35": 0.0004593987427630156, "0.4": 0.0003182682195138204}, "7": {"0": 0.11398936436481887, "0.05": 0.16697572550981735, "0.1": 0.031549847711980994, "0.15": 0.006872492566367113, "0.2": 0.0017192282233317562, "0.25": 0.0005426771522669649, "0.3": 0.0001565732077352265, "0.35": 5.2619122608820346e-05, "0.4": 9.702278836622423e-06}, "8": {"0": 0.11398936436481887, "0.05": 0.3442838641642333, "0.1": 0.26325198502250463, "0.15": 0.19349685816169798, "0.2": 0.13890077437441856, "0.25": 0.0990384833094544, "0.3": 0.072416173520557, "0.35": 0.054735730537197366, "0.4": 0.04156279418269658}, "9": {"0": 0.11398936436481887, "0.05": 0.09631222112235474, "0.1": 0.01188029913986655, "0.15": 0.0019321959263549438, "0.2": 0.0004504785746820059, "0.25": 8.665809897113178e-05, "0.3": 3.753061304966998e-05, "0.35": 1.540715905534674e-05, "0.4": 1.1618918955082499e-05}, "10": {"0": 0.11398936436481887, "0.05": 0.035232443138010563, "0.1": 0.006034602918829608, "0.15": 0.0011656011989851234, "0.2": 0.0003665960824587062, "0.25": 0.00020186538680131268, "0.3": 0.00011234540942435908, "0.35": 6.072690363533544e-05, "0.4": 4.093576585490866e-05}, "11": {"0": 0.11398936436481887, "0.05": 0.007107195256561571, "0.1": 0.00018122008271705578, "0.15": 4.526693039823953e-05, "0.2": 1.1502620850320327e-05, "0.25": 0.0, "0.3": 0.0, "0.35": 0.0, "0.4": 0.0}}, "recall": {"0": {"0": 1.0, "0.05": 0.12970327443457336, "0.1": 0.048574126076521285, "0.15": 0.024632352244899642, "0.2": 0.014433687340660271, "0.25": 0.008956124751223921, "0.3": 0.005637573140024735, "0.35": 0.00356901266146738, "0.4": 0.0022499028773710853}, "1": {"0": 1.0, "0.05": 0.32193485055205195, "0.1": 0.1982564191764503, "0.15": 0.12474071564257277, "0.2": 0.07435226607506537, "0.25": 0.04558690640525822, "0.3": 0.029722559873440788, "0.35": 0.02040522749894164, "0.4": 0.014024677302471138}, "2": {"0": 1.0, "0.05": 0.010540487074483178, "0.1": 0.002286229741010064, "0.15": 0.000759056444616759, "0.2": 0.0003158000401254665, "0.25": 0.0001175553693664248, "0.3": 5.0175175099618046e-05, "0.35": 3.344532761136691e-05, "0.4": 1.9528292817282218e-05}, "3": {"0": 1.0, "0.05": 0.23571974508908616, "0.1": 0.16081138489457164, "0.15": 0.12261203389201421, "0.2": 0.09730100219957885, "0.25": 0.07790134175055632, "0.3": 0.06208886889351096, "0.35": 0.05008869755063212, "0.4": 0.03986273646850137}, "4": {"0": 1.0, "0.05": 0.0744744333114245, "0.1": 0.025304660607444296, "0.15": 0.011412932009085419, "0.2": 0.005653221193465237, "0.25": 0.0029934915242909098, "0.3": 0.0014885248415943116, "0.35": 0.0006995167100281764, "0.4": 0.0004095825546265292}, "5": {"0": 1.0, "0.05": 0.10671580694707596, "0.1": 0.05269065220815172, "0.15": 0.03367391083314466, "0.2": 0.023284280347318567, "0.25": 0.017054631874854446, "0.3": 0.012562905485463698, "0.35": 0.009332070447724954, "0.4": 0.007002438136781653}, "6": {"0": 1.0, "0.05": 0.011068852478489013, "0.1": 0.0037111862816274167, "0.15": 0.0017463811387598137, "0.2": 0.000975048781438285, "0.25": 0.0005805924207600417, "0.3": 0.0003664214895584856, "0.35": 0.00023689989975860592, "0.4": 0.00016315896545935203}, "7": {"0": 1.0, "0.05": 0.14056050829918026, "0.1": 0.017892818520263455, "0.15": 0.003579602012751903, "0.2": 0.0008756712410544577, "0.25": 0.00027433411819998717, "0.3": 7.888925655016539e-05, "0.35": 2.6459885156440605e-05, "0.4": 4.886916829207201e-06}, "8": {"0": 1.0, "0.05": 0.29580675795812733, "0.1": 0.17807919068519978, "0.15": 0.11684829332534698, "0.2": 0.07865414577434887, "0.25": 0.053955124562606746, "0.3": 0.03854059320497696, "0.35": 0.028710332944780835, "0.4": 0.021577036040985598}, "9": {"0": 1.0, "0.05": 0.06868133829630138, "0.1": 0.0064895542326471704, "0.15": 0.000992767193282622, "0.2": 0.00022835914336050733, "0.25": 4.357864133122111e-05, "0.3": 1.884054913761792e-05, "0.35": 7.741962663695677e-06, "0.4": 5.837016562562934e-06}, "10": {"0": 1.0, "0.05": 0.025181712216141468, "0.1": 0.0032604035846571454, "0.15": 0.0006043527474867119, "0.2": 0.0001900584220522905, "0.25": 0.00010392724055995762, "0.3": 5.7650644671440375e-05, "0.35": 3.120561029653708e-05, "0.4": 2.1064341637606467e-05}, "11": {"0": 1.0, "0.05": 0.004022813025591853, "0.1": 9.177066120081655e-05, "0.15": 2.2874954310333293e-05, "0.2": 5.802469135802468e-06, "0.25": 0.0, "0.3": 0.0, "0.35": 0.0, "0.4": 0.0}}, "precision": {"0": {"0": 0.06220500523914973, "0.05": 0.2786775172784485, "0.1": 0.31222794594803643, "0.15": 0.33445693846816904, "0.2": 0.35557273741681866, "0.25": 0.358253053527408, "0.3": 0.34488821390765806, "0.35": 0.30241176742360976, "0.4": 0.251101851851852}, "1": {"0": 0.06220500523914973, "0.05": 0.36945646885606764, "0.1": 0.43626922578392785, "0.15": 0.48393261791298725, "0.2": 0.5105265160771569, "0.25": 0.5418323647813303, "0.3": 0.5838719923624424, "0.35": 0.6185909194747368, "0.4": 0.6205283832223615}, "2": {"0": 0.06220500523914973, "0.05": 0.0682478233135863, "0.1": 0.04334862823228041, "0.15": 0.02431088764982559, "0.2": 0.017376670840919373, "0.25": 0.007889555720716595, "0.3": 0.004193096854064011, "0.35": 0.004008330498167896, "0.4": 0.002302840969946233}, "3": {"0": 0.06220500523914973, "0.05": 0.549464324652196, "0.1": 0.6696392972033052, "0.15": 0.7757535447558012, "0.2": 0.8479696852549934, "0.25": 0.8874058339027958, "0.3": 0.9057230594112767, "0.35": 0.9158382009115217, "0.4": 0.9172492908848505}, "4": {"0": 0.06220500523914973, "0.05": 0.1493820230146464, "0.1": 0.184110843667082, "0.15": 0.21024923295134737, "0.2": 0.2044578410543131, "0.25": 0.17258232070694624, "0.3": 0.12168086029367987, "0.35": 0.07398275457485988, "0.4": 0.051030170755170766}, "5": {"0": 0.06220500523914973, "0.05": 0.3104437856300647, "0.1": 0.3526458762319158, "0.15": 0.38366948980795, "0.2": 0.39647423218190997, "0.25": 0.40228391500401994, "0.3": 0.39558690458314233, "0.35": 0.37811332785924756, "0.4": 0.3603405899054997}, "6": {"0": 0.06220500523914973, "0.05": 0.026555395347780522, "0.1": 0.018893936343975105, "0.15": 0.015307735474953935, "0.2": 0.013493066239154852, "0.25": 0.012511720174510773, "0.3": 0.012344887596997369, "0.35": 0.011255942986061043, "0.4": 0.01036568990814851},