{"fscore": {"0": {"0": 0.11398936436481887, "0.05": 0.2214892257196845, "0.1": 0.16901847657741734, "0.15": 0.13143429538986492, "0.2": 0.10180385548967068, "0.25": 0.0794194796264363, "0.3": 0.061949929160700495, "0.35": 0.04897271099594194, "0.4": 0.03788147606336871}, "1": {"0": 0.11398936436481887, "0.05": 0.2529208396381522, "0.1": 0.1723708266147686, "0.15": 0.12150838508768447, "0.2": 0.08781686951727669, "0.25": 0.06429239577201268, "0.3": 0.047968298698938004, "0.35": 0.0371193879282012, "0.4": 0.028868060206497338}, "2": {"0": 0.11398936436481887, "0.05": 0.14971432166012602, "0.1": 0.10104370392251347, "0.15": 0.06758892149147323, "0.2": 0.045613518695828734, "0.25": 0.031191414681148038, "0.3": 0.0217490516994591, "0.35": 0.01528501349751171, "0.4": 0.010778646059374281}, "3": {"0": 0.11398936436481887, "0.05": 0.2581554092619277, "0.1": 0.1569698112919459, "0.15": 0.09382561912404143, "0.2": 0.06296360179678145, "0.25": 0.04667411627806563, "0.3": 0.0361020195786515, "0.35": 0.027943926689432193, "0.4": 0.02132820494628401}, "4": {"0": 0.11398936436481887, "0.05": 0.09965226252941177, "0.1": 0.04938833322934954, "0.15": 0.026866966216480367, "0.2": 0.015402645944075947, "0.25": 0.009001693545950387, "0.3": 0.00532208320523785, "0.35": 0.0032934596084685827, "0.4": 0.0020183921997202797}, "5": {"0": 0.11398936436481887, "0.05": 0.08517284521115044, "0.1": 0.03520763372003863, "0.15": 0.017901463495069603, "0.2": 0.010191060066403882, "0.25": 0.006128067677463383, "0.3": 0.003809432632869063, "0.35": 0.0024189980870265794, "0.4": 0.001490913514636468}, "6": {"0": 0.11398936436481887, "0.05": 0.3218675847836202, "0.1": 0.24306524486289868, "0.15": 0.18483935268208965, "0.2": 0.14054798260653942, "0.25": 0.10612172886445354, "0.3": 0.07962449235309114, "0.35": 0.05993782711256771, "0.4": 0.045017601826446325}, "7": {"0": 0.11398936436481887, "0.05": 0.178206089993713, "0.1": 0.11226755621307957, "0.15": 0.0727688033473169, "0.2": 0.046976382909113434, "0.25": 0.030205702591322197, "0.3": 0.019641496641649908, "0.35": 0.012893966430910373, "0.4": 0.008427641682239188}, "8": {"0": 0.11398936436481887, "0.05": 0.027300167930229775, "0.1": 0.01197194372081124, "0.15": 0.00670699000430412, "0.2": 0.004027934768144489, "0.25": 0.002455226988563923, "0.3": 0.0015083771340455021, "0.35": 0.0009294927676416542, "0.4": 0.0005807134976462592}, "9": {"0": 0.11398936436481887, "0.05": 0.25612002942424694, "0.1": 0.21293171731447, "0.15": 0.17863693233011857, "0.2": 0.1503027486857967, "0.25": 0.12598330279071232, "0.3": 0.10724467556665902, "0.35": 0.09283948023941768, "0.4": 0.07992073788399576}, "10": {"0": 0.11398936436481887, "0.05": 0.146100522377044, "0.1": 0.06412801422191934, "0.15": 0.032049241271464975, "0.2": 0.016077610195856507, "0.25": 0.00779541859566148, "0.3": 0.003768609602156866, "0.35": 0.001814429911735812, "0.4": 0.0009403918673201048}, "11": {"0": 0.11398936436481887, "0.05": 0.09090652097457566, "0.1": 0.0431344937173449, "0.15": 0.027016231004422513, "0.2": 0.018795777422658404, "0.25": 0.013485074039185661, "0.3": 0.010229196850236592, "0.35": 0.008147238767851495, "0.4": 0.006575437611519991}}, "recall": {"0": {"0": 1.0, "0.05": 0.1484565505631978, "0.1": 0.10036449172623171, "0.15": 0.07362741704629973, "0.2": 0.055227947474257987, "0.25": 0.042289812536103456, "0.3": 0.03256957590539755, "0.35": 0.025507654514663594, "0.4": 0.019581634797934615}, "1": {"0": 1.0, "0.05": 0.16438845722485274, "0.1": 0.09962700260672386, "0.15": 0.06675932403576244, "0.2": 0.046911046729410114, "0.25": 0.033759150252400984, "0.3": 0.024902911076461948, "0.35": 0.01912905053132608, "0.4": 0.014797280846918568}, "2": {"0": 1.0, "0.05": 0.10197746330208157, "0.1": 0.05788713558985682, "0.15": 0.03650469852260347, "0.2": 0.02395085640002963, "0.25": 0.016128297379158937, "0.3": 0.011146455574591208, "0.35": 0.00778687782364736, "0.4": 0.005470064574396613}, "3": {"0": 1.0, "0.05": 0.21759303847330252, "0.1": 0.09697041043119721, "0.15": 0.05205641148288318, "0.2": 0.03350802758442647, "0.25": 0.02436404537131323, "0.3": 0.0186439200766301, "0.35": 0.014323391814080334, "0.4": 0.010874324047030273}, "4": {"0": 1.0, "0.05": 0.05848635841213094, "0.1": 0.026299270546179566, "0.15": 0.01386958274663822, "0.2": 0.007852968734744096, "0.25": 0.004559620166362605, "0.3": 0.0026859233633042276, "0.35": 0.0016591753485075582, "0.4": 0.0010156916943969735}, "5": {"0": 1.0, "0.05": 0.04987722693752804, "0.1": 0.018824359394160713, "0.15": 0.009303699285870114, "0.2": 0.005231770009268533, "0.25": 0.0031257476956521365, "0.3": 0.0019354456229004737, "0.35": 0.0012267057885040151, "0.4": 0.0007553189370973993}, "6": {"0": 1.0, "0.05": 0.24061259249013175, "0.1": 0.15173974511787428, "0.15": 0.10732635832625573, "0.2": 0.07821528654076051, "0.25": 0.05745519821307509, "0.3": 0.04230479062963226, "0.35": 0.03142414956732184, "0.4": 0.023365820894835417}, "7": {"0": 1.0, "0.05": 0.12118679331732547, "0.1": 0.06551365698195231, "0.15": 0.03985145088635902, "0.2": 0.02489927288118887, "0.25": 0.015708707549263623, "0.3": 0.01009890727648167, "0.35": 0.006577353522135842, "0.4": 0.004279364425219243}, "8": {"0": 1.0, "0.05": 0.014236616987877773, "0.1": 0.0061171379724052856, "0.15": 0.003407654581524963, "0.2": 0.0020392925789516287, "0.25": 0.0012411405637199786, "0.3": 0.0007612268506005304, "0.35": 0.00046859266443034775, "0.4": 0.00029269741948825193}, "9": {"0": 1.0, "0.05": 0.18320682388906592, "0.1": 0.13564629986729113, "0.15": 0.10678825127354634, "0.2": 0.08594839568848302, "0.25": 0.07005599622207624, "0.3": 0.05871951587979831, "0.35": 0.0502334380191546, "0.4": 0.04279183158995567}, "10": {"0": 1.0, "0.05": 0.11279869248065351, "0.1": 0.03732507633277798, "0.15": 0.01712299997179342, "0.2": 0.008313666782369535, "0.25": 0.003975829687427973, "0.3": 0.0019088597048351167, "0.35": 0.0009160936528182031, "0.4": 0.00047409980642093384}, "11": {"0": 1.0, "0.05": 0.07129907807393872, "0.1": 0.02743149623301868, "0.15": 0.015745809391377725, "0.2": 0.010459694857664525, "0.25": 0.0072851838151959, "0.3": 0.0054130563361601165, "0.35": 0.004246124082469265, "0.4": 0.00339035764417302}}, "precision": {"0": {"0": 0.06220500523914973, "0.05": 0.4625849285885387, "0.1": 0.584367164196252, "0.15": 0.6975170758048838, "0.2": 0.7768718069948798, "0.25": 0.8090491090403078, "0.3": 0.815731247249257, "0.35": 0.8131013608071143, "0.4": 0.793550734769051}, "1": {"0": 0.06220500523914973, "0.05": 0.5795313207198995, "0.1": 0.6911651439226251, "0.15": 0.7541701047729604, "0.2": 0.7941607480991975, "0.25": 0.8184107943525543, "0.3": 0.8265861409355063, "0.35": 0.820342600834716, "0.4": 0.7951985920517158}, "2": {"0": 0.06220500523914973, "0.05": 0.3006929907583055, "0.1": 0.4363279950006842, "0.15": 0.5208474921589652, "0.2": 0.5728881110146411, "0.25": 0.5927002711252994, "0.3": 0.5852913493683781, "0.35": 0.5515242169371202, "0.4": 0.5040078174004647}, "3": {"0": 0.06220500523914973, "0.05": 0.33243135584098005, "0.1": 0.4442504049104061, "0.15": 0.5321841721960315, "0.2": 0.6049510735120877, "0.25": 0.6652052317372595, "0.3": 0.7017610288946011, "0.35": 0.7171754547450945, "0.4": 0.709857192967316}, "4": {"0": 0.06220500523914973, "0.05": 0.40354127171210075, "0.1": 0.5343925105820672, "0.15": 0.6215253841587068, "0.2": 0.59384195984878, "0.25": 0.5113354391723977, "0.3": 0.4165346727346725, "0.35": 0.3178941558441557, "0.4": 0.23003333333333334}, "5": {"0": 0.06220500523914973, "0.05": 0.3517708562859069, "0.1": 0.3715379847544198, "0.15": 0.3536611182638268, "0.2": 0.31993310123101, "0.25": 0.2695349149858287, "0.3": 0.21006623735741364, "0.35": 0.15769873949579818, "0.4": 0.11064331409331413}, "6": {"0": 0.06220500523914973, "0.05": 0.5150699088752081, "0.1": 0.6604791596803764, "0.15": 0.7365395807717252, "0.2": 0.7896928292701174, "0.25": 0.8201030178554538, "0.3": 0.8364563560163545, "0.35": 0.8427045660630434, "0.4": 0.8328190986081648},