{"fscore": {"0": {"0": 0.11398936436481887, "0.05": 0.05260102418100799, "0.1": 0.018671621154473173, "0.15": 0.008069019282809476, "0.2": 0.0040924189937712515, "0.25": 0.0020580700202276446, "0.3": 0.0011221658778669758, "0.35": 0.0006674777909098882, "0.4": 0.00043050784123041205}, "1": {"0": 0.11398936436481887, "0.05": 0.024701849137453834, "0.1": 0.0069641779638716, "0.15": 0.0026411666974904906, "0.2": 0.0010780619347472717, "0.25": 0.0005141522972951592, "0.3": 0.0002515331237263193, "0.35": 9.448347063571205e-05, "0.4": 5.532593489583976e-05}, "2": {"0": 0.11398936436481887, "0.05": 0.00898356139642135, "0.1": 0.0048011642295241125, "0.15": 0.0036903855669494505, "0.2": 0.003054316118837786, "0.25": 0.0026205517352109685, "0.3": 0.0022116696427959197, "0.35": 0.001843963028791223, "0.4": 0.0015134814610086786}, "3": {"0": 0.11398936436481887, "0.05": 0.3002558311406242, "0.1": 0.2546727519617532, "0.15": 0.20729477361264745, "0.2": 0.16254516250182635, "0.25": 0.1263203502990375, "0.3": 0.09807032758764649, "0.35": 0.07571217809707836, "0.4": 0.05769688933637777}, "4": {"0": 0.11398936436481887, "0.05": 0.32131018972250885, "0.1": 0.2807040311430045, "0.15": 0.23631992200410332, "0.2": 0.19348895096564026, "0.25": 0.15716289525599494, "0.3": 0.12656515657301284, "0.35": 0.10578666946318327, "0.4": 0.08682706423918239}, "5": {"0": 0.11398936436481887, "0.05": 0.183827202388584, "0.1": 0.10104952545544742, "0.15": 0.05838388743716632, "0.2": 0.030572679860175735, "0.25": 0.01447610413045709, "0.3": 0.007048395591433969, "0.35": 0.003423831454100014, "0.4": 0.0017205518600451172}, "6": {"0": 0.11398936436481887, "0.05": 0.32262705276166714, "0.1": 0.22464183851327252, "0.15": 0.14774153631665743, "0.2": 0.09331570533845812, "0.25": 0.05645456504634146, "0.3": 0.032667058858356024, "0.35": 0.018508706475319592, "0.4": 0.010031170005270715}, "7": {"0": 0.11398936436481887, "0.05": 0.09805628233891311, "0.1": 0.01231797060679408, "0.15": 0.0012055368537475634, "0.2": 0.00019946743882711255, "0.25": 2.016966348107379e-05, "0.3": 3.2520325203252032e-06, "0.35": 0.0, "0.4": 0.0}, "8": {"0": 0.11398936436481887, "0.05": 0.0700847544609975, "0.1": 0.02435378207621061, "0.15": 0.010367903030672981, "0.2": 0.0051020450508234725, "0.25": 0.0028461757247401857, "0.3": 0.001576069200019199, "0.35": 0.0009755760832342974, "0.4": 0.0006083368073623816}, "9": {"0": 0.11398936436481887, "0.05": 0.11146400219027808, "0.1": 0.061115789543947294, "0.15": 0.03491384445358058, "0.2": 0.021192255382874146, "0.25": 0.013476717031212167, "0.3": 0.00904420511883815, "0.35": 0.0061478924436207255, "0.4": 0.0042247387902407995}, "10": {"0": 0.11398936436481887, "0.05": 0.17037590229334065, "0.1": 0.10894650818789473, "0.15": 0.06852604791835103, "0.2": 0.041939877312864283, "0.25": 0.024913032914926306, "0.3": 0.014888595289711686, "0.35": 0.008667948734964, "0.4": 0.0050396044842709745}, "11": {"0": 0.11398936436481887, "0.05": 0.038106783618588186, "0.1": 0.0035000888837562094, "0.15": 0.0005017694681631355, "0.2": 0.00012882686316556603, "0.25": 2.122490612026444e-05, "0.3": 9.166159650929241e-06, "0.35": 9.166159650929241e-06, "0.4": 4.934275592958228e-06}}, "recall": {"0": {"0": 1.0, "0.05": 0.03638717717702347, "0.1": 0.01052178286318251, "0.15": 0.004281541215577205, "0.2": 0.002122804228501418, "0.25": 0.0010555078507360552, "0.3": 0.0005723075766765788, "0.35": 0.00033899065322995944, "0.4": 0.00021831389504445853}, "1": {"0": 1.0, "0.05": 0.015448321483684578, "0.1": 0.0037779115434198756, "0.15": 0.001390410833275248, "0.2": 0.0005601801289243023, "0.25": 0.0002660239816220838, "0.3": 0.0001292780971618818, "0.35": 4.837903944936442e-05, "0.4": 2.8288808765454694e-05}, "2": {"0": 1.0, "0.05": 0.006850889670281916, "0.1": 0.0032138880288212633, "0.15": 0.0023002773854404043, "0.2": 0.0018156208387687671, "0.25": 0.001508284421677959, "0.3": 0.0012417078919806555, "0.35": 0.0010168833254880017, "0.4": 0.0008228424959584139}, "3": {"0": 1.0, "0.05": 0.2537296147574221, "0.1": 0.18059272741244303, "0.15": 0.13415372772866818, "0.2": 0.09898974878688557, "0.25": 0.07354631415330315, "0.3": 0.055199587839320594, "0.35": 0.04151255425901707, "0.4": 0.030985231351994755}, "4": {"0": 1.0, "0.05": 0.2572312194181578, "0.1": 0.18991182920610886, "0.15": 0.14690039648807024, "0.2": 0.1143212372162506, "0.25": 0.08964956662409201, "0.3": 0.0703098581486614, "0.35": 0.05763656450109472, "0.4": 0.046487043393345424}, "5": {"0": 1.0, "0.05": 0.1553244390562144, "0.1": 0.06518377551652109, "0.15": 0.033690128076678816, "0.2": 0.016602466405863037, "0.25": 0.0075931102359242456, "0.3": 0.0036272457980947555, "0.35": 0.0017450476642667115, "0.4": 0.0008725929016015811}, "6": {"0": 1.0, "0.05": 0.319254206842499, "0.1": 0.16209866592778216, "0.15": 0.09095368137663062, "0.2": 0.05275571685852844, "0.25": 0.03042180373905229, "0.3": 0.017117195225095763, "0.35": 0.009535456111770849, "0.4": 0.005114486345268903}, "7": {"0": 1.0, "0.05": 0.06539626753458837, "0.1": 0.006739133871116391, "0.15": 0.0006225345679867115, "0.2": 0.00010141702779473739, "0.25": 1.021579701275973e-05, "0.3": 1.633986928104575e-06, "0.35": 0.0, "0.4": 0.0}, "8": {"0": 1.0, "0.05": 0.054463679070110856, "0.1": 0.014436463456349604, "0.15": 0.005632816894631963, "0.2": 0.002674763352720311, "0.25": 0.0014673637124530089, "0.3": 0.0008044050314104993, "0.35": 0.0004953040205713544, "0.4": 0.0003077813226167022}, "9": {"0": 1.0, "0.05": 0.09061913906713101, "0.1": 0.038341240962976475, "0.15": 0.01987387059806482, "0.2": 0.011477852013677493, "0.25": 0.007111727855765376, "0.3": 0.004702489163754678, "0.35": 0.0031651855291592655, "0.4": 0.0021604844793843693}, "10": {"0": 1.0, "0.05": 0.15944759526915392, "0.1": 0.0724479922011485, "0.15": 0.039388026690219825, "0.2": 0.02260346106472058, "0.25": 0.01301049342204697, "0.3": 0.007655085210409733, "0.35": 0.004417001737372281, "0.4": 0.002554838762957522}, "11": {"0": 1.0, "0.05": 0.02495268706273531, "0.1": 0.0018373896131541158, "0.15": 0.00025512993844285136, "0.2": 6.514787522719347e-05, "0.25": 1.0679245379417649e-05, "0.3": 4.608251845669473e-06, "0.35": 4.608251845669473e-06, "0.4": 2.4782608695652173e-06}}, "precision": {"0": {"0": 0.06220500523914973, "0.05": 0.11152732238915866, "0.1": 0.11033061065336254, "0.15": 0.10769035568298324, "0.2": 0.09675562986393392, "0.25": 0.07251279848176136, "0.3": 0.0543965969215969, "0.35": 0.04376746031746031, "0.4": 0.03132037037037037}, "1": {"0": 0.06220500523914973, "0.05": 0.092097604981151, "0.1": 0.09601667877048956, "0.15": 0.06276082354464708, "0.2": 0.031681174843674845, "0.25": 0.01588665223665224, "0.3": 0.009321428571428573, "0.35": 0.0040999999999999995, "0.4": 0.0025166666666666666}, "2": {"0": 0.06220500523914973, "0.05": 0.014401795751846507, "0.1": 0.010795883558115837, "0.15": 0.010741342769427528, "0.2": 0.011103883346010505, "0.25": 0.011659278731520537, "0.3": 0.011784187044612177, "0.35": 0.011578922429875583, "0.4": 0.011362345624870002}, "3": {"0": 0.06220500523914973, "0.05": 0.3860637529876824, "0.1": 0.45884315426730937, "0.15": 0.4900284636161323, "0.2": 0.49338752274533815, "0.25": 0.4927030066676902, "0.3": 0.4917164465643206, "0.35": 0.49048682778755665, "0.4": 0.4911271339495109}, "4": {"0": 0.06220500523914973, "0.05": 0.45116024818369493, "0.1": 0.5732623786997775, "0.15": 0.6511948658807428, "0.2": 0.6847426445661774, "0.25": 0.6990914958808604, "0.3": 0.7039265346073259, "0.35": 0.7216257792797997, "0.4": 0.7494008621863143}, "5": {"0": 0.06220500523914973, "0.05": 0.23529280762749072, "0.1": 0.23922087685769985, "0.15": 0.2416281256991562, "0.2": 0.22893946249921096, "0.25": 0.20280137509793378, "0.3": 0.1754550803621446, "0.35": 0.13139198764383989, "0.4": 0.09492785575535569}, "6": {"0": 0.06220500523914973, "0.05": 0.34144123443667596, "0.1": 0.3896989149227558, "0.15": 0.42770273705052037, "0.2": 0.45274086277083975, "0.25": 0.46291602748828087, "0.3": 0.4524870322676972,