{"fscore": {"0": {"0": 0.11398936436481887, "0.05": 0.330279826041637, "0.1": 0.30020002497955023, "0.15": 0.24228342711931464, "0.2": 0.1850455162832453, "0.25": 0.1393678688664073, "0.3": 0.10633890621871123, "0.35": 0.08528123067814071, "0.4": 0.07018575256110941}, "1": {"0": 0.11398936436481887, "0.05": 0.31182821631880503, "0.1": 0.24566826706108444, "0.15": 0.1827068006588486, "0.2": 0.13689653775055807, "0.25": 0.1055501699261817, "0.3": 0.08515817517960748, "0.35": 0.07082242204859514, "0.4": 0.058737443763432824}, "2": {"0": 0.11399762491932207, "0.05": 0.2808578911521265, "0.1": 0.2799790366805812, "0.15": 0.2763492679637198, "0.2": 0.2669326264245642, "0.25": 0.2581588859508123, "0.3": 0.2605342615668157, "0.35": 0.22426151276082124, "0.4": 0.22425452692843187}, "3": {"0": 0.11398936436481887, "0.05": 0.2023307412231604, "0.1": 0.15309320376767419, "0.15": 0.12217908616773437, "0.2": 0.10012828399653442, "0.25": 0.08347917236381856, "0.3": 0.0703334046958216, "0.35": 0.06068457395736331, "0.4": 0.05228407530117164}, "4": {"0": 0.11398936436481887, "0.05": 0.22438516665663816, "0.1": 0.19307897158608853, "0.15": 0.17046857085158074, "0.2": 0.15225596668759941, "0.25": 0.1380532147726941, "0.3": 0.12489811658114974, "0.35": 0.11306432892603713, "0.4": 0.10146828154245274}, "5": {"0": 0.11398936436481887, "0.05": 0.011011523471262689, "0.1": 0.0012381678230566405, "0.15": 0.00024266911896032135, "0.2": 4.1233193955251426e-05, "0.25": 0.0, "0.3": 0.0, "0.35": 0.0, "0.4": 0.0}, "6": {"0": 0.11398936436481887, "0.05": 0.08484129651844242, "0.1": 0.0555665832046488, "0.15": 0.0375531658228892, "0.2": 0.026012416151228485, "0.25": 0.01790113465100243, "0.3": 0.012285138980705037, "0.35": 0.008642092061159042, "0.4": 0.006112350426418882}, "7": {"0": 0.11398936436481887, "0.05": 0.10500758499028624, "0.1": 0.04960842027680794, "0.15": 0.025985996597903224, "0.2": 0.013840154854218965, "0.25": 0.007039091660730437, "0.3": 0.0035969203694246805, "0.35": 0.0020110456973583134, "0.4": 0.0010031349414139352}, "8": {"0": 0.11398936436481887, "0.05": 0.04708286694913411, "0.1": 0.020483519970991237, "0.15": 0.010310198395210612, "0.2": 0.006225433843401566, "0.25": 0.004423369539480698, "0.3": 0.0033804868869183606, "0.35": 0.0026739400144053, "0.4": 0.0020235691211020635}, "9": {"0": 0.11398936436481887, "0.05": 0.006686553009884737, "0.1": 0.0029952715364837314, "0.15": 0.0015206321857403283, "0.2": 0.0008029278068597443, "0.25": 0.0004906425190491724, "0.3": 0.00035999439114566066, "0.35": 0.0002003645871770265, "0.4": 0.00011363263069860787}, "10": {"0": 0.11398936436481887, "0.05": 0.230804447486333, "0.1": 0.14357695297043482, "0.15": 0.10486021844805206, "0.2": 0.08095684726637034, "0.25": 0.06171767323145544, "0.3": 0.0462226768553903, "0.35": 0.03310683509403687, "0.4": 0.02243395143421314}, "11": {"0": 0.11398936436481887, "0.05": 0.005104774312478673, "0.1": 0.0004230764228367258, "0.15": 0.00014953832279731904, "0.2": 4.908087833690275e-05, "0.25": 1.2403131526780987e-05, "0.3": 9.358678650017233e-06, "0.35": 0.0, "0.4": 0.0}}, "recall": {"0": {"0": 1.0, "0.05": 0.2876865970009141, "0.1": 0.22075340784561218, "0.15": 0.16137087773980485, "0.2": 0.11467672899560633, "0.25": 0.08197930696749174, "0.3": 0.06021861382538407, "0.35": 0.04708403505155938, "0.4": 0.038047440462176466}, "1": {"0": 1.0, "0.05": 0.28679324931307787, "0.1": 0.1784998788119057, "0.15": 0.11666392413186408, "0.2": 0.08110126011520846, "0.25": 0.05960328296772996, "0.3": 0.0466032354062898, "0.35": 0.03797691836675595, "0.4": 0.031053347957116856}, "2": {"0": 0.9999792712206506, "0.05": 0.1921545399742061, "0.1": 0.19071999678938883, "0.15": 0.1864820418431554, "0.2": 0.17643758649636637, "0.25": 0.16558971530474412, "0.3": 0.16546755669248914, "0.35": 0.13856419809041431, "0.4": 0.13855926205216648}, "3": {"0": 1.0, "0.05": 0.1317095236302704, "0.1": 0.09072392523087103, "0.15": 0.06939299559010345, "0.2": 0.05540306580900336, "0.25": 0.04528358583965454, "0.3": 0.03770635348220581, "0.35": 0.03225954440135688, "0.4": 0.02758574852387561}, "4": {"0": 1.0, "0.05": 0.15231139858855752, "0.1": 0.12079106829922275, "0.15": 0.10169074125141171, "0.2": 0.08819551040427961, "0.25": 0.0784167513549737, "0.3": 0.0699659268588792, "0.35": 0.0625801921858395, "0.4": 0.055556873494294126}, "5": {"0": 1.0, "0.05": 0.005953617867328506, "0.1": 0.0006269799451609276, "0.15": 0.00012253604881941763, "0.2": 2.0829759166023756e-05, "0.25": 0.0, "0.3": 0.0, "0.35": 0.0, "0.4": 0.0}, "6": {"0": 1.0, "0.05": 0.058411450744990066, "0.1": 0.03112435837089898, "0.15": 0.019908487269250624, "0.2": 0.013487597741362002, "0.25": 0.009174423594229332, "0.3": 0.006256200107687885, "0.35": 0.004385734350500273, "0.4": 0.0030942468701589806}, "7": {"0": 1.0, "0.05": 0.08450685526982744, "0.1": 0.02826596144892808, "0.15": 0.013635286498479207, "0.2": 0.007088760423363936, "0.25": 0.0035676963152907614, "0.3": 0.0018155197150360033, "0.35": 0.0010134411529130205, "0.4": 0.000504872837964403}, "8": {"0": 1.0, "0.05": 0.029537656398148017, "0.1": 0.01104767414712713, "0.15": 0.005342111270770634, "0.2": 0.003181029962600004, "0.25": 0.002245754042629004, "0.3": 0.0017107608008955593, "0.35": 0.001349665949122089, "0.4": 0.001019684939493625}, "9": {"0": 1.0, "0.05": 0.005220458433378396, "0.1": 0.0019517973956464998, "0.15": 0.0009042435401562876, "0.2": 0.00045446477981039076, "0.25": 0.0002709265178388584, "0.3": 0.00019544488956484704, "0.35": 0.00010708871064450452, "0.4": 5.964860609272742e-05}, "10": {"0": 1.0, "0.05": 0.22291078777289564, "0.1": 0.09788315524496317, "0.15": 0.06217354719608676, "0.2": 0.044935167423702724, "0.25": 0.03304595706529059, "0.3": 0.024234729495991737, "0.35": 0.01712546137772922, "0.4": 0.011498274486504999}, "11": {"0": 1.0, "0.05": 0.0028500713201862096, "0.1": 0.000217579921525502, "0.15": 7.639339600344173e-05, "0.2": 2.4784287446433574e-05, "0.25": 6.252883734688211e-06, "0.3": 4.718883600871178e-06, "0.35": 0.0, "0.4": 0.0}}, "precision": {"0": {"0": 0.06220500523914973, "0.05": 0.40664148147682466, "0.1": 0.49922624956924166, "0.15": 0.5246451756267315, "0.2": 0.525427662537378, "0.25": 0.5191620838050546, "0.3": 0.5144994447846712, "0.35": 0.518706264589632, "0.4": 0.526501488152327}, "1": {"0": 0.06220500523914973, "0.05": 0.3593428776498109, "0.1": 0.4209139660468276, "0.15": 0.4544966052988305, "0.2": 0.4759377299771258, "0.25": 0.5012380729805002, "0.3": 0.5400410669386784, "0.35": 0.5830106404645372, "0.4": 0.6185793344387013}, "2": {"0": 0.06220934236912671, "0.05": 0.5487081926652488, "0.1": 0.5535346995066833, "0.15": 0.5615383216224814, "0.2": 0.5794258770580117, "0.25": 0.6244152141714439, "0.3": 0.6521775740438834, "0.35": 0.6408730416395173, "0.4": 0.6408696639761396}, "3": {"0": 0.06220500523914973, "0.05": 0.46650865347960924, "0.1": 0.5366116150571825, "0.15": 0.5720809518040566, "0.2": 0.5915280640346028, "0.25": 0.6180436780857762, "0.3": 0.6096735014207977, "0.35": 0.6012735062603463, "0.4": 0.5910282349349304}, "4": {"0": 0.06220500523914973, "0.05": 0.4520296605891163, "0.1": 0.5162295214824082, "0.15": 0.5765042705525135, "0.2": 0.6222158840293035, "0.25": 0.6536905176558485, "0.3": 0.665155891642182, "0.35": 0.673702669478852, "0.4": 0.6787841788917053}, "5": {"0": 0.06220500523914973, "0.05": 0.20933153356782813, "0.1": 0.08083333333333334, "0.15": 0.017166666666666667, "0.2": 0.0023333333333333335, "0.25": 0.0, "0.3": 0.0, "0.35": 0.0, "0.4": 0.0}, "6": {"0": 0.06220500523914973, "0.05": 0.17865792668739078, "0.1": 0.3429840002875842, "0.15": 0.48804826274600754, "0.2": 0.5724713461556176, "0.25": 0.5913271152264385, "0.3": 0.5498358900358895, "0.35": 0.48994010341510336, "0.4": 0.41153373015873035}, "7": {"0": 0.06220500523914973, "0.05": 0.1502874699837984, "0.1": 0.23620812965812743, "0.15": 0.37424665886893876, "0.2": 0.4562111503113445, "0.25": 0.40810287664405354, "0.3": 0.28857804232804246, "0.35": 0.19620277777777775,