{"fscore": {"0": {"0": 0.11398936436481887, "0.05": 0.024172560134692368, "0.1": 0.005438586379369315, "0.15": 0.0014418410012823285, "0.2": 0.0004087407121059038, "0.25": 0.0001482352184377173, "0.3": 7.917982697296086e-05, "0.35": 3.9553532193210276e-05, "0.4": 1.8518947388046883e-05}, "1": {"0": 0.11398936436481887, "0.05": 0.2903769290882007, "0.1": 0.2098081269215114, "0.15": 0.1636608980326787, "0.2": 0.13079514451543064, "0.25": 0.10724292767647195, "0.3": 0.08899628508129409, "0.35": 0.07567512453523036, "0.4": 0.06448619884986918}, "2": {"0": 0.11398936436481887, "0.05": 0.004126161171985843, "0.1": 0.00031647188600088326, "0.15": 2.979487063240215e-05, "0.2": 2.427439694821659e-06, "0.25": 7.698229407236335e-07, "0.3": 0.0, "0.35": 0.0, "0.4": 0.0}, "3": {"0": 0.11398936436481887, "0.05": 0.04318857013863762, "0.1": 0.003044029238952273, "0.15": 0.00047542823666552145, "0.2": 0.00012169067787189567, "0.25": 2.5827688035934082e-05, "0.3": 3.992015968063872e-06, "0.35": 0.0, "0.4": 0.0}, "4": {"0": 0.11398936436481887, "0.05": 0.014601609607020663, "0.1": 0.00883804501951734, "0.15": 0.006022932745254617, "0.2": 0.0043530632644899, "0.25": 0.003206629955480256, "0.3": 0.0023874903637483695, "0.35": 0.0018435009062744416, "0.4": 0.0014383385075400921}, "5": {"0": 0.11398936436481887, "0.05": 0.2385333581278044, "0.1": 0.18375349596624008, "0.15": 0.15097210263796154, "0.2": 0.12584238654200625, "0.25": 0.1043379336276679, "0.3": 0.08504516602159329, "0.35": 0.06810485630943117, "0.4": 0.053504770716307784}, "6": {"0": 0.11398936436481887, "0.05": 0.2689509066028922, "0.1": 0.24387104360352482, "0.15": 0.2227489983256779, "0.2": 0.20330471105972742, "0.25": 0.18467886550258683, "0.3": 0.1666416062748845, "0.35": 0.1481693914759819, "0.4": 0.12991920462609868}, "7": {"0": 0.11398936436481887, "0.05": 0.3211514549638923, "0.1": 0.23774750909486564, "0.15": 0.15623386670732883, "0.2": 0.09705032746240498, "0.25": 0.058087926751787394, "0.3": 0.032223087397902285, "0.35": 0.016116146895504425, "0.4": 0.007499637920431322}, "8": {"0": 0.11398936436481887, "0.05": 0.08622644006273429, "0.1": 0.04306623184879241, "0.15": 0.023399409491006617, "0.2": 0.013639839557909341, "0.25": 0.008863309392374516, "0.3": 0.00613702987881943, "0.35": 0.004501034482501462, "0.4": 0.003448333640414789}, "9": {"0": 0.11398936436481887, "0.05": 0.35879603336533206, "0.1": 0.3221596635864696, "0.15": 0.2656312960845088, "0.2": 0.21984596485172486, "0.25": 0.18195111872674902, "0.3": 0.1468370951353163, "0.35": 0.11472688382833642, "0.4": 0.08629268235909299}, "10": {"0": 0.11398936436481887, "0.05": 0.16141095264629612, "0.1": 0.12785398282216953, "0.15": 0.09671843403698106, "0.2": 0.07440700063793973, "0.25": 0.05746350433205764, "0.3": 0.04431770683333038, "0.35": 0.034396963410309275, "0.4": 0.02564597263202024}, "11": {"0": 0.11398936436481887, "0.05": 0.056029232545755626, "0.1": 0.02314385436543274, "0.15": 0.009737219511342456, "0.2": 0.004979330512585322, "0.25": 0.002929403761103691, "0.3": 0.0018124148482143235, "0.35": 0.0011986994788040326, "0.4": 0.0007548286169559229}}, "recall": {"0": {"0": 1.0, "0.05": 0.014641783161494492, "0.1": 0.002851302620017399, "0.15": 0.0007379729408555083, "0.2": 0.00020760271923649473, "0.25": 7.504949114833951e-05, "0.3": 3.997465036145587e-05, "0.35": 1.9922319621326713e-05, "0.4": 9.317401942783176e-06}, "1": {"0": 1.0, "0.05": 0.20361168117471498, "0.1": 0.1292090760110847, "0.15": 0.09433495109950282, "0.2": 0.07259409537805372, "0.25": 0.05819826301470219, "0.3": 0.04757685869533962, "0.35": 0.04004478415946463, "0.4": 0.03385111164782951}, "2": {"0": 1.0, "0.05": 0.00221716479786982, "0.1": 0.00016043113587825057, "0.15": 1.4998153686036066e-05, "0.2": 1.2152043244872956e-06, "0.25": 3.853564547206166e-07, "0.3": 0.0, "0.35": 0.0, "0.4": 0.0}, "3": {"0": 1.0, "0.05": 0.02620428345464604, "0.1": 0.0015618473104236127, "0.15": 0.0002403442991171071, "0.2": 6.133244142004626e-05, "0.25": 1.3022344862573133e-05, "0.3": 2.0080321285140564e-06, "0.35": 0.0, "0.4": 0.0}, "4": {"0": 1.0, "0.05": 0.011680675539494744, "0.1": 0.006278100404035143, "0.15": 0.003930485367574783, "0.2": 0.0026720952497442992, "0.25": 0.0018838217819605449, "0.3": 0.0013534678422285683, "0.35": 0.0010192428656093395, "0.4": 0.0007809437159132577}, "5": {"0": 1.0, "0.05": 0.17433177777466574, "0.1": 0.11424939057756896, "0.15": 0.08819597973137837, "0.2": 0.07096196540850934, "0.25": 0.057455028333151886, "0.3": 0.04597223389368301, "0.35": 0.03626635729293862, "0.4": 0.028151318081720278}, "6": {"0": 1.0, "0.05": 0.19720820946239723, "0.1": 0.16324463233981182, "0.15": 0.1414819659392315, "0.2": 0.12403655165890416, "0.25": 0.10974473947943976, "0.3": 0.09702384759674357, "0.35": 0.08464963335842861, "0.4": 0.07296372253015128}, "7": {"0": 1.0, "0.05": 0.3347412740574278, "0.1": 0.1843408373356186, "0.15": 0.10272857673116238, "0.2": 0.0575745146995673, "0.25": 0.0323295887195775, "0.3": 0.017232511157883334, "0.35": 0.00841064414534324, "0.4": 0.0038582099583484826}, "8": {"0": 1.0, "0.05": 0.05624829309721186, "0.1": 0.02369005776737211, "0.15": 0.012285237882409091, "0.2": 0.007032925471889478, "0.25": 0.004535288907372632, "0.3": 0.003126081566407995, "0.35": 0.002285194418236667, "0.4": 0.0017472345724077148}, "9": {"0": 1.0, "0.05": 0.3451971409413136, "0.1": 0.25208435700062265, "0.15": 0.18626801455136002, "0.2": 0.14296273313865515, "0.25": 0.11155663568202027, "0.3": 0.08590679871575727, "0.35": 0.06459707881480951, "0.4": 0.047125743950259855}, "10": {"0": 1.0, "0.05": 0.1503709024878592, "0.1": 0.08596642445687651, "0.15": 0.05706078910532601, "0.2": 0.04133993587432502, "0.25": 0.030866507478436313, "0.3": 0.023302794497301847, "0.35": 0.017839034615571108, "0.4": 0.013176983194207409}, "11": {"0": 1.0, "0.05": 0.03700466945020797, "0.1": 0.012569525778033452, "0.15": 0.005056787188249185, "0.2": 0.002546333656397934, "0.25": 0.001488277798773705, "0.3": 0.0009172144442020294, "0.35": 0.0006056154488910882, "0.4": 0.0003810770426014019}}, "precision": {"0": {"0": 0.06220500523914973, "0.05": 0.0814872913144709, "0.1": 0.09491157699737876, "0.15": 0.058787781729563185, "0.2": 0.025368832556332564, "0.25": 0.010426190476190476, "0.3": 0.00665, "0.35": 0.0036388888888888886, "0.4": 0.0021666666666666666}, "1": {"0": 0.06220500523914973, "0.05": 0.5320899701980684, "0.1": 0.5908386537751605, "0.15": 0.6705819455083418, "0.2": 0.7376362785137837, "0.25": 0.7782721158758684, "0.3": 0.8016888677318876, "0.35": 0.8154903155760683, "0.4": 0.8254042390161754}, "2": {"0": 0.06220500523914973, "0.05": 0.06379968442940417, "0.1": 0.022911111111111115, "0.15": 0.004666666666666667, "0.2": 0.001, "0.25": 0.0003333333333333333, "0.3": 0.0, "0.35": 0.0, "0.4": 0.0}, "3": {"0": 0.06220500523914973, "0.05": 0.17147134991917562, "0.1": 0.11735108321706472, "0.15": 0.0386058201058201, "0.2": 0.01011111111111111, "0.25": 0.0016666666666666668, "0.3": 0.0003333333333333333, "0.35": 0.0, "0.4": 0.0}, "4": {"0": 0.06220500523914973, "0.05": 0.02193191880288966, "0.1": 0.01707612797620669, "0.15": 0.014761191753124807, "0.2": 0.013533946536213912, "0.25": 0.012265968655634903, "0.3": 0.011616903301798893, "0.35": 0.01103386127752251, "0.4": 0.010514930856308544}, "5": {"0": 0.06220500523914973, "0.05": 0.40128148081101556, "0.1": 0.504236322925344, "0.15": 0.5737371910307528, "0.2": 0.6217650702309234, "0.25": 0.651980288112515, "0.3": 0.6736580895663615, "0.35": 0.68703784224833, "0.4": 0.6860517710849825}, "6": {"0": 0.06220500523914973, "0.05": 0.44433474765614384, "0.1": 0.5087334148092342, "0.15": 0.557332399044099, "0.2": 0.6071462038107801, "0.25": 0.6341210411868076, "0.3": 0.6469350548360968, "0.35": 0.6560708441228571, "0.4": 0.6610225350950976}, "7": {"0": 0.06220500523914973, "0.05": 0.3220718755407759, "0.1": 0.3546724312285455, "0.15": 0.349511762697803, "0.2": 0.3352099096752233, "0.25": 0.31741971166788385, "0.3": 0.2848324394869409,