{"fscore": {"0": {"0": 0.11398936436481887, "0.05": 0.01670606307462018, "0.1": 0.003741435235129127, "0.15": 0.0014533860135911667, "0.2": 0.000642868108709546, "0.25": 0.00028019186995193655, "0.3": 0.00015591766324273175, "0.35": 8.072360623424674e-05, "0.4": 3.540040544219019e-05}, "1": {"0": 0.11398936436481887, "0.05": 0.13005250340351682, "0.1": 0.1120869098994099, "0.15": 0.09774011291110084, "0.2": 0.08092959565218957, "0.25": 0.06356849942728195, "0.3": 0.047475335654623, "0.35": 0.03383330923082886, "0.4": 0.02395419551217071}, "2": {"0": 0.11398936436481887, "0.05": 0.022926358566253715, "0.1": 0.0062670267715199705, "0.15": 0.0024623741736873703, "0.2": 0.0012429473617934063, "0.25": 0.0006644407537001984, "0.3": 0.0003663446392722959, "0.35": 0.00021846910215796796, "0.4": 0.0001610834153618821}, "3": {"0": 0.11398936436481887, "0.05": 0.16573794453155063, "0.1": 0.0867388306401636, "0.15": 0.05114991156477413, "0.2": 0.03379131351842244, "0.25": 0.02351603589695605, "0.3": 0.016823813969443723, "0.35": 0.012253685877412395, "0.4": 0.00893405658880689}, "4": {"0": 0.11398936436481887, "0.05": 0.005512176207707779, "0.1": 0.0007961010904100675, "0.15": 0.00017536666904655743, "0.2": 5.860154609838886e-05, "0.25": 1.8886040220336835e-05, "0.3": 8.778686142110807e-06, "0.35": 1.9665683382497545e-06, "0.4": 0.0}, "5": {"0": 0.11398936436481887, "0.05": 0.16919768849119732, "0.1": 0.09590131370900107, "0.15": 0.06348903342102347, "0.2": 0.04525322622677716, "0.25": 0.03361198185819807, "0.3": 0.025820766831842954, "0.35": 0.01991729458072768, "0.4": 0.015366059444627295}, "6": {"0": 0.11398936436481887, "0.05": 0.02519988863357393, "0.1": 0.0066189622929192365, "0.15": 0.0023912896571907415, "0.2": 0.0009930897905638567, "0.25": 0.0004006250598383692, "0.3": 0.00014852786913096828, "0.35": 4.5514531470531895e-05, "0.4": 1.669893431286262e-05}, "7": {"0": 0.11398936436481887, "0.05": 0.005936026562122822, "0.1": 0.0007368031530220625, "0.15": 0.0001865997936170445, "0.2": 5.326541973148941e-05, "0.25": 2.757507925560081e-05, "0.3": 1.1073058923610918e-05, "0.35": 3.5148171584994525e-06, "0.4": 2.477675812631319e-06}, "8": {"0": 0.11398936436481887, "0.05": 0.101567167143103, "0.1": 0.04989538981852488, "0.15": 0.02843381671015883, "0.2": 0.017962415136723184, "0.25": 0.012063536805911677, "0.3": 0.008069778705111186, "0.35": 0.005552699227733928, "0.4": 0.0037242196093395397}, "9": {"0": 0.11398936436481887, "0.05": 0.02821380973169339, "0.1": 0.006159697635300804, "0.15": 0.0019449324820897296, "0.2": 0.0007123383283859357, "0.25": 0.00025546412209245063, "0.3": 0.00011712953405625049, "0.35": 5.291896918807255e-05, "0.4": 1.2388827493706732e-05}, "10": {"0": 0.11398936436481887, "0.05": 0.05225579400750162, "0.1": 0.012814879516300812, "0.15": 0.004924028332300082, "0.2": 0.0022945478970445255, "0.25": 0.0010236378982564523, "0.3": 0.0005123757420032325, "0.35": 0.0002849508255256129, "0.4": 0.00014167510396205342}, "11": {"0": 0.11398936436481887, "0.05": 0.17337722021880753, "0.1": 0.14570084464595887, "0.15": 0.11457945012772948, "0.2": 0.08676523159242804, "0.25": 0.06336643611200393, "0.3": 0.0446919724609274, "0.35": 0.03086435740582202, "0.4": 0.02116925112080716}}, "recall": {"0": {"0": 1.0, "0.05": 0.008772810850004182, "0.1": 0.0019035056379775443, "0.15": 0.0007353018634084428, "0.2": 0.0003255390623576787, "0.25": 0.00014161635212366232, "0.3": 7.847007863638985e-05, "0.35": 4.055948584503825e-05, "0.4": 1.7780055909296028e-05}, "1": {"0": 1.0, "0.05": 0.12148597108261126, "0.1": 0.08184830503311248, "0.15": 0.06236559042716973, "0.2": 0.04759358613050085, "0.25": 0.03542340806500228, "0.3": 0.025539251533971744, "0.35": 0.017764282513852807, "0.4": 0.012383776408880267}, "2": {"0": 1.0, "0.05": 0.0173655645557406, "0.1": 0.004142686598438265, "0.15": 0.0015371461968365883, "0.2": 0.0007452034526329177, "0.25": 0.00038722164722584875, "0.3": 0.00020735629205594438, "0.35": 0.0001212338498942329, "0.4": 8.827244183947347e-05}, "3": {"0": 1.0, "0.05": 0.11935223269507682, "0.1": 0.048906515076558514, "0.15": 0.02732545878309713, "0.2": 0.017650612474540864, "0.25": 0.012125880846985187, "0.3": 0.008612306937586939, "0.35": 0.006241867365132869, "0.4": 0.004534588447567263}, "4": {"0": 1.0, "0.05": 0.0028571941642653387, "0.1": 0.0004044906833025873, "0.15": 8.979014803234655e-05, "0.2": 3.0893506702252e-05, "0.25": 1.0777370039817182e-05, "0.3": 4.521207900328779e-06, "0.35": 9.861932938856016e-07, "0.4": 0.0}, "5": {"0": 1.0, "0.05": 0.11923418248796863, "0.1": 0.05747572783887373, "0.15": 0.03541917935100844, "0.2": 0.024270434543949445, "0.25": 0.01761715199350746, "0.3": 0.013347731650653631, "0.35": 0.010209159817833074, "0.4": 0.007831305742693058}, "6": {"0": 1.0, "0.05": 0.018164026797285845, "0.1": 0.004173215059326812, "0.15": 0.0014218275974477513, "0.2": 0.0005677031409741505, "0.25": 0.00022305716856347083, "0.3": 8.09575535166095e-05, "0.35": 2.4531706641478018e-05, "0.4": 8.834809059130449e-06}, "7": {"0": 1.0, "0.05": 0.0031606935074055364, "0.1": 0.0003779019436478949, "0.15": 9.594679200122165e-05, "0.2": 2.8302378041527818e-05, "0.25": 1.5188602921873703e-05, "0.3": 5.639312324101975e-06, "0.35": 1.7662616374483752e-06, "0.4": 1.2437955977409563e-06}, "8": {"0": 1.0, "0.05": 0.06211586597036175, "0.1": 0.026834921835453888, "0.15": 0.014780806507152537, "0.2": 0.009206613000500219, "0.25": 0.006140390812359134, "0.3": 0.00408852107616567, "0.35": 0.0028053740500804335, "0.4": 0.0018782422332524436}, "9": {"0": 1.0, "0.05": 0.021652304022873624, "0.1": 0.004086338092529079, "0.15": 0.0012065508477688116, "0.2": 0.0004243059311228223, "0.25": 0.00014650767530500377, "0.3": 6.500154332098344e-05, "0.35": 2.9074992040838762e-05, "0.4": 6.635381699607357e-06}, "10": {"0": 1.0, "0.05": 0.028431309335776048, "0.1": 0.006557659119080692, "0.15": 0.0024934038413082643, "0.2": 0.0011584511355735578, "0.25": 0.000516188787970497, "0.3": 0.00025762613691480464, "0.35": 0.00014315502333882684, "0.4": 7.11728237734336e-05}, "11": {"0": 1.0, "0.05": 0.14325559604570248, "0.1": 0.0942290705731274, "0.15": 0.06652490147058097, "0.2": 0.04761800694043867, "0.25": 0.03365954396010128, "0.3": 0.023282720644370647, "0.35": 0.015888038522419316, "0.4": 0.010806793709546948}}, "precision": {"0": {"0": 0.06220500523914973, "0.05": 0.2650086932323448, "0.1": 0.1822335874745839, "0.15": 0.12096014539148989, "0.2": 0.06473949960598896, "0.25": 0.03117479674796748, "0.3": 0.018833333333333334, "0.35": 0.011666666666666667, "0.4": 0.005333333333333333}, "1": {"0": 0.06220500523914973, "0.05": 0.15059952766183465, "0.1": 0.19014063405831447, "0.15": 0.24514834772315403, "0.2": 0.3075591723108758, "0.25": 0.3786554168688949, "0.3": 0.4542377790502494, "0.35": 0.5295156845880562, "0.4": 0.5902268842334214}, "2": {"0": 0.06220500523914973, "0.05": 0.03666508994586526, "0.1": 0.014488417175235462, "0.15": 0.0070681274003837405, "0.2": 0.004313493324739527, "0.25": 0.002649608096231246, "0.3": 0.0018031809474461213, "0.35": 0.00123149188150804, "0.4": 0.0010346401105244534}, "3": {"0": 0.06220500523914973, "0.05": 0.29696432154661034, "0.1": 0.4500505926896889, "0.15": 0.5138320005945519, "0.2": 0.5344591567375564, "0.25": 0.5373642891182316, "0.3": 0.504928631375449, "0.35": 0.46546150980684214, "0.4": 0.4245406131828758}, "4": {"0": 0.06220500523914973, "0.05": 0.1386827686716344, "0.1": 0.05303517110884756, "0.15": 0.016539841269841267, "0.2": 0.0054098699763593374, "0.25": 0.001689786059351277, "0.3": 0.0008555555555555555, "0.35": 0.0003333333333333333, "0.4": 0.0}, "5": {"0": 0.06220500523914973, "0.05": 0.31187245758257187, "0.1": 0.31791849797267985, "0.15": 0.3503149768360475, "0.2": 0.39998873084027364, "0.25": 0.4577423904603587, "0.3": 0.5030977500907895, "0.35": 0.5331731084633274, "0.4": 0.5429680070300423}, "6": {"0": 0.06220500523914973, "0.05": 0.04464201497264626, "0.1": 0.01787605607945057, "0.15": 0.008606645927590034,