{"fscore": {"0": {"0": 0.11398936436481887, "0.05": 0.10356062043400152, "0.1": 0.0622657012317088, "0.15": 0.03629958408533538, "0.2": 0.021631306705207094, "0.25": 0.012905354960725576, "0.3": 0.008079846042333317, "0.35": 0.0054184345334714334, "0.4": 0.0038184681164540185}, "1": {"0": 0.11398936436481887, "0.05": 0.35651971147712536, "0.1": 0.23010780756686755, "0.15": 0.1417678188446404, "0.2": 0.09059068563838106, "0.25": 0.05945617772758583, "0.3": 0.0394939670032575, "0.35": 0.026623077611853726, "0.4": 0.01809450622708706}, "2": {"0": 0.11398936436481887, "0.05": 0.20706598040178353, "0.1": 0.0625306488558097, "0.15": 0.01849490591960973, "0.2": 0.005254867919583101, "0.25": 0.0015044829761902815, "0.3": 0.0004461425094617845, "0.35": 0.0001679961206397131, "0.4": 2.4776868771010967e-05}, "3": {"0": 0.11398936436481887, "0.05": 0.16664203374453668, "0.1": 0.11488481889938801, "0.15": 0.07196821322601542, "0.2": 0.04433343489610708, "0.25": 0.02776866836242529, "0.3": 0.017755173465301654, "0.35": 0.01122141755114729, "0.4": 0.007046451584775114}, "4": {"0": 0.11398936436481887, "0.05": 0.13102326967928704, "0.1": 0.06228026748024257, "0.15": 0.033764506902338905, "0.2": 0.02067767304507327, "0.25": 0.013706208971530987, "0.3": 0.009305702420254316, "0.35": 0.006276637556237132, "0.4": 0.0042514103058297024}, "5": {"0": 0.11398936436481887, "0.05": 0.06787883131591341, "0.1": 0.04396397455109121, "0.15": 0.03103084269874617, "0.2": 0.02248861546600016, "0.25": 0.016634995640910196, "0.3": 0.012334711559707197, "0.35": 0.009367163933676193, "0.4": 0.0070082279349037895}, "6": {"0": 0.11398936436481887, "0.05": 0.0910230031617326, "0.1": 0.046565480434471215, "0.15": 0.025929615773964614, "0.2": 0.015564708585853614, "0.25": 0.009647265948366113, "0.3": 0.0062981006543467374, "0.35": 0.004235818298909148, "0.4": 0.0029041763976238246}, "7": {"0": 0.11398936436481887, "0.05": 0.03149175162104485, "0.1": 0.01929867504041891, "0.15": 0.013013351559684519, "0.2": 0.009127745345348584, "0.25": 0.006414094523743065, "0.3": 0.004614914061359986, "0.35": 0.003288609382437936, "0.4": 0.0024458538373704096}, "8": {"0": 0.11398936436481887, "0.05": 0.1822222651970368, "0.1": 0.09580986954696097, "0.15": 0.047068569741543796, "0.2": 0.024629459289412493, "0.25": 0.013687925804056195, "0.3": 0.008025382148788198, "0.35": 0.0050378557520906276, "0.4": 0.0033774321117848783}, "9": {"0": 0.11398936436481887, "0.05": 0.3135914971159872, "0.1": 0.30544199924879767, "0.15": 0.2969695301600696, "0.2": 0.28284968375251585, "0.25": 0.2616589371104687, "0.3": 0.23439982146982113, "0.35": 0.21305848404006528, "0.4": 0.19415665957981162}, "10": {"0": 0.11398936436481887, "0.05": 0.08515977160071404, "0.1": 0.030917720481379744, "0.15": 0.011089367949146816, "0.2": 0.004339016599581034, "0.25": 0.001696296527872979, "0.3": 0.0005918529311070154, "0.35": 0.0001678146676018043, "0.4": 6.43414071381036e-05}, "11": {"0": 0.11398936436481887, "0.05": 0.22266637379268736, "0.1": 0.15549023638394135, "0.15": 0.11065899645991147, "0.2": 0.08107468873087931, "0.25": 0.05661658159351391, "0.3": 0.037686162720012815, "0.35": 0.023803336735186358, "0.4": 0.014726780546476723}}, "recall": {"0": {"0": 1.0, "0.05": 0.10594537600659353, "0.1": 0.04519349777340201, "0.15": 0.022857242030687477, "0.2": 0.012609995009069478, "0.25": 0.007185268439710157, "0.3": 0.004362134301625975, "0.35": 0.0028673303508524265, "0.4": 0.0019938641865938547}, "1": {"0": 1.0, "0.05": 0.36709003665469414, "0.1": 0.16139161327467488, "0.15": 0.08566906710498218, "0.2": 0.05109052583955998, "0.25": 0.03228344258546388, "0.3": 0.02095298826181614, "0.35": 0.013913783190533957, "0.4": 0.009359226889679662}, "2": {"0": 1.0, "0.05": 0.18493277513091824, "0.1": 0.03654720434380282, "0.15": 0.009735959807488063, "0.2": 0.00268977263226325, "0.25": 0.0007630371987811932, "0.3": 0.00022572644651001984, "0.35": 8.493789142838452e-05, "0.4": 1.2506654885236855e-05}, "3": {"0": 1.0, "0.05": 0.16673208762450945, "0.1": 0.07901262239956414, "0.15": 0.04280615582873557, "0.2": 0.024569214491419578, "0.25": 0.014821573361363602, "0.3": 0.009276893703185725, "0.35": 0.005789210135397141, "0.4": 0.0036078054676808523}, "4": {"0": 1.0, "0.05": 0.12544983359291575, "0.1": 0.04145539733538143, "0.15": 0.019611584957756768, "0.2": 0.011295256900068256, "0.25": 0.007250039416498515, "0.3": 0.004837917992713647, "0.35": 0.00323078180136326, "0.4": 0.002174295026166957}, "5": {"0": 1.0, "0.05": 0.06276102169062756, "0.1": 0.030833889380050977, "0.15": 0.019544243542681673, "0.2": 0.013358381031077017, "0.25": 0.00951575668008917, "0.3": 0.006865937423892019, "0.35": 0.005108297293072011, "0.4": 0.003761775679812379}, "6": {"0": 1.0, "0.05": 0.08577295044488076, "0.1": 0.030427094064327472, "0.15": 0.01492708679508329, "0.2": 0.00847640470070483, "0.25": 0.005114228286428803, "0.3": 0.0032881999909646744, "0.35": 0.0021901749398846736, "0.4": 0.0014915766129490707}, "7": {"0": 1.0, "0.05": 0.027501709475519335, "0.1": 0.015077353109872904, "0.15": 0.009438892967287504, "0.2": 0.006269045641728183, "0.25": 0.004211161514603792, "0.3": 0.0029241433259192314, "0.35": 0.002022178413378737, "0.4": 0.0014669803807460795}, "8": {"0": 1.0, "0.05": 0.16632670391420631, "0.1": 0.060600012845392, "0.15": 0.026342519219667297, "0.2": 0.013115752315227953, "0.25": 0.007128917944673067, "0.3": 0.004130172328624073, "0.35": 0.002574930807011401, "0.4": 0.0017191252691762782}, "9": {"0": 1.0, "0.05": 0.2774949422779445, "0.1": 0.23769133940812678, "0.15": 0.21365778480346034, "0.2": 0.19194617585975096, "0.25": 0.1705922637490595, "0.3": 0.14831211767754046, "0.35": 0.131786456714517, "0.4": 0.11781842149690253}, "10": {"0": 1.0, "0.05": 0.078615961272663, "0.1": 0.019117913957009604, "0.15": 0.006060270367434829, "0.2": 0.0022724281225428083, "0.25": 0.0008717512603692116, "0.3": 0.00030145751483294037, "0.35": 8.519601531069397e-05, "0.4": 3.2571281782607566e-05}, "11": {"0": 1.0, "0.05": 0.22481940113541302, "0.1": 0.11357114521852034, "0.15": 0.06934913025373411, "0.2": 0.04652805896259267, "0.25": 0.030740576952676568, "0.3": 0.019792545526826823, "0.35": 0.012266920532276559, "0.4": 0.007507479658033272}}, "precision": {"0": {"0": 0.06220500523914973, "0.05": 0.10844199440079536, "0.1": 0.11636742702066505, "0.15": 0.1120254831535824, "0.2": 0.10613967618924397, "0.25": 0.09785869594721629, "0.3": 0.09405486777449969, "0.35": 0.0924138997317323, "0.4": 0.08876788358315944}, "1": {"0": 0.06220500523914973, "0.05": 0.36679254594941, "0.1": 0.4438184605228405, "0.15": 0.46898465372790565, "0.2": 0.4698457479256973, "0.25": 0.4575724862043838, "0.3": 0.4312192650353949, "0.35": 0.39647404023092536, "0.4": 0.3617324369009542}, "2": {"0": 0.06220500523914973, "0.05": 0.26334377123305086, "0.1": 0.27925804000069204, "0.15": 0.2778467494920889, "0.2": 0.19758183298183288, "0.25": 0.10190370370370369, "0.3": 0.03566666666666666, "0.35": 0.012166666666666666, "0.4": 0.0016666666666666668}, "3": {"0": 0.06220500523914973, "0.05": 0.18258892469938423, "0.1": 0.2612645814577989, "0.15": 0.31913432362082156, "0.2": 0.36106361689302413, "0.25": 0.38668620322639896, "0.3": 0.3920366466866476, "0.35": 0.3598399470899473, "0.4": 0.28794814814814823}, "4": {"0": 0.06220500523914973, "0.05": 0.1515505325182054, "0.1": 0.1551623417384504, "0.15": 0.16624695071792933, "0.2": 0.18322089783344184, "0.25": 0.20051775893855048, "0.3": 0.2019960594960591, "0.35": 0.1887512746512747, "0.4": 0.15811375661375643}, "5": {"0": 0.06220500523914973, "0.05": 0.07941515702952265, "0.1": 0.0843809485610705, "0.15": 0.08423130477068777, "0.2": 0.08115443941112042, "0.25": 0.07727434322161353, "0.3": 0.07268003855568443, "0.35": 0.0697293160308081, "0.4": 0.0652325649663153}, "6": {"0": 0.06220500523914973, "0.05": 0.1110118782903836, "0.1": 0.13164998593899765, "0.15": 0.14962171247254474, "0.2": 0.16453635107038994, "0.25": 0.16540251418149562, "0.3": 0.15280059637847979,