{"fscore": {"0": {"0": 0.11398936436481887, "0.05": 0.05726096125620137, "0.1": 0.030936778119839442, "0.15": 0.01647350540425911, "0.2": 0.008622853967550883, "0.25": 0.00455164768991749, "0.3": 0.0027615123252860523, "0.35": 0.0018960607527883245, "0.4": 0.0013331836014556734}, "1": {"0": 0.11398936436481887, "0.05": 0.05531661038491746, "0.1": 0.020169261181924202, "0.15": 0.011421074920134023, "0.2": 0.008079194270178627, "0.25": 0.006193444847646376, "0.3": 0.004589178153143336, "0.35": 0.003497787726975993, "0.4": 0.002264420745276767}, "2": {"0": 0.11398936436481887, "0.05": 0.04266786045789595, "0.1": 0.013052474008153908, "0.15": 0.004582947393860424, "0.2": 0.0018104010885135091, "0.25": 0.0007039353455202996, "0.3": 0.0003406050403475462, "0.35": 0.00016127872507477092, "0.4": 9.403629656329205e-05}, "3": {"0": 0.11398936436481887, "0.05": 0.03200737710860227, "0.1": 0.009131029620125655, "0.15": 0.0033167266583391075, "0.2": 0.0016381071417597012, "0.25": 0.0007575785402487467, "0.3": 0.0004141932443927336, "0.35": 0.00022821589909555865, "0.4": 0.00010067874153580473}, "4": {"0": 0.11398936436481887, "0.05": 0.03371283471301907, "0.1": 0.0066339075824194465, "0.15": 0.0014394073808670642, "0.2": 0.0003876601462704189, "0.25": 0.0002211986051025723, "0.3": 8.748390708531634e-05, "0.35": 4.856157989704399e-05, "0.4": 3.867578001028712e-05}, "5": {"0": 0.11398936436481887, "0.05": 0.01647394010465332, "0.1": 0.004512219383214467, "0.15": 0.0019434339616678973, "0.2": 0.0008588712127559616, "0.25": 0.0003195493797055452, "0.3": 8.424693434523059e-05, "0.35": 1.8937506229442837e-05, "0.4": 0.0}, "6": {"0": 0.11398936436481887, "0.05": 0.036203035141098266, "0.1": 0.005328977091501404, "0.15": 0.0005713197130680685, "0.2": 0.00015480354254494865, "0.25": 5.242250364010941e-05, "0.3": 1.908510579372992e-05, "0.35": 0.0, "0.4": 0.0}, "7": {"0": 0.11398936436481887, "0.05": 0.0647028710333465, "0.1": 0.028842262962860483, "0.15": 0.013177662392534982, "0.2": 0.005844771247195688, "0.25": 0.0027732147766826257, "0.3": 0.0013295267531701347, "0.35": 0.0005759146309227415, "0.4": 0.0002605972614636036}, "8": {"0": 0.11398936436481887, "0.05": 0.028470089755634385, "0.1": 0.012260585401720727, "0.15": 0.006410086533956351, "0.2": 0.0035262804478439005, "0.25": 0.0020104137782308907, "0.3": 0.0013020392270874628, "0.35": 0.000863751445617774, "0.4": 0.0005116994190996276}, "9": {"0": 0.11398936436481887, "0.05": 0.041689841739242006, "0.1": 0.013476884621311086, "0.15": 0.0048254517498396, "0.2": 0.0018111122989849997, "0.25": 0.0007036453788748359, "0.3": 0.00024920412284198484, "0.35": 9.894180327290536e-05, "0.4": 3.939933182409797e-05}, "10": {"0": 0.11398936436481887, "0.05": 0.03912001037665629, "0.1": 0.004279768811296808, "0.15": 0.0008904690336947866, "0.2": 0.00010103300520638572, "0.25": 2.7885326453615467e-05, "0.3": 7.168458781362008e-06, "0.35": 7.168458781362008e-06, "0.4": 7.168458781362008e-06}, "11": {"0": 0.11398936436481887, "0.05": 0.09865887976375536, "0.1": 0.059460326315874716, "0.15": 0.032243209160319794, "0.2": 0.01550835821789822, "0.25": 0.0070471158134075874, "0.3": 0.0028440116087016173, "0.35": 0.0010659734526741295, "0.4": 0.00039332347351228445}}, "recall": {"0": {"0": 1.0, "0.05": 0.054634002383676605, "0.1": 0.02105139792510386, "0.15": 0.009719126793684401, "0.2": 0.004714722875293965, "0.25": 0.0023990870629503314, "0.3": 0.0014321328427867092, "0.35": 0.0009755070858470516, "0.4": 0.0006832592785234043}, "1": {"0": 1.0, "0.05": 0.03991251981731825, "0.1": 0.011194946432255527, "0.15": 0.005966241379537815, "0.2": 0.004149516442700135, "0.25": 0.003160290004442352, "0.3": 0.0023316309500802093, "0.35": 0.0017716540812676433, "0.4": 0.001144829825538916}, "2": {"0": 1.0, "0.05": 0.04210919117151091, "0.1": 0.008510557038964292, "0.15": 0.0026018119880998627, "0.2": 0.0009699302962107479, "0.25": 0.00036903961286032677, "0.3": 0.00017643245583094042, "0.35": 8.287176703743239e-05, "0.4": 4.814714479002142e-05}, "3": {"0": 1.0, "0.05": 0.029056511961409452, "0.1": 0.005794770841759006, "0.15": 0.0018989014206891577, "0.2": 0.0009002344893804138, "0.25": 0.00041186340000765086, "0.3": 0.0002217150179250871, "0.35": 0.00012049278617474687, "0.4": 5.277485488322178e-05}, "4": {"0": 1.0, "0.05": 0.030708111016919917, "0.1": 0.004103448858235336, "0.15": 0.0007770040989939875, "0.2": 0.00020205919994720467, "0.25": 0.00011343722458329743, "0.3": 4.46667252118791e-05, "0.35": 2.456580700708523e-05, "0.4": 1.9467115598270843e-05}, "5": {"0": 1.0, "0.05": 0.01262959990023541, "0.1": 0.002790833497033062, "0.15": 0.0011361584762102541, "0.2": 0.00048634163190615804, "0.25": 0.00017787650127491021, "0.3": 4.5241076784697317e-05, "0.35": 1.006006006006006e-05, "0.4": 0.0}, "6": {"0": 1.0, "0.05": 0.028254201082156167, "0.1": 0.0029646179461071107, "0.15": 0.00029843482891825433, "0.2": 7.990109554944027e-05, "0.25": 2.709288622001882e-05, "0.3": 9.768668179838137e-06, "0.35": 0.0, "0.4": 0.0}, "7": {"0": 1.0, "0.05": 0.061302889854744316, "0.1": 0.01952431622568379, "0.15": 0.0077615201547846105, "0.2": 0.003219783727171406, "0.25": 0.0014789989117718215, "0.3": 0.0006960615460819528, "0.35": 0.00029837400223842127, "0.4": 0.00013449139074214826}, "8": {"0": 1.0, "0.05": 0.02711534521067784, "0.1": 0.008584396276232326, "0.15": 0.003978026070477413, "0.2": 0.0020443530742876837, "0.25": 0.0011361993630022783, "0.3": 0.0007267348891046993, "0.35": 0.0004762235909594694, "0.4": 0.00028264727638074004}, "9": {"0": 1.0, "0.05": 0.03678736830011641, "0.1": 0.00816348038218478, "0.15": 0.002638497468262406, "0.2": 0.0009493980206851165, "0.25": 0.00036000928982936364, "0.3": 0.0001260947242637933, "0.35": 4.999589317489392e-05, "0.4": 1.9874204215681905e-05}, "10": {"0": 1.0, "0.05": 0.03382590395963002, "0.1": 0.0025054847455660864, "0.15": 0.0004827244719418672, "0.2": 5.308668309459455e-05, "0.25": 1.4449344356934117e-05, "0.3": 3.663003663003663e-06, "0.35": 3.663003663003663e-06, "0.4": 3.663003663003663e-06}, "11": {"0": 1.0, "0.05": 0.11015067949400716, "0.1": 0.04463445021589229, "0.15": 0.02031089638506681, "0.2": 0.008888380437523144, "0.25": 0.0038449165718923138, "0.3": 0.0015048619978425607, "0.35": 0.0005568436195294692, "0.4": 0.00020377297462962192}}, "precision": {"0": {"0": 0.06220500523914973, "0.05": 0.07522226148991308, "0.1": 0.09286215007874514, "0.15": 0.09997022144918385, "0.2": 0.09684321372917012, "0.25": 0.0794254085187831, "0.3": 0.06505646945646938, "0.35": 0.052380964405964354, "0.4": 0.038161507936507924}, "1": {"0": 0.06220500523914973, "0.05": 0.15930423680868672, "0.1": 0.2635773353794574, "0.15": 0.29197163722643715, "0.2": 0.2836563492063502, "0.25": 0.2626619047619048, "0.3": 0.2267, "0.35": 0.20208333333333334, "0.4": 0.15025000000000002}, "2": {"0": 0.06220500523914973, "0.05": 0.06175173443201856, "0.1": 0.05357562294496859, "0.15": 0.03768351058889771, "0.2": 0.028696592842715148, "0.25": 0.015655699855699864, "0.3": 0.009177777777777774, "0.35": 0.005055555555555556, "0.4": 0.0033777777777777777}, "3": {"0": 0.06220500523914973, "0.05": 0.05071820475891387, "0.1": 0.0437994829877276, "0.15": 0.02832655916581101, "0.2": 0.019810958001038, "0.25": 0.010271951778672055, "0.3": 0.005964477719276477, "0.35": 0.003957005957005956, "0.4": 0.001878715728715729}, "4": {"0": 0.06220500523914973, "0.05": 0.05771584169291582, "0.1": 0.039857222555565494, "0.15": 0.024389340857800642, "0.2": 0.011971164021164021, "0.25": 0.00848333333333333, "0.3": 0.005083333333333333, "0.35": 0.003944444444444444, "0.4": 0.003833333333333333}, "5": {"0": 0.06220500523914973, "0.05": 0.029052441860242487, "0.1": 0.014820140701674913, "0.15": 0.009497611071475995, "0.2": 0.006001765275402166, "0.25": 0.0031849149073607265, "0.3": 0.001083028083028083, "0.35": 0.0001619047619047619, "0.4": 0.0}, "6": {"0": 0.06220500523914973, "0.05": 0.1068264665667089, "0.1": 0.05152560321395018, "0.15": 0.01169816757316757,