{"fscore": {"0": {"0": 0.11398936436481887, "0.05": 0.1786698288354644, "0.1": 0.12354210998572575, "0.15": 0.08520433249521923, "0.2": 0.06060564261527642, "0.25": 0.043456583240201234, "0.3": 0.03143172918709295, "0.35": 0.022718392696229533, "0.4": 0.016217321105157265}, "1": {"0": 0.11398936436481887, "0.05": 0.02437307600756175, "0.1": 0.011596328833220527, "0.15": 0.006428141016719245, "0.2": 0.0039167013246394055, "0.25": 0.00247101162628906, "0.3": 0.0016081133588061235, "0.35": 0.0011455218875172808, "0.4": 0.0007175322851519959}, "2": {"0": 0.11398936436481887, "0.05": 0.060691103749973746, "0.1": 0.02257770777934408, "0.15": 0.011364433506497667, "0.2": 0.006828615562850701, "0.25": 0.00410158930736059, "0.3": 0.002695151862937789, "0.35": 0.0017286438421574987, "0.4": 0.001149463460441656}, "3": {"0": 0.11398936436481887, "0.05": 0.29206422490721606, "0.1": 0.2083376536812959, "0.15": 0.1545331986919349, "0.2": 0.122497208311094, "0.25": 0.10173244334823708, "0.3": 0.08631814019471228, "0.35": 0.07435206036119318, "0.4": 0.06487102583765351}, "4": {"0": 0.11398936436481887, "0.05": 0.20225100324720977, "0.1": 0.10129625798161512, "0.15": 0.047783581532051804, "0.2": 0.02283015853776691, "0.25": 0.011524297265971511, "0.3": 0.0065534593160826125, "0.35": 0.004158529813358927, "0.4": 0.002722326637773338}, "5": {"0": 0.11398936436481887, "0.05": 0.005684770052698353, "0.1": 0.00020054352624421343, "0.15": 1.388196664767434e-05, "0.2": 3.490401396160558e-06, "0.25": 0.0, "0.3": 0.0, "0.35": 0.0, "0.4": 0.0}, "6": {"0": 0.11398936436481887, "0.05": 0.06671155311838321, "0.1": 0.03196872394439931, "0.15": 0.017520514965065213, "0.2": 0.009898822914473668, "0.25": 0.005721500937926813, "0.3": 0.0036446060033063807, "0.35": 0.0023226119967962957, "0.4": 0.001356226569917772}, "7": {"0": 0.11398936436481887, "0.05": 0.04429355087270275, "0.1": 0.016621353216779378, "0.15": 0.007399612514351692, "0.2": 0.003732338200804911, "0.25": 0.002115107001999203, "0.3": 0.0011463713999645443, "0.35": 0.0006549720107263238, "0.4": 0.00037873798299927413}, "8": {"0": 0.11398936436481887, "0.05": 0.1561050138514639, "0.1": 0.07323264669528003, "0.15": 0.042659807640610475, "0.2": 0.02562406315017255, "0.25": 0.016564897557830898, "0.3": 0.011579092954529654, "0.35": 0.008308188047875708, "0.4": 0.00569237125913959}, "9": {"0": 0.11398936436481887, "0.05": 0.3120367988465183, "0.1": 0.2988851167043349, "0.15": 0.28709241431223376, "0.2": 0.27257744831645997, "0.25": 0.25644708920675185, "0.3": 0.2399134555828165, "0.35": 0.2272847704192808, "0.4": 0.21528710004028703}, "10": {"0": 0.11398936436481887, "0.05": 0.12981549034364734, "0.1": 0.0719222242962405, "0.15": 0.04644254584936117, "0.2": 0.032336350464207984, "0.25": 0.023674384872002747, "0.3": 0.017768736807130953, "0.35": 0.013315720002891987, "0.4": 0.010106078190855709}, "11": {"0": 0.11398936436481887, "0.05": 0.22127026383294837, "0.1": 0.13334653999933588, "0.15": 0.08168333541946932, "0.2": 0.05142586096504919, "0.25": 0.033317830164331486, "0.3": 0.022248573101518777, "0.35": 0.015365060293143901, "0.4": 0.010621225835632289}}, "recall": {"0": {"0": 1.0, "0.05": 0.12952751751173489, "0.1": 0.07863581045155026, "0.15": 0.05055586231424245, "0.2": 0.034414819899873314, "0.25": 0.02396411582074796, "0.3": 0.01697881135774998, "0.35": 0.01209511027324988, "0.4": 0.00853431820828287}, "1": {"0": 1.0, "0.05": 0.018267610320541035, "0.1": 0.00727865410378944, "0.15": 0.0037133624372965627, "0.2": 0.0021623748377668757, "0.25": 0.0013261698482912123, "0.3": 0.0008474571922880313, "0.35": 0.000596705316897587, "0.4": 0.00037071071602677314}, "2": {"0": 1.0, "0.05": 0.03575104133221857, "0.1": 0.012059433972971979, "0.15": 0.005896677042529763, "0.2": 0.0034971206456869157, "0.25": 0.002085511981137896, "0.3": 0.0013659153989301987, "0.35": 0.0008740227563938198, "0.4": 0.0005803474929390095}, "3": {"0": 1.0, "0.05": 0.21001852465116017, "0.1": 0.13035698937943133, "0.15": 0.0902799341807597, "0.2": 0.06874709526266859, "0.25": 0.055688069303820004, "0.3": 0.04644150760449843, "0.35": 0.03949982540709566, "0.4": 0.0341379623942858}, "4": {"0": 1.0, "0.05": 0.1274633949579473, "0.1": 0.05679942470132338, "0.15": 0.02545492541676974, "0.2": 0.01184348268879671, "0.25": 0.0059010094378125055, "0.3": 0.003334383308060009, "0.35": 0.0021092002383033487, "0.4": 0.0013778920879090517}, "5": {"0": 1.0, "0.05": 0.003023893486363121, "0.1": 0.00010152550361311352, "0.15": 6.981650799318714e-06, "0.2": 1.7543859649122807e-06, "0.25": 0.0, "0.3": 0.0, "0.35": 0.0, "0.4": 0.0}, "6": {"0": 1.0, "0.05": 0.050685180990844673, "0.1": 0.02073828316768616, "0.15": 0.010524066091952755, "0.2": 0.005670855172799745, "0.25": 0.0031768063943290958, "0.3": 0.001976841133463204, "0.35": 0.0012397365181447348, "0.4": 0.0007152528773188139}, "7": {"0": 1.0, "0.05": 0.023771055132769905, "0.1": 0.008601990492791303, "0.15": 0.0037798881602296164, "0.2": 0.0018939282313857391, "0.25": 0.0010689523084218618, "0.3": 0.0005779664755018826, "0.35": 0.00032973752225284804, "0.4": 0.00019042122723664733}, "8": {"0": 1.0, "0.05": 0.10707860310026884, "0.1": 0.04054968758351156, "0.15": 0.022435329441283944, "0.2": 0.01320652393110348, "0.25": 0.008456890886045648, "0.3": 0.005883271121010294, "0.35": 0.004209661578479338, "0.4": 0.0028788020863495163}, "9": {"0": 1.0, "0.05": 0.2408373309011909, "0.1": 0.21206076307567082, "0.15": 0.1936072520836635, "0.2": 0.1774783293740333, "0.25": 0.16308083453997216, "0.3": 0.14975205324555013, "0.35": 0.13977409889188616, "0.4": 0.1306647785860521}, "10": {"0": 1.0, "0.05": 0.08788859026292054, "0.1": 0.04133838002377588, "0.15": 0.025242595173655003, "0.2": 0.017117167929746765, "0.25": 0.012351262551993484, "0.3": 0.009182663897757837, "0.35": 0.00683595355692191, "0.4": 0.005164543235014515}, "11": {"0": 1.0, "0.05": 0.14375830587650876, "0.1": 0.07682973204641141, "0.15": 0.04466951683321755, "0.2": 0.027361496750299953, "0.25": 0.01745331009189187, "0.3": 0.011536304606043598, "0.35": 0.007915192187308554, "0.4": 0.00544383844433117}}, "precision": {"0": {"0": 0.06220500523914973, "0.05": 0.3114444909424604, "0.1": 0.32059736644368075, "0.15": 0.3099176718636937, "0.2": 0.2974176555252651, "0.25": 0.27765675370510207, "0.3": 0.25341566215834055, "0.35": 0.22425289304615187, "0.4": 0.19774779358148545}, "1": {"0": 0.06220500523914973, "0.05": 0.04008683734669865, "0.1": 0.03183757457084407, "0.15": 0.027428599854052858, "0.2": 0.024800277103231357, "0.25": 0.02233539035958023, "0.3": 0.020627931439124236, "0.35": 0.019966059321894086, "0.4": 0.016555406747448664}, "2": {"0": 0.06220500523914973, "0.05": 0.2458029356595024, "0.1": 0.2527064517323557, "0.15": 0.2544037810821344, "0.2": 0.24949732784502623, "0.25": 0.21268710363710355, "0.3": 0.16895090557590542, "0.35": 0.12612301587301583, "0.4": 0.09102777777777779}, "3": {"0": 0.06220500523914973, "0.05": 0.5081785692928857, "0.1": 0.5631344711037183, "0.15": 0.5952592431491708, "0.2": 0.6341894964109637, "0.25": 0.6728525171071607, "0.3": 0.7080008027649322, "0.35": 0.7401759770153478, "0.4": 0.7744050562010653}, "4": {"0": 0.06220500523914973, "0.05": 0.5264025639347617, "0.1": 0.5229813955332876, "0.15": 0.45860959087378617, "0.2": 0.3964666331452663, "0.25": 0.3254464262033052, "0.3": 0.2588467601492104, "0.35": 0.20634310901352657, "0.4": 0.15980717985717974}, "5": {"0": 0.06220500523914973, "0.05": 0.07881822015222115, "0.1": 0.013521717171717173, "0.15": 0.0017083333333333334, "0.2": 0.0003333333333333333, "0.25": 0.0, "0.3": 0.0, "0.35": 0.0, "0.4": 0.0}, "6": {"0": 0.06220500523914973, "0.05": 0.10693177855474197, "0.1": 0.07729213031743801, "0.15": 0.05850671281877399, "0.2": 0.04439408480707315, "0.25": 0.033699591079352734, "0.3": 0.028105120657856284, "0.35": 0.023644452246799265, "0.4": 0.017088987480310232}, "7": {"0": 0.06220500523914973, "0.05": 0.5319293555762857, "0.1": 0.4297174915655511, "0.15": 0.30695409945327884,