{"fscore": {"0": {"0": 0.11398936436481887, "0.05": 0.03243482771425934, "0.1": 0.004201303955323997, "0.15": 0.0006311485417804251, "0.2": 7.758591660107051e-05, "0.25": 1.1600279524807827e-05, "0.3": 4.192872117400419e-06, "0.35": 4.192872117400419e-06, "0.4": 0.0}, "1": {"0": 0.11398936436481887, "0.05": 0.07252506890957423, "0.1": 0.033674127466366555, "0.15": 0.013542112064188042, "0.2": 0.005909608874046378, "0.25": 0.0022489139647313616, "0.3": 0.0010820383795419005, "0.35": 0.0004569559540082663, "0.4": 0.00023352720606731794}, "2": {"0": 0.11398936436481887, "0.05": 0.26896268170711424, "0.1": 0.23278403725074168, "0.15": 0.2034634440006112, "0.2": 0.18127596486385456, "0.25": 0.1610566582538767, "0.3": 0.1446495474870987, "0.35": 0.13049089049861176, "0.4": 0.11705925336886347}, "3": {"0": 0.11398936436481887, "0.05": 0.025567087803818056, "0.1": 0.011090256883837786, "0.15": 0.005152911020838137, "0.2": 0.0019363585634945288, "0.25": 0.0006222266543270658, "0.3": 0.00026833277960247614, "0.35": 0.00012635315697500822, "0.4": 2.5820565269732403e-05}, "4": {"0": 0.11398936436481887, "0.05": 0.2663487381149216, "0.1": 0.2657884933650547, "0.15": 0.26359785041628775, "0.2": 0.25766726422268776, "0.25": 0.255606655971328, "0.3": 0.255856910099448, "0.35": 0.22019976756933113, "0.4": 0.22019976756933113}, "5": {"0": 0.11398936436481887, "0.05": 0.008897567121925763, "0.1": 0.003723107608580755, "0.15": 0.0018611113500172098, "0.2": 0.0009833069277200175, "0.25": 0.0005506090724884857, "0.3": 0.00029049026423221187, "0.35": 0.0001316305349445123, "0.4": 6.533465098221923e-05}, "6": {"0": 0.11398936436481887, "0.05": 0.3500729858482748, "0.1": 0.23403878787419746, "0.15": 0.15406678694441167, "0.2": 0.10344564463110305, "0.25": 0.07462168223493745, "0.3": 0.05518867740751583, "0.35": 0.040488552535477555, "0.4": 0.030827936985239043}, "7": {"0": 0.11398936436481887, "0.05": 0.08000339823598383, "0.1": 0.029632665098441053, "0.15": 0.013699470188363398, "0.2": 0.006697593335063977, "0.25": 0.0030773690010248013, "0.3": 0.0014563640184477066, "0.35": 0.0006185332246816282, "0.4": 0.0001860801148085046}, "8": {"0": 0.11398936436481887, "0.05": 0.3020475374356072, "0.1": 0.2654467765983756, "0.15": 0.2111807876680497, "0.2": 0.1624801121477227, "0.25": 0.127258655332579, "0.3": 0.10471132341693927, "0.35": 0.08833997271656129, "0.4": 0.07566658369539316}, "9": {"0": 0.11398936436481887, "0.05": 0.013720346840020546, "0.1": 0.00018771990154067017, "0.15": 3.892741905763511e-05, "0.2": 9.651723937438223e-06, "0.25": 2.849002849002849e-06, "0.3": 2.849002849002849e-06, "0.35": 0.0, "0.4": 0.0}, "10": {"0": 0.11398936436481887, "0.05": 0.1702559501988981, "0.1": 0.009321693635375033, "0.15": 0.00018979171090205012, "0.2": 9.432376039405129e-06, "0.25": 0.0, "0.3": 0.0, "0.35": 0.0, "0.4": 0.0}, "11": {"0": 0.11398936436481887, "0.05": 0.01862547655885046, "0.1": 0.016295726883942683, "0.15": 0.013796842292688469, "0.2": 0.011228072438678975, "0.25": 0.008645548558743119, "0.3": 0.006366149410027256, "0.35": 0.004348909019331998, "0.4": 0.0026399772554442594}}, "recall": {"0": {"0": 1.0, "0.05": 0.02483643763925776, "0.1": 0.002444805255098866, "0.15": 0.00033603250547105216, "0.2": 3.96297253785631e-05, "0.25": 5.897583429228999e-06, "0.3": 2.109704641350211e-06, "0.35": 2.109704641350211e-06, "0.4": 0.0}, "1": {"0": 1.0, "0.05": 0.061859185628496384, "0.1": 0.021131060060424478, "0.15": 0.007633734490742318, "0.2": 0.0031958225543778345, "0.25": 0.0011927958490095599, "0.3": 0.0005672692326545271, "0.35": 0.00023663121570954444, "0.4": 0.00011918882416762951}, "2": {"0": 1.0, "0.05": 0.20175271153410287, "0.1": 0.15234960393297267, "0.15": 0.12581855559786648, "0.2": 0.10902859779525316, "0.25": 0.09467699366784389, "0.3": 0.08362481211733183, "0.35": 0.07442005822233798, "0.4": 0.06592345379148835}, "3": {"0": 1.0, "0.05": 0.017768246188393323, "0.1": 0.006179053143477466, "0.15": 0.002694212512195669, "0.2": 0.0009945526907633633, "0.25": 0.0003170433142325941, "0.3": 0.0001360832300489373, "0.35": 6.407448160295097e-05, "0.4": 1.3097953606356144e-05}, "4": {"0": 1.0, "0.05": 0.18116266355332455, "0.1": 0.18022228014360636, "0.15": 0.17745680016607726, "0.2": 0.17054069743331976, "0.25": 0.1642110514315253, "0.3": 0.16383451089386467, "0.35": 0.1368465291570206, "0.4": 0.1368465291570206}, "5": {"0": 1.0, "0.05": 0.0059447499711416975, "0.1": 0.0022137310813948145, "0.15": 0.0010499348791472266, "0.2": 0.0005383871043902896, "0.25": 0.00029497684381677716, "0.3": 0.00015327125853078726, "0.35": 6.8549269520185e-05, "0.4": 3.3927939565358474e-05}, "6": {"0": 1.0, "0.05": 0.2927587471789992, "0.1": 0.15290260202214434, "0.15": 0.09065381890647747, "0.2": 0.057736480951317004, "0.25": 0.040524425030836406, "0.3": 0.02937650232223203, "0.35": 0.02125946510830639, "0.4": 0.015998374387498}, "7": {"0": 1.0, "0.05": 0.0637149251799567, "0.1": 0.017137063541157824, "0.15": 0.007255647008820277, "0.2": 0.0034608842851864565, "0.25": 0.0015709194891558144, "0.3": 0.000739421693613419, "0.35": 0.00031295628831825884, "0.4": 9.396288761807054e-05}, "8": {"0": 1.0, "0.05": 0.2885735677922324, "0.1": 0.20897460666365233, "0.15": 0.14900355989580408, "0.2": 0.10529430246202712, "0.25": 0.07757854966127846, "0.3": 0.06140323827035333, "0.35": 0.0504223974604647, "0.4": 0.04222050585770108}, "9": {"0": 1.0, "0.05": 0.008130426981155505, "0.1": 9.755417517851585e-05, "0.15": 1.993705703351531e-05, "0.2": 4.867041281359232e-06, "0.25": 1.4306151645207439e-06, "0.3": 1.4306151645207439e-06, "0.35": 0.0, "0.4": 0.0}, "10": {"0": 1.0, "0.05": 0.13313434627396992, "0.1": 0.00484495283731523, "0.15": 9.627889701033248e-05, "0.2": 4.743616648519713e-06, "0.25": 0.0, "0.3": 0.0, "0.35": 0.0, "0.4": 0.0}, "11": {"0": 1.0, "0.05": 0.011935789043588312, "0.1": 0.00929952207438034, "0.15": 0.007555718899280991, "0.2": 0.006019522700043166, "0.25": 0.004566924856778194, "0.3": 0.0033245489733269777, "0.35": 0.002251712611067264, "0.4": 0.0013580215631146444}}, "precision": {"0": {"0": 0.06220500523914973, "0.05": 0.05370965439807275, "0.1": 0.024253996020499994, "0.15": 0.009404953515982922, "0.2": 0.0031500000000000005, "0.25": 0.0005, "0.3": 0.0003333333333333333, "0.35": 0.0003333333333333333, "0.4": 0.0}, "1": {"0": 0.06220500523914973, "0.05": 0.10655022393223502, "0.1": 0.10488010015430903, "0.15": 0.07297851809411539, "0.2": 0.049808022445240484, "0.25": 0.030005218066247532, "0.3": 0.01861428571428573, "0.35": 0.011088888888888886, "0.4": 0.007416666666666665}, "2": {"0": 0.06220500523914973, "0.05": 0.42197575056704467, "0.1": 0.5211408405774915, "0.15": 0.5720853483778684, "0.2": 0.5883878653729024, "0.25": 0.5978457625465038, "0.3": 0.6008261985358111, "0.35": 0.5991845924695479, "0.4": 0.5945003633287201}, "3": {"0": 0.06220500523914973, "0.05": 0.05849271979300989, "0.1": 0.09677104570491049, "0.15": 0.11708979930744608, "0.2": 0.07217146464646465, "0.25": 0.028219841269841273, "0.3": 0.014166666666666666, "0.35": 0.007222222222222223, "0.4": 0.0013333333333333333}, "4": {"0": 0.06220500523914973, "0.05": 0.5287576026308911, "0.1": 0.5322571021038153, "0.15": 0.5389684878076513, "0.2": 0.5564650361368827, "0.25": 0.6125277709767313, "0.3": 0.6201185446183985, "0.35": 0.6143603044666748, "0.4": 0.6143603044666748}, "5": {"0": 0.06220500523914973, "0.05": 0.020533928280072375, "0.1": 0.013909097428514393, "0.15": 0.010019994237499585, "0.2": 0.007320718809958696, "0.25": 0.005679623411844545, "0.3": 0.004106616754991366, "0.35": 0.0025070226070226073, "0.4": 0.0012580808080808082}, "6": {"0": 0.06220500523914973, "0.05": 0.4582044962183548, "0.1": 0.545052048560608, "0.15": 0.5810094917246513, "0.2": 0.5763745042665179, "0.25": 0.5592526683070684, "0.3": 0.5532824931139956, "0.35": 0.5343876630495789, "0.4": 0.5626280950951832}, "7": {"0": 0.06220500523914973, "0.05": 0.14603244241350863, "0.1": 0.2530054668080938, "0.15": 0.273832119249342, "0.2": 0.19173028695017846,