{"fscore": {"0": {"0": 0.11398936436481887, "0.05": 0.007388745967181096, "0.1": 0.0005265219177751675, "0.15": 7.963628822759825e-05, "0.2": 4.792584541520032e-05, "0.25": 3.523655216532513e-05, "0.3": 1.6577998801353217e-05, "0.35": 1.0042051088934916e-05, "0.4": 1.0042051088934916e-05}, "1": {"0": 0.11398936436481887, "0.05": 0.0413867946137439, "0.1": 0.0151729935684598, "0.15": 0.007312822401829204, "0.2": 0.0038252721896968093, "0.25": 0.002092163788188282, "0.3": 0.0011772469275837351, "0.35": 0.00067561003267861, "0.4": 0.00039260869323034977}, "2": {"0": 0.11398936436481887, "0.05": 0.05765064175820645, "0.1": 0.01924594077262721, "0.15": 0.0072063987050965395, "0.2": 0.00318487268173001, "0.25": 0.0015516678673685473, "0.3": 0.0008464146341838417, "0.35": 0.0004747922978692749, "0.4": 0.00026641852364912453}, "3": {"0": 0.11398936436481887, "0.05": 0.03726406505372438, "0.1": 0.009706149071668696, "0.15": 0.0035849346599336604, "0.2": 0.0016295953580332196, "0.25": 0.0007654343518182319, "0.3": 0.0003463197802033816, "0.35": 0.0001528588146153469, "0.4": 6.583856805454461e-05}, "4": {"0": 0.11398936436481887, "0.05": 0.03827569737490513, "0.1": 0.007449957722396737, "0.15": 0.0023840392227915384, "0.2": 0.0008871835441689158, "0.25": 0.0004167320765434467, "0.3": 0.00017154337909372792, "0.35": 9.306511090333964e-05, "0.4": 5.63323888270993e-05}, "5": {"0": 0.11398936436481887, "0.05": 0.04722964507167744, "0.1": 0.012944775378545041, "0.15": 0.004098928040180639, "0.2": 0.001273332071873063, "0.25": 0.0004259344058289046, "0.3": 0.00019045309216813653, "0.35": 7.717276867376075e-05, "0.4": 3.2933561997474285e-05}, "6": {"0": 0.11398936436481887, "0.05": 0.04514555691360476, "0.1": 0.01207420924900872, "0.15": 0.003789861554196786, "0.2": 0.0012604554172333468, "0.25": 0.000558905917525405, "0.3": 0.00021593652740755113, "0.35": 9.133024787002958e-05, "0.4": 3.9020511055948546e-05}, "7": {"0": 0.11398936436481887, "0.05": 0.0538867297968553, "0.1": 0.01924403629289541, "0.15": 0.007886710748837076, "0.2": 0.0033083995074356604, "0.25": 0.0015791966064385675, "0.3": 0.0009158200381506515, "0.35": 0.0005155882342383663, "0.4": 0.0003293409980331631}, "8": {"0": 0.11398936436481887, "0.05": 0.03680046803569071, "0.1": 0.010609375278888803, "0.15": 0.0036295432059351594, "0.2": 0.0013367108346292286, "0.25": 0.0005033741508663962, "0.3": 0.00022326765905931355, "0.35": 0.00011757886129194113, "0.4": 6.495596600264417e-05}, "9": {"0": 0.11398936436481887, "0.05": 0.05516580271410254, "0.1": 0.01808889107680678, "0.15": 0.006131756665761847, "0.2": 0.002427588181387731, "0.25": 0.0009656916896774789, "0.3": 0.0003872769853718007, "0.35": 0.00021878707829870247, "0.4": 0.00012542666513890285}, "10": {"0": 0.11398936436481887, "0.05": 0.052561448451854904, "0.1": 0.014784103805038654, "0.15": 0.004698615798656795, "0.2": 0.0016223992516808741, "0.25": 0.0006667101447146264, "0.3": 0.00031238179434993335, "0.35": 9.542296408368105e-05, "0.4": 5.564018214630881e-05}, "11": {"0": 0.11398936436481887, "0.05": 0.08415284087017641, "0.1": 0.025969969902495435, "0.15": 0.009784232664768048, "0.2": 0.004180106662046967, "0.25": 0.0017281528790602325, "0.3": 0.0008497479814169095, "0.35": 0.00043554420747328915, "0.4": 0.00027133307606204177}}, "recall": {"0": {"0": 1.0, "0.05": 0.004051517611588494, "0.1": 0.000270822832791869, "0.15": 4.051269159811441e-05, "0.2": 2.4254028414361662e-05, "0.25": 1.7777037278636805e-05, "0.3": 8.366040905165786e-06, "0.35": 5.065710872162486e-06, "0.4": 5.065710872162486e-06}, "1": {"0": 1.0, "0.05": 0.030265227490205188, "0.1": 0.009133418109777525, "0.15": 0.0041371326394520295, "0.2": 0.0020845737458040346, "0.25": 0.0011182979583693878, "0.3": 0.0006192990911872583, "0.35": 0.0003533238700352722, "0.4": 0.00020477454461952124}, "2": {"0": 1.0, "0.05": 0.0495321018225148, "0.1": 0.012278637359542176, "0.15": 0.004099734990237912, "0.2": 0.0017213050658792888, "0.25": 0.00082076458461343, "0.3": 0.0004407719627616445, "0.35": 0.00024557835225576794, "0.4": 0.0001370381755267461}, "3": {"0": 1.0, "0.05": 0.02292402538049879, "0.1": 0.005291773094527549, "0.15": 0.0018956933987435466, "0.2": 0.0008500190274628713, "0.25": 0.000394243082119486, "0.3": 0.00017691695066411942, "0.35": 7.770139501067133e-05, "0.4": 3.332575104837028e-05}, "4": {"0": 1.0, "0.05": 0.025998351584779745, "0.1": 0.004069827636072735, "0.15": 0.0012500005177385441, "0.2": 0.00046116928761392854, "0.25": 0.00021658333299892825, "0.3": 8.927185042509522e-05, "0.35": 4.779295245369475e-05, "0.4": 2.8855567339257348e-05}, "5": {"0": 1.0, "0.05": 0.03767175942331144, "0.1": 0.007871696661853706, "0.15": 0.002293717164182582, "0.2": 0.0006917303242036248, "0.25": 0.00022800716386762502, "0.3": 9.962781293080525e-05, "0.35": 3.963395002419976e-05, "0.4": 1.6773593995422378e-05}, "6": {"0": 1.0, "0.05": 0.03520016679848594, "0.1": 0.0072709113687931945, "0.15": 0.00214233218148547, "0.2": 0.0006967011356732527, "0.25": 0.0002972169507374139, "0.3": 0.00011226380042839188, "0.35": 4.669534955540779e-05, "0.4": 1.9846977506092928e-05}, "7": {"0": 1.0, "0.05": 0.044573328677677125, "0.1": 0.012058169382007461, "0.15": 0.004525146915311628, "0.2": 0.0018262741414487313, "0.25": 0.0008572010162758226, "0.3": 0.0004929638470112308, "0.35": 0.00027586452546398527, "0.4": 0.0001747178557414286}, "8": {"0": 1.0, "0.05": 0.027011036477653842, "0.1": 0.006461229740598505, "0.15": 0.0020887665334871426, "0.2": 0.0007452135025547436, "0.25": 0.00027733188834935644, "0.3": 0.00012283738488713523, "0.35": 6.610515768485472e-05, "0.4": 3.6482239513832955e-05}, "9": {"0": 1.0, "0.05": 0.04404245840832205, "0.1": 0.011101436298937223, "0.15": 0.0034842393020252135, "0.2": 0.001332018586768463, "0.25": 0.0005259980863691979, "0.3": 0.00021458209819374242, "0.35": 0.00012180917601141082, "0.4": 6.867094926553746e-05}, "10": {"0": 1.0, "0.05": 0.04311579231630612, "0.1": 0.008956975695552113, "0.15": 0.002587163378824324, "0.2": 0.0008639103095572506, "0.25": 0.00035023144967293084, "0.3": 0.00016161038757040762, "0.35": 4.89096166957803e-05, "0.4": 2.834620940280084e-05}, "11": {"0": 1.0, "0.05": 0.0705826603286661, "0.1": 0.015070909755921515, "0.15": 0.0052256248296999154, "0.2": 0.0021748981116217693, "0.25": 0.0008872409592188945, "0.3": 0.0004336703403649203, "0.35": 0.00022172810207358128, "0.4": 0.0001380175157841181}}, "precision": {"0": {"0": 0.06220500523914973, "0.05": 0.11894492542668662, "0.1": 0.021351731601731604, "0.15": 0.0035444444444444442, "0.2": 0.00275, "0.25": 0.0023333333333333335, "0.3": 0.001, "0.35": 0.0006666666666666666, "0.4": 0.0006666666666666666}, "1": {"0": 0.06220500523914973, "0.05": 0.1114975098142047, "0.1": 0.11707093203436852, "0.15": 0.08857868452459138, "0.2": 0.06662839641315699, "0.25": 0.04568752647463859, "0.3": 0.03267489497858013, "0.35": 0.02277352859284844, "0.4": 0.01644453503953629}, "2": {"0": 0.06220500523914973, "0.05": 0.10010487677043817, "0.1": 0.0801716878484687, "0.15": 0.05674525536072716, "0.2": 0.04084074022547091, "0.25": 0.02596281911529593, "0.3": 0.01886821789321791, "0.35": 0.0129515873015873, "0.4": 0.006777777777777776}, "3": {"0": 0.06220500523914973, "0.05": 0.26426393293934963, "0.1": 0.19877543222424768, "0.15": 0.1066667786124144, "0.2": 0.05446077665072764, "0.25": 0.03220985125985126, "0.3": 0.01833915343915344, "0.35": 0.008567460317460317, "0.4": 0.0043}, "4": {"0": 0.06220500523914973, "0.05": 0.1547791061211369, "0.1": 0.12237673953514193, "0.15": 0.061018308024885066, "0.2": 0.025765687449805105, "0.25": 0.013276197876197876, "0.3": 0.004798127798127798, "0.35": 0.0032861111111111116, "0.4": 0.0017777777777777776}, "5": {"0": 0.06220500523914973, "0.05": 0.10171270832661959, "0.1": 0.09256051118769955, "0.15": 0.053150503842710986, "0.2": 0.02568122421894408, "0.25": 0.0112228158650514, "0.3": 0.005467639441168854, "0.35": 0.002730197132616488, "0.4": 0.0012611111111111113},