{"fscore": {"0": {"0": 0.11398936436481887, "0.05": 0.3381045547227722, "0.1": 0.3083693384289427, "0.15": 0.28370087337315714, "0.2": 0.25635095140535313, "0.25": 0.22661698796522103, "0.3": 0.19585470922440043, "0.35": 0.1713889491223064, "0.4": 0.1485295215236034}, "1": {"0": 0.11398936436481887, "0.05": 0.15069738875022845, "0.1": 0.10964567303868182, "0.15": 0.08297204126062482, "0.2": 0.06404748031075683, "0.25": 0.049895153449464553, "0.3": 0.039064555148625134, "0.35": 0.03130272627889134, "0.4": 0.025100021688087126}, "2": {"0": 0.11398936436481887, "0.05": 0.25687319649798895, "0.1": 0.16532593906451734, "0.15": 0.1137837873774331, "0.2": 0.0780916096253641, "0.25": 0.05222644789564312, "0.3": 0.03410134486727496, "0.35": 0.022324020486992856, "0.4": 0.014263993809233665}, "3": {"0": 0.11398936436481887, "0.05": 0.0005098837442919351, "0.1": 2.6966157177347186e-05, "0.15": 4.728132387706856e-06, "0.2": 0.0, "0.25": 0.0, "0.3": 0.0, "0.35": 0.0, "0.4": 0.0}, "4": {"0": 0.11398936436481887, "0.05": 0.24054990266052212, "0.1": 0.13057638246598918, "0.15": 0.0664442896158249, "0.2": 0.0319839821947979, "0.25": 0.015253945566518356, "0.3": 0.008066924279342278, "0.35": 0.004231863170863401, "0.4": 0.002226778550982466}, "5": {"0": 0.11398936436481887, "0.05": 0.02468916751730755, "0.1": 0.009785057558032011, "0.15": 0.004151967553229154, "0.2": 0.0017221029188799703, "0.25": 0.0007672592888115253, "0.3": 0.0004038434942948381, "0.35": 0.00021025618129302137, "0.4": 0.00010293691041842971}, "6": {"0": 0.11398936436481887, "0.05": 0.049746564434616315, "0.1": 0.00879636186986936, "0.15": 0.002338357564397191, "0.2": 0.00077797777437253, "0.25": 0.00028601436390161556, "0.3": 0.00011008066798221571, "0.35": 3.78168999659071e-05, "0.4": 1.8328572587392815e-05}, "7": {"0": 0.11398936436481887, "0.05": 0.08168436819360171, "0.1": 0.041386579905374005, "0.15": 0.02489297392472402, "0.2": 0.016724334524896696, "0.25": 0.012026798607021659, "0.3": 0.009067944992822843, "0.35": 0.007127523004758124, "0.4": 0.00551906842234213}, "8": {"0": 0.11398936436481887, "0.05": 0.1744985529511732, "0.1": 0.12535116976168392, "0.15": 0.09279829950080679, "0.2": 0.0703928101305507, "0.25": 0.05386682724790872, "0.3": 0.04189517570207051, "0.35": 0.03289753153033463, "0.4": 0.026006423204243758}, "9": {"0": 0.11398936436481887, "0.05": 0.028381055725247222, "0.1": 0.002191217420830551, "0.15": 0.00031411432998309103, "0.2": 7.405823774312135e-05, "0.25": 1.7868050511588756e-05, "0.3": 1.0247037514231673e-05, "0.35": 4.186431453625612e-06, "0.4": 2.3894862604540028e-06}, "10": {"0": 0.11398936436481887, "0.05": 0.004086089921899347, "0.1": 0.0019604838798479925, "0.15": 0.001229155824485955, "0.2": 0.0008583702441551273, "0.25": 0.0005968922436729394, "0.3": 0.0004267358735649461, "0.35": 0.00029594138626266506, "0.4": 0.0002032570886581163}, "11": {"0": 0.11398936436481887, "0.05": 0.04225817087319103, "0.1": 0.0133763882206214, "0.15": 0.0060992362031844485, "0.2": 0.003227480549010837, "0.25": 0.0017714293604516834, "0.3": 0.0010026809062727911, "0.35": 0.0005634527299346884, "0.4": 0.0003431826534742596}}, "recall": {"0": {"0": 1.0, "0.05": 0.26221802855878606, "0.1": 0.21820003968074556, "0.15": 0.18946586554115827, "0.2": 0.164470224882887, "0.25": 0.1403641078163443, "0.3": 0.11754507008951198, "0.35": 0.10032265530501965, "0.4": 0.08503022014760303}, "1": {"0": 1.0, "0.05": 0.10207037903401035, "0.1": 0.0666232176458106, "0.15": 0.0477812154664613, "0.2": 0.035695515981220755, "0.25": 0.027171045825041762, "0.3": 0.02092170708055753, "0.35": 0.016554308371582935, "0.4": 0.013149263837866495}, "2": {"0": 1.0, "0.05": 0.22559558120923126, "0.1": 0.11100445450254023, "0.15": 0.06805928553353238, "0.2": 0.04381360529250038, "0.25": 0.028162866368932057, "0.3": 0.01794245853534325, "0.35": 0.011564873671144874, "0.4": 0.007313579820455697}, "3": {"0": 1.0, "0.05": 0.0002665321026619829, "0.1": 1.3807817404475856e-05, "0.15": 2.4154589371980677e-06, "0.2": 0.0, "0.25": 0.0, "0.3": 0.0, "0.35": 0.0, "0.4": 0.0}, "4": {"0": 1.0, "0.05": 0.21999541483538523, "0.1": 0.08991294026697587, "0.15": 0.03981256151072474, "0.2": 0.017744156896261073, "0.25": 0.008100452068261947, "0.3": 0.004186272265776989, "0.35": 0.0021678148861751932, "0.4": 0.0011320621847694782}, "5": {"0": 1.0, "0.05": 0.01583814289047824, "0.1": 0.00536805898065266, "0.15": 0.002181156012952892, "0.2": 0.0008890198402159364, "0.25": 0.0003928258919651507, "0.3": 0.00020601756619087567, "0.35": 0.00010703999077645426, "0.4": 5.2332340924226756e-05}, "6": {"0": 1.0, "0.05": 0.031553176219397634, "0.1": 0.004688320192057102, "0.15": 0.0011986765830324648, "0.2": 0.0003945718618567613, "0.25": 0.00014433350677092897, "0.3": 5.544808786139743e-05, "0.35": 1.8996098920087422e-05, "0.4": 9.208906324739536e-06}, "7": {"0": 1.0, "0.05": 0.05759212671575987, "0.1": 0.023864046726034083, "0.15": 0.013480683457531444, "0.2": 0.008817281627337192, "0.25": 0.006255155135763923, "0.3": 0.004674063699169444, "0.35": 0.0036494718081068194, "0.4": 0.0028141428304305585}, "8": {"0": 1.0, "0.05": 0.12265257045497244, "0.1": 0.07551878750716469, "0.15": 0.05238092654771625, "0.2": 0.03834566702130272, "0.25": 0.028701044423044653, "0.3": 0.0220116757401829, "0.35": 0.017101003646091066, "0.4": 0.01341342559281914}, "9": {"0": 1.0, "0.05": 0.015678130843165005, "0.1": 0.001118620632769061, "0.15": 0.00015867256203749676, "0.2": 3.731710694629908e-05, "0.25": 8.994198870219289e-06, "0.3": 5.158045643822161e-06, "0.35": 2.099941668286992e-06, "0.4": 1.1990407673860912e-06}, "10": {"0": 1.0, "0.05": 0.0028107710298498124, "0.1": 0.001219027309555621, "0.15": 0.0007170892995688131, "0.2": 0.0004800077912253049, "0.25": 0.0003244774818529138, "0.3": 0.00022793692497588994, "0.35": 0.0001552499135874278, "0.4": 0.0001053782747206614}, "11": {"0": 1.0, "0.05": 0.024943447889741486, "0.1": 0.007132090463965353, "0.15": 0.0031736598521700425, "0.2": 0.0016632323139349732, "0.25": 0.0009068744301641434, "0.3": 0.000510692969958002, "0.35": 0.0002867700871740982, "0.4": 0.00017415457580425179}}, "precision": {"0": {"0": 0.06220500523914973, "0.05": 0.49929800726575174, "0.1": 0.5551974545182076, "0.15": 0.5998323286186393, "0.2": 0.6198508251880311, "0.25": 0.6313964605556898, "0.3": 0.6366403710850093, "0.35": 0.6431284516411626, "0.4": 0.6487671281869203}, "1": {"0": 0.06220500523914973, "0.05": 0.32187124796079397, "0.1": 0.35395317053940417, "0.15": 0.36720505748163107, "0.2": 0.36931277230586185, "0.25": 0.36898849732851463, "0.3": 0.36612197203125346, "0.35": 0.36322755521480843, "0.4": 0.35701423344155137}, "2": {"0": 0.06220500523914973, "0.05": 0.3178520726891478, "0.1": 0.3551105105040893, "0.15": 0.3899359761927632, "0.2": 0.41623155833810527, "0.25": 0.4354133828200043, "0.3": 0.4418344373464124, "0.35": 0.43351351100266783, "0.4": 0.40938098126284583}, "3": {"0": 0.06220500523914973, "0.05": 0.013706025918525919, "0.1": 0.0014365079365079364, "0.15": 0.0001111111111111111, "0.2": 0.0, "0.25": 0.0, "0.3": 0.0, "0.35": 0.0, "0.4": 0.0}, "4": {"0": 0.06220500523914973, "0.05": 0.2805532142699695, "0.1": 0.26092846595309693, "0.15": 0.22948194740206357, "0.2": 0.19518139386789457, "0.25": 0.16686365746081028, "0.3": 0.14687994330137477, "0.35": 0.12784920134450406, "0.4": 0.10272795087553287}, "5": {"0": 0.06220500523914973, "0.05": 0.07046009418080346, "0.1": 0.08180795541892909, "0.15": 0.07483415460648482, "0.2": 0.05468753935263221, "0.25": 0.03455079904532368, "0.3": 0.021587703081232503, "0.35": 0.012352823565323568, "0.4": 0.0061482804232804245}, "6": {"0": 0.06220500523914973, "0.05": 0.1365898854984375, "0.1": 0.09584993162626268, "0.15": 0.07443380014072994, "0.2": 0.04729795574795575, "0.25": 0.026956349206349206, "0.3": 0.013774999999999999, "0.35": 0.006111111111111112, "0.4": 0.0028888888888888888}, "7": {"0": 0.06220500523914973, "0.05": 0.16288941284566408, "0.1": 0.19843162370192555,