{"fscore": {"0": {"0": 0.11398936436481887, "0.05": 0.0025544230106320496, "0.1": 0.00013401061173654575, "0.15": 2.574177186018494e-05, "0.2": 0.0, "0.25": 0.0, "0.3": 0.0, "0.35": 0.0, "0.4": 0.0}, "1": {"0": 0.11398936436481887, "0.05": 0.030377168724891556, "0.1": 0.012360029007632395, "0.15": 0.006233382130183234, "0.2": 0.0031616798935005753, "0.25": 0.0016731561525670574, "0.3": 0.000936651170744893, "0.35": 0.00047823864183065684, "0.4": 0.00030195699740330614}, "2": {"0": 0.11398936436481887, "0.05": 0.011480680104310638, "0.1": 0.007019423477544993, "0.15": 0.004655757986606065, "0.2": 0.0029857314637984408, "0.25": 0.0019598131750180807, "0.3": 0.0013363168655022564, "0.35": 0.0009264970364631818, "0.4": 0.0006734469256522649}, "3": {"0": 0.11398936436481887, "0.05": 0.2640208714997708, "0.1": 0.2337164296680181, "0.15": 0.2104095732622392, "0.2": 0.18682055762344726, "0.25": 0.16092468645326055, "0.3": 0.13971761077938918, "0.35": 0.11961899852448202, "0.4": 0.10083994889542079}, "4": {"0": 0.11398936436481887, "0.05": 0.26642298307100204, "0.1": 0.2657790499522351, "0.15": 0.2635980739289615, "0.2": 0.2570452742920748, "0.25": 0.2552517958602538, "0.3": 0.255856910099448, "0.35": 0.22019976756933113, "0.4": 0.22019976756933113}, "5": {"0": 0.11398936436481887, "0.05": 0.07039606670270736, "0.1": 0.036391321040652944, "0.15": 0.021626300168209805, "0.2": 0.013763355133776408, "0.25": 0.008868786799839525, "0.3": 0.005768227117541219, "0.35": 0.0037546811806205417, "0.4": 0.0024485894786690702}, "6": {"0": 0.11398936436481887, "0.05": 0.31923724580596113, "0.1": 0.20863387786136672, "0.15": 0.13578794567351105, "0.2": 0.0897980133694241, "0.25": 0.05939956952189712, "0.3": 0.03837263364946975, "0.35": 0.023476292844307085, "0.4": 0.013822736771067455}, "7": {"0": 0.11398936436481887, "0.05": 0.24716850378522348, "0.1": 0.1607227987126017, "0.15": 0.11012841791890507, "0.2": 0.07591027508714818, "0.25": 0.050589942279355087, "0.3": 0.03233557299143796, "0.35": 0.020012718108421798, "0.4": 0.01208874827187357}, "8": {"0": 0.11398936436481887, "0.05": 0.3136767254038064, "0.1": 0.24870735069313232, "0.15": 0.18719797347957653, "0.2": 0.13340946402468737, "0.25": 0.09483927781913613, "0.3": 0.06791256813166018, "0.35": 0.05037740859475984, "0.4": 0.03862289972829753}, "9": {"0": 0.11398936436481887, "0.05": 0.06286752428414215, "0.1": 0.031114801266754793, "0.15": 0.016128817299090242, "0.2": 0.009309127638074925, "0.25": 0.005765276372602328, "0.3": 0.003908339381874162, "0.35": 0.00278610220180551, "0.4": 0.0020284208113539497}, "10": {"0": 0.11398936436481887, "0.05": 0.01693122718579831, "0.1": 0.002441073141603051, "0.15": 0.00018304368341593994, "0.2": 7.058430586696263e-05, "0.25": 7.537321223509762e-06, "0.3": 3.2362459546925562e-06, "0.35": 0.0, "0.4": 0.0}, "11": {"0": 0.11398936436481887, "0.05": 0.013734761945438531, "0.1": 0.0007134656243862114, "0.15": 5.335246508397231e-05, "0.2": 1.097691894793344e-05, "0.25": 6.976744186046512e-06, "0.3": 5.0444097904942705e-06, "0.35": 3.100775193798449e-06, "0.4": 0.0}}, "recall": {"0": {"0": 1.0, "0.05": 0.0013464657411570045, "0.1": 6.797520837651129e-05, "0.15": 1.3003114293823106e-05, "0.2": 0.0, "0.25": 0.0, "0.3": 0.0, "0.35": 0.0, "0.4": 0.0}, "1": {"0": 1.0, "0.05": 0.01868557091304587, "0.1": 0.006634213521532193, "0.15": 0.0032416145471554666, "0.2": 0.001624440496031183, "0.25": 0.0008542706016816765, "0.3": 0.00047702525393456024, "0.35": 0.00024297327424752872, "0.4": 0.00015323618442527327}, "2": {"0": 1.0, "0.05": 0.008973936899852287, "0.1": 0.004856860611835177, "0.15": 0.002966068495232251, "0.2": 0.001799657065425001, "0.25": 0.0011373218335405683, "0.3": 0.0007528593850473863, "0.35": 0.0005098356106464513, "0.4": 0.00036364605809035395}, "3": {"0": 1.0, "0.05": 0.17585246108367714, "0.1": 0.14766014207919112, "0.15": 0.12740131794839488, "0.2": 0.10978100954308637, "0.25": 0.09249713616911756, "0.3": 0.078990846007856, "0.35": 0.06662759879061404, "0.4": 0.05540684108305815}, "4": {"0": 1.0, "0.05": 0.1812490646293136, "0.1": 0.1802126995964493, "0.15": 0.17745736513782867, "0.2": 0.1700588597129374, "0.25": 0.164033074285304, "0.3": 0.16383451089386467, "0.35": 0.1368465291570206, "0.4": 0.1368465291570206}, "5": {"0": 1.0, "0.05": 0.052940447850320406, "0.1": 0.022596517312629457, "0.15": 0.01240950007451435, "0.2": 0.007585617503151688, "0.25": 0.004767101430610116, "0.3": 0.0030507985596502324, "0.35": 0.001963071902495868, "0.4": 0.001267418369819733}, "6": {"0": 1.0, "0.05": 0.32255336959169295, "0.1": 0.15378836372487514, "0.15": 0.0846942937383233, "0.2": 0.05125200604043343, "0.25": 0.03220706387416715, "0.3": 0.020173570258115548, "0.35": 0.012111723089643485, "0.4": 0.00705419135339362}, "7": {"0": 1.0, "0.05": 0.2323191679126334, "0.1": 0.11119725373093962, "0.15": 0.06653750047031019, "0.2": 0.0426775801708534, "0.25": 0.02724162609632741, "0.3": 0.016959565813069916, "0.35": 0.010332138442546544, "0.4": 0.006180606543130132}, "8": {"0": 1.0, "0.05": 0.2315268827092779, "0.1": 0.16106752018340792, "0.15": 0.11182476921966923, "0.2": 0.07562364273680655, "0.25": 0.052043025275502, "0.3": 0.03648258391809802, "0.35": 0.026697840438809968, "0.4": 0.020272994324006095}, "9": {"0": 1.0, "0.05": 0.03528980686388262, "0.1": 0.016269244277996756, "0.15": 0.00826670795448709, "0.2": 0.004734099349871297, "0.25": 0.0029192782375703358, "0.3": 0.001974128021448187, "0.35": 0.0014059483158251995, "0.4": 0.0010232189236053333}, "10": {"0": 1.0, "0.05": 0.009357470417367408, "0.1": 0.001239406990383814, "0.15": 9.241045677128927e-05, "0.2": 3.5633183618195616e-05, "0.25": 3.790518424664766e-06, "0.3": 1.6260162601626016e-06, "0.35": 0.0, "0.4": 0.0}, "11": {"0": 1.0, "0.05": 0.007539791629283381, "0.1": 0.00036253159060450354, "0.15": 2.690981467515439e-05, "0.2": 5.5328686320546435e-06, "0.25": 3.512666611852623e-06, "0.3": 2.5351495053032585e-06, "0.35": 1.557632398753894e-06, "0.4": 0.0}}, "precision": {"0": {"0": 0.06220500523914973, "0.05": 0.049598213904322896, "0.1": 0.00806111111111111, "0.15": 0.0018888888888888887, "0.2": 0.0, "0.25": 0.0, "0.3": 0.0, "0.35": 0.0, "0.4": 0.0}, "1": {"0": 0.06220500523914973, "0.05": 0.1340732009489525, "0.1": 0.20483151522650836, "0.15": 0.1794670536582164, "0.2": 0.12312054645462067, "0.25": 0.07970868344618341, "0.3": 0.048093278018277986, "0.35": 0.029441005291005292, "0.4": 0.018950793650793656}, "2": {"0": 0.06220500523914973, "0.05": 0.018520287211990432, "0.1": 0.015086032207957829, "0.15": 0.013321989721781542, "0.2": 0.011356792591515811, "0.25": 0.009243386688327195, "0.3": 0.007776120571508787, "0.35": 0.006640865907738508, "0.4": 0.006106972769906979}, "3": {"0": 0.06220500523914973, "0.05": 0.557746234769603, "0.1": 0.5938488610174476, "0.15": 0.6518868460794557, "0.2": 0.6844692448478502, "0.25": 0.6842769631978187, "0.3": 0.6771969125523275, "0.35": 0.6639301014064369, "0.4": 0.6462522876690786}, "4": {"0": 0.06220500523914973, "0.05": 0.5286182363786045, "0.1": 0.5322641972367079, "0.15": 0.5389634087355578, "0.2": 0.5559484800725838, "0.25": 0.6109912031951078, "0.3": 0.6201185446183985, "0.35": 0.6143603044666748, "0.4": 0.6143603044666748}, "5": {"0": 0.06220500523914973, "0.05": 0.1147829950427736, "0.1": 0.10587314039346203, "0.15": 0.0998396733569052, "0.2": 0.09377813887523903, "0.25": 0.08519129664905037, "0.3": 0.07477780370314084, "0.35": 0.06295882357144113, "0.4": 0.0541267861607577}, "6": {"0": 0.06220500523914973, "0.05": 0.3315512673499855, "0.1": 0.3447107531993173, "0.15": 0.36657614028474095, "0.2": 0.3942515089937362, "0.25": 0.42682453550152605, "0.3": 0.4608933317135354, "0.35": 0.4739381140978857, "0.4": 0.45567757536419445}, "7": {"0": 0.06220500523914973, "0.05": 0.27789473988348995, "0.1": 0.310924851722145, "0.15": 0.3461340505890849, "0.2": 0.3771178977894369, "0.25": 0.3994886356748784, "0.3": 0.40639115833753064, "0.35": 0.3989802549656267, "0.4": 0.372768251302529},