{"ast": {"0": 5.479408036877271, "1": 4.0606690254316655, "2": 5.39606141159943, "3": 5.768659529358144, "4": 4.008416714995328, "5": 4.2770581049002505, "6": 4.77048783805322, "7": 3.7349463438532498, "8": 4.683020305929186, "9": 4.867750555115566, "10": 4.5141017633111655, "11": 4.932242252987933, "12": 4.331555738993489, "13": 4.495768202723494, "14": 4.954614300976228, "15": 5.0668780150152966}, "dfg": {"0": 2.390784460776352, "1": 2.3427306941883033, "2": 2.4046790864571115, "3": 3.9194376255167285, "4": 2.340447665749585, "5": 1.1635665699522357, "6": 1.745599231077816, "7": 2.188100806361655, "8": 1.9693530397978896, "9": 1.8131020800457578, "10": 2.1601901369144723, "11": 3.4689133988805576, "12": 1.6884005773556128, "13": 1.4901480898133783, "14": 1.967936977456391, "15": 3.2944893054634963}, "common": {"0": 5.751791922630534, "1": 4.282140309590088, "2": 5.652998205845112, "3": 6.047457270150278, "4": 4.298112740769445, "5": 4.5779498988707905, "6": 5.058249332255887, "7": 3.919892816325534, "8": 4.972787625710853, "9": 5.154294988596478, "10": 4.579264169230835, "11": 5.209674349890606, "12": 4.58277700968855, "13": 4.798998699495771, "14": 4.925109971094576, "15": 5.341209060394542}, "ast_wo_identifiers": {"0": 3.32804084783794, "1": 2.761286445800538, "2": 3.307792650099484, "3": 4.38436339771182, "4": 2.961001800424724, "5": 2.125804854114857, "6": 2.7067061165106967, "7": 2.6328060422960187, "8": 2.848086751490771, "9": 2.7501743319704666, "10": 3.018485442216346, "11": 3.8039291064199814, "12": 2.5841220072523345, "13": 2.42778248828397, "14": 3.0955486878623617, "15": 3.790512524793265}}