{"ast": {"0": 4.797153956280257, "1": 4.2711405896531724, "2": 4.621764928632951, "3": 5.178144728137621, "4": 3.68491784376067, "5": 4.480366625352791, "6": 4.6636932539616645, "7": 3.5853413388133433, "8": 3.7725036867705497, "9": 4.789229804041171, "10": 4.327060026124696, "11": 4.084428636267888, "12": 3.3964705416994305, "13": 4.3334098537476535, "14": 4.090845236397869, "15": 4.79697950978807}, "dfg": {"0": 2.081230344737897, "1": 1.2293699277620866, "2": 1.452551977285639, "3": 2.843263566339652, "4": 1.2189517114299504, "5": 1.5955117857979617, "6": 2.3447750765501767, "7": 0.7527722293775119, "8": 2.19669674173619, "9": 1.8569418261695945, "10": 1.7307428062026533, "11": 3.0860590353540447, "12": 1.536756359800951, "13": 2.06040565739424, "14": 1.1909396622756703, "15": 2.392903572503378}, "common": {"0": 5.0599755302729825, "1": 4.577268831046692, "2": 4.916042794181208, "3": 5.446257779463715, "4": 3.994046380366771, "5": 4.749115132353965, "6": 4.8961580568967715, "7": 3.8867972452802526, "8": 4.032251524169022, "9": 5.07458723582767, "10": 4.588139241432674, "11": 4.364341501536169, "12": 3.669522529620818, "13": 4.318884896561002, "14": 4.393505726916232, "15": 5.044755719971618}, "ast_wo_identifiers": {"0": 2.79227152433284, "1": 2.1584007792487885, "2": 2.454116331909533, "3": 3.3683513406168317, "4": 2.095746860070893, "5": 2.5030314729111245, "6": 2.926193618492716, "7": 1.7670370591339413, "8": 2.9195855272391285, "9": 2.6705333796543633, "10": 2.508931270268282, "11": 3.3945839773714166, "12": 2.312932233368135, "13": 2.838657043426211, "14": 2.0610535388511404, "15": 3.1784340169993714}}