{"ast": {"0": 5.376630072840963, "1": 4.262317066707504, "2": 4.214889458065241, "3": 6.541405838316153, "4": 4.238498990410946, "5": 4.918119061747846, "6": 4.1137139542069505, "7": 3.474258820873046, "8": 3.41954757423465, "9": 4.64325395628958, "10": 4.494746654089369, "11": 4.058994471039316, "12": 3.8814106120547667, "13": 3.916898693955271, "14": 4.264639709468007, "15": 4.701473977838963}, "dfg": {"0": 2.3440255373323247, "1": 1.234022718272516, "2": 1.1664250081804335, "3": 4.0864578153831825, "4": 1.6898680123951635, "5": 2.309738701788385, "6": 1.8611446814117907, "7": 1.1267990642776047, "8": 1.6434730936678592, "9": 1.6495921331378482, "10": 2.3623447329374225, "11": 3.0347842156868876, "12": 0.7545426955151738, "13": 0.8383693174078394, "14": 1.9771324211570092, "15": 3.3646123487688775}, "common": {"0": 5.651391926211698, "1": 4.562058738559156, "2": 4.471549880010882, "3": 6.820810586310512, "4": 4.541251005692313, "5": 5.208099736392748, "6": 4.415485674706664, "7": 3.7660800621757415, "8": 3.7104901461821824, "9": 4.902868892605836, "10": 4.767392970009694, "11": 4.328717056183551, "12": 4.189098046799755, "13": 4.223725759016126, "14": 4.543556203144095, "15": 4.968036678141904}, "ast_wo_identifiers": {"0": 3.2919823096960386, "1": 2.149787069988414, "2": 2.067387263313674, "3": 4.710383575828898, "4": 2.611879950263627, "5": 3.1900980178722813, "6": 2.335827352375332, "7": 2.056122612036995, "8": 2.367991211289116, "9": 2.5332173699169567, "10": 2.858060210073013, "11": 3.271233330859362, "12": 1.7505552863121285, "13": 1.8259941249660634, "14": 2.901341836418359, "15": 3.6966055540292335}}