{"ast": {"0": 4.150331532939026, "1": 3.931041447798024, "2": 3.8775276762279605, "3": 5.741127352454413, "4": 3.29578421377362, "5": 5.9624908137029236, "6": 4.002488387557678, "7": 3.514531156910513, "8": 3.4047903715246273, "9": 4.301849895208729, "10": 4.161931358700271, "11": 4.127903259463, "12": 4.52639207787516, "13": 4.203050339953517, "14": 3.908146234371605, "15": 4.323147859335656}, "dfg": {"0": 0.9148089117476789, "1": 0.8656146813394967, "2": 0.6746929372020006, "3": 3.312210649796742, "4": 1.4371846087774296, "5": 2.8136573647955183, "6": 1.3788331265421465, "7": 1.0981864040188842, "8": 1.2045192426447755, "9": 1.340772724676241, "10": 1.0181946367217893, "11": 2.810535695206219, "12": 1.667374812944356, "13": 1.2946697980527642, "14": 1.212953598545332, "15": 3.246221953963765}, "common": {"0": 4.37076040008324, "1": 4.2358197420553205, "2": 4.1689429895057515, "3": 6.025454264898207, "4": 3.5926349478261472, "5": 6.0199285216644025, "6": 4.30820546067599, "7": 3.8183179639716904, "8": 3.706090290205694, "9": 4.579166941079544, "10": 4.468490076198991, "11": 4.4162512850865925, "12": 4.7998568312816925, "13": 4.447202467566895, "14": 4.179250153051501, "15": 4.570302015831824}, "ast_wo_identifiers": {"0": 2.0006208434754558, "1": 1.8072391010748172, "2": 1.6880232837949818, "3": 3.900726308274252, "4": 2.247869261892021, "5": 3.8273923737403597, "6": 2.0362768145650096, "7": 1.9013757968424683, "8": 2.0332934309638806, "9": 2.217949449817297, "10": 2.0102834208551212, "11": 3.1624927127052187, "12": 2.4924758966703546, "13": 2.2746690102717655, "14": 2.1094191415557044, "15": 3.623325328168998}}