{"ast": {"0": 3.8253413056616, "1": 3.9410032598081832, "2": 3.6489173528728935, "3": 4.883358680935253, "4": 3.2975596564951153, "5": 3.5697746572790283, "6": 3.6867790171223755, "7": 3.4573877611752204, "8": 3.3549920204001116, "9": 4.000390374872774, "10": 3.5686795304776155, "11": 3.913940744914945, "12": 3.8288871402635123, "13": 3.5530760654367275, "14": 3.4943227700801756, "15": 4.209785424035315}, "dfg": {"0": 0.6184399905060635, "1": 0.7395021140383633, "2": 0.42275664744751246, "3": 2.829809889377779, "4": 1.3262736884816992, "5": 0.3392157392947173, "6": 0.623537705096812, "7": 1.3179431687330874, "8": 1.162206129345008, "9": 0.8610603715466935, "10": 0.3401004733801942, "11": 2.6346956044322365, "12": 0.719350045453066, "13": 0.4179904352900708, "14": 0.6733019636430698, "15": 3.2292521297616807}, "common": {"0": 4.120561898783263, "1": 4.220696109044944, "2": 3.9546039257882737, "3": 5.159388390244497, "4": 3.597473455213275, "5": 3.8821893839528543, "6": 3.987949191427168, "7": 3.752971092896235, "8": 3.6588584446712247, "9": 4.3002647103661396, "10": 3.8808556036964728, "11": 4.206480765165098, "12": 4.133115049355312, "13": 3.864401450635145, "14": 3.8051517231415706, "15": 4.447680926327693}, "ast_wo_identifiers": {"0": 1.6488532016253465, "1": 1.7899602778588701, "2": 1.4584519247842391, "3": 3.2510012208966974, "4": 2.1942900101455605, "5": 1.3749249898469758, "6": 1.6237380180065926, "7": 2.102445533434556, "8": 2.023544984587852, "9": 1.8570910763847246, "10": 1.3745605660263491, "11": 3.126044134151452, "12": 1.7073723336474291, "13": 1.440878187176694, "14": 1.6496097209531428, "15": 3.7108149925999534}}