{"ast": {"0": 5.612947350752678, "1": 4.00258816275254, "2": 4.7821760963145445, "3": 5.561818744030004, "4": 3.412121678749847, "5": 3.8222720784803825, "6": 4.5160098705291025, "7": 3.362503267248002, "8": 3.505096734914377, "9": 4.262484248169847, "10": 4.222276156546871, "11": 3.899778575610997, "12": 3.925183594928399, "13": 4.542371011065239, "14": 4.172968103694737, "15": 4.05086764585777}, "dfg": {"0": 2.7248073224072207, "1": 0.845344769575481, "2": 1.6558624764249386, "3": 3.9157082619267456, "4": 1.2353695663516635, "5": 0.7298709015816137, "6": 2.088613500288188, "7": 1.773413561647397, "8": 1.4860108106231937, "9": 1.340610922993734, "10": 1.2186067458249397, "11": 2.2564899987224023, "12": 0.8505483359217817, "13": 2.0649199483052927, "14": 0.9495373746463682, "15": 2.470040613668725}, "common": {"0": 5.601590833378208, "1": 4.300709187785253, "2": 5.042845105273187, "3": 5.83105863482083, "4": 3.7036748477284918, "5": 4.128707522293425, "6": 4.792506149534704, "7": 3.582852535549324, "8": 3.803314533339472, "9": 4.573437839405922, "10": 4.524089038813099, "11": 4.190807061031176, "12": 4.23538557878241, "13": 4.591847549732088, "14": 4.279933053632252, "15": 4.327502869773643}, "ast_wo_identifiers": {"0": 3.6861090415516045, "1": 1.8482907551258416, "2": 2.6238088452421104, "3": 4.220552343964889, "4": 2.128792599078703, "5": 1.655932710638186, "6": 2.6899234799552207, "7": 2.24688770795377, "8": 2.1809876671390844, "9": 2.0948839347818513, "10": 2.1280966471860006, "11": 2.803440095633702, "12": 1.793567319465251, "13": 2.7810731347123765, "14": 2.112421215822418, "15": 2.8963982727270476}}