{"ast": {"0": 3.7970357829002706, "1": 3.691389895898425, "2": 3.651432907471275, "3": 4.826145482236499, "4": 3.29831382654144, "5": 3.582862767196804, "6": 3.604041904725325, "7": 3.392047627247624, "8": 3.358239612125289, "9": 3.9835461446364353, "10": 3.578467342057888, "11": 3.920493611287236, "12": 3.814010196785287, "13": 3.5463567870053216, "14": 3.488296872558564, "15": 4.245871389132923}, "dfg": {"0": 0.6008431781860054, "1": 0.48214971549164004, "2": 0.42742731371571896, "3": 2.754389675546607, "4": 1.3257132327327956, "5": 0.3543762038155537, "6": 0.4989314733605774, "7": 1.275649397778621, "8": 1.1646936420518832, "9": 0.8380386726212129, "10": 0.3518748788868784, "11": 2.638145148544305, "12": 0.6947145058443259, "13": 0.4406311867403116, "14": 0.6690993197243096, "15": 3.301616697375075}, "common": {"0": 4.100744418506704, "1": 4.000432186645704, "2": 3.9601782282347515, "3": 5.106725542866549, "4": 3.597623111508996, "5": 3.895257793917794, "6": 3.9132959355550097, "7": 3.6963295147285584, "8": 3.6621388685464424, "9": 4.287485516039211, "10": 3.8906798724369573, "11": 4.213131163897248, "12": 4.11906022149811, "13": 3.858476526865473, "14": 3.7993370224880714, "15": 4.488655729449301}, "ast_wo_identifiers": {"0": 1.6192314342818868, "1": 1.5084261712677263, "2": 1.4609864468705855, "3": 3.3499243895433617, "4": 2.1945721100860514, "5": 1.3881842059687368, "6": 1.499326629530341, "7": 2.085581224579871, "8": 2.029305268173965, "9": 1.8385742397583344, "10": 1.3874890497992405, "11": 3.1360247877247858, "12": 1.6961715245614017, "13": 1.4609942585076123, "14": 1.6292394431679715, "15": 3.74347038677665}}