{"ast": {"0": 4.22374162518291, "1": 3.9118432643333865, "2": 5.304235571239077, "3": 5.173396785775579, "4": 3.7209666671839297, "5": 4.925479631808679, "6": 4.807692928113638, "7": 3.3382170828195226, "8": 3.5332807721382262, "9": 4.182199833383033, "10": 4.742844760987109, "11": 4.409362811827458, "12": 4.405074798897768, "13": 3.5773837118813754, "14": 4.662783730161332, "15": 3.975756369379428}, "dfg": {"0": 1.0634079953790707, "1": 0.8578578544126368, "2": 2.4440981771412593, "3": 2.742207505344802, "4": 1.5851029134918102, "5": 2.5153836292839302, "6": 3.0144132806395563, "7": 1.195279197354359, "8": 0.9249758251301483, "9": 1.0334713068075816, "10": 2.3763805924371137, "11": 3.0929853242660688, "12": 1.9313227785802136, "13": 1.71334887710494, "14": 2.096504147782937, "15": 2.6661684559898906}, "common": {"0": 4.530663139612297, "1": 4.218978429181295, "2": 5.5902972961410065, "3": 5.455190291921752, "4": 4.0249671688332835, "5": 5.157593130932238, "6": 5.099565022769471, "7": 3.605373728261391, "8": 3.839552860159811, "9": 4.48814160333725, "10": 4.746361316024043, "11": 4.546287988231647, "12": 4.706072166097716, "13": 3.8718057263375814, "14": 4.9228297043930365, "15": 4.220003075433658}, "ast_wo_identifiers": {"0": 2.032358604789042, "1": 1.762508450237136, "2": 3.2371350053825, "3": 3.3334163072680854, "4": 2.402104265177813, "5": 3.261559970280068, "6": 3.612106922301362, "7": 2.1903516342839637, "8": 1.7981396794272702, "9": 2.0243052033332214, "10": 3.137680120283923, "11": 3.4584359799517213, "12": 2.3726038054267264, "13": 2.0671836055534905, "14": 2.8223014578478747, "15": 3.0677467707562407}}