{"ast": {"0": 5.389512677498202, "1": 3.725874776934761, "2": 4.852437486838303, "3": 5.801287236927892, "4": 3.506119599894969, "5": 4.56015477914449, "6": 4.391925200975203, "7": 3.405843502642269, "8": 4.01950957499446, "9": 4.730019823316814, "10": 4.187787377495584, "11": 3.49083210570691, "12": 3.940064421797323, "13": 3.607195966239624, "14": 3.607560467682198, "15": 4.1954872039299635}, "dfg": {"0": 2.57742518256662, "1": 0.6475045908600263, "2": 2.02848027374414, "3": 3.908649155554898, "4": 1.0120836625997547, "5": 1.8794888614063578, "6": 2.091822149550249, "7": 1.1929873802658784, "8": 1.636552520787933, "9": 1.8429467678311662, "10": 2.15261756509985, "11": 2.00684750800333, "12": 0.8035500066408235, "13": 1.3228037176320948, "14": 0.647717996393661, "15": 3.250680123606236}, "common": {"0": 5.678923565645323, "1": 4.037605252400827, "2": 5.123529098119378, "3": 5.969025228993651, "4": 3.7960867378588046, "5": 4.846743590364268, "6": 4.466362248061219, "7": 3.68425939303594, "8": 4.321053292269417, "9": 4.949653595195598, "10": 4.469090306730583, "11": 3.775441776160405, "12": 4.23074258924752, "13": 3.913427761395972, "14": 3.912284945573069, "15": 4.44435030477333}, "ast_wo_identifiers": {"0": 3.28444495549162, "1": 1.577573134115055, "2": 2.7142597782067366, "3": 4.211107897624599, "4": 2.020865233647889, "5": 2.6576726156445694, "6": 2.852082885440253, "7": 2.1428446910406334, "8": 2.376092012284232, "9": 2.680235297782958, "10": 2.7557646540532756, "11": 2.594723439552193, "12": 1.7904511011245818, "13": 1.8094029694645364, "14": 1.6398989934615222, "15": 3.447743937907478}}