{"ast": {"0": 5.628492828195444, "1": 3.963668024701169, "2": 3.903702104361675, "3": 5.847092868207772, "4": 3.4140985598864577, "5": 5.37722976857269, "6": 4.35344774867977, "7": 3.6472114588553017, "8": 3.392862093982923, "9": 4.307811855242314, "10": 5.252310664604559, "11": 4.004082740582903, "12": 3.6768208784319967, "13": 4.1120709127442225, "14": 3.774511770665859, "15": 4.634407915817895}, "dfg": {"0": 2.3897906755097016, "1": 0.9579713772908272, "2": 0.763383306437578, "3": 3.709728140713537, "4": 1.8359244864715931, "5": 2.568455464039207, "6": 1.959793123219263, "7": 1.5130657700887085, "8": 1.298097132682772, "9": 1.3646515664051646, "10": 2.452057886869805, "11": 2.7043532502325975, "12": 0.4801344614003782, "13": 1.4776630684514185, "14": 1.2612533050970516, "15": 3.36203757348764}, "common": {"0": 5.628095124548839, "1": 4.273203600589373, "2": 4.208187624391634, "3": 5.998391371527085, "4": 3.7007620372334733, "5": 5.666063819732483, "6": 4.574511507694479, "7": 3.948912212649808, "8": 3.6955717349809007, "9": 4.5896724715172414, "10": 5.531124135553914, "11": 4.290470564781668, "12": 3.9880477768987146, "13": 4.405864563192894, "14": 4.058852013921544, "15": 4.910653073670591}, "ast_wo_identifiers": {"0": 3.580187029734734, "1": 1.7934699416212436, "2": 1.727904283783007, "3": 4.121667995574579, "4": 2.4992128269749787, "5": 3.326581391383843, "6": 2.5435106397320824, "7": 2.2103846661849587, "8": 2.0865055098940952, "9": 2.1828551169080295, "10": 3.239315277447755, "11": 3.1566812292114417, "12": 1.4911572497452017, "13": 2.2498062363615112, "14": 2.1009025713284637, "15": 3.628368204803027}}