{"ast": {"0": 5.626558843461064, "1": 3.9876466457383777, "2": 4.792958520942596, "3": 5.574731482403623, "4": 3.3894525935411286, "5": 4.910050751434585, "6": 4.032684319016648, "7": 3.4837226111734796, "8": 3.456153393138759, "9": 4.929667694897747, "10": 5.218185099141317, "11": 4.096046040654145, "12": 4.32050562003215, "13": 3.7700580874204315, "14": 4.678200409474095, "15": 4.236746115293916}, "dfg": {"0": 2.381374105205636, "1": 0.8183592541511606, "2": 1.6757182147504148, "3": 3.0293745389816986, "4": 1.5508625071803146, "5": 1.9424430853186319, "6": 1.3518865967391824, "7": 1.2615809781295608, "8": 1.2420998003289707, "9": 1.6912029232510384, "10": 2.282999625171115, "11": 2.719437379365911, "12": 1.3613135830189051, "13": 0.8831899965525036, "14": 2.1296846696845506, "15": 3.1554352136893034}, "common": {"0": 5.653288009126971, "1": 4.288134589655882, "2": 5.096079682907444, "3": 5.8624804147890535, "4": 3.6854887402824072, "5": 5.168462980035735, "6": 4.290773292983312, "7": 3.7889251336923784, "8": 3.7555620683271087, "9": 5.036201838833527, "10": 5.461204376625964, "11": 4.363758867684162, "12": 4.595207062799345, "13": 4.061492834488173, "14": 4.975940759246261, "15": 4.490600275074113}, "ast_wo_identifiers": {"0": 3.5163041669645416, "1": 1.8243039307824291, "2": 2.6061703426556346, "3": 3.6100602822521806, "4": 2.316957542643956, "5": 2.809844839476566, "6": 2.1232446709073827, "7": 2.043653637947433, "8": 2.0712288843982165, "9": 2.798528139564956, "10": 3.1960116773604543, "11": 3.1638195068894133, "12": 2.2674509568187844, "13": 1.770017510312819, "14": 2.8859148106424013, "15": 3.461445934760225}}