{"ast": {"0": 4.446674991163916, "1": 3.596843738122036, "2": 4.4363381964046145, "3": 5.381677179326163, "4": 3.3108401307987867, "5": 3.6916863845940604, "6": 3.6106482596356653, "7": 3.5350420212701774, "8": 3.370757486837585, "9": 4.1979642110234385, "10": 4.486391383247644, "11": 4.189741423349383, "12": 3.611422984051873, "13": 3.786357777649902, "14": 3.8657407398873014, "15": 4.32684266334784}, "dfg": {"0": 1.2737909438635913, "1": 0.36924342695335816, "2": 0.980828100944595, "3": 2.9652256046224053, "4": 1.3759830576053738, "5": 0.4736943959273738, "6": 0.5063826091789193, "7": 1.402356700726467, "8": 1.2110937499197385, "9": 1.0542748142057194, "10": 1.38291416313789, "11": 2.7575508721631987, "12": 0.3977224242820388, "13": 0.7187825305539144, "14": 1.0503797151995684, "15": 3.1929395955006337}, "common": {"0": 4.736943292000641, "1": 3.9087728889755793, "2": 4.4683969282040295, "3": 5.46812149591425, "4": 3.608946583188333, "5": 3.995727977771513, "6": 3.9206633343063997, "7": 3.8373708515641427, "8": 3.669719319429648, "9": 4.481266082767588, "10": 4.775991132827807, "11": 4.472392663882792, "12": 3.923294641479143, "13": 4.092287034030025, "14": 4.163035804444088, "15": 4.561650692236521}, "ast_wo_identifiers": {"0": 2.281117424069722, "1": 1.402328343558654, "2": 2.2620947878941444, "3": 3.5405458396428804, "4": 2.217109226442403, "5": 1.5093027533218952, "6": 1.472245510047042, "7": 2.2161515784418127, "8": 2.0751524821692096, "9": 2.063080364182274, "10": 2.395240496035588, "11": 3.1627293072151796, "12": 1.4203576911953908, "13": 1.710916517650692, "14": 1.9552017470999175, "15": 3.5761223599440854}}