{"ast": {"0": 3.3232687128518195, "1": 3.1692067626042273, "2": 3.7612342823888802, "3": 4.430180129054926, "4": 4.550210128375505, "5": 5.043407004962007, "6": 4.546309352811399, "7": 3.2965319008637355, "8": 4.4950728065005014, "9": 3.1739392740976835, "10": 3.545881890448234, "11": 3.357860007300015}, "dfg": {"0": 1.8584751347742587, "1": 1.36152369798247, "2": 0.9782071878271345, "3": 3.3419314577766466, "4": 1.5014140730473675, "5": 3.0074889298207554, "6": 1.8665362216017989, "7": 2.4826642186820655, "8": 1.4309658716557963, "9": 1.2710024481194786, "10": 0.8455906319525979, "11": 0.828189027730082}, "common": {"0": 3.5930046570020964, "1": 3.4482928640675126, "2": 3.9994151401887863, "3": 4.6541378020791075, "4": 4.617165669247811, "5": 5.331476732542702, "6": 4.551672483808467, "7": 3.5683054248944925, "8": 4.7849736896633495, "9": 3.441246921766626, "10": 3.848927900536137, "11": 3.6498534252589137}, "ast_wo_identifiers": {"0": 2.2149790247882666, "1": 2.2393299257397774, "2": 1.760847754998533, "3": 3.508049507279039, "4": 2.5284223393547345, "5": 3.175704333173673, "6": 2.8739666123297054, "7": 2.6569210943026866, "8": 2.3774152915594415, "9": 2.189819121456089, "10": 1.5378483558342482, "11": 1.4754325720552786}}