{"ast": {"0": 3.411277471864727, "1": 3.583280046937781, "2": 3.5368244834694837, "3": 3.725387929891801, "4": 3.5765839057651014, "5": 3.807754983418109, "6": 4.058470483874763, "7": 3.6221390600338648, "8": 3.47765728726775, "9": 3.811264055783696, "10": 3.716691306918217, "11": 3.4705642147150435}, "dfg": {"0": 0.6780240598268743, "1": 0.42844169861364745, "2": 1.668583374399997, "3": 1.0011705584308104, "4": 1.006007501128171, "5": 0.9382500912217884, "6": 1.3173703771716692, "7": 0.3699727609331393, "8": 0.9501369086155512, "9": 0.9470639614728045, "10": 0.8109061382634648, "11": 0.8098973473495138}, "common": {"0": 3.722224731643069, "1": 3.891782011272971, "2": 3.78349191857229, "3": 3.9457918339027938, "4": 3.866306349045591, "5": 4.058102986705117, "6": 4.124294453735414, "7": 3.8709766099147753, "8": 3.776318216780664, "9": 4.094761661606903, "10": 3.869163659988583, "11": 3.7771220593226427}, "ast_wo_identifiers": {"0": 1.2594786438442518, "1": 1.4279962776610586, "2": 2.426894529206664, "3": 1.882699692234494, "4": 1.7618631276242194, "5": 1.9958438299756518, "6": 2.2092684177458857, "7": 1.500381675579326, "8": 1.7005325944689103, "9": 1.9241099109149056, "10": 1.8257147778789804, "11": 1.6467229009038784}}