{"ast": {"0": 3.908871570775485, "1": 4.014841521280542, "2": 3.6524304592433214, "3": 3.811057697311055, "4": 3.9370497016605106, "5": 3.2107960956363453, "6": 3.983134076661298, "7": 4.5220886347079166, "8": 4.1248061545841495, "9": 3.1595876004749748, "10": 3.642162529688794, "11": 3.2229178018363815}, "dfg": {"0": 3.784352981118851, "1": 1.798638279124845, "2": 0.4450351978939044, "3": 0.7544785087838958, "4": 0.847111184174062, "5": 2.485314396061078, "6": 3.8907869124802543, "7": 1.3781896268207334, "8": 1.7334405738603376, "9": 1.3794724705765498, "10": 0.45925573472470294, "11": 1.313155970053079}, "common": {"0": 4.139982006591495, "1": 4.286437281737211, "2": 3.962364856982944, "3": 4.099992841839249, "4": 4.117997809218348, "5": 3.4360339878323987, "6": 4.149549330259716, "7": 4.516237340916386, "8": 4.40400651001458, "9": 3.4155475105201125, "10": 3.9521835451437233, "11": 3.5011118484945287}, "ast_wo_identifiers": {"0": 3.7542552332547494, "1": 2.1740487454094373, "2": 1.4770792491562765, "3": 1.6806054705122329, "4": 2.0369503436960903, "5": 2.6847442906597205, "6": 3.9355699637433452, "7": 2.728520311400319, "8": 2.120947353939298, "9": 2.3190862449625556, "10": 1.4794336298799076, "11": 2.248386886776649}}