{"ast": {"0": 4.247129330837209, "1": 3.892926792954619, "2": 4.299491223627103, "3": 3.237104062525586, "4": 3.1933778126456716, "5": 4.26206324055762, "6": 4.072981298761859, "7": 3.24068272281047, "8": 4.529250062406528, "9": 4.570483970142334, "10": 4.340623347442769, "11": 4.0173945384514385}, "dfg": {"0": 1.2793209249813216, "1": 0.7549001535153317, "2": 1.392970316687719, "3": 2.1217388354068656, "4": 1.772319401075612, "5": 2.0535318187135907, "6": 3.1481403056000077, "7": 1.2230708306920366, "8": 1.6244898089876794, "9": 1.952767797902376, "10": 2.7560935607560584, "11": 1.0042522650908867}, "common": {"0": 4.456397247852213, "1": 4.1666188883999595, "2": 4.281512465450758, "3": 3.4956313765971374, "4": 3.4454763309401413, "5": 4.545745545928512, "6": 4.249531608330394, "7": 3.52547242394356, "8": 4.6850217195043315, "9": 4.681992421505213, "10": 4.5339284996254, "11": 4.270712342040697}, "ast_wo_identifiers": {"0": 2.3165018667204036, "1": 1.8013427315759551, "2": 2.4192051139890625, "3": 2.5062983491564936, "4": 2.5268904258329057, "5": 2.5625256704078336, "6": 3.343916913465828, "7": 1.5307295573773074, "8": 2.636343557749834, "9": 2.977648475881941, "10": 3.028836415709739, "11": 1.9768148717670562}}