{"ast": {"0": 3.7627715671123516, "1": 3.1054558577604343, "2": 3.555546170078222, "3": 3.754889631451981, "4": 4.539949170091742, "5": 3.504419365960351, "6": 3.1205320400019456, "7": 4.203417194776646, "8": 3.8179251840403547, "9": 3.50466357207066, "10": 4.974373814625959, "11": 4.04782324171282}, "dfg": {"0": 0.6819579931175912, "1": 1.270568113342381, "2": 0.5006555316603445, "3": 0.7488466559219144, "4": 2.067036477932907, "5": 1.4388786756648475, "6": 1.5493795925616303, "7": 3.480702005747371, "8": 1.0544983468887095, "9": 2.9434997954910322, "10": 2.9577611884245916, "11": 0.9904629233851509}, "common": {"0": 4.05728040203709, "1": 3.36483855597868, "2": 3.8672888587272807, "3": 4.059985314393042, "4": 4.500207523548795, "5": 3.7790387337562126, "6": 3.390564605902125, "7": 4.4457727930496995, "8": 4.09411321612958, "9": 3.737427521414995, "10": 5.193697786713243, "11": 4.348587683223548}, "ast_wo_identifiers": {"0": 1.6585076871245197, "1": 2.0770597338903056, "2": 1.4077299863412018, "3": 1.6328997872848503, "4": 2.918319951673023, "5": 2.4591407084089516, "6": 2.299420076242137, "7": 3.4161267308552956, "8": 1.7654946480964246, "9": 2.9919712742047, "10": 3.3275186399998478, "11": 1.9239921187001607}}