{"ast": {"0": 4.650306129340352, "1": 4.606852674653042, "2": 4.59030267211425, "3": 5.2158356028446455, "4": 3.9788504413377925, "5": 4.621349353483154, "6": 4.571730020023948, "7": 4.2079536087314215, "8": 4.7045487283359195, "9": 5.10937144345463, "10": 5.427039463726081, "11": 4.538151395711618, "12": 4.462410760973008, "13": 4.953265800219185, "14": 4.319891818441886, "15": 4.618185300346167}, "dfg": {"0": 1.6171547053110547, "1": 1.6125628581182139, "2": 1.7026274572556737, "3": 2.7967051234941747, "4": 2.6031196426964054, "5": 1.7098382527570999, "6": 2.84528007705939, "7": 1.4757652831333257, "8": 2.581598118881946, "9": 2.067019003250854, "10": 2.8827965272014464, "11": 3.1521899883421653, "12": 2.265096658028916, "13": 2.238860736047819, "14": 1.5554623621610915, "15": 1.8220425022290911}, "common": {"0": 4.861779274245756, "1": 4.871002761339763, "2": 4.84114911884558, "3": 5.453438497817458, "4": 4.221928101240933, "5": 4.917177474513252, "6": 4.819232433657086, "7": 4.504721401084355, "8": 4.80527696117065, "9": 5.388855803596033, "10": 5.650392498033723, "11": 4.81492602397814, "12": 4.733177059145557, "13": 5.1840320305825225, "14": 4.6065628735999224, "15": 4.902325866327534}, "ast_wo_identifiers": {"0": 2.5876118090683753, "1": 2.5509287929123916, "2": 2.556876756087741, "3": 3.5223133022416513, "4": 3.257421149669659, "5": 2.5444533898911796, "6": 3.0694649217196046, "7": 2.324131204252736, "8": 3.5381625612025904, "9": 2.969565128681365, "10": 3.646214645603131, "11": 3.4818648366455314, "12": 3.0630195723876454, "13": 3.1539880218690612, "14": 2.475338355604139, "15": 2.6423181874528394}}