{"ast": {"0": 4.941405593928013, "1": 4.368854959047882, "2": 4.0848034383730045, "3": 5.028650773675837, "4": 3.3949981751365446, "5": 4.052163632241475, "6": 4.061105950996209, "7": 3.2632100371446704, "8": 3.4236688165667215, "9": 4.475067126405169, "10": 4.059542948381886, "11": 3.6923946393656593, "12": 4.458087130188113, "13": 5.058423663707038, "14": 4.749414749942316, "15": 3.828743920313685}, "dfg": {"0": 2.1135055865752803, "1": 1.7188861382157659, "2": 0.979080135918658, "3": 3.617798589673523, "4": 1.1975758066740856, "5": 1.690925114381333, "6": 2.491081216535022, "7": 1.88039621159792, "8": 1.9901551586653354, "9": 2.465412134986184, "10": 1.7270015056312782, "11": 2.0018009738279514, "12": 2.1661435352631018, "13": 2.3125175277831334, "14": 1.6509338317988926, "15": 2.0149429769938827}, "common": {"0": 4.954744039035769, "1": 4.596991999180489, "2": 4.371470195219044, "3": 5.288531443477173, "4": 3.6828954914382472, "5": 4.253862866410687, "6": 4.2775964745448265, "7": 3.411269542811872, "8": 3.7128932421382705, "9": 4.743867138543792, "10": 4.364087020844484, "11": 3.9730036689612795, "12": 4.726271723170946, "13": 5.04239341875309, "14": 4.768014543929754, "15": 4.106156964586335}, "ast_wo_identifiers": {"0": 2.968611387415597, "1": 2.48766328488734, "2": 1.9638482887563078, "3": 3.7730015144465097, "4": 2.145969548877863, "5": 2.425751109541177, "6": 2.8008477737670345, "7": 2.366047529471158, "8": 2.3726660980289727, "9": 2.8700528434958854, "10": 2.395925784973538, "11": 2.860245333682121, "12": 2.5707945626383006, "13": 3.171923194400674, "14": 2.805748134733161, "15": 2.434414933763024}}