{"ast": {"0": 4.946018433626667, "1": 4.215213797366927, "2": 5.580800034030925, "3": 5.154470365112911, "4": 3.4286719551877094, "5": 3.591642549659365, "6": 4.480519179609997, "7": 3.981896538725231, "8": 3.5994392488789715, "9": 4.044173227057226, "10": 3.7721444007574045, "11": 4.671382025734384, "12": 4.378864959332672, "13": 4.232956411600964, "14": 4.070183383288822, "15": 4.270645588229427}, "dfg": {"0": 1.5354847135126857, "1": 1.1150421894022773, "2": 2.2571017849497315, "3": 3.083843233341258, "4": 1.8141931905675779, "5": 0.37020591937515196, "6": 1.7050136853635531, "7": 2.281132826404577, "8": 1.6371574529507529, "9": 0.9341562666347635, "10": 0.6612873802726552, "11": 3.23612822441144, "12": 1.2191071404766847, "13": 1.4609132602472525, "14": 1.2902537380336214, "15": 3.005625107411657}, "common": {"0": 4.988242149727715, "1": 4.507614102400361, "2": 5.584611637521856, "3": 5.319076669374051, "4": 3.676148534772074, "5": 3.903160829039228, "6": 4.584811823419302, "7": 4.1288094284575365, "8": 3.752969980599151, "9": 4.342284694727168, "10": 4.069644197546044, "11": 4.8556462808272185, "12": 4.522611572731314, "13": 4.352756394238361, "14": 4.178599861620193, "15": 4.515129983088397}, "ast_wo_identifiers": {"0": 2.7782997581291027, "1": 2.090282566939103, "2": 3.4243706495524346, "3": 3.4981041568894913, "4": 2.648011068267003, "5": 1.4024040225209944, "6": 2.7441897844663625, "7": 2.859414746773685, "8": 2.642336918459936, "9": 1.8975055365926177, "10": 1.6569114332688064, "11": 3.6610968938035167, "12": 2.3816941459587806, "13": 2.3792816877912872, "14": 2.345230608295898, "15": 3.454464641005108}}