{"ast": {"0": 4.33372493252215, "1": 4.663521087654283, "2": 4.491136601504359, "3": 4.179995210233671, "4": 4.080514163428609, "5": 4.3577910631021695, "6": 4.067489343209333, "7": 3.6530315642159596, "8": 3.3223496208481964, "9": 5.309102690834115, "10": 3.905973355780827, "11": 4.6439142502491535, "12": 4.647182264619454, "13": 4.2855222550342855, "14": 3.3204870109540066, "15": 4.064609933243799}, "dfg": {"0": 1.2686066845468544, "1": 2.616631763352494, "2": 1.7853246170921961, "3": 2.527932368914563, "4": 2.0122766267632928, "5": 1.2804491010327126, "6": 2.1921701141616623, "7": 2.0459012556059526, "8": 1.4937109576845895, "9": 2.5409164313279975, "10": 1.1627716014357672, "11": 3.4519710424928176, "12": 2.349760098933007, "13": 1.2851622998843284, "14": 1.443638297180855, "15": 2.90830022734991}, "common": {"0": 4.619196628981753, "1": 4.8742018210778735, "2": 4.78942987587923, "3": 4.4562480295109825, "4": 4.378288890858057, "5": 4.588269211214228, "6": 4.288368510044338, "7": 3.9311529238390377, "8": 3.610761116649626, "9": 5.319422939323843, "10": 4.201604778274979, "11": 4.9288007741458975, "12": 4.794297892074939, "13": 4.5900794705693295, "14": 3.587585093168707, "15": 4.329828350620912}, "ast_wo_identifiers": {"0": 2.1795214120414403, "1": 3.0808072738117644, "2": 2.4551853701291932, "3": 2.6624422023883794, "4": 2.6357431887887266, "5": 2.346678599538661, "6": 2.6839197126706362, "7": 2.8934948901777, "8": 2.211748790325394, "9": 3.4779711777462836, "10": 1.84548500633184, "11": 3.532854517835111, "12": 2.8726511567611266, "13": 2.1198068435033477, "14": 2.0746777930185814, "15": 3.1726613178452734}}