{"ast": {"0": 4.6786077900657475, "1": 4.284289303454839, "2": 4.161890449207204, "3": 5.4737055859958055, "4": 3.3963371697497307, "5": 6.125555903293594, "6": 4.4055142244506555, "7": 3.4042111388563203, "8": 3.3662929848815204, "9": 4.310941596765922, "10": 5.510797466275634, "11": 4.847021195720852, "12": 4.56463911466571, "13": 3.672552104317122, "14": 3.630892013128175, "15": 4.429113048204521}, "dfg": {"0": 1.5546268132186936, "1": 1.1805366866462355, "2": 1.0428140227147384, "3": 3.2363951097170496, "4": 1.7784259536505167, "5": 3.005169234766368, "6": 2.229099419721199, "7": 1.1923817843348685, "8": 1.6346354001155254, "9": 1.1293666839953642, "10": 2.535416876074121, "11": 3.5026313993392098, "12": 1.7522307127290813, "13": 1.3290924012120902, "14": 1.3523635292331644, "15": 3.2466160985123027}, "common": {"0": 4.742496157677238, "1": 4.519795911634623, "2": 4.412518775012427, "3": 5.75663734822284, "4": 3.6668105897890393, "5": 6.119388488715542, "6": 4.6668884336957, "7": 3.70410826173637, "8": 3.658664052743597, "9": 4.59456455750763, "10": 5.7981293771965134, "11": 5.133275439976542, "12": 4.821264133098762, "13": 3.9559665602929592, "14": 3.9244102194408312, "15": 4.686013104462832}, "ast_wo_identifiers": {"0": 2.582037956524288, "1": 2.2367005043682413, "2": 2.015829771669266, "3": 3.747972481517446, "4": 2.582882054470281, "5": 4.112659890233603, "6": 2.6592113478979247, "7": 2.0008972230443534, "8": 2.3336451975605823, "9": 2.15612279323374, "10": 3.4445649421104725, "11": 3.655075974162499, "12": 2.6065124288520396, "13": 2.1911062785904094, "14": 2.115654938891435, "15": 3.5873845914373037}}