{"ast": {"0": 4.77146997649717, "1": 4.383613366354632, "2": 5.345659454027635, "3": 5.990106880539013, "4": 4.444730324557555, "5": 4.87927405538043, "6": 4.982078847393106, "7": 3.932989572668187, "8": 3.582348913792648, "9": 5.3777596651941595, "10": 3.7664716160611915, "11": 4.813794956420153, "12": 4.1644265963035, "13": 4.274480308566777, "14": 4.66675264460243, "15": 4.116971564569261}, "dfg": {"0": 1.4490336925391276, "1": 2.2052839769428387, "2": 2.0471298622830676, "3": 3.404700196080272, "4": 2.8458001752401603, "5": 2.2216886947098566, "6": 2.591502038303598, "7": 1.601294420503178, "8": 1.4660633528922256, "9": 2.6653762826102785, "10": 2.6677099318909847, "11": 2.8920250479372385, "12": 2.1672766144895426, "13": 2.4745702808178707, "14": 2.2091013837882887, "15": 3.167546911118053}, "common": {"0": 4.8789353522490515, "1": 4.534362233797507, "2": 5.331181091728863, "3": 6.272905079527368, "4": 4.668565947182464, "5": 5.1346762803592245, "6": 5.1836750124718005, "7": 4.07213163638427, "8": 3.863918362892041, "9": 5.555306723572256, "10": 4.003114904921662, "11": 5.080615099328905, "12": 4.411375468869417, "13": 4.53047435323937, "14": 4.825393441189099, "15": 4.284699357076525}, "ast_wo_identifiers": {"0": 2.655894094473513, "1": 2.7601383481893103, "2": 3.3126665980999728, "3": 4.1481080736493325, "4": 3.4247631244134795, "5": 2.9847305029790605, "6": 3.529135414731356, "7": 2.6458482449517624, "8": 2.1951042640721488, "9": 3.405579764790233, "10": 3.0062545280325734, "11": 3.430668175080457, "12": 2.9727202594295434, "13": 3.1769788666613326, "14": 3.2419376182539295, "15": 3.489771567329666}}