{"ast": {"0": 4.318250334789101, "1": 4.207320108884583, "2": 4.054620627769437, "3": 4.752873591208633, "4": 3.323215842161202, "5": 3.8127874517007685, "6": 4.106764463475895, "7": 3.4572109248027525, "8": 3.3884560615457584, "9": 4.078121445042698, "10": 3.610446383191065, "11": 4.509121965791064, "12": 3.6429212131146995, "13": 3.527665007785221, "14": 3.882375353909043, "15": 4.113213992692172}, "dfg": {"0": 0.9942651425114075, "1": 1.067941394278848, "2": 0.858693742749623, "3": 2.784725633926033, "4": 1.6727946252733705, "5": 0.652131124700864, "6": 1.2307782526578053, "7": 1.5771485666155673, "8": 1.565392989087813, "9": 0.9306834289478947, "10": 0.4104183269203355, "11": 3.4782824978785802, "12": 0.47457980805964806, "13": 0.9907143529786492, "14": 1.3306045208778445, "15": 3.130723773852949}, "common": {"0": 4.481325301784251, "1": 4.493660387257322, "2": 4.35457846880541, "3": 5.004892736135702, "4": 3.592975604460575, "5": 4.123535929478782, "6": 4.349498811622458, "7": 3.749544544710032, "8": 3.6756801577762697, "9": 4.376438435260094, "10": 3.9203582465926687, "11": 4.779398516716917, "12": 3.9481825364389147, "13": 3.8256370108826623, "14": 4.160550380078087, "15": 4.328746307368611}, "ast_wo_identifiers": {"0": 2.145086438307604, "1": 2.110827130496605, "2": 1.8958897090060525, "3": 3.376980807601626, "4": 2.515202122167301, "5": 1.6455516373174004, "6": 2.2625404505311226, "7": 2.387787817985781, "8": 2.380152412065521, "9": 1.937335572739752, "10": 1.4450828556761477, "11": 3.803620514841476, "12": 1.5046333985347335, "13": 1.9241207126145685, "14": 2.3038685478005156, "15": 3.655368520376196}}