{"ast": {"0": 4.476707846303707, "1": 4.239586509308478, "2": 5.261583905820868, "3": 5.042239163011764, "4": 3.375747755695178, "5": 3.7235142313814777, "6": 3.838839054943647, "7": 3.5106778373414884, "8": 3.362468019019744, "9": 4.23484630901252, "10": 5.003912832353627, "11": 4.8318006498348085, "12": 3.9119249742882247, "13": 3.697556312334916, "14": 3.98591346317504, "15": 4.1323920823633005}, "dfg": {"0": 1.3156402404706262, "1": 1.1150103576153894, "2": 1.946196189940468, "3": 2.861490347875429, "4": 1.6747664196997158, "5": 0.5603438541903432, "6": 0.9025491230151594, "7": 1.4316496933509075, "8": 1.469089072974807, "9": 1.15552653837191, "10": 1.993903392977671, "11": 3.468203328300958, "12": 0.8038460520169787, "13": 1.1544366973064495, "14": 1.5031231323314458, "15": 2.9638232178666355}, "common": {"0": 4.765858996838579, "1": 4.5497385218258, "2": 5.262799014101731, "3": 5.202837762758534, "4": 3.650631028928783, "5": 4.027249671157934, "6": 4.144237695532739, "7": 3.8116977056132106, "8": 3.6538204146159234, "9": 4.519856419581835, "10": 5.0929999642204296, "11": 5.1108599585111785, "12": 4.219639079875857, "13": 3.9999025430524373, "14": 4.27705580370238, "15": 4.356028295381352}, "ast_wo_identifiers": {"0": 2.312174061747573, "1": 2.097975969411431, "2": 3.120821349096805, "3": 3.3398700030213684, "4": 2.4697468394308406, "5": 1.5628235115888627, "6": 1.8147739609143059, "7": 2.165185827057335, "8": 2.270232739751029, "9": 2.093386751158801, "10": 2.9171268573306266, "11": 3.682903423077047, "12": 1.7738411385008708, "13": 2.0300941330169353, "14": 2.3016493136444742, "15": 3.449048886711429}}