{"ast": {"0": 4.931457808364029, "1": 4.102134537779732, "2": 4.681231965799141, "3": 4.841560895439489, "4": 3.706945735230107, "5": 4.512756540266785, "6": 4.205154742473037, "7": 3.2397250564650997, "8": 4.515255689819721, "9": 4.949330858397163, "10": 4.532903803524943, "11": 3.6140375416377863, "12": 4.101988907741102, "13": 3.3415999081721313, "14": 3.701027795550564, "15": 4.194839529902364}, "dfg": {"0": 2.5071593997963455, "1": 2.8527753430740654, "2": 1.906175122423339, "3": 2.6830798014698396, "4": 1.2750764492774498, "5": 2.765361130668415, "6": 1.8982380403579866, "7": 1.3865584176933627, "8": 2.2580626672052184, "9": 2.533695015673736, "10": 2.4266280499307893, "11": 1.984521670892766, "12": 1.3501582570528328, "13": 1.3927563448298528, "14": 2.0088617781374833, "15": 3.105169376467472}, "common": {"0": 5.217992990742043, "1": 4.385908917966239, "2": 4.963704112985236, "3": 5.052420275154172, "4": 3.993899909814478, "5": 4.777876734459804, "6": 4.19052643498592, "7": 3.4928165369082325, "8": 4.807653597609605, "9": 5.149785609427448, "10": 4.7538132777503845, "11": 3.8970095285252593, "12": 4.229281033209659, "13": 3.636473341023458, "14": 3.9401769329896648, "15": 4.368854906484494}, "ast_wo_identifiers": {"0": 3.0630329681925015, "1": 3.0496744291488693, "2": 2.6221455858683744, "3": 3.0476571207637786, "4": 2.2020339018264727, "5": 3.085632319447636, "6": 2.615470677045357, "7": 2.3702421509549687, "8": 2.9388876498653373, "9": 3.078147941865973, "10": 3.1658290477602953, "11": 2.7711871348771266, "12": 2.4792338907926914, "13": 2.0300704118338526, "14": 2.5987573903298355, "15": 3.229512521177665}}