{"ast": {"0": 5.472729800952271, "1": 4.470569116883117, "2": 5.284598736185771, "3": 5.107727945722273, "4": 3.3566952471764155, "5": 5.252257472051799, "6": 4.225324978601538, "7": 3.5739288953480592, "8": 3.355309542842986, "9": 4.2252624597132105, "10": 4.228439640002494, "11": 4.509628007715047, "12": 4.411829432193666, "13": 3.7361660901383162, "14": 3.5815575507999995, "15": 4.553392474238215}, "dfg": {"0": 2.481366622255364, "1": 1.9786259860145725, "2": 2.4537772397562287, "3": 3.2210793399780333, "4": 1.8305398349427495, "5": 2.6232969117413227, "6": 1.6938651200170383, "7": 1.4735052199292522, "8": 1.5744293179491462, "9": 1.1279378021837243, "10": 1.3246486338006842, "11": 3.3797238222538457, "12": 1.4273024784844326, "13": 2.1131036523653313, "14": 1.1894329185114028, "15": 3.0402246900035133}, "common": {"0": 5.461386801077029, "1": 4.749148940321164, "2": 5.423622351757756, "3": 5.27743283885879, "4": 3.617561484321756, "5": 5.541251698177551, "6": 4.33187538890182, "7": 3.873197448381537, "8": 3.6469655998354167, "9": 4.497015869726117, "10": 4.512827528280543, "11": 4.793731670188142, "12": 4.662909373180959, "13": 4.021315022322025, "14": 3.8347632101664004, "15": 4.824553443568431}, "ast_wo_identifiers": {"0": 3.4637906552911524, "1": 2.5212433959089067, "2": 3.303081218902739, "3": 3.649462870257833, "4": 2.6173831951992454, "5": 3.3393019108334716, "6": 2.5059744073466605, "7": 2.2488124677511885, "8": 2.2905094000843365, "9": 2.089551298933718, "10": 2.213674636641052, "11": 3.658345439609962, "12": 2.41427188858271, "13": 2.6624039295343374, "14": 2.1355246327235324, "15": 3.405102650236525}}