{"ast": {"0": 6.111853779928043, "1": 4.39728076353149, "2": 4.670609334424076, "3": 5.492255107472693, "4": 3.632906886983716, "5": 4.065036522033402, "6": 4.675158243595784, "7": 3.477211180341898, "8": 3.365763193562989, "9": 5.135826453408859, "10": 4.217689214031329, "11": 4.58697028294587, "12": 4.195389096156677, "13": 3.575313075056485, "14": 4.730630960861259, "15": 4.308990292382189}, "dfg": {"0": 3.0232513332685804, "1": 1.4038445196905067, "2": 1.5757741477341596, "3": 3.351950336497013, "4": 1.940889371464377, "5": 1.0445423922781103, "6": 2.2261198804268294, "7": 1.4340899820544346, "8": 1.56984503402607, "9": 2.001525667965127, "10": 1.2440463844321514, "11": 3.3811723847346458, "12": 1.3595184206144617, "13": 1.1934913018550108, "14": 2.1928515905757062, "15": 3.1024916048740137}, "common": {"0": 6.086881523747043, "1": 4.634613717171714, "2": 4.9338809853467325, "3": 5.778522947942487, "4": 3.9213264209080125, "5": 4.352431287708394, "6": 4.922974821465919, "7": 3.778421237319976, "8": 3.6572071319939337, "9": 5.2669590224088125, "10": 4.486477821914224, "11": 4.830432997714082, "12": 4.463051622078297, "13": 3.867149231870973, "14": 5.028022622999133, "15": 4.573398088250732}, "ast_wo_identifiers": {"0": 4.14562634177598, "1": 2.323186676644397, "2": 2.5190792304153566, "3": 3.757281509233801, "4": 2.5435657796916216, "5": 1.9566088573837213, "6": 2.8502039803001495, "7": 2.22062130306295, "8": 2.3109006688400577, "9": 2.9936356811862503, "10": 2.1802036780535765, "11": 3.6787744776758373, "12": 2.163662074355209, "13": 2.0387970047534654, "14": 2.9432883279612643, "15": 3.447867786039661}}