{"ast": {"0": 5.737426791626707, "1": 4.7892543940139705, "2": 5.29130707018323, "3": 4.921796897101994, "4": 4.461613303095513, "5": 4.724320406967031, "6": 4.425745897187996, "7": 5.112002993310043, "8": 4.037549596756857, "9": 5.060674992575324, "10": 5.2033282943869725, "11": 4.5694232720099, "12": 4.985441914034905, "13": 4.479531479601297, "14": 4.821313449747288, "15": 5.7596627594902925}, "dfg": {"0": 2.6340091413072697, "1": 1.7936496126572408, "2": 2.450750924139277, "3": 2.2718601866642887, "4": 1.910708442513377, "5": 1.7272935438223171, "6": 1.710820883737007, "7": 2.6267775275189287, "8": 2.1061413604806583, "9": 2.1646642459059913, "10": 2.9476483747746594, "11": 3.393628561096504, "12": 2.50794262832426, "13": 1.7145020480091104, "14": 2.3793294062556454, "15": 3.4343556896893834}, "common": {"0": 5.773670259300759, "1": 5.0295603611305975, "2": 5.495652317959515, "3": 5.204182766655887, "4": 4.7330031199872185, "5": 4.963769698477188, "6": 4.677991278388601, "7": 5.375853088514786, "8": 4.319499337090305, "9": 5.307576727549284, "10": 5.160512637712719, "11": 4.765058965430177, "12": 5.213368231824646, "13": 4.7204516079502215, "14": 4.989585275292294, "15": 6.027352438293911}, "ast_wo_identifiers": {"0": 3.664649818979301, "1": 2.770677419806765, "2": 3.3512239859915414, "3": 3.170141928759914, "4": 2.848270364358674, "5": 2.730053121049582, "6": 2.521910178804618, "7": 3.5321339032283103, "8": 2.719603303945495, "9": 3.050325055327377, "10": 3.629156464993414, "11": 3.7384862160012218, "12": 3.4081258175966207, "13": 2.5516752776130587, "14": 3.2807501086552766, "15": 4.0539078620826805}}