{"ast": {"0": 5.668897692199968, "1": 4.969652469212572, "2": 5.3029761619964555, "3": 4.810763054797704, "4": 4.0199278100705875, "5": 4.994214377467134, "6": 4.5923678899286795, "7": 3.5935226449268374, "8": 3.3160226651164826, "9": 5.212346494797266, "10": 4.660926865256843, "11": 5.220753847922421, "12": 4.482432090980766, "13": 4.861340493465613, "14": 4.012683743649642, "15": 3.848201021588785}, "dfg": {"0": 2.524399286778052, "1": 1.9115644434153667, "2": 2.2104516735235396, "3": 2.981686630439801, "4": 1.4256488638793778, "5": 2.0412902909672677, "6": 2.4649720904479824, "7": 2.4816003325882687, "8": 1.6413194970566045, "9": 2.1406512715890686, "10": 1.8876940796317967, "11": 3.24952275325339, "12": 1.39060740706947, "13": 3.1778851625250986, "14": 2.567330658434494, "15": 3.019937689763819}, "common": {"0": 5.666518487433091, "1": 5.241903752061628, "2": 5.423712839033172, "3": 5.0927407384584304, "4": 4.2851679899779, "5": 5.24992505769877, "6": 4.788764686963935, "7": 3.8384474006638, "8": 3.599532939816511, "9": 5.233055968087325, "10": 4.889957406532672, "11": 5.495887663445497, "12": 4.777098464461891, "13": 5.096804074484791, "14": 4.229755022643548, "15": 4.0235909835445405}, "ast_wo_identifiers": {"0": 3.67313954397364, "1": 2.8920894554104737, "2": 3.2409967819034775, "3": 3.151708832300433, "4": 2.4462842820306427, "5": 3.0413470669394442, "6": 3.138630635129836, "7": 2.631144035856776, "8": 2.3776794475788203, "9": 3.178807631539522, "10": 2.867764486301952, "11": 3.7845715903070047, "12": 2.364795483776232, "13": 3.7539453013161057, "14": 2.9240914533752695, "15": 3.4496197831877335}}