{"ast": {"0": 4.892948503889212, "1": 4.973159068189814, "2": 5.860278036821595, "3": 5.188946540776788, "4": 3.9688691812747012, "5": 4.928639787011444, "6": 5.415990610525148, "7": 4.5396010806921945, "8": 4.856569288835136, "9": 5.214168610024953, "10": 5.255781833511975, "11": 5.424202658859528, "12": 5.058386309944978, "13": 4.1360527564340686, "14": 4.564929326651618, "15": 4.17573998555912}, "dfg": {"0": 1.9487036781001998, "1": 2.216052517067791, "2": 2.581176068038291, "3": 2.624975912872644, "4": 2.3515334576813447, "5": 1.9225374496140404, "6": 2.946859567336649, "7": 1.4025276073113069, "8": 2.273561149547096, "9": 2.7234231191358544, "10": 2.97128876587481, "11": 3.418826744972354, "12": 2.293427227451472, "13": 2.5048443751335165, "14": 1.882515237371084, "15": 3.0741464986889775}, "common": {"0": 5.181917963615786, "1": 5.253728178930265, "2": 5.840890088004937, "3": 5.381027917201325, "4": 4.229737979124837, "5": 5.22288388620001, "6": 5.650007789725099, "7": 4.833996497139241, "8": 5.146030160606249, "9": 5.387582629071714, "10": 5.495877725810586, "11": 5.655603749462138, "12": 5.317554262782158, "13": 4.3459458007457545, "14": 4.836068656064174, "15": 4.384609645526754}, "ast_wo_identifiers": {"0": 2.754907459296049, "1": 2.932923397627391, "2": 3.8124629910292414, "3": 3.5468227394072276, "4": 2.9072525915696965, "5": 2.8826492652062368, "6": 3.531241762794864, "7": 2.403334798029972, "8": 2.8459613978600027, "9": 3.4283729735857467, "10": 3.5567437073470964, "11": 4.020221390704336, "12": 3.197902232170616, "13": 3.3158604792913797, "14": 2.789582376982502, "15": 3.644650849244172}}