{"ast": {"0": 4.579608140644472, "1": 4.915471824780701, "2": 3.1524469713432763, "3": 4.316810432269385, "4": 3.2489227742118243, "5": 4.255475652433569, "6": 3.3193668470239066, "7": 4.4780060318663, "8": 3.748725750527446, "9": 3.6799937514328755, "10": 4.203822855976217, "11": 4.083074393062082}, "dfg": {"0": 1.7337832132954585, "1": 2.186185633482529, "2": 1.7512251936269532, "3": 1.196178844084033, "4": 1.3007163965940427, "5": 1.0262862092760876, "6": 2.251169764465496, "7": 1.8366868630633733, "8": 3.045998709241799, "9": 0.5011055532274055, "10": 1.9291950176163883, "11": 0.9486341692747977}, "common": {"0": 4.716298707276158, "1": 5.198170278369442, "2": 3.435685408928666, "3": 4.5585078627953175, "4": 3.532821280205861, "5": 4.257006327238734, "6": 3.565397476874345, "7": 4.763242263216549, "8": 4.016364891015141, "9": 3.9889327366898706, "10": 4.49347933154708, "11": 4.381547461569483}, "ast_wo_identifiers": {"0": 2.6668485985431936, "1": 2.9083972618857032, "2": 2.1923470524053856, "3": 2.2565118471693624, "4": 2.235339061168355, "5": 2.347483398677299, "6": 2.7315131104572425, "7": 2.393900349268164, "8": 3.2186152320829136, "9": 1.4961066804762058, "10": 2.4455853659062345, "11": 1.9552797185509012}}