{"ast": {"0": 3.841673087641489, "1": 4.985390056540089, "2": 3.3617402778751524, "3": 3.7134349951808345, "4": 4.500192972893841, "5": 3.699988411323705, "6": 4.248247964057022, "7": 3.20415741792298, "8": 3.2008936455532715, "9": 3.8210647999129095, "10": 3.30231108398702, "11": 3.2802966958600117}, "dfg": {"0": 0.6750489371730884, "1": 2.2357480070382953, "2": 1.9597496099404743, "3": 1.8305875034267094, "4": 3.3697706670669754, "5": 2.499759989495467, "6": 1.635711591941324, "7": 1.4917477865485147, "8": 1.3978876469471406, "9": 0.5905441625279185, "10": 0.9763270463165622, "11": 1.8337263963183679}, "common": {"0": 4.144649827742174, "1": 5.2417306251275, "2": 3.617652389163877, "3": 3.995360680788515, "4": 4.766526614078405, "5": 3.975726970344633, "6": 4.515121030837699, "7": 3.4860691015679652, "8": 3.4842923782451227, "9": 4.0186398836588, "10": 3.6105391948956393, "11": 3.5239834792323372}, "ast_wo_identifiers": {"0": 1.6791574532539055, "1": 2.9131395689085333, "2": 2.7282158815981514, "3": 2.4930947830918258, "4": 3.5494926770371875, "5": 2.994894082103274, "6": 2.5182538788526005, "7": 2.3236708696456545, "8": 2.3144556973556596, "9": 1.7268951316890138, "10": 1.3360914772780372, "11": 2.2039933506371474}}