{"ast": {"0": 4.043313059007767, "1": 4.298187172421853, "2": 3.810059458028227, "3": 3.4800783448630566, "4": 3.469296474611609, "5": 3.67084210100014, "6": 4.685075915818427, "7": 3.571044195824161, "8": 3.954338388669663, "9": 3.1818345569812316, "10": 3.870433600779195, "11": 3.4256536164662106}, "dfg": {"0": 1.6586058279515994, "1": 1.6180231129943066, "2": 0.8084449286566822, "3": 1.6991608186133034, "4": 1.1301564893971157, "5": 0.46724592281289623, "6": 1.9313215721394754, "7": 0.5051575728051058, "8": 1.4377998685014124, "9": 1.8530140440560312, "10": 1.3091874805590333, "11": 1.2145495084744915}, "common": {"0": 4.273456054373668, "1": 4.297634957420954, "2": 4.111845169853076, "3": 3.7858887050898615, "4": 3.774640688340412, "5": 3.9800320272098912, "6": 4.9312636597902815, "7": 3.882454415888353, "8": 4.237549260553551, "9": 3.4390935821241673, "10": 4.130946489289851, "11": 3.731614665468759}, "ast_wo_identifiers": {"0": 2.6566919240017013, "1": 2.578266977617221, "2": 1.8225651325781267, "3": 1.9998608904778514, "4": 1.9986405430883578, "5": 1.4913590000100996, "6": 2.7822329064312252, "7": 1.501193495770221, "8": 1.9340168823999249, "9": 2.613049152764579, "10": 2.2222768451742843, "11": 1.8683965485704135}}