{"ast": {"0": 3.8365823427297245, "1": 5.023456677455152, "2": 3.569919871627109, "3": 3.570971946251605, "4": 3.8662864920284314, "5": 3.4757713218559494, "6": 4.839683600295, "7": 4.326382153363477, "8": 3.403476077545593, "9": 3.808056224430249, "10": 3.9677779517176583, "11": 4.635414444317397}, "dfg": {"0": 1.1776386843048017, "1": 2.2659111951550135, "2": 0.3394771799703553, "3": 0.33954359727973243, "4": 1.2206144689428042, "5": 1.104637713886522, "6": 1.7965123816014952, "7": 1.6740185284435443, "8": 0.8479029433735459, "9": 0.8676047890698174, "10": 1.2922888103774532, "11": 1.8741131878667348}, "common": {"0": 4.142568068689627, "1": 5.312199932039485, "2": 3.8823814560458896, "3": 3.883427794507647, "4": 4.165101560919749, "5": 3.781167875871024, "6": 5.090286921819067, "7": 4.622468831204986, "8": 3.7031826974539634, "9": 4.106446312531173, "10": 4.261950017172521, "11": 4.935363241495495}, "ast_wo_identifiers": {"0": 1.903759303747372, "1": 3.0796330118744173, "2": 1.3750969689901786, "3": 1.3752117262497756, "4": 2.0928635571492693, "5": 1.9361287235313096, "6": 2.6863236848096683, "7": 2.4966050078740505, "8": 1.8226206774498288, "9": 1.8683394189426281, "10": 2.1260358104334496, "11": 2.632961073027368}}