{"ast": {"0": 3.592455423240791, "1": 4.380706963360698, "2": 4.287897634689185, "3": 3.7491272945955476, "4": 3.9530249753297393, "5": 4.413496867572055, "6": 4.441015512976835, "7": 4.666308582124051, "8": 4.408848992891097, "9": 4.55216176243005, "10": 4.274451580732953, "11": 3.9238295701072032}, "dfg": {"0": 0.39381650069700463, "1": 1.3850957322049626, "2": 1.5363723311853337, "3": 0.6899246460291023, "4": 0.9161622169503966, "5": 1.4555493570326268, "6": 1.4497183110340492, "7": 1.750287786195659, "8": 1.3563697847513174, "9": 1.6270954643310303, "10": 1.3943051121286565, "11": 1.2441213435004148}, "common": {"0": 3.904584314973583, "1": 4.661631010927803, "2": 4.428580945820658, "3": 4.056247790859913, "4": 4.243132486644732, "5": 4.68199875722125, "6": 4.718382361609662, "7": 4.940862489997665, "8": 4.704222747346042, "9": 4.835184037225208, "10": 4.504722611313005, "11": 4.21391075475676}, "ast_wo_identifiers": {"0": 1.4241091472138143, "1": 2.3456216114413353, "2": 2.754346567820414, "3": 1.7256001518079802, "4": 1.949131362213744, "5": 2.5245335103268767, "6": 2.5122315739169987, "7": 2.790673801671251, "8": 2.40750639459274, "9": 2.6845950719976774, "10": 2.5047932985281443, "11": 2.2129273095810946}}