{"ast": {"0": 4.854058683181594, "1": 4.5077115985618175, "2": 4.99318346793137, "3": 3.6106216083526, "4": 4.640838603937723, "5": 4.681890698445568, "6": 4.02357054106101, "7": 3.856085732613615, "8": 4.76725959645037, "9": 5.4316291946974635, "10": 4.327225363817335, "11": 4.636456263848428}, "dfg": {"0": 1.4212006817059122, "1": 2.846067612214242, "2": 3.042239254495408, "3": 2.0921713637195194, "4": 1.4843141469783656, "5": 1.827381256462149, "6": 2.1328873770639456, "7": 2.4196243793859837, "8": 2.267924303816464, "9": 2.71256069945982, "10": 2.0137013739059784, "11": 2.1104528595913825}, "common": {"0": 4.86689737301713, "1": 4.791417690408884, "2": 5.277488612091242, "3": 3.8924376582072164, "4": 4.9073556541728, "5": 4.933229768306333, "6": 4.264134122693441, "7": 4.096733823461, "8": 4.97432417054981, "9": 5.478493236779696, "10": 4.59310936050175, "11": 4.894309314977751}, "ast_wo_identifiers": {"0": 2.6850721470847634, "1": 3.132772266129498, "2": 3.4764351087292904, "3": 2.7244366762709333, "4": 2.5447123579214512, "5": 2.567329486944653, "6": 2.4997936806017633, "7": 3.05636149199662, "8": 2.93544688192596, "9": 3.5389691658202143, "10": 2.5340535374743194, "11": 2.7952401734671612}}