{"ast": {"0": 4.548744693105111, "1": 4.4364404553488805, "2": 4.68978709740116, "3": 3.524826377452718, "4": 4.0224379887978605, "5": 5.460354350042042, "6": 4.5710900288869984, "7": 3.44674524347773, "8": 5.3107987593805515, "9": 5.617336068811325, "10": 4.361942397279653, "11": 5.086342154401267}, "dfg": {"0": 1.1316380900779184, "1": 2.798170833739432, "2": 3.1013540933039785, "3": 2.1344181550512435, "4": 0.7621519973244576, "5": 2.1059369234235934, "6": 2.3508332247410846, "7": 1.741910880456086, "8": 2.489008773869266, "9": 3.569737783919893, "10": 1.371242705989771, "11": 3.040715236087163}, "common": {"0": 4.605876446413464, "1": 4.720029366689226, "2": 4.9269269845657275, "3": 3.8017813226476562, "4": 4.255954993804107, "5": 5.483749000337179, "6": 4.778708161607394, "7": 3.738776811301741, "8": 5.496715615305137, "9": 5.734853011862949, "10": 4.603742268534168, "11": 5.362019912747294}, "ast_wo_identifiers": {"0": 2.3839132845591724, "1": 3.0524267490141135, "2": 3.402042880113704, "3": 2.618845852979903, "4": 1.8454686731819587, "5": 3.299470850817, "6": 3.042114099405564, "7": 2.335765494348696, "8": 3.407051555849075, "9": 3.8403436968897267, "10": 2.299418724107256, "11": 3.3736217982751753}}