{"ast": {"0": 5.292299728835208, "1": 4.584684703543105, "2": 4.930954016568227, "3": 3.495922550571964, "4": 4.470332989013311, "5": 5.052069735638145, "6": 4.49809494224411, "7": 3.5012305662674894, "8": 5.059748755110084, "9": 5.642940744191297, "10": 4.974083513438547, "11": 5.085352743684795}, "dfg": {"0": 1.9593491539254695, "1": 3.157479444914428, "2": 3.762743028155256, "3": 2.119267518649468, "4": 1.4838747613192174, "5": 1.9366689082998068, "6": 2.00047173576003, "7": 2.251228202093957, "8": 2.285205834304743, "9": 4.055598896095847, "10": 2.171275272737357, "11": 2.8245805246286917}, "common": {"0": 5.286763318571026, "1": 4.869947823011956, "2": 5.189943878045643, "3": 3.7723313874039794, "4": 4.769771439086815, "5": 5.285887771877521, "6": 4.731813041638885, "7": 3.7528400242009297, "8": 5.200210586078867, "9": 5.904292562052651, "10": 5.18206246192244, "11": 5.373457835574132}, "ast_wo_identifiers": {"0": 3.1191307968383573, "1": 3.3884604845032937, "2": 3.9320495175039394, "3": 2.5784431123076326, "4": 2.330547405497336, "5": 2.9161401353239107, "6": 2.8297848573782534, "7": 2.864965730953915, "8": 3.1624299196629244, "9": 4.179969631267714, "10": 2.9214370877675306, "11": 3.3919276619161094}}