{"ast": {"0": 4.658700445694899, "1": 4.0051114528888325, "2": 5.072837968602474, "3": 3.5632432899190563, "4": 4.339252431027521, "5": 5.386979605054449, "6": 4.16518626391311, "7": 3.3901881897773327, "8": 4.298211772263887, "9": 4.924877388040288, "10": 4.381302219019051, "11": 4.3724774489120115}, "dfg": {"0": 1.4175566447640735, "1": 3.0576359455989377, "2": 3.8689941038683178, "3": 2.15481059294933, "4": 1.426060050471611, "5": 2.643145139778308, "6": 1.8328743268283743, "7": 1.77570958290565, "8": 1.6435467074729735, "9": 2.724203593698852, "10": 1.3721164567501085, "11": 2.457940270268009}, "common": {"0": 4.738969884864918, "1": 4.2866806119526615, "2": 5.326586449387149, "3": 3.839978137694749, "4": 4.642720250177042, "5": 5.3542220304808446, "6": 4.405886321459756, "7": 3.6386955822435776, "8": 4.5673994723179545, "9": 5.211681996054209, "10": 4.6621049894812705, "11": 4.630624073736636}, "ast_wo_identifiers": {"0": 2.554835168136354, "1": 3.2001622009803206, "2": 4.13146481930307, "3": 2.8058359417197116, "4": 2.1816421446592584, "5": 3.2810264440078325, "6": 2.3763521258160014, "7": 2.568162573352231, "8": 2.2630606736146968, "9": 3.100021639665964, "10": 2.320057385722813, "11": 2.903462461246094}}