{"ast": {"0": 5.1493780370536335, "1": 4.330767822158851, "2": 4.239068366053262, "3": 3.538460425302417, "4": 4.822730723943671, "5": 5.670536119867025, "6": 4.868320691439185, "7": 4.087254993840183, "8": 4.646469168148483, "9": 4.758647658939566, "10": 5.103898844139825, "11": 4.9656542496296225}, "dfg": {"0": 1.9979659679776522, "1": 3.3594914199854276, "2": 1.4067101292572204, "3": 1.452767492848847, "4": 1.9562495678172183, "5": 2.4937205308178374, "6": 2.3580148882000773, "7": 1.67658827088777, "8": 1.628245893183916, "9": 2.3488730044785777, "10": 2.270438991586496, "11": 2.1627249055845033}, "common": {"0": 5.254077770749296, "1": 4.471067775311703, "2": 4.353717749348129, "3": 3.825440694599743, "4": 5.0655265184739875, "5": 5.751502901766745, "6": 5.140071446783842, "7": 4.137199283208271, "8": 4.935169054532644, "9": 5.035386970192514, "10": 5.2654283251701886, "11": 5.261679050910981}, "ast_wo_identifiers": {"0": 3.030487809157564, "1": 3.836711937120311, "2": 2.402722061804357, "3": 2.366698168016414, "4": 2.8421933786838167, "5": 3.594874429039881, "6": 3.287083548774583, "7": 2.750215013642338, "8": 2.5979586632979763, "9": 3.1983006886988288, "10": 3.2816916104246157, "11": 3.077838784801614}}