{"ast": {"0": 4.776888752745466, "1": 4.952925153470227, "2": 4.217006965624432, "3": 3.4676262423897932, "4": 4.15081075867138, "5": 5.171286497090922, "6": 4.430400689619362, "7": 3.672135357944088, "8": 4.262507733694963, "9": 5.31974625119305, "10": 4.364511637817685, "11": 4.8282502445027236}, "dfg": {"0": 1.8089957415637, "1": 3.1284436427266216, "2": 2.8744449268966874, "3": 2.098640017939859, "4": 0.7808629069192466, "5": 1.8417707382329462, "6": 2.0954625268615237, "7": 2.3291157493910983, "8": 1.3134485295815195, "9": 3.407434513810747, "10": 1.363752863036491, "11": 2.352403959124186}, "common": {"0": 5.055133460324653, "1": 5.239183810051853, "2": 4.4606791344431835, "3": 3.7454979776765316, "4": 4.271438305589391, "5": 5.181169945379048, "6": 4.712179761017729, "7": 3.926367192882791, "8": 4.538446643485683, "9": 5.505110158122262, "10": 4.63775455881601, "11": 5.101040168130811}, "ast_wo_identifiers": {"0": 2.6403793857806135, "1": 3.452767942246204, "2": 3.0799144962388936, "3": 2.532655390141803, "4": 2.0015864552445657, "5": 3.0098424741179617, "6": 2.5539936310246065, "7": 2.9731183652242943, "8": 2.1890051611805235, "9": 3.6438158096139355, "10": 2.273391390110331, "11": 3.058179033043999}}