{"ast": {"0": 5.082381191708426, "1": 4.628811190846059, "2": 4.123245057997052, "3": 3.349433689260404, "4": 5.035675136219402, "5": 5.2357611136211855, "6": 3.785674564366976, "7": 3.2505773579758, "8": 4.649630902461068, "9": 4.259418202001406, "10": 4.303544135978868, "11": 4.961092307656804}, "dfg": {"0": 2.468595107856652, "1": 2.732058215558478, "2": 2.379653684298897, "3": 1.6076566482034975, "4": 2.1238633125867463, "5": 1.791015774672188, "6": 1.7453359705304505, "7": 1.384830609078063, "8": 2.138215865980056, "9": 2.0160185008381637, "10": 2.1952202807213426, "11": 2.404297263562024}, "common": {"0": 5.329904784063556, "1": 4.847154884380406, "2": 4.383094134125193, "3": 3.637306221355669, "4": 5.3150185565203625, "5": 5.204169734742475, "6": 3.995362390838628, "7": 3.5278669484706486, "8": 4.894969246989087, "9": 4.548017408385212, "10": 4.557530777419412, "11": 5.260114349577023}, "ast_wo_identifiers": {"0": 3.2280823602569253, "1": 3.133262755613782, "2": 2.9476002463563833, "3": 2.253382509681005, "4": 2.9232871928832664, "5": 3.0832740421635982, "6": 2.6513492437121564, "7": 2.164156187526034, "8": 2.9001884454518443, "9": 2.746792064676917, "10": 2.6525946639555036, "11": 3.094298547332271}}