{"ast": {"0": 5.286766021451159, "1": 4.5234183727040636, "2": 4.877452384834715, "3": 3.4752689092042397, "4": 4.651344487211599, "5": 4.177634600808738, "6": 4.20834734299177, "7": 3.4742793656012867, "8": 4.457336025598858, "9": 5.867711229574199, "10": 4.445128745546388, "11": 5.012497828469826}, "dfg": {"0": 1.924320874243147, "1": 3.3265964571126463, "2": 3.2086965347946568, "3": 1.8067416268431533, "4": 1.3405886659962587, "5": 0.9111293443224103, "6": 1.9056926698506593, "7": 2.091551390404942, "8": 1.6852370992991714, "9": 3.8038124373674083, "10": 1.4687252245876137, "11": 2.6878536693126756}, "common": {"0": 5.336867322785018, "1": 4.810030502951076, "2": 5.140131861337971, "3": 3.761028214507355, "4": 4.771765964309013, "5": 4.433781982300816, "6": 4.426355191407892, "7": 3.732599974444907, "8": 4.727278418232546, "9": 6.008482769097494, "10": 4.690878924762281, "11": 5.298713948186655}, "ast_wo_identifiers": {"0": 3.111343118356204, "1": 3.5443091959100665, "2": 3.440049702669544, "3": 2.3198661546985004, "4": 2.510365723452084, "5": 1.9953459455946163, "6": 2.4951438135168025, "7": 2.706769691533919, "8": 2.4421870653806743, "9": 4.152221833903177, "10": 2.373812875019743, "11": 3.2740695649623133}}