{"ast": {"0": 5.128248067785916, "1": 3.9805318385644823, "2": 4.810283889198921, "3": 3.7321974454997187, "4": 5.6588640796861815, "5": 5.373778001223595, "6": 4.43969403195125, "7": 3.5824070348988304, "8": 4.674643372033417, "9": 5.511191758315624, "10": 4.567572915256986, "11": 5.454534433150548}, "dfg": {"0": 1.9303352277530186, "1": 2.081075807656923, "2": 3.6656085558803535, "3": 2.3156364143488966, "4": 2.5277162211747815, "5": 2.0386050472836668, "6": 2.073603342903407, "7": 2.2242772836285947, "8": 1.6441004097226988, "9": 3.8787816295946698, "10": 1.688723524304784, "11": 3.0857180446178316}, "common": {"0": 5.338983878746036, "1": 4.141243286869919, "2": 4.967777059984334, "3": 3.902918756535372, "4": 5.708428887376543, "5": 5.467604503787719, "6": 4.598167066388557, "7": 3.751593884665976, "8": 4.909219146867581, "9": 5.723033822941146, "10": 4.853874310030607, "11": 5.653580591485667}, "ast_wo_identifiers": {"0": 3.003728504745605, "1": 2.9309048240276194, "2": 4.28118210467145, "3": 3.099660460842216, "4": 3.6442561991885905, "5": 3.2317726011078345, "6": 3.039383324735567, "7": 3.1211576117087296, "8": 2.6725957504724125, "9": 4.309241100990927, "10": 2.742302672188917, "11": 3.7595190272673955}}