{"ast": {"0": 3.428563294053317, "1": 3.8444683204731858, "2": 3.2083048017063605, "3": 3.294053972093978, "4": 3.2087049249778152, "5": 3.6072602547935753, "6": 4.135747787799747, "7": 4.830111431237171, "8": 3.987505291766023, "9": 5.450358355533101, "10": 4.951462982314384, "11": 3.7047834249832308}, "dfg": {"0": 2.4373512692794783, "1": 2.8776199540881393, "2": 1.30168884938012, "3": 1.0622910246535862, "4": 1.2055319761666357, "5": 0.43435730169749204, "6": 1.3584687299572795, "7": 2.277654536695048, "8": 0.9496192200291154, "9": 2.1050221203899904, "10": 3.298174078974421, "11": 0.5109299663634495}, "common": {"0": 3.64555496445192, "1": 4.119126746088869, "2": 3.4679062927847624, "3": 3.5609578723406137, "4": 3.463170043325064, "5": 3.917890985169611, "6": 4.407088886838422, "7": 5.12241719923589, "8": 4.272239872989338, "9": 5.457448906062991, "10": 5.193787462534189, "11": 4.014407417315117}, "ast_wo_identifiers": {"0": 2.9480574436427656, "1": 2.9613981921372634, "2": 2.3401882244940193, "3": 2.0357881963780042, "4": 2.106642506196642, "5": 1.4480344753891958, "6": 2.0825445622382124, "7": 2.803709883384055, "8": 1.929597888508609, "9": 3.4036972039768925, "10": 3.4794081060986306, "11": 1.5235179316020602}}