{"ast": {"0": 4.088374381928566, "1": 3.9933273620285887, "2": 3.6537521582261006, "3": 3.8449974538138627, "4": 3.8216056453339418, "5": 3.292907409831343, "6": 3.9488682475348504, "7": 4.428658313649798, "8": 4.298293636489747, "9": 3.193551934460721, "10": 3.60786559577978, "11": 3.224572792740543}, "dfg": {"0": 3.865257457510904, "1": 1.3310398340628773, "2": 0.4324156793996498, "3": 0.7686325888196742, "4": 0.6977053772408619, "5": 2.64034005808895, "6": 3.8249062813573094, "7": 1.2223456789238811, "8": 1.7781209036632097, "9": 1.3379978894483864, "10": 0.39435923712206794, "11": 1.3104142238067291}, "common": {"0": 4.338547230291566, "1": 4.282820528929404, "2": 3.9641673742754135, "3": 4.1316228788248015, "4": 4.024343469848997, "5": 3.5259543991398186, "6": 4.122276016666461, "7": 4.435390120658415, "8": 4.588469375508679, "9": 3.451726980436205, "10": 3.9189711659300404, "11": 3.502924838991905}, "ast_wo_identifiers": {"0": 3.7961318029259004, "1": 2.0002357777017488, "2": 1.468470848668712, "3": 1.7113778968953142, "4": 1.8364101230620464, "5": 2.7789867900766856, "6": 3.8510742878809694, "7": 2.5691012099154222, "8": 2.2500230039121134, "9": 2.343736559779104, "10": 1.4221636487968408, "11": 2.2488316518567277}}