{"ast": {"0": 4.4433281472041, "1": 3.480089057777322, "2": 4.457389432964461, "3": 3.4057397335282342, "4": 4.567677237396097, "5": 3.8553236918089797, "6": 3.3665086405944384, "7": 3.4624013745034827, "8": 3.250028592834867, "9": 4.771312865530844, "10": 3.8009556105787015, "11": 3.3143435618896375}, "dfg": {"0": 2.2563581534773265, "1": 1.2533745086942059, "2": 1.985242246995433, "3": 1.4791424126549113, "4": 1.8491748436489555, "5": 2.6589002175994474, "6": 1.962523208341897, "7": 0.9684357279780512, "8": 1.6235562798232999, "9": 1.8505431222185373, "10": 1.6076578530366246, "11": 1.7108612878306795}, "common": {"0": 4.694070951782595, "1": 3.782138216032477, "2": 4.741157831833309, "3": 3.668698748506083, "4": 4.747108153309399, "5": 4.13710892037257, "6": 3.6191396923404215, "7": 3.7703937702664265, "8": 3.527263484849128, "9": 4.773957023107152, "10": 4.064932942959971, "11": 3.5799137666250633}, "ast_wo_identifiers": {"0": 3.08144899535936, "1": 1.7547182769960037, "2": 2.613506404845963, "3": 1.955853657266215, "4": 2.8039513179070683, "5": 2.9237895429799394, "6": 2.6370330683321135, "7": 1.4765256437206873, "8": 2.2921923341467076, "9": 2.951484382809785, "10": 2.2644452725403204, "11": 2.3267536559497546}}