{"ast": {"0": 3.2419933145946347, "1": 3.3125099800007867, "2": 3.8205492912265657, "3": 3.9443830815565293, "4": 3.622886325380274, "5": 3.680108700801674, "6": 3.2187677804350305, "7": 3.5657025831754967, "8": 3.5541575451634473, "9": 3.212785632241373, "10": 4.06902937837977, "11": 4.813345151817747}, "dfg": {"0": 1.1967875338488232, "1": 1.221059730330289, "2": 1.4611061547719286, "3": 2.291893441139628, "4": 0.8060666099358368, "5": 0.8151658104836689, "6": 1.8124028956397185, "7": 1.2833059461358274, "8": 0.4294330747751718, "9": 1.4852387972143208, "10": 1.9323637867304608, "11": 2.1271962323924067}, "common": {"0": 3.5176444042487156, "1": 3.595352888826408, "2": 4.096804311506168, "3": 4.160619516747274, "4": 3.9337959911365576, "5": 3.980056580641589, "6": 3.5082378037698754, "7": 3.8330444249236546, "8": 3.8651253813122732, "9": 3.491772685102532, "10": 4.3361940679526025, "11": 5.096270785802822}, "ast_wo_identifiers": {"0": 2.113382003865264, "1": 1.9608582959731626, "2": 1.9349648102350165, "3": 2.981136336282715, "4": 1.5272246627727795, "5": 1.8067279553033522, "6": 2.143756509467965, "7": 2.299807786321648, "8": 1.421648812923278, "9": 2.2014465777372814, "10": 2.4483739964535425, "11": 3.0068163989568886}}