{"ast": {"0": 3.5558490233082174, "1": 3.6042196584837662, "2": 3.4343064839324065, "3": 3.635977108485572, "4": 3.801625525987661, "5": 4.0037925185795915, "6": 4.023018539331747, "7": 3.7254670828333403, "8": 3.6200056022252327, "9": 3.9151876440981597, "10": 3.6351011992032, "11": 3.454950140068562}, "dfg": {"0": 0.7067763556002146, "1": 0.7024408361515547, "2": 0.7209071264407731, "3": 1.0433409598743424, "4": 1.6230917906186089, "5": 1.1637521844503473, "6": 0.8090630900419475, "7": 0.553039524277653, "8": 0.7946509604134603, "9": 1.3241085062029905, "10": 0.45518539818856313, "11": 0.744458167972587}, "common": {"0": 3.686481401884426, "1": 3.9092041400495052, "2": 3.7345131260196403, "3": 3.829490207734569, "4": 4.04614487682448, "5": 3.9893938291316746, "6": 3.9749644841989946, "7": 3.95606879557142, "8": 3.9253226926036047, "9": 4.145693968236143, "10": 3.8189479499917005, "11": 3.7596327164867622}, "ast_wo_identifiers": {"0": 1.507562481973695, "1": 1.6153534888128047, "2": 1.571956897524626, "3": 1.9986001075817394, "4": 2.520879737270861, "5": 2.4488139302559015, "6": 2.099384546541313, "7": 1.6827826907049248, "8": 1.7088365821468956, "9": 2.2647006092518254, "10": 1.595439652709172, "11": 1.5872681327060658}}