{"ast": {"0": 3.5658403603551343, "1": 5.2562529553315525, "2": 3.9166629186596147, "3": 3.689528406789064, "4": 3.5853688635470657, "5": 3.396532427769265, "6": 3.6159145323307094, "7": 3.564299501993357, "8": 3.671997091846781, "9": 3.9214668069424294, "10": 3.479736383423661, "11": 4.058756841521996}, "dfg": {"0": 0.4075338671351869, "1": 3.061563565829606, "2": 1.6378342346189143, "3": 1.5155475340911302, "4": 0.3771498393125508, "5": 1.249746287714787, "6": 1.3925200208807589, "7": 0.39984319185495315, "8": 0.9531438214063275, "9": 1.7131433616916012, "10": 0.544563274958666, "11": 2.0426838136712036}, "common": {"0": 3.8616416273274763, "1": 5.5399736010478495, "2": 3.8651867691202773, "3": 3.943435125335565, "4": 3.8893272655321196, "5": 3.6537754860862237, "6": 3.7695654633323143, "7": 3.849159872708693, "8": 3.9799080996827585, "9": 3.9150315761479524, "10": 3.78750008889242, "11": 4.284722976530073}, "ast_wo_identifiers": {"0": 1.4518748124279908, "1": 3.491709026177465, "2": 2.4218324549512746, "3": 2.2657311132795175, "4": 1.4226458461607436, "5": 2.0830820731881867, "6": 2.171634203080052, "7": 1.4736893827187738, "8": 1.549436239808453, "9": 2.5413195348957602, "10": 1.398598422113903, "11": 2.6559916602152884}}