{"ast": {"0": 3.3797828956478995, "1": 3.1958717608123544, "2": 3.712961208594682, "3": 4.438766998034914, "4": 4.578473044003924, "5": 4.921778309314643, "6": 4.688112178732611, "7": 3.4120658195287032, "8": 4.101149552768281, "9": 3.191277997487667, "10": 3.5309924802649713, "11": 3.312751093374353}, "dfg": {"0": 1.8108427326881351, "1": 1.3438983087388008, "2": 0.8841892504386396, "3": 3.328887131512003, "4": 1.5505619028900415, "5": 2.7799576000886037, "6": 2.2363233664716913, "7": 2.4830953510419858, "8": 0.9841204284429975, "9": 1.2588174988914946, "10": 0.7861617174452928, "11": 0.7739250134263947}, "common": {"0": 3.6462643989259806, "1": 3.4753433827963147, "2": 3.952832643527563, "3": 4.637067572647122, "4": 4.645578709264587, "5": 5.2134396602674205, "6": 4.678074565357306, "7": 3.669809014817314, "8": 4.388086055628953, "9": 3.453226370617758, "10": 3.8423626697429243, "11": 3.6059169237581408}, "ast_wo_identifiers": {"0": 2.3213838691748476, "1": 2.2462349940646513, "2": 1.6899983783704824, "3": 3.632065667279632, "4": 2.5636022232003133, "5": 3.0627897180303396, "6": 3.098960272484796, "7": 2.849933633431556, "8": 1.9999277292777535, "9": 2.2503136203114673, "10": 1.47145299381032, "11": 1.4867597841754518}}