{"ast": {"0": 5.527286623211533, "1": 4.541962130474516, "2": 4.35736531306217, "3": 4.616847895016046, "4": 4.72710086014302, "5": 4.697550225171759, "6": 4.512754358235896, "7": 4.195700205638748, "8": 4.385327969000949, "9": 4.186447719021765, "10": 4.868902552621392, "11": 4.327378161984733, "12": 4.486716249927812, "13": 4.460839545817865, "14": 4.526303225768122, "15": 5.334285661475325, "16": 4.388783794292364, "17": 4.670268865426727, "18": 4.4593156052217156, "19": 5.232512785442474, "20": 4.792233808580139, "21": 4.60845071871151, "22": 4.504212360921254, "23": 4.850389022054818, "24": 4.262403089085874, "25": 4.307898659440581, "26": 4.77876146512346, "27": 5.3892904722187716, "28": 4.194811174125837, "29": 4.131116370189926, "30": 5.144159719391507, "31": 4.696508993346545}, "dfg": {"0": 2.9287287462525007, "1": 1.5363894650399372, "2": 1.5643085429602075, "3": 1.51870995695552, "4": 1.7071687697401703, "5": 1.9071071108471374, "6": 1.4090517021021316, "7": 2.2685499722330618, "8": 1.4659596887596036, "9": 2.0578180976255536, "10": 1.8093085785509853, "11": 1.4710255143081898, "12": 1.652910835110589, "13": 1.7654828651696082, "14": 1.4301938633493791, "15": 3.394608620971872, "16": 1.4863655507906472, "17": 1.631919471529998, "18": 1.8631892470630178, "19": 2.638723815272263, "20": 2.0153956417302346, "21": 1.873951047466439, "22": 1.6251304650160252, "23": 2.748853516770773, "24": 1.9639274822093455, "25": 1.6569951104613536, "26": 1.9275504665838958, "27": 2.901490111743579, "28": 2.6050330563588773, "29": 1.7743199945816417, "30": 2.0874127259227055, "31": 1.8537949700361642}, "common": {"0": 5.75316715913503, "1": 4.804389939475799, "2": 4.603792937017269, "3": 4.8964598158175665, "4": 4.9953601859501, "5": 4.970788641531814, "6": 4.799052967728876, "7": 4.458391302550293, "8": 4.635158404401977, "9": 4.4013468071856146, "10": 5.134179394782771, "11": 4.552352475772093, "12": 4.765018940449395, "13": 4.694194791902768, "14": 4.8116408114739455, "15": 5.590127028412179, "16": 4.63732275617369, "17": 4.953824320494426, "18": 4.706725500891037, "19": 5.466262814131311, "20": 5.060562838563616, "21": 4.885763099659794, "22": 4.789377055902104, "23": 5.106247004370314, "24": 4.521761496869816, "25": 4.545283803786318, "26": 5.050505253441467, "27": 5.630270556427637, "28": 4.423558340114879, "29": 4.338751717399639, "30": 5.371112759508595, "31": 4.972995066660895}, "ast_wo_identifiers": {"0": 3.835695601217905, "1": 2.5345948638577247, "2": 2.556439255923265, "3": 2.5314334173374844, "4": 2.73295759103674, "5": 2.755000027066815, "6": 2.41606773493787, "7": 3.1635620087821272, "8": 2.4763170060329167, "9": 2.934289241930125, "10": 2.801568257908978, "11": 2.5973199899971546, "12": 2.58873496935769, "13": 2.788767680483796, "14": 2.4334925273075076, "15": 4.025706998135697, "16": 2.53487797398735, "17": 2.604124452718975, "18": 2.673877658625631, "19": 3.382658500314931, "20": 2.8289478328895354, "21": 2.651189412310908, "22": 2.53242128907496, "23": 3.4075092079591958, "24": 2.8211485070850335, "25": 2.483455744765422, "26": 2.8821168680988842, "27": 3.6827291929426544, "28": 2.8928249353664857, "29": 2.5922818290143486, "30": 3.114841944198703, "31": 2.7460383206115027}}