{"ast": {"0": 4.806653934910306, "1": 4.699093783959969, "2": 4.694770593535058, "3": 4.451954542661423, "4": 4.525710383227515, "5": 4.252594745965167, "6": 4.851983124024496, "7": 4.082193190782562, "8": 4.954403147278695, "9": 4.689872682779971, "10": 4.800060649430558, "11": 4.077659194130076, "12": 4.482902315412596, "13": 4.474509326042963, "14": 4.957957224766306, "15": 5.173897762082392, "16": 4.794368084824789, "17": 4.385645605863902, "18": 4.520570773830165, "19": 4.97044167329733, "20": 4.706685609970793, "21": 5.046778443756586, "22": 4.471096394293592, "23": 4.335701422740562, "24": 4.805762271169463, "25": 4.528639425534665, "26": 4.909103729153509, "27": 4.797250973255107, "28": 4.382277635583457, "29": 4.750753060004582, "30": 4.270909411594036, "31": 4.502334366912881}, "dfg": {"0": 1.713974839282909, "1": 1.6986097754148988, "2": 1.666058816815051, "3": 1.888424882036039, "4": 1.5959540515423842, "5": 1.8209764268438582, "6": 1.804538595038528, "7": 2.17702422705758, "8": 1.9430531873124566, "9": 1.5645970033498393, "10": 2.0196630105715023, "11": 2.503535766191542, "12": 1.4811253103672508, "13": 1.4266368503845017, "14": 1.9477371486459376, "15": 3.1067212112807407, "16": 1.6855749458875913, "17": 1.495765743098123, "18": 1.527267428409405, "19": 1.9753115172110431, "20": 2.8885459328026917, "21": 2.270637201406474, "22": 1.6191266267713442, "23": 2.6627390357105285, "24": 1.763115988265737, "25": 1.4094346321554145, "26": 2.04945003036997, "27": 1.7132661587943936, "28": 2.387164968223972, "29": 1.657846084893027, "30": 1.6225448329134102, "31": 1.459014429922763}, "common": {"0": 5.08463373293291, "1": 4.980165773997042, "2": 4.965277166541276, "3": 4.732748998294061, "4": 4.802396641642294, "5": 4.498179600758987, "6": 5.127710666013128, "7": 4.332869149479526, "8": 5.231815473319843, "9": 4.969527370551417, "10": 5.079207188832237, "11": 4.284419392072199, "12": 4.76359324784814, "13": 4.753003354664159, "14": 5.234789779173953, "15": 5.420825622019753, "16": 5.071071839240312, "17": 4.64308823497146, "18": 4.802734623974548, "19": 5.245244777273611, "20": 4.933117809397214, "21": 5.265159836507549, "22": 4.74740560814157, "23": 4.5887957421512, "24": 5.080173170345821, "25": 4.814738764602657, "26": 5.17691228406297, "27": 5.078137993685124, "28": 4.654775034470181, "29": 5.030649369269015, "30": 4.512143220434838, "31": 4.785716260697774}, "ast_wo_identifiers": {"0": 2.712145801063178, "1": 2.667320274743183, "2": 2.629730227198989, "3": 2.5904239830298885, "4": 2.551790233930158, "5": 2.5101932828720877, "6": 2.7925108629107886, "7": 2.9757226162186305, "8": 2.9109789983811796, "9": 2.5834696134353767, "10": 2.7970486974226665, "11": 3.2935842288727355, "12": 2.4720124158743757, "13": 2.470490000743472, "14": 2.909597102670221, "15": 3.598081195178074, "16": 2.694606443017637, "17": 2.4785333427520637, "18": 2.5106159601804605, "19": 2.92805079571907, "20": 3.3230439881375404, "21": 3.261616562698856, "22": 2.550663555034953, "23": 3.2500686367724994, "24": 2.7443536482570168, "25": 2.415956436603766, "26": 3.046429279148734, "27": 2.7059823308583533, "28": 3.1074668372172245, "29": 2.663937187757196, "30": 2.4351070475332217, "31": 2.450448065558923}}