{"ast": {"0": 5.3247388713971, "1": 4.995676551516235, "2": 5.095790548612864, "3": 5.129001036535197, "4": 4.819587853342001, "5": 4.620648617588844, "6": 5.242690082047459, "7": 4.979066856899527, "8": 4.991489779705989, "9": 5.701456437184566, "10": 5.392107710268014, "11": 4.508177563979367, "12": 4.080047710925136, "13": 4.239817081151217, "14": 5.35083681101371, "15": 5.419228322614231, "16": 4.975063794929357, "17": 4.023288253468758, "18": 4.452532772561312, "19": 4.6152174754750686, "20": 5.1263413971498855, "21": 5.233137821606053, "22": 3.9969173861886267, "23": 4.744312605256026, "24": 4.26411696806143, "25": 5.720709836609021, "26": 4.63359055948876, "27": 4.807336067303741, "28": 4.136226266597626, "29": 4.894727758069643, "30": 3.9721385832563305, "31": 4.918000961180753}, "dfg": {"0": 2.7991340960810676, "1": 2.055246325020805, "2": 3.42814219818083, "3": 2.640025522661939, "4": 2.627562333214969, "5": 1.6488751009115563, "6": 2.3348486477051855, "7": 2.1636408314291495, "8": 2.685338626499104, "9": 3.1896121390785743, "10": 2.6443533150668173, "11": 1.4199845252615066, "12": 2.1498988250873854, "13": 2.749532032049646, "14": 2.6004546065582845, "15": 2.59688110417475, "16": 2.9667829368897625, "17": 2.0396380788049275, "18": 1.7905594188812957, "19": 1.6605829512166126, "20": 2.6686115735398497, "21": 3.2017209774092823, "22": 2.1409894132265275, "23": 2.6336748326517623, "24": 1.719536481514691, "25": 3.3735887411710594, "26": 2.47383568092609, "27": 2.4982410792813754, "28": 1.9568371544703986, "29": 2.133523585508304, "30": 2.470453854822136, "31": 3.204303472122813}, "common": {"0": 5.585034559889673, "1": 5.268087167346107, "2": 5.324811790039201, "3": 5.4006374422699155, "4": 5.084749138268433, "5": 4.899624166884867, "6": 5.514917235010397, "7": 5.2121361301527385, "8": 5.22307863350244, "9": 5.93517553473426, "10": 5.630824168015007, "11": 4.7910986506286175, "12": 4.28457079979348, "13": 4.444239155282901, "14": 5.602041273818351, "15": 5.6681152229348974, "16": 5.2350045419329, "17": 4.222587730640085, "18": 4.7178830725487915, "19": 4.883178115239081, "20": 5.375685725362328, "21": 5.499434790728046, "22": 4.198348963641461, "23": 4.986062400349488, "24": 4.516176703635097, "25": 5.9532630917546046, "26": 4.886760655772882, "27": 5.066575702983102, "28": 4.343974133244777, "29": 5.168752185132153, "30": 4.21292316281427, "31": 5.157177741183097}, "ast_wo_identifiers": {"0": 3.5581338758100602, "1": 3.011803632103151, "2": 3.871562268807381, "3": 3.443157900990852, "4": 3.467798938672565, "5": 2.5450170723434726, "6": 3.2525770317043783, "7": 3.0141513244841605, "8": 3.3295012304487734, "9": 3.9969890218020216, "10": 3.607872542952449, "11": 2.430271761268269, "12": 2.718178164924398, "13": 3.19845823925118, "14": 3.431953126561896, "15": 3.4495440011194143, "16": 3.6810686511518083, "17": 2.725316629803583, "18": 2.645929190779422, "19": 2.601060619879644, "20": 3.574684889037328, "21": 3.740754204594813, "22": 2.7340677119641694, "23": 3.466710189592104, "24": 2.464470704124929, "25": 4.207544877344361, "26": 3.406622073989956, "27": 3.0802442042576295, "28": 2.679293249589656, "29": 2.9013162558103636, "30": 3.259929027676856, "31": 3.8143979670188335}}