{"ast": {"0": 4.860031709403569, "1": 5.072370336826902, "2": 4.575508328451582, "3": 4.586801093803777, "4": 4.813229266663363, "5": 4.187034423185173, "6": 5.61387337859575, "7": 4.574172413826059, "8": 4.798904952505003, "9": 4.455738670007382, "10": 4.53347632820066, "11": 4.273373454980203, "12": 4.504126821100944, "13": 4.320304265551066, "14": 4.668688592744485, "15": 4.598612796166918, "16": 5.383780372429701, "17": 5.537097944830363, "18": 4.65143135032618, "19": 5.211302110096972, "20": 4.9503606073255, "21": 4.057548588010799, "22": 5.4651339923830315, "23": 4.9775686600538895, "24": 5.252579792149551, "25": 5.164482420247903, "26": 5.448057448290088, "27": 4.311535915863304, "28": 4.463856672824505, "29": 5.646678111320207, "30": 4.388378249887505, "31": 5.619026656310637}, "dfg": {"0": 2.349736574422431, "1": 2.132560873714588, "2": 2.573832369589478, "3": 2.440787136257365, "4": 1.6875408008899386, "5": 3.0169873826846034, "6": 3.6545870819017368, "7": 1.6933454952044473, "8": 1.981415188707277, "9": 2.9652036084913713, "10": 1.5499423541359783, "11": 2.2370653489349692, "12": 1.6765051668079052, "13": 2.7112490176947484, "14": 1.635567697829419, "15": 2.101959024718117, "16": 3.0553989329720266, "17": 3.4249455480998776, "18": 1.5884533643242174, "19": 2.1611160164454533, "20": 2.3654810998313494, "21": 2.2118127840962956, "22": 3.3376264882086693, "23": 3.174103531675741, "24": 2.946541105535637, "25": 2.8693365992338586, "26": 2.5452463494596054, "27": 2.1703870058865453, "28": 1.74777963685214, "29": 3.2795292744450046, "30": 2.433592612364708, "31": 3.584901500457769}, "common": {"0": 5.135863271165391, "1": 5.352113050716193, "2": 4.8220980542604375, "3": 4.859420354543828, "4": 5.095101780785139, "5": 4.422165884025032, "6": 5.860086466689443, "7": 4.85729960119075, "8": 5.077324435844423, "9": 4.64790241007284, "10": 4.808004116671328, "11": 4.4774907069192835, "12": 4.7645143330984325, "13": 4.490746761282685, "14": 4.952365554514137, "15": 4.861713476304752, "16": 5.623329776523386, "17": 5.804872737788792, "18": 4.933789756379698, "19": 5.481436598557359, "20": 5.216442566185174, "21": 4.26637030119177, "22": 5.6599877600678, "23": 5.214562436182612, "24": 5.510276095585961, "25": 5.434610928484172, "26": 5.710846835978267, "27": 4.59155785444164, "28": 4.710348908822157, "29": 5.89043319935646, "30": 4.65505876538205, "31": 5.849174837684037}, "ast_wo_identifiers": {"0": 3.012393241998762, "1": 3.0676126528210568, "2": 3.5313730300605175, "3": 3.152599807383412, "4": 2.6956703065822625, "5": 3.3499336481964987, "6": 4.14813508114946, "7": 2.6193713725739727, "8": 2.9280155847301548, "9": 3.5301005257360356, "10": 2.478579706829167, "11": 2.9457596380550544, "12": 2.562367394983073, "13": 3.177041696533798, "14": 2.5989578913928173, "15": 2.946698330470157, "16": 3.9110544390717, "17": 3.9460774690942526, "18": 2.558866733028917, "19": 3.1446041677981422, "20": 3.054296941777559, "21": 2.7643392166841543, "22": 3.8931323557539743, "23": 3.965169680685467, "24": 3.6267396777799648, "25": 3.466195246264046, "26": 3.41727128092856, "27": 2.804777075465086, "28": 2.7345085030777136, "29": 4.082357898310182, "30": 3.241301590184803, "31": 4.3992745543738305}}