{"ast": {"0": 5.521064753904974, "1": 5.05542421393877, "2": 4.649479591820988, "3": 5.428179893770539, "4": 4.839283455664637, "5": 4.782661956972862, "6": 5.283496545843413, "7": 4.478231394139656, "8": 5.1907108188975375, "9": 4.067185749052881, "10": 5.076806112990363, "11": 4.443185372174127, "12": 4.988247945365652, "13": 4.7714990080924675, "14": 4.860235753351584, "15": 5.744536593981705, "16": 4.2172318111267835, "17": 4.149348668700167, "18": 5.635132493487247, "19": 5.063281665493683, "20": 4.304684646354942, "21": 4.735441493267507, "22": 4.658938459770087, "23": 4.164659074032803, "24": 4.424810110149836, "25": 4.9637724851821465, "26": 4.149591739472004, "27": 5.474667642570624, "28": 4.513616461177564, "29": 5.315853697599727, "30": 4.270563158511991, "31": 4.315022013498378}, "dfg": {"0": 2.9092276266850106, "1": 2.861107141000058, "2": 3.670804725243101, "3": 2.5734348385247285, "4": 2.1629392077999543, "5": 2.3329977889315807, "6": 3.1158136845227036, "7": 2.8416060257075273, "8": 2.9335782383335554, "9": 2.9119076987128856, "10": 2.284671961582514, "11": 2.9498314347626193, "12": 2.641600373442263, "13": 1.735485423632436, "14": 1.7044647531635873, "15": 3.1595108819141746, "16": 3.0277025370891426, "17": 1.6983226378432386, "18": 3.436150186590331, "19": 2.787667878557154, "20": 2.430667281344181, "21": 2.0149551821339706, "22": 1.7011680357733456, "23": 2.468524379712358, "24": 1.5676986018039012, "25": 2.3705144965240414, "26": 3.0090927784451638, "27": 3.4939742823424984, "28": 2.075492047177044, "29": 2.2782153647871937, "30": 2.2060072405151967, "31": 2.7998845244028}, "common": {"0": 5.7663050509387945, "1": 5.263299899689769, "2": 4.863243649841631, "3": 5.668635162893233, "4": 5.104447939917755, "5": 5.007734548792317, "6": 5.547924064981369, "7": 4.731815709638043, "8": 5.445563065046413, "9": 4.304598424153279, "10": 5.33406948607649, "11": 4.6735758651509, "12": 5.2631793587168385, "13": 5.039924326149785, "14": 5.12080045945755, "15": 5.9810349487378005, "16": 4.424562170706, "17": 4.354731686594127, "18": 5.852517761670119, "19": 5.303424844516725, "20": 4.576954077106686, "21": 4.998809369895148, "22": 4.944990582590454, "23": 4.374990822293451, "24": 4.692515366623849, "25": 5.213790103923134, "26": 4.358939240378715, "27": 5.729256676367914, "28": 4.787356592573976, "29": 5.578471058033894, "30": 4.526882189678663, "31": 4.566806251849877}, "ast_wo_identifiers": {"0": 3.6270252280025543, "1": 3.588048274565884, "2": 4.248769271640429, "3": 3.525960407259276, "4": 3.030536364431265, "5": 3.139604586169597, "6": 3.677329173929248, "7": 3.5286146365892526, "8": 3.5181803315396474, "9": 3.356347839826174, "10": 3.113767323031697, "11": 3.5348219196182957, "12": 3.319701172361408, "13": 2.705713151617758, "14": 2.7417013374810377, "15": 4.030413750828802, "16": 3.3711038678658523, "17": 2.6768207071570327, "18": 4.324155952225763, "19": 3.620747720426902, "20": 3.115746235710401, "21": 2.962755204150011, "22": 2.6410556138280965, "23": 3.225126945334842, "24": 2.552553823278224, "25": 3.229730168555857, "26": 3.6944363245729765, "27": 4.084394023227128, "28": 2.6621627577652056, "29": 3.289953373530562, "30": 3.1159451166993124, "31": 3.331020135097201}}