{"ast": {"0": 4.050119757771798, "1": 4.1353654559185316, "2": 4.479127310498463, "3": 5.228473995889591, "4": 4.488974016154611, "5": 5.040272255053744, "6": 4.3730527701892985, "7": 4.2524770431673735, "8": 4.692792705862002, "9": 4.855968866442483, "10": 5.544737058384103, "11": 4.863802426678274, "12": 4.586043318838343, "13": 5.253120076796553, "14": 4.447074028650512, "15": 4.507604700189512, "16": 4.06514124636649, "17": 4.48357800883862, "18": 6.289505906142384, "19": 4.853836345485625, "20": 4.698678275560856, "21": 4.54283725042918, "22": 4.300869901240441, "23": 4.899107865012009, "24": 4.9751484853787895, "25": 5.284868329650312, "26": 5.2901051986863115, "27": 4.31562676170637, "28": 4.629344745514217, "29": 4.191979367520682, "30": 4.68597448792659, "31": 4.569083384078119}, "dfg": {"0": 2.3129613559962356, "1": 2.170540954970741, "2": 1.8674029480474863, "3": 2.1153494733315648, "4": 1.7456924817751975, "5": 2.4743971232009447, "6": 1.5377486379956988, "7": 2.2435138151225873, "8": 2.6061558134427907, "9": 2.368771403969303, "10": 2.7179704274371206, "11": 2.419144239293999, "12": 1.5647139066239537, "13": 2.3685303524280474, "14": 2.3256964235365127, "15": 1.6277997960383783, "16": 2.708955179765551, "17": 1.6447738253534092, "18": 3.551346844335946, "19": 2.5840639879974465, "20": 1.7080669985470565, "21": 2.514730264035014, "22": 2.6557655031378262, "23": 2.107732401779669, "24": 2.213873754287859, "25": 3.1248831385498472, "26": 2.2030104901911334, "27": 2.0566131083330905, "28": 2.7293819294806485, "29": 2.3436219302373837, "30": 2.3745729430239946, "31": 1.4398135597009878}, "common": {"0": 4.243159590983792, "1": 4.346744130131718, "2": 4.738075119730682, "3": 5.387195954416771, "4": 4.767980385838922, "5": 5.30412221477621, "6": 4.646045611378729, "7": 4.51400847523655, "8": 4.922023775903325, "9": 5.122955864511018, "10": 5.799529843004653, "11": 5.1212397477155855, "12": 4.845989349025949, "13": 5.5007807983946515, "14": 4.713663096533736, "15": 4.770659885970361, "16": 4.309517989231621, "17": 4.754686899382154, "18": 6.4954656319405455, "19": 5.128402313043485, "20": 4.961083449487684, "21": 4.805373456983311, "22": 4.566907541647024, "23": 5.184290748418483, "24": 5.253166653495613, "25": 5.552406413101923, "26": 5.560278236487408, "27": 4.541953465640429, "28": 4.832311665906273, "29": 4.453110819132761, "30": 4.958973033135844, "31": 4.855286641843904}, "ast_wo_identifiers": {"0": 2.8785407128177156, "1": 2.8974058367549262, "2": 2.7460342409625214, "3": 3.171985719987843, "4": 2.6141587121497505, "5": 3.16578305253358, "6": 2.3607936916483823, "7": 3.1497992290975416, "8": 3.3841494496328357, "9": 3.2418730713447275, "10": 3.6738450855396096, "11": 3.3380304550853985, "12": 2.57272739935765, "13": 3.265637763326167, "14": 2.9513821216758678, "15": 2.563768260299045, "16": 3.1055895295681393, "17": 2.4890813794251683, "18": 4.4943834373384455, "19": 3.227425359072697, "20": 2.6985376686220794, "21": 3.3797467960796466, "22": 3.212015786386393, "23": 2.93895046299568, "24": 2.9818535368720793, "25": 3.655349046474035, "26": 3.21196416596462, "27": 2.7496901319494795, "28": 3.2526433690924192, "29": 3.2054647621321393, "30": 3.070992740406467, "31": 2.4481392015383694}}