{"ast": {"0": 4.5890017412354895, "1": 6.398086205918254, "2": 4.262802749771828, "3": 4.822210370270945, "4": 5.1306820644794096, "5": 4.858826569328366, "6": 4.496088925573117, "7": 4.447984701138432, "8": 5.009324324607374, "9": 4.8834005282120145, "10": 4.7456993582435, "11": 4.615822572862996, "12": 4.504228631236191, "13": 4.728784121013072, "14": 4.3598908160079395, "15": 4.530192977666783, "16": 4.564162135186242, "17": 5.865755224329975, "18": 4.579199521644272, "19": 4.633820357877216, "20": 4.509326997708237, "21": 4.538586381174339, "22": 4.570203649531659, "23": 4.7605313683244335, "24": 4.443375738155694, "25": 5.115241053150537, "26": 4.527374195740653, "27": 4.652772561135463, "28": 4.157465336171106, "29": 4.187612642748551, "30": 4.784637415017688, "31": 5.101961098241557}, "dfg": {"0": 1.6102130986936323, "1": 3.925981343049518, "2": 1.7570165060871423, "3": 2.4320694732128976, "4": 2.1928206767907032, "5": 2.6794678033662915, "6": 1.4416127856278633, "7": 1.451072318015983, "8": 2.0076626851143256, "9": 1.9312418808114682, "10": 2.092746233804451, "11": 2.419991438603801, "12": 1.4168802716050837, "13": 1.6307723402872427, "14": 1.7661080222297014, "15": 1.4186734728214307, "16": 1.4768548230083662, "17": 3.72447820851318, "18": 1.5032829993255976, "19": 2.3549696281495853, "20": 1.494398099610916, "21": 1.5693615996528338, "22": 1.5723768602278, "23": 1.6467529432101722, "24": 2.2999669544424743, "25": 2.1514341089242466, "26": 1.421091822203209, "27": 1.5768334097990757, "28": 1.828316697659758, "29": 2.358116101016893, "30": 1.706362260762874, "31": 2.7919908495190375}, "common": {"0": 4.865700699415351, "1": 6.575399550647376, "2": 4.521842097322699, "3": 5.071743149955992, "4": 5.405925233486583, "5": 5.0959385011658265, "6": 4.779328487802975, "7": 4.729571123525718, "8": 5.293026765513391, "9": 5.156452934059934, "10": 5.016000855349099, "11": 4.895207541923453, "12": 4.788870760022628, "13": 5.012814279695586, "14": 4.645352929900902, "15": 4.814173341022344, "16": 4.847902792649544, "17": 6.131647088836704, "18": 4.864315962554789, "19": 4.911333667798019, "20": 4.791681272075733, "21": 4.8209420440830115, "22": 4.853743231885162, "23": 5.040225947846083, "24": 4.672493221766697, "25": 5.388535212729713, "26": 4.813258570612694, "27": 4.936847850123158, "28": 4.4251221421009, "29": 4.442317881308033, "30": 5.066258052078442, "31": 5.298969606592526}, "ast_wo_identifiers": {"0": 2.585329193376035, "1": 4.839272297596113, "2": 2.6162870226382293, "3": 3.086321366451536, "4": 3.099943710691039, "5": 3.472443170415877, "6": 2.410750289261521, "7": 2.389293916988045, "8": 2.932224923295307, "9": 2.9084603674898046, "10": 2.7900245720633223, "11": 2.8780111719571932, "12": 2.4295859047345045, "13": 2.6344364073867577, "14": 2.435110272504505, "15": 2.4443460574610794, "16": 2.4806283359964802, "17": 4.23758593026542, "18": 2.4991308714903626, "19": 2.963629329699405, "20": 2.512647326758618, "21": 2.498876258950692, "22": 2.5781838222823157, "23": 2.6607865705726033, "24": 3.094261690316605, "25": 3.111072579777091, "26": 2.4309240826658716, "27": 2.5492963903181978, "28": 2.4360187900584958, "29": 2.7713792398108725, "30": 2.7041295930270226, "31": 3.397160379343148}}