{"ast": {"0": 5.656550451044475, "1": 5.317008034602416, "2": 4.9791605365492595, "3": 4.959891923100297, "4": 4.786740695126248, "5": 5.16805901909488, "6": 5.282682981305331, "7": 4.091851006965565, "8": 4.3353012201757215, "9": 5.307804698138494, "10": 4.201758072075365, "11": 4.808334303319695, "12": 4.80068740696393, "13": 4.3868883468281865, "14": 5.279605646867824, "15": 4.871890610412607, "16": 5.060735639473926, "17": 4.541724479536779, "18": 4.954933885484108, "19": 4.993225892360553, "20": 5.065398371193435, "21": 4.533813460454743, "22": 4.5543961697457345, "23": 4.286917017296438, "24": 4.59920931397283, "25": 4.84345178706982, "26": 5.056168820622629, "27": 4.565476290884173, "28": 5.331430374326024, "29": 4.941402623291549, "30": 4.933949111862657, "31": 4.752565136578427}, "dfg": {"0": 2.9770298205704933, "1": 2.395349558633003, "2": 3.087829671255636, "3": 2.641035942389585, "4": 2.2164966373043793, "5": 2.174185491115612, "6": 2.690664784891041, "7": 2.1337713070165143, "8": 2.210780365286164, "9": 2.6065173419213563, "10": 1.70643034509471, "11": 1.8301588714692376, "12": 3.133636078719555, "13": 2.052559906116558, "14": 2.24892143356306, "15": 1.993885751401842, "16": 2.4151474565343327, "17": 1.4494104205664764, "18": 2.21577840291699, "19": 2.2343432456181858, "20": 2.359165755988813, "21": 1.5511579521883712, "22": 1.4331206504690968, "23": 1.609503951869305, "24": 1.5386379920325164, "25": 1.718016823619049, "26": 2.7331474099162447, "27": 1.9245983555034347, "28": 2.5443389037964215, "29": 2.144586102050526, "30": 2.0414427622648925, "31": 2.121005390540246}, "common": {"0": 5.893409958185106, "1": 5.585101475168678, "2": 5.201806485836699, "3": 5.2277458603815505, "4": 5.0599880035620535, "5": 5.444526007963128, "6": 5.52917380196455, "7": 4.329780146379222, "8": 4.54348152297596, "9": 5.5755482846095665, "10": 4.436903325507268, "11": 5.07688503105459, "12": 5.046874125761935, "13": 4.659844699190461, "14": 5.510836570069592, "15": 5.1504026410229615, "16": 5.3371579955748265, "17": 4.823131087256708, "18": 5.234565129000186, "19": 5.264258746715255, "20": 5.3222136536676325, "21": 4.811076581406915, "22": 4.834828795213098, "23": 4.524660135803489, "24": 4.88539891916207, "25": 5.098184496892581, "26": 5.306383802855282, "27": 4.789884821617862, "28": 5.581835292120382, "29": 5.222112508671872, "30": 5.202331799840239, "31": 5.017652031024809}, "ast_wo_identifiers": {"0": 3.8821023302160507, "1": 3.349975466912528, "2": 3.6602150887086906, "3": 3.2153724741106364, "4": 2.9794459532630952, "5": 3.0891650883212542, "6": 3.421974759625715, "7": 2.991773756210255, "8": 3.097877360096455, "9": 3.5062625785950137, "10": 2.485444832526415, "11": 2.7850266710901104, "12": 3.8660379402731238, "13": 2.875968911771992, "14": 3.238389494488013, "15": 2.9351068700136955, "16": 3.1876319987559554, "17": 2.460658281259208, "18": 2.990547699060884, "19": 3.1243584031846905, "20": 3.1860633619052035, "21": 2.5577394533224918, "22": 2.4431856336369813, "23": 2.49881057466834, "24": 2.5246588807165398, "25": 2.7630073715141967, "26": 3.6037356235219886, "27": 2.939030481233454, "28": 3.4677508458842405, "29": 3.018827910290801, "30": 2.9438510844548027, "31": 3.065546198564574}}