{"ast": {"0": 4.225730807926706, "1": 4.562972813266707, "2": 4.858232018706295, "3": 4.3034203258767745, "4": 5.562009346577254, "5": 5.1658169306694335, "6": 4.762167076563002, "7": 4.088264005904191, "8": 4.192879493159138, "9": 5.403248831944665, "10": 4.630369416515945, "11": 4.588713215937734, "12": 4.6933032425144265, "13": 5.540872583101513, "14": 5.502888561859828, "15": 4.358267704063217, "16": 4.736917403991642, "17": 4.979744722726539, "18": 4.615886056828192, "19": 4.980652753784199, "20": 4.128756088720718, "21": 4.53178585137297, "22": 3.790568191357786, "23": 4.312757312043357, "24": 5.33820652836087, "25": 4.7365015980516425, "26": 4.997797686981851, "27": 4.671121748228538, "28": 4.2138066098565465, "29": 4.808982617245753, "30": 5.580311878474614, "31": 4.670519824524326}, "dfg": {"0": 2.2614584619888563, "1": 1.4780606926469773, "2": 2.9320140613415524, "3": 1.9919203414745432, "4": 3.211597086412546, "5": 2.0939900200023844, "6": 1.9198061681835907, "7": 1.8113961055002556, "8": 1.6547761343988805, "9": 2.49760773954946, "10": 1.7266218852424047, "11": 1.4650862868258243, "12": 2.800013385451761, "13": 2.652500464498787, "14": 2.7970735658376276, "15": 2.3075244897079044, "16": 1.8426039285233602, "17": 2.32474621140753, "18": 1.6470192468738418, "19": 2.2470290189269964, "20": 3.0125310473753104, "21": 1.7013353134624885, "22": 2.4304264584493542, "23": 2.203017848876478, "24": 2.505468917098001, "25": 1.6719384776832076, "26": 2.429498037762541, "27": 2.2766925726095355, "28": 1.9294152805549176, "29": 1.8823449010948956, "30": 2.9116277308030263, "31": 1.6158245014580488}, "common": {"0": 4.427110312331515, "1": 4.849098599317565, "2": 5.1122396595015065, "3": 4.52413168494313, "4": 5.834458928954819, "5": 5.388955337949784, "6": 5.0145785174299355, "7": 4.291161833573257, "8": 4.437472769629283, "9": 5.657388084630671, "10": 4.887293292744998, "11": 4.869977765221529, "12": 4.915617015652232, "13": 5.779370386587572, "14": 5.755308999687434, "15": 4.582286281754369, "16": 5.018969771839097, "17": 5.253391212764895, "18": 4.900551226394507, "19": 5.256373623078701, "20": 4.3448204508883705, "21": 4.80487775166432, "22": 4.001346900291351, "23": 4.541578360043492, "24": 5.574134895444876, "25": 5.017082049482091, "26": 5.263191963516651, "27": 4.91864724854371, "28": 4.477673944821245, "29": 5.093989407388232, "30": 5.787978767223239, "31": 4.946469488992478}, "ast_wo_identifiers": {"0": 3.1616658999110485, "1": 2.4730662333052216, "2": 3.5233725140532597, "3": 2.8705872522109206, "4": 3.903915752107578, "5": 3.100459052335041, "6": 2.9337735848718354, "7": 2.601074227780269, "8": 2.3924220168133035, "9": 3.466603221220753, "10": 2.682333164449264, "11": 2.4734882931471716, "12": 3.360867770987026, "13": 3.59294149852349, "14": 3.6971186411279082, "15": 3.327868118630865, "16": 2.7866425018639904, "17": 3.1364077993527824, "18": 2.5849181850766496, "19": 3.10621948837547, "20": 3.4046732608863586, "21": 2.642090327347496, "22": 3.1166803169858537, "23": 2.9869944485236894, "24": 3.437456466031543, "25": 2.67428820209698, "26": 3.2414841586966396, "27": 3.201508579042343, "28": 2.854204799403219, "29": 2.825293355387701, "30": 3.874520539539681, "31": 2.6348935478022266}}