{"ast": {"0": 4.446197697819775, "1": 5.2748953282963065, "2": 3.9835685542177064, "3": 4.694285839863042, "4": 4.536094113623021, "5": 4.555795849413107, "6": 4.982417508337169, "7": 4.690757535772563, "8": 4.9083405940722304, "9": 4.593433907207528, "10": 4.846135525547771, "11": 4.542201929150094, "12": 5.109341115399045, "13": 4.556433000396109, "14": 4.532207557896926, "15": 4.8382586898644595, "16": 4.59432193687002, "17": 4.372225382236583, "18": 4.635085942995312, "19": 4.977572868596297, "20": 4.58731703705444, "21": 4.548169311868544, "22": 4.5120670449602285, "23": 4.8849984082264815, "24": 4.889028758321477, "25": 4.703629737020886, "26": 5.02215045666645, "27": 4.990956121686273, "28": 4.672394283588861, "29": 4.605623213595534, "30": 4.522426920507714, "31": 4.513729410979455}, "dfg": {"0": 1.4896607756459381, "1": 2.347108976421912, "2": 2.5694651337518604, "3": 2.521023062869944, "4": 1.4423338970481434, "5": 1.810151798382206, "6": 1.9472849901035625, "7": 1.5980068831922165, "8": 1.8513202880425854, "9": 1.5530368140917827, "10": 1.965543458118223, "11": 1.4719251332650398, "12": 2.0884486586212225, "13": 1.529480088339019, "14": 1.4431157935463286, "15": 1.8634019522672625, "16": 1.586913574766615, "17": 1.71160711944338, "18": 1.578593370285672, "19": 1.9599361903213453, "20": 1.5517705814254839, "21": 1.5130141683745515, "22": 1.7352432941021654, "23": 2.079771011379635, "24": 1.794631602402715, "25": 1.6581318472094044, "26": 2.068542615458595, "27": 1.9821870925748275, "28": 1.587275669776029, "29": 2.5873803168403193, "30": 1.62559756773624, "31": 1.4469847450012063}, "common": {"0": 4.722816378909529, "1": 5.539519004708602, "2": 4.203998349915549, "3": 4.953679502424908, "4": 4.821428952295495, "5": 4.84085025273927, "6": 5.257069903987704, "7": 4.9696647421496385, "8": 5.190782908776515, "9": 4.873256744218715, "10": 5.116611630992442, "11": 4.8276898826691665, "12": 5.385683010271816, "13": 4.838064946914739, "14": 4.8146409309492215, "15": 5.093893334709715, "16": 4.878847375496995, "17": 4.6477629693380935, "18": 4.915178607452238, "19": 5.253167595316228, "20": 4.8711106357258185, "21": 4.832758904735165, "22": 4.796575696530856, "23": 5.163503286855936, "24": 5.169229839736704, "25": 4.98637981254026, "26": 5.276098411408308, "27": 5.265876755006097, "28": 4.95291738622039, "29": 4.791618770184013, "30": 4.799599854089075, "31": 4.793425792313326}, "ast_wo_identifiers": {"0": 2.510516403084285, "1": 3.260351714457533, "2": 3.022720659134453, "3": 3.1335323700443434, "4": 2.4465446305619465, "5": 2.6291204182765044, "6": 2.9407283948256864, "7": 2.6077365696505947, "8": 2.837898834959875, "9": 2.5175350509938275, "10": 2.931717434251328, "11": 2.4599116601492645, "12": 3.03853409960822, "13": 2.525383411743502, "14": 2.4403635114022917, "15": 2.8792685111800522, "16": 2.562298231466113, "17": 2.5744335106318896, "18": 2.5696347590637774, "19": 2.9445080697954404, "20": 2.5376874396551443, "21": 2.456425653395996, "22": 2.5272873492088626, "23": 2.990806041457974, "24": 2.7971179599706746, "25": 2.613920072991585, "26": 3.052435854048818, "27": 2.966532087813916, "28": 2.5895177635201203, "29": 3.473655613243616, "30": 2.5613601584587746, "31": 2.4677591388194218}}