{"ast": {"0": 4.513998202254596, "1": 4.7840843945503, "2": 4.424658005809982, "3": 4.301024862205139, "4": 4.517904967509799, "5": 4.570828897207868, "6": 4.531572501408961, "7": 4.881714425425857, "8": 4.486956364381547, "9": 4.708407691374828, "10": 4.529843546412072, "11": 5.20098391358738, "12": 4.666535545446581, "13": 4.902942742115314, "14": 4.157454333480954, "15": 4.475920360066852, "16": 4.599025033095724, "17": 4.798198419285663, "18": 4.8479476227955285, "19": 4.5681113246356055, "20": 4.579242496291516, "21": 4.815222876865507, "22": 4.524475200681202, "23": 4.128652338179098, "24": 5.255738930341608, "25": 4.545070667861749, "26": 4.587769781323116, "27": 4.509376491319399, "28": 4.533752311950244, "29": 4.414103737171637, "30": 4.139279115980361, "31": 4.869399516005228}, "dfg": {"0": 1.6909556092565536, "1": 1.7003284879888039, "2": 1.576929327242666, "3": 1.84706361956078, "4": 1.4585215937206881, "5": 1.5064100874161583, "6": 1.5960740784160268, "7": 1.934698982025861, "8": 1.427567664095224, "9": 1.6136684641063417, "10": 1.489474894340306, "11": 2.5042435952103386, "12": 1.5882442318227195, "13": 1.8636287130189533, "14": 2.0781559237187843, "15": 1.4722323103509423, "16": 1.545096318246639, "17": 1.935376566089883, "18": 1.7471906101796224, "19": 2.002820461526705, "20": 1.6033779803217676, "21": 1.7590950277254105, "22": 1.4763179745064194, "23": 1.8294040965109375, "24": 2.672367474045834, "25": 1.590363386228785, "26": 1.5781250485121383, "27": 1.4913936598712956, "28": 1.45974917769076, "29": 2.2298267115809804, "30": 2.1476886792068974, "31": 2.0279814011830744}, "common": {"0": 4.798754227910634, "1": 5.065004455466721, "2": 4.709030122296835, "3": 4.568992999738587, "4": 4.7916893559819815, "5": 4.853288095267366, "6": 4.799733575432544, "7": 5.1610528337109605, "8": 4.770332686501759, "9": 4.9879521574229475, "10": 4.811016741349078, "11": 5.463235850525984, "12": 4.945204115537012, "13": 5.177113364385643, "14": 4.421408976866066, "15": 4.759140949533805, "16": 4.884072826347543, "17": 5.07886488751652, "18": 5.125608629032875, "19": 4.844723184514001, "20": 4.8637387037869315, "21": 5.09251649298672, "22": 4.808368092316171, "23": 4.397568804297154, "24": 5.509702236639672, "25": 4.830186597445844, "26": 4.868393432377478, "27": 4.792876432230164, "28": 4.817534573389549, "29": 4.6585394437681975, "30": 4.348787015743966, "31": 5.131275945806945}, "ast_wo_identifiers": {"0": 2.524076300883197, "1": 2.6981704770372423, "2": 2.450135373184009, "3": 2.865728968285791, "4": 2.4850763618174625, "5": 2.5112694452371582, "6": 2.512085168070014, "7": 2.8483352276426475, "8": 2.4342717419123807, "9": 2.619256257547972, "10": 2.4960670516779, "11": 3.433602669669832, "12": 2.5946226211534973, "13": 2.8526129092290775, "14": 2.865388416617076, "15": 2.44621001675732, "16": 2.5206550320891545, "17": 2.8511222124222826, "18": 2.7548635233177103, "19": 2.667575999337722, "20": 2.5496415902468366, "21": 2.7507059853687768, "22": 2.4668012629138407, "23": 2.6685371846142125, "24": 3.5117404170458855, "25": 2.5007024006622602, "26": 2.527538010512541, "27": 2.4619056164911504, "28": 2.466432061515178, "29": 3.079093317797118, "30": 2.8136783309966864, "31": 2.8487442446859137}}