{"ast": {"0": 4.163100870910159, "1": 4.830113687227157, "2": 4.739176629705019, "3": 4.0287898974975365, "4": 3.130940267964449, "5": 3.2574426248448227, "6": 4.337822906637006, "7": 5.457835154508478, "8": 5.97778182248264, "9": 6.098599132599324, "10": 4.514236176303477, "11": 5.302437392191019, "12": 4.474817926243984, "13": 5.9883447953078575, "14": 4.02363466680938, "15": 4.8718564011998, "16": 4.384710752172763, "17": 4.222858339967483, "18": 5.178749834872558, "19": 4.448911323151708, "20": 3.962133701077558, "21": 3.145614413379374, "22": 5.707902128123727, "23": 7.130596594726427, "24": 6.8723711858331535, "25": 3.4436898158979923, "26": 5.253782906423471, "27": 4.88670444466685, "28": 5.03786710684317, "29": 5.48841720973682, "30": 5.377476242469369, "31": 4.911406927980863}, "dfg": {"0": 3.3503710950827728, "1": 3.1294355725130587, "2": 2.7470230037196197, "3": 2.926631369676868, "4": 1.9059631474371512, "5": 1.3854191044914568, "6": 3.4438140290709214, "7": 3.3257150770468553, "8": 3.5570139080199565, "9": 3.937921960113548, "10": 3.229163441133322, "11": 2.553447406543229, "12": 1.3662298060932583, "13": 3.8375928713999183, "14": 2.845743147073347, "15": 2.534975034418108, "16": 3.2175372805773104, "17": 3.2811794409898773, "18": 2.675840979879257, "19": 2.867420085009308, "20": 2.7930808415466073, "21": 2.073717725765914, "22": 2.783248208816021, "23": 5.94457405285393, "24": 4.5292100257314045, "25": 2.7084950351550323, "26": 2.9752154565380704, "27": 2.5697470951508836, "28": 2.9725330090066233, "29": 2.996322570249338, "30": 2.4334384398182816, "31": 3.1855805991810913}, "common": {"0": 4.363240309770078, "1": 5.0798931980857365, "2": 4.961825474803382, "3": 4.258319775557721, "4": 3.3871068229251162, "5": 3.533838097956617, "6": 4.5740983731246185, "7": 5.695413109360105, "8": 6.222311751013357, "9": 6.306066452430991, "10": 4.704140600151756, "11": 5.554155458183628, "12": 4.756616517731601, "13": 6.192459114932824, "14": 4.211389207964357, "15": 5.121548901405163, "16": 4.608277217291661, "17": 4.445126776483973, "18": 5.456338156924389, "19": 4.676095909002845, "20": 4.162552061495224, "21": 3.3561456988633034, "22": 5.836183243622571, "23": 7.381478429063189, "24": 7.114169520596042, "25": 3.6540788407898135, "26": 5.5100002275777715, "27": 5.138150891630599, "28": 5.29874898434475, "29": 5.735352429713709, "30": 5.634374100469846, "31": 5.132757358833241}, "ast_wo_identifiers": {"0": 3.834567138760149, "1": 3.641531783611568, "2": 3.4809407694342602, "3": 3.4860218452164067, "4": 2.4423957297507326, "5": 2.3209309759221024, "6": 3.9759147739865957, "7": 4.03296478859009, "8": 4.290885779025567, "9": 4.64976469843462, "10": 3.978006508769284, "11": 3.404574772613722, "12": 2.387790004717353, "13": 4.522645366164297, "14": 3.482530467779757, "15": 3.3191538682978505, "16": 3.8404959187142587, "17": 3.8289747039015576, "18": 3.4197823872236515, "19": 3.598015725364714, "20": 3.3247543689275947, "21": 2.6284811744918617, "22": 3.8122166873074805, "23": 6.136042328841118, "24": 5.375812050526264, "25": 3.2233618498006025, "26": 3.697231522417337, "27": 3.300362431698282, "28": 3.587658302496254, "29": 3.832492064213216, "30": 3.4320631416022405, "31": 3.9584752727648915}}