{"ast": {"0": 4.660340069731438, "1": 6.187689184666216, "2": 5.635946356279757, "3": 4.706376400894597, "4": 4.135786037364142, "5": 4.4191111684247275, "6": 4.488032337260603, "7": 4.795695890575428, "8": 4.242176283137996, "9": 4.56124371629004, "10": 4.709891371162274, "11": 5.37066028322736, "12": 5.11173281799022, "13": 4.849846380909888, "14": 5.293315664065117, "15": 4.8499066259672965, "16": 5.152086238106561, "17": 4.494138772783389, "18": 4.258686185783141, "19": 5.202770394282951, "20": 5.200431914322192, "21": 5.590271298638973, "22": 4.131865656429488, "23": 3.8554045223684668, "24": 5.357523875692222, "25": 4.768934739889074, "26": 4.515513289366121, "27": 5.149110594267749, "28": 4.588811425989773, "29": 4.437462210353212, "30": 4.198492858313936, "31": 5.272476607997907}, "dfg": {"0": 2.910096622555081, "1": 3.9560711636258383, "2": 3.5087634042317988, "3": 2.429351145116464, "4": 2.4488339131261476, "5": 2.795912131488747, "6": 2.1314988978564964, "7": 2.0833448240476127, "8": 2.3131596989547516, "9": 1.9950683963757492, "10": 1.7711063832591887, "11": 3.302746712887317, "12": 2.0388093540115393, "13": 2.9702712544546572, "14": 2.488971294449084, "15": 1.8243749939261833, "16": 2.4309571948365423, "17": 1.6941748787500652, "18": 2.683245594819027, "19": 2.6668110020687275, "20": 2.30708513262807, "21": 2.657676432274104, "22": 2.157456093036908, "23": 2.3093155939413843, "24": 2.3181261824961523, "25": 2.0082197355844293, "26": 1.5211379048962768, "27": 2.5019181522266374, "28": 2.905432638060053, "29": 2.4931980850640283, "30": 2.282213752506586, "31": 2.226351258502781}, "common": {"0": 4.928463519269718, "1": 6.400157184556224, "2": 5.875227076312936, "3": 4.9778654952621855, "4": 4.332860086320872, "5": 4.66829076426105, "6": 4.7226531911349365, "7": 5.072271429058791, "8": 4.452250465155226, "9": 4.834976135626966, "10": 4.9943549463421615, "11": 5.6356190637440635, "12": 5.390840230130479, "13": 5.102445981911153, "14": 5.543477903135364, "15": 5.12865304920827, "16": 5.417312597072307, "17": 4.745232724331768, "18": 4.466215470800043, "19": 5.482614492581255, "20": 5.467313999894487, "21": 5.804011353642734, "22": 4.343538258263962, "23": 4.054450058517249, "24": 5.623484988249918, "25": 5.048467010119968, "26": 4.80052623919978, "27": 5.406425372373435, "28": 4.824827745371744, "29": 4.6964607272357535, "30": 4.3897215504250795, "31": 5.535113380829904}, "ast_wo_identifiers": {"0": 3.339523140345647, "1": 4.770168668198017, "2": 4.159931180477668, "3": 3.1298833342572325, "4": 3.0150756794788927, "5": 3.67502957422417, "6": 2.851754483797565, "7": 2.9474083188767692, "8": 2.8454966093202447, "9": 2.989010612242086, "10": 2.6933133668746976, "11": 3.771601287328411, "12": 3.0332022450429026, "13": 3.4891834278597047, "14": 3.395144082452642, "15": 2.767539979429401, "16": 3.2433181769379877, "17": 2.6367390266538844, "18": 3.1311517239020934, "19": 3.3439465908169765, "20": 3.224512817926351, "21": 3.626367585902571, "22": 2.7104668601485487, "23": 2.823775264533039, "24": 3.323075450702356, "25": 2.830527417690017, "26": 2.4764142582757227, "27": 3.4487758024736874, "28": 3.49501082980716, "29": 3.2963148910707707, "30": 2.9175356641368526, "31": 3.227205403966059}}