{"ast": {"0": 4.946475690096384, "1": 4.909323430542437, "2": 4.526099446852721, "3": 5.010522856043571, "4": 5.723385975884074, "5": 4.346783936953726, "6": 4.230341594547943, "7": 4.469618866661201, "8": 4.559807723947733, "9": 5.482507533388247, "10": 4.539402028477586, "11": 4.195725890511302, "12": 4.477858876598633, "13": 4.817793076267311, "14": 4.355173574562481, "15": 4.787746055283677, "16": 4.838152568304378, "17": 4.91227603239636, "18": 4.907457741662843, "19": 4.509130674956958, "20": 4.686305858986987, "21": 4.1413212850862005, "22": 4.699111252492476, "23": 4.673356820629281, "24": 4.383315273390642, "25": 4.838082626248073, "26": 5.163889210206437, "27": 4.164939811863616, "28": 4.767263400622963, "29": 4.90106124549652, "30": 4.677973775813364, "31": 4.541943784939409}, "dfg": {"0": 1.910048454752536, "1": 2.3070179578269787, "2": 1.4167594129177037, "3": 1.999070383531859, "4": 3.1401485602011032, "5": 1.5209216977358946, "6": 1.6308209196959593, "7": 2.329455733176548, "8": 2.311103870544355, "9": 2.74730842055025, "10": 1.6297953831636933, "11": 2.293174679896903, "12": 1.4289892328791531, "13": 1.893639665087122, "14": 1.7051991202432266, "15": 1.7016182302999818, "16": 1.7415078684886174, "17": 1.9212641392670793, "18": 2.509330221492623, "19": 1.4890159196391193, "20": 1.7032088142174107, "21": 2.4393413779954627, "22": 1.6684972509618992, "23": 1.582503713824796, "24": 1.5098893822757116, "25": 1.8595143038311914, "26": 2.1773326362932774, "27": 2.252812907693908, "28": 1.7477737822253188, "29": 2.427358169578139, "30": 1.5971423028379803, "31": 1.6971135516792917}, "common": {"0": 5.223013778488959, "1": 5.165292357375569, "2": 4.8070162450859115, "3": 5.279973227175979, "4": 5.971453120056805, "5": 4.60514404993543, "6": 4.452239397495567, "7": 4.680654444090732, "8": 4.827401214528418, "9": 5.745550214150132, "10": 4.818840058884427, "11": 4.4739374688773035, "12": 4.758986265272211, "13": 5.101092796540177, "14": 4.618698582886937, "15": 5.061653024238669, "16": 5.10574360111254, "17": 5.161019385975637, "18": 5.168183489529811, "19": 4.792536159382112, "20": 4.9685469411513985, "21": 4.408665510158398, "22": 4.980091465930259, "23": 4.953815557946245, "24": 4.660719106177685, "25": 5.109344940282445, "26": 5.431403456362302, "27": 4.436035019906553, "28": 5.047806219394521, "29": 5.160344499601135, "30": 4.961456468257288, "31": 4.800837747450105}, "ast_wo_identifiers": {"0": 2.870984508324191, "1": 3.2282219614110685, "2": 2.4291857979243274, "3": 2.9581060515240876, "4": 4.069218946873766, "5": 2.4634195956194507, "6": 2.527908159024413, "7": 2.9244405571496115, "8": 3.1045689295102457, "9": 3.6408422143202746, "10": 2.532266980656297, "11": 2.7188324432099016, "12": 2.4157528056196336, "13": 2.828031688709663, "14": 2.6453266647373135, "15": 2.699326272245089, "16": 2.7581039878023144, "17": 2.9592479529941897, "18": 3.36609534152599, "19": 2.4788624147311022, "20": 2.6912751228497447, "21": 2.87253046339727, "22": 2.633908307307056, "23": 2.5978257197269583, "24": 2.564639764909754, "25": 2.783223319947754, "26": 3.1319911555800974, "27": 2.9780406096921768, "28": 2.712749341389726, "29": 3.2710155593286814, "30": 2.5893071225769346, "31": 2.5694964267722975}}