{"ast": {"0": 4.566305809598339, "1": 4.6144282636949985, "2": 4.531875855034829, "3": 4.222930852558721, "4": 4.662208894648269, "5": 4.386115643534336, "6": 5.146052086786151, "7": 4.891551474138581, "8": 4.97243795144897, "9": 4.359451756525871, "10": 4.4300030864806255, "11": 4.527970854780399, "12": 4.747535586984476, "13": 5.7053992806195435, "14": 4.560352496135034, "15": 4.564584001638097, "16": 4.395022610394988, "17": 4.684278860312734, "18": 4.931329611848985, "19": 4.788556564164256, "20": 4.519339269902336, "21": 4.446990944723429, "22": 4.909201940107882, "23": 4.647003068773823, "24": 4.532565352825817, "25": 4.859980861125057, "26": 4.53335085306066, "27": 5.547385918872265, "28": 4.567191326417742, "29": 4.858606882103453, "30": 5.766201603945806, "31": 4.500233090626947}, "dfg": {"0": 1.5992161526160131, "1": 1.5851678484541052, "2": 1.4813401170676859, "3": 1.9616261725669164, "4": 2.186371375644359, "5": 1.652714398118191, "6": 2.3010845504577557, "7": 1.8360202929716871, "8": 1.979085824912952, "9": 1.7434905460277061, "10": 2.242697432504336, "11": 1.6728929010165279, "12": 2.4384755919124497, "13": 3.4045422588784136, "14": 1.5609460336698238, "15": 1.6285756199677115, "16": 2.3318343230124445, "17": 1.6426950743624211, "18": 1.8437645485738996, "19": 1.7428064251007565, "20": 1.4259122733879017, "21": 2.342581661877598, "22": 1.861795975422827, "23": 2.5995467408343247, "24": 1.4236714685842935, "25": 1.761804141453917, "26": 2.8621996360554833, "27": 2.970640451946429, "28": 1.6312742719258126, "29": 2.4717267153197917, "30": 3.271377633491619, "31": 1.746995030197005}, "common": {"0": 4.8488652999928, "1": 4.898106959858418, "2": 4.815912585844993, "3": 4.472589170147381, "4": 4.925208882982821, "5": 4.653700927689762, "6": 5.416410545238, "7": 5.167197575795523, "8": 5.240463039642732, "9": 4.643669523124866, "10": 4.681834780037541, "11": 4.809983283403162, "12": 5.021998952544028, "13": 5.986049156885676, "14": 4.8348575939350535, "15": 4.848817405769387, "16": 4.596858362337483, "17": 4.968563152418062, "18": 5.209546780689089, "19": 5.06140940106832, "20": 4.804273573220147, "21": 4.7329652151086865, "22": 5.192284143572199, "23": 4.831553050775041, "24": 4.816223078621657, "25": 5.1372919190457385, "26": 4.717086132829256, "27": 5.825093888099183, "28": 4.840233381707775, "29": 5.102436928100734, "30": 5.9881373013816805, "31": 4.767188781457381}, "ast_wo_identifiers": {"0": 2.5650975358082326, "1": 2.599446400190548, "2": 2.4730169941242255, "3": 2.74478212329879, "4": 3.0736103478205217, "5": 2.562281932894452, "6": 3.1870782491805105, "7": 2.8379021699376628, "8": 2.9773772943812866, "9": 2.4377346183845527, "10": 3.0057072371246067, "11": 2.602799489325774, "12": 3.2039581297167996, "13": 3.8515279538128815, "14": 2.555177994556567, "15": 2.5466298734319732, "16": 3.173563558258794, "17": 2.6567637381457976, "18": 2.8412439607906848, "19": 2.7425102116318003, "20": 2.4320667021298026, "21": 2.672442742606182, "22": 2.823020046908247, "23": 3.4423637992088176, "24": 2.4396895932037075, "25": 2.7704516355419218, "26": 3.711301813406717, "27": 3.6233458390425404, "28": 2.5536558695456315, "29": 3.4183650307735283, "30": 4.236585651965135, "31": 2.545987821544605}}