{"ast": {"0": 4.381552032938987, "1": 4.679166993247332, "2": 5.429719528019307, "3": 4.601776876358681, "4": 4.51290763703691, "5": 4.617049789608736, "6": 4.537021959326128, "7": 4.768614160655007, "8": 4.508232917921945, "9": 4.522429866069029, "10": 4.1538752968214006, "11": 4.577201636676015, "12": 4.470130954047289, "13": 3.938036712984785, "14": 4.49500036903497, "15": 4.958599493503375, "16": 4.541472519587014, "17": 5.279253450966348, "18": 4.534662580567461, "19": 4.5055014656821175, "20": 5.174343913538872, "21": 5.317230450561124, "22": 4.490520745815344, "23": 4.995769318730369, "24": 4.5153738089948074, "25": 4.632664935572599, "26": 4.36622743320926, "27": 5.028828667787417, "28": 4.791945338067813, "29": 3.518710573363527, "30": 4.140239167025574, "31": 5.239133924855085}, "dfg": {"0": 2.147276321037273, "1": 1.9295353562277122, "2": 2.994120966543818, "3": 1.5299681594411612, "4": 1.4896229021678398, "5": 1.6699479261091559, "6": 1.5177149022309553, "7": 2.7642398986313643, "8": 1.432218227596632, "9": 1.4503745391797733, "10": 2.8256884763967034, "11": 2.5151010710455157, "12": 1.7549943848333354, "13": 2.231916186641268, "14": 2.3834542229087217, "15": 2.866879772542877, "16": 1.4367193795547004, "17": 2.2638474313268007, "18": 1.406174342801139, "19": 1.3955362933365911, "20": 2.3697649145690503, "21": 2.6829757764240814, "22": 1.4948762075154414, "23": 2.6783187840429052, "24": 1.6675180971756745, "25": 2.9173627447350854, "26": 2.577387217514954, "27": 3.180533038282158, "28": 2.499964243670497, "29": 3.062946041175919, "30": 1.9475379932605328, "31": 2.179421929549186}, "common": {"0": 4.665629036132679, "1": 4.9628265780803185, "2": 5.6963353937468195, "3": 4.886236875822382, "4": 4.798168417380574, "5": 4.881452034953284, "6": 4.822434179511562, "7": 5.028679111992972, "8": 4.792778845056405, "9": 4.806452332856364, "10": 4.396168994032235, "11": 4.821193104749852, "12": 4.746027005074836, "13": 4.164765866997124, "14": 4.767895902811445, "15": 5.239775476621167, "16": 4.827076706294818, "17": 5.560302593321695, "18": 4.820468252248108, "19": 4.789830170602699, "20": 5.455178128578473, "21": 5.5948955359501005, "22": 4.775638697236069, "23": 5.225308587935444, "24": 4.763917025549462, "25": 4.820496444805957, "26": 4.5840942644, "27": 5.281083697884576, "28": 5.0675917856211115, "29": 3.7231672396560374, "30": 4.393038172482396, "31": 5.49807300395845}, "ast_wo_identifiers": {"0": 2.6800758549168666, "1": 2.7333602524503045, "2": 3.6091620267757807, "3": 2.5573224551433227, "4": 2.488184625897375, "5": 2.6628622825309436, "6": 2.4839880947104382, "7": 3.3208218221046835, "8": 2.436115197560582, "9": 2.4622352537707544, "10": 3.285670178051003, "11": 3.040466696843305, "12": 2.7230308304490185, "13": 2.79310522924099, "14": 2.827651495855442, "15": 3.129952694293142, "16": 2.424198732427496, "17": 3.232695319694833, "18": 2.4197216280228933, "19": 2.411725947163228, "20": 3.205119507688917, "21": 3.4174197915003486, "22": 2.432824929761824, "23": 3.437066593334905, "24": 2.6780886143264353, "25": 3.7938153103568997, "26": 3.323889811724265, "27": 3.379340535846603, "28": 2.930407636367511, "29": 3.4808180987113198, "30": 2.576696492850414, "31": 3.182659680180982}}