{"ast": {"0": 4.337176823004963, "1": 5.641364840602015, "2": 4.485343905019459, "3": 5.133098364717071, "4": 4.824327036364588, "5": 4.691782390223073, "6": 4.382461109570424, "7": 5.479453972733491, "8": 4.534312236313042, "9": 3.987664587277948, "10": 5.076627002227802, "11": 5.002164061039217, "12": 4.115115851408866, "13": 5.213962514617863, "14": 4.19849414366954, "15": 4.817071468967537, "16": 4.548517801049106, "17": 5.413009733653147, "18": 5.0963826420330625, "19": 4.937867018767981, "20": 4.778016993208502, "21": 4.561498862214665, "22": 5.537906032306127, "23": 4.709772349964377, "24": 3.938340887054514, "25": 4.713882225383967, "26": 5.015361790988971, "27": 4.583649628125738, "28": 4.637164806404815, "29": 4.590330994754761, "30": 4.820648803239869, "31": 5.421982632000259}, "dfg": {"0": 2.8992374743499054, "1": 3.450247905529506, "2": 2.43080671368334, "3": 2.9460232356238287, "4": 1.8841834656949905, "5": 1.7743608894454443, "6": 2.743058791394419, "7": 3.479509751873993, "8": 3.4420778071509117, "9": 1.9830004089974878, "10": 2.3079536954859425, "11": 2.078210949022441, "12": 2.315469965182514, "13": 2.606813776577781, "14": 2.0287627963825345, "15": 2.352103202453777, "16": 1.8589877683190315, "17": 3.1065199430755204, "18": 2.7184077066955714, "19": 2.3810549277604545, "20": 1.8144132729312865, "21": 2.0221371438137385, "22": 3.3020999314030792, "23": 3.0472852339588314, "24": 2.045039797998165, "25": 1.9979125360122774, "26": 2.293141204162799, "27": 2.228040841186168, "28": 2.9384395046835037, "29": 2.467889726764033, "30": 3.3194190598360103, "31": 2.8160959485334396}, "common": {"0": 4.578205813352274, "1": 5.884630546565737, "2": 4.7171890913311865, "3": 5.4161216038144175, "4": 5.1088309571868225, "5": 4.970603212749619, "6": 4.645692061246024, "7": 5.698694290601377, "8": 4.743028813338095, "9": 4.187119817267895, "10": 5.349024085648174, "11": 5.264968373298222, "12": 4.298539714096183, "13": 5.487924780262218, "14": 4.472261573034466, "15": 5.077994611192198, "16": 4.814597773753609, "17": 5.696087435328362, "18": 5.3593144559067785, "19": 5.2194833141789845, "20": 5.057746607114949, "21": 4.813598607523846, "22": 5.775527583914229, "23": 4.972538381810543, "24": 4.13164455790264, "25": 4.974996735669551, "26": 5.27741694564248, "27": 4.819512478477255, "28": 4.800080106939209, "29": 4.861107771443847, "30": 5.0507227927664795, "31": 5.685957821811293}, "ast_wo_identifiers": {"0": 3.4708712602992167, "1": 4.03453604904489, "2": 2.924586928105629, "3": 3.471242243900149, "4": 2.7732695411009267, "5": 2.7068165480988844, "6": 3.249532464948416, "7": 4.103058075605536, "8": 3.7850241380160137, "9": 2.623352673537344, "10": 3.1584161556666746, "11": 3.0406224444950483, "12": 2.837188484514919, "13": 3.320256973785274, "14": 2.99310913283031, "15": 3.2475016279439317, "16": 2.711671533803395, "17": 3.5816899698278695, "18": 3.41955233723174, "19": 3.0573250398022145, "20": 2.7040660712455917, "21": 2.7700471444726444, "22": 3.972817462607534, "23": 3.4540210354415026, "24": 2.750221338707334, "25": 2.810962009024471, "26": 3.2165272422196702, "27": 2.9364459812065853, "28": 3.478559021321067, "29": 3.17286244714677, "30": 4.104277546135345, "31": 3.620470926754378}}