{"ast": {"0": 5.2859016018441976, "1": 4.9872876771351, "2": 5.112874077914961, "3": 4.3829974219146255, "4": 4.425442453730242, "5": 4.856758643362498, "6": 4.619949891687675, "7": 4.988685910879872, "8": 4.470210899611153, "9": 4.964028350333025, "10": 4.093709136295874, "11": 4.610441026914627, "12": 4.782733270936548, "13": 4.518914902723668, "14": 4.591647092834854, "15": 4.352477589785587, "16": 5.517399772519008, "17": 4.52159628178571, "18": 5.1936096023334475, "19": 4.674139127407749, "20": 4.45388105784273, "21": 4.077597218216977, "22": 4.676224115259361, "23": 5.323831099702347, "24": 5.133450839969198, "25": 4.595118875411489, "26": 4.772547227010175, "27": 4.994418486065249, "28": 4.815859223834493, "29": 4.6050942477006505, "30": 4.334054307441447, "31": 5.026194285770816}, "dfg": {"0": 2.9623060769710645, "1": 3.1934895129173566, "2": 2.741593689011516, "3": 2.6536279936602676, "4": 1.4725459586854117, "5": 2.24244019711215, "6": 2.534909453416017, "7": 3.272322167464844, "8": 1.6622674913067574, "9": 2.089320716887275, "10": 2.1355079231917182, "11": 1.8651905831688869, "12": 2.2120468290588478, "13": 1.434899058112558, "14": 1.5555271149555727, "15": 2.9900622706130604, "16": 3.2307389215356097, "17": 1.662321184661765, "18": 2.5235115295705466, "19": 3.526083571438544, "20": 1.9403294718734068, "21": 2.914514967570795, "22": 2.613484031867055, "23": 3.0682787507874423, "24": 2.8031232046773344, "25": 1.6254973889070217, "26": 3.4458376792972167, "27": 2.236083715775976, "28": 2.209473650496773, "29": 2.6031930672229056, "30": 2.6122054630205644, "31": 3.24832932885904}, "common": {"0": 5.54823165020913, "1": 5.249203538060354, "2": 5.379710953601193, "3": 4.558632831245441, "4": 4.684820562255907, "5": 5.128203473179663, "6": 4.881872670705392, "7": 5.225496179752274, "8": 4.70679048297016, "9": 5.239500668803951, "10": 4.339654908940651, "11": 4.861734769318182, "12": 5.0425750187279945, "13": 4.79737623631221, "14": 4.877709684338941, "15": 4.563581054109515, "16": 5.778262326661212, "17": 4.80568353488069, "18": 5.4479838287435545, "19": 4.8683620290725775, "20": 4.6724412815936525, "21": 4.295281241138786, "22": 4.951459618112286, "23": 5.577989094489695, "24": 5.36202834499166, "25": 4.872336722723336, "26": 5.010907069534355, "27": 5.273672614836718, "28": 5.0867692762008385, "29": 4.849861668320416, "30": 4.5623175989949, "31": 5.25758913401384}, "ast_wo_identifiers": {"0": 3.676490144343585, "1": 3.7147129060164135, "2": 3.461814445137851, "3": 3.1170249815701516, "4": 2.4872387763300674, "5": 3.0286845999998095, "6": 3.093962251774425, "7": 4.07477515764924, "8": 2.6626900700244294, "9": 2.9779707701444487, "10": 2.780231438573911, "11": 2.8050749415548752, "12": 3.1157406812411836, "13": 2.4356427560961094, "14": 2.513643300713879, "15": 3.6427511102486134, "16": 3.7917314786012732, "17": 2.615848107551902, "18": 3.3802937409446185, "19": 3.972910549126654, "20": 2.7877493299447678, "21": 3.4160684333268656, "22": 3.0186578066681222, "23": 3.667825821657448, "24": 3.581111633094288, "25": 2.5524159514350244, "26": 3.7888423790523187, "27": 3.065932860778303, "28": 2.9382121689432514, "29": 3.2714648915232845, "30": 3.486756530374473, "31": 3.7401823438548805}}