{"ast": {"0": 3.7821210335614874, "1": 4.679298805670328, "2": 4.502251857950313, "3": 4.545910339224874, "4": 4.439230439666134, "5": 4.498430191814561, "6": 3.8809569713896463, "7": 3.932270371211043, "8": 4.571749042076368, "9": 4.790294140764414, "10": 4.850764659191771, "11": 4.568455967422803, "12": 4.324751452765443, "13": 4.537549092212725, "14": 4.315935114491236, "15": 4.4553392550832385, "16": 5.61681458576627, "17": 4.531151344687909, "18": 4.453615337638138, "19": 4.604273487824018, "20": 4.561686180775868, "21": 4.524564096494025, "22": 4.563542008627185, "23": 4.862591431710907, "24": 4.401728065208569, "25": 4.426186644946635, "26": 4.690966370285945, "27": 4.541649271784483, "28": 4.193873511330651, "29": 4.416926205451214, "30": 5.107940066752169, "31": 4.580296406685257}, "dfg": {"0": 3.019860063649097, "1": 1.9363193266715804, "2": 1.3617821774787655, "3": 1.4159265351735497, "4": 1.6939648511932743, "5": 2.394581625572571, "6": 2.0111759192286702, "7": 2.833121924539989, "8": 1.9175983947543402, "9": 2.6695093178830986, "10": 1.8941404587988242, "11": 1.4917408668375527, "12": 2.084855318437962, "13": 1.5229434033591747, "14": 1.653518811725006, "15": 1.7780291050330157, "16": 3.2504237531322024, "17": 1.6041824703230612, "18": 1.6642681146924259, "19": 1.507937972774941, "20": 1.7156634377048148, "21": 1.4687372876725853, "22": 1.7054183607654707, "23": 2.0305703222507008, "24": 1.7374766890531244, "25": 1.4946570939370374, "26": 3.0957607143932586, "27": 1.416269838993211, "28": 1.6361967475281036, "29": 1.7296567792575672, "30": 2.3924657352332597, "31": 1.626960692180119}, "common": {"0": 3.98384853192754, "1": 4.963503340535177, "2": 4.788132612470725, "3": 4.830076609191376, "4": 4.704957054987163, "5": 4.760818554065227, "6": 4.125407734620107, "7": 4.163274333953119, "8": 4.852482947233327, "9": 5.055518310201058, "10": 5.1213769834883776, "11": 4.851767704641821, "12": 4.602568191414982, "13": 4.800182243901696, "14": 4.547470667915355, "15": 4.740043036709695, "16": 5.851086438739441, "17": 4.808589762185621, "18": 4.697565517715456, "19": 4.885349672781986, "20": 4.83584942112562, "21": 4.807988261151342, "22": 4.806314960008661, "23": 5.1299980613032075, "24": 4.687397373996131, "25": 4.695485219202827, "26": 4.871702942784825, "27": 4.827315915995202, "28": 4.4420161539823875, "29": 4.693396377265858, "30": 5.375756662891981, "31": 4.853801994211015}, "ast_wo_identifiers": {"0": 3.261680111733551, "1": 2.770082838594523, "2": 2.3794507204867505, "3": 2.4348366206345897, "4": 2.616240298553134, "5": 3.1527256511267003, "6": 2.678125116730342, "7": 3.302817891084313, "8": 2.639088235915613, "9": 3.2720647468473847, "10": 2.8582403494215454, "11": 2.484666647942597, "12": 2.629298836694545, "13": 2.5117475869716572, "14": 2.761565403510265, "15": 2.5844911232755603, "16": 3.9207319526222717, "17": 2.6543234841346113, "18": 2.5960011954695204, "19": 2.5135714019516397, "20": 2.7414957843539076, "21": 2.478725210480194, "22": 2.709384064082418, "23": 3.0109537251541645, "24": 2.4491703884384513, "25": 2.4533525517332784, "26": 4.156927093436398, "27": 2.4255421456651725, "28": 2.62315614396319, "29": 2.4242603561401936, "30": 3.2634123318306982, "31": 2.6536474485944757}}