{"ast": {"0": 4.744634107468162, "1": 5.041457595398627, "2": 4.625601401437355, "3": 4.199620063181132, "4": 5.43762245951957, "5": 4.907359766905996, "6": 4.058631103580166, "7": 4.605536085602094, "8": 4.750457323750683, "9": 5.615661583538911, "10": 5.2143944404958535, "11": 4.955453613848681, "12": 5.233826293211829, "13": 5.47710798544474, "14": 4.940176086300629, "15": 4.746254547216899, "16": 5.429598865988536, "17": 5.664003566251758, "18": 5.291533584630853, "19": 4.956543178498889, "20": 3.980053430499022, "21": 4.817936206305059, "22": 4.4593852324934335, "23": 4.193702589110566, "24": 5.5855519448439095, "25": 5.339983305587815, "26": 5.01705605453826, "27": 5.552517091946284, "28": 5.516617831356445, "29": 5.559256085110461, "30": 5.153807478363127, "31": 5.018726048912237}, "dfg": {"0": 1.76945250954576, "1": 3.8733753083395253, "2": 2.360755564659195, "3": 2.4632866837617002, "4": 2.621720251507917, "5": 2.815290470715538, "6": 2.7762344198048345, "7": 2.322931221026369, "8": 2.1949593512916254, "9": 3.0903997815687645, "10": 2.3145383129841433, "11": 2.0692919079703587, "12": 2.4165576624783265, "13": 3.5486432343375536, "14": 2.199630244479908, "15": 2.2114024370417438, "16": 2.976469995190721, "17": 3.0766178290551878, "18": 3.046336894570162, "19": 3.54090738470353, "20": 2.0976760002896135, "21": 2.1768775379567677, "22": 3.2599818885088365, "23": 2.476574167623576, "24": 3.5174931943448007, "25": 3.181212147526107, "26": 3.1804396571319375, "27": 3.1014142171577275, "28": 3.6799682399371223, "29": 2.669749500466202, "30": 2.331118844927327, "31": 2.832135619667842}, "common": {"0": 5.014168738158596, "1": 5.292513434679779, "2": 4.897832998748473, "3": 4.45459841619037, "4": 5.682542549706151, "5": 5.168744383113519, "6": 4.281357151760299, "7": 4.87025822519567, "8": 5.006455448412131, "9": 5.879430148714481, "10": 5.49867047366855, "11": 5.201769309156483, "12": 5.502383039671498, "13": 5.734552979135825, "14": 5.2183388756866265, "15": 5.012555747338803, "16": 5.649808526097601, "17": 5.893390110371886, "18": 5.5502549615339305, "19": 5.191634888898082, "20": 4.17428523897244, "21": 5.093098754204688, "22": 4.649927652087312, "23": 4.383606685014829, "24": 5.84264058924748, "25": 5.601341620069405, "26": 5.268652830350957, "27": 5.802194133624903, "28": 5.747439013039756, "29": 5.829494427421432, "30": 5.427422662624918, "31": 5.254508264138542}, "ast_wo_identifiers": {"0": 2.76003990418106, "1": 4.20319971424552, "2": 2.936282801903956, "3": 3.2500151330418365, "4": 3.5398687552436234, "5": 3.3923063867542282, "6": 3.5891870790438953, "7": 3.048463622912835, "8": 2.9134253924141333, "9": 3.857852719397342, "10": 3.1844955661972625, "11": 3.0535435266762763, "12": 3.2588774620652305, "13": 4.04275905935428, "14": 2.9820017739880633, "15": 3.0706074134372296, "16": 3.6362166794283257, "17": 3.8779443313227313, "18": 3.617771701059914, "19": 4.234898715128507, "20": 2.759957121121778, "21": 2.9445491573444134, "22": 3.6454300758638305, "23": 3.0687476219463146, "24": 4.086022893572724, "25": 3.7875537432614728, "26": 3.7315265520170326, "27": 3.9951715424601035, "28": 4.2969163253932985, "29": 3.525169649482323, "30": 3.1636152727874314, "31": 3.6974198601485413}}