{"ast": {"0": 4.725672893467197, "1": 4.671584480411193, "2": 4.744373692771216, "3": 5.3019995546216325, "4": 5.74845058175568, "5": 5.260909733658989, "6": 5.352390379113367, "7": 3.8476719349277335, "8": 5.9125658995106685, "9": 4.339163924204385, "10": 4.277535980961059, "11": 4.958201828521294, "12": 3.156742848860329, "13": 4.553276359876492, "14": 4.953435029526048, "15": 5.332228646241432, "16": 4.788733782717046, "17": 5.7802354813220544, "18": 4.769869246695445, "19": 5.6814037267762885, "20": 5.919000160665394, "21": 5.647207679472185, "22": 5.036215415457214, "23": 5.280259019420631, "24": 4.8359634701809195, "25": 5.6331724478648715, "26": 5.644775735867754, "27": 3.479568494934257, "28": 5.360714701036785, "29": 4.415318734126072, "30": 3.9160247412632097, "31": 5.802830046818463}, "dfg": {"0": 2.170490366042632, "1": 2.929975255855438, "2": 2.8906021815678318, "3": 3.007022709206426, "4": 4.315785002093192, "5": 2.1799931045258716, "6": 2.535961182742422, "7": 3.033527507843415, "8": 3.489521345954545, "9": 3.144759627988246, "10": 2.9489501483026404, "11": 2.7663690925694526, "12": 1.9743638718721488, "13": 3.5785826892027393, "14": 3.644981410072191, "15": 2.8906853856379766, "16": 2.2602466620940085, "17": 3.462306056107878, "18": 3.357051225621185, "19": 2.662690940689563, "20": 3.477049651036852, "21": 3.3010391675489568, "22": 3.1954461395827747, "23": 4.143285982744694, "24": 2.79048480257214, "25": 3.0973798505307952, "26": 2.7672480185636084, "27": 2.489839127029365, "28": 3.15002911852975, "29": 3.556522372993676, "30": 2.624460700156715, "31": 3.696622847840523}, "common": {"0": 4.999419251231005, "1": 4.891538282400112, "2": 4.9881720381522, "3": 5.54952488739823, "4": 6.012229622924442, "5": 5.513748822456151, "6": 5.627579731943762, "7": 4.080987717239865, "8": 6.171286531247202, "9": 4.547272162242927, "10": 4.487775597870206, "11": 5.225514796081656, "12": 3.3826487184865996, "13": 4.796842912972668, "14": 5.182233559624162, "15": 5.5042585515829625, "16": 5.05468370576079, "17": 6.040459168556023, "18": 5.01355257385807, "19": 5.940160926773519, "20": 6.178312054054794, "21": 5.9208878543328005, "22": 5.2923874097277785, "23": 5.533713828192677, "24": 5.092095092060256, "25": 5.906702868584844, "26": 5.821804742776474, "27": 3.689819622940447, "28": 5.629160117351226, "29": 4.628359254477292, "30": 4.151467208550533, "31": 6.041461895457805}, "ast_wo_identifiers": {"0": 2.9568980177665147, "1": 3.5521239781852594, "2": 3.7166935370182625, "3": 3.842061844712202, "4": 4.798972783474394, "5": 3.2091262369392393, "6": 3.41569575178697, "7": 3.518883864406391, "8": 4.208336131712025, "9": 3.8866004708468394, "10": 3.485884983687864, "11": 3.42117330890249, "12": 2.566048901791524, "13": 4.067276459295152, "14": 4.276753767055569, "15": 3.548232316369977, "16": 2.990581295281611, "17": 4.160257612855508, "18": 3.839928919209729, "19": 3.638018708949777, "20": 4.292289384150371, "21": 3.8726034110126424, "22": 3.7972385551293293, "23": 4.483212694301462, "24": 3.4804604200228337, "25": 3.853260448525289, "26": 3.696761536340027, "27": 3.0129059341002065, "28": 3.7577972338007113, "29": 4.046581142532327, "30": 3.13281016333116, "31": 4.476912582446971}}