{"ast": {"0": 4.169069913162113, "1": 4.9099519866015715, "2": 4.828455350112344, "3": 4.77445766851214, "4": 4.497500303831615, "5": 4.8979101574713155, "6": 4.731311420379299, "7": 4.7558462967226545, "8": 4.682444169669449, "9": 4.490704907992729, "10": 4.6006395625037495, "11": 5.299133526582412, "12": 4.510134457594373, "13": 4.946353944220395, "14": 4.50435725543657, "15": 4.520315143542375, "16": 4.612944652043834, "17": 4.874819185062171, "18": 5.146078961359667, "19": 4.559101248353057, "20": 4.500637367489898, "21": 4.516264408351547, "22": 4.7628350421937204, "23": 4.864979152628373, "24": 4.521106817006292, "25": 5.2448370818368, "26": 4.7328745779514545, "27": 4.095152108287649, "28": 4.512363518311467, "29": 4.749633747546631, "30": 5.3186261327212705, "31": 4.625201144307122}, "dfg": {"0": 2.1866550884553133, "1": 1.8550145535690965, "2": 1.7353946680346355, "3": 1.7671846352831089, "4": 1.4766189003896935, "5": 2.1056633649329277, "6": 1.6984188992779496, "7": 1.6921580995247105, "8": 1.6104389348283132, "9": 1.4383340792563037, "10": 1.716944705454613, "11": 3.0204492123979834, "12": 1.4209205498542266, "13": 1.8780869753890552, "14": 1.4342313417647712, "15": 1.460933611867057, "16": 1.5931739403199983, "17": 1.7980928338281668, "18": 2.1553647454721663, "19": 1.5872697684451824, "20": 1.4839721435113242, "21": 1.4426435483281537, "22": 1.6870493803961442, "23": 2.0472009103283395, "24": 1.681233839927136, "25": 2.3092940622675813, "26": 2.02558051398769, "27": 2.293735824600499, "28": 1.406255672354069, "29": 1.7061039229910058, "30": 2.55984742375645, "31": 1.5243090887313926}, "common": {"0": 4.4362425313629945, "1": 5.188621793042494, "2": 5.106058940010389, "3": 5.056311620776498, "4": 4.7823745410833265, "5": 5.174989934230003, "6": 5.0081215321965, "7": 5.038312933275464, "8": 4.961370684204853, "9": 4.772634665662284, "10": 4.873364412639381, "11": 5.5310182677405715, "12": 4.793855120396828, "13": 5.226861905313226, "14": 4.787584064539205, "15": 4.804138971928418, "16": 4.8931501517022555, "17": 5.148495234035671, "18": 5.423839024375057, "19": 4.842517324587708, "20": 4.777923645172011, "21": 4.801768368833065, "22": 5.043833857249694, "23": 5.140469999695386, "24": 4.804204399784193, "25": 5.5129544905766945, "26": 5.008880166825663, "27": 4.348350788829244, "28": 4.79835052060872, "29": 5.031385667655923, "30": 5.57979420447834, "31": 4.906511735797109}, "ast_wo_identifiers": {"0": 3.03245576831531, "1": 2.8402470757677687, "2": 2.737904356650808, "3": 2.6802888767213053, "4": 2.4877172266984844, "5": 2.9640954152953967, "6": 2.685602603955542, "7": 2.678070451572886, "8": 2.6059897089315514, "9": 2.435782590893158, "10": 2.5632403941749216, "11": 3.6458132083222723, "12": 2.4371664502243364, "13": 2.8711883877312485, "14": 2.437613950494252, "15": 2.4469267041251577, "16": 2.5609771395412047, "17": 2.7881940363689615, "18": 3.095808591355225, "19": 2.542592430231837, "20": 2.523390800012909, "21": 2.4401811977310004, "22": 2.669419877764274, "23": 2.9097910858286307, "24": 2.665215598356098, "25": 3.2409061573673137, "26": 2.9050727785824426, "27": 2.7222490209705112, "28": 2.4133563060919765, "29": 2.682279647277652, "30": 3.398511537039795, "31": 2.5465852268454063}}