{"ast": {"0": 5.281892365336435, "1": 4.344332534625344, "2": 4.875424175429528, "3": 3.275344981387232, "4": 4.173812258702763, "5": 5.039689236035272, "6": 4.306832638873549, "7": 3.5153273524088653, "8": 5.01878277885407, "9": 5.641850180388179, "10": 5.329591338210024, "11": 4.880517619813121}, "dfg": {"0": 1.9316035306865638, "1": 2.473853097640626, "2": 3.700900332096577, "3": 1.8575157354941092, "4": 1.0864405088796751, "5": 1.9439915074907916, "6": 1.3948024804047945, "7": 2.1290041433132694, "8": 2.1732273058005314, "9": 3.7844284085187287, "10": 2.805301519493987, "11": 2.3652859204198875}, "common": {"0": 5.266979272180952, "1": 4.629514880134409, "2": 5.124010441623323, "3": 3.5572965479609175, "4": 4.474021102555423, "5": 5.282842272543835, "6": 4.552767626022304, "7": 3.757628483639197, "8": 5.206819503796746, "9": 5.8898163677309245, "10": 5.566454691978674, "11": 5.149206370906886}, "ast_wo_identifiers": {"0": 3.11045926578386, "1": 3.0542203146908915, "2": 3.906025690382663, "3": 2.3875065776719975, "4": 2.018193411112951, "5": 2.9067902905957244, "6": 2.4325010662567705, "7": 2.8955459271109576, "8": 3.0460096487006156, "9": 4.034947611606741, "10": 3.270517810620112, "11": 3.138217809340955}}