{"ast": {"0": 4.660223798355743, "1": 4.96290918405633, "2": 4.044451392652442, "3": 3.3674796464165233, "4": 4.1375511665377855, "5": 5.010328755172187, "6": 4.457096285223629, "7": 3.612988553299883, "8": 4.449769097311438, "9": 5.083674087990188, "10": 4.339577238466132, "11": 4.705123411359521}, "dfg": {"0": 1.6417080435639302, "1": 2.683755822838053, "2": 2.7740189517712173, "3": 2.217982844424036, "4": 0.7642210164862439, "5": 1.6336820299491706, "6": 1.894993796925749, "7": 2.3345208425755755, "8": 1.537967561931742, "9": 3.1010909554813773, "10": 1.2398157818665019, "11": 2.086718186230988}, "common": {"0": 4.932024877758749, "1": 5.249784487745508, "2": 4.266533367693612, "3": 3.6457171317845076, "4": 4.2491232951250195, "5": 5.000849196520786, "6": 4.724471988285055, "7": 3.8442876057867372, "8": 4.720926653756955, "9": 5.2588343009703395, "10": 4.617737257483763, "11": 4.960602418176621}, "ast_wo_identifiers": {"0": 2.5481892283626317, "1": 3.3750045984782258, "2": 3.026358980786597, "3": 2.568117458909419, "4": 1.991882080372682, "5": 2.8448487417250043, "6": 2.4744711120323557, "7": 3.0191047089312324, "8": 2.381275973107178, "9": 3.4246901678801214, "10": 2.2314455929170736, "11": 3.033793385332628}}