{"ast": {"0": 8.415041658838343, "1": 5.503406763601909, "2": 5.1393235218239255, "3": 3.5107767446174694, "4": 4.6722497405314005, "5": 5.259102430372855, "6": 6.4092528462706895, "7": 4.400051976337, "8": 8.670928706264748, "9": 5.655509803298049, "10": 6.277163286072929, "11": 6.227007596521217}, "dfg": {"0": 5.660300267697428, "1": 3.7834532025121885, "2": 2.5897613771751047, "3": 1.1046477366670342, "4": 1.5386007718222057, "5": 2.23074713564211, "6": 4.140625738785041, "7": 2.9031889025667574, "8": 6.345563609857256, "9": 3.721897897028101, "10": 3.942705618078874, "11": 3.450105631783738}, "common": {"0": 8.700853855449424, "1": 5.783600213526663, "2": 5.449798125977424, "3": 3.803091145398771, "4": 4.953345145199097, "5": 5.5150067605235655, "6": 6.668743565908958, "7": 4.633612904020116, "8": 8.948497818063652, "9": 5.9252447276005205, "10": 6.417728413017238, "11": 6.5234002849055805}, "ast_wo_identifiers": {"0": 6.3201080799951805, "1": 4.304299323180761, "2": 3.26404267719774, "3": 1.992650568091463, "4": 2.5401995767755357, "5": 3.252169018168263, "6": 4.741453631394353, "7": 3.5086343017324357, "8": 6.841291904558563, "9": 4.227630827468482, "10": 4.666555888874428, "11": 4.262051625052031}}