{"ast": {"0": 4.446337751277065, "1": 4.471370329957598, "2": 4.167200830156452, "3": 3.2744882014354695, "4": 4.768355245476561, "5": 6.011651269056017, "6": 4.638543668153588, "7": 4.407418454665064, "8": 4.363553813193308, "9": 4.94249301168331, "10": 5.568461376713679, "11": 4.953055433957719}, "dfg": {"0": 1.1939615095001814, "1": 3.3266926931896967, "2": 1.4251435718543115, "3": 1.1839551300465743, "4": 1.7752087715204568, "5": 2.9226643265272947, "6": 1.9669695189454979, "7": 1.9755137573350783, "8": 1.3108509800377284, "9": 2.8271317963208413, "10": 2.7028156041639253, "11": 1.958182088280506}, "common": {"0": 4.621039426587685, "1": 4.658108978462612, "2": 4.384689654490951, "3": 3.5640734153824862, "4": 5.027343732220147, "5": 6.113841581112145, "6": 4.913995767292391, "7": 4.489536928525184, "8": 4.658944908074692, "9": 5.20350357902523, "10": 5.736259670222326, "11": 5.254263713489679}, "ast_wo_identifiers": {"0": 2.291315204525031, "1": 3.7375917330411776, "2": 2.3719161803236184, "3": 2.0455669925890603, "4": 2.6818249985252356, "5": 3.897384583539231, "6": 2.936569448202634, "7": 3.1459509973267803, "8": 2.2889000404673894, "9": 3.5590038156205552, "10": 3.6966118808677693, "11": 2.918292489933835}}