{"ast": {"0": 4.756281466582058, "1": 4.566191154033284, "2": 3.945077758960863, "3": 3.79631876882723, "4": 4.574507345962305, "5": 5.47313457354881, "6": 4.162776118848705, "7": 3.460929145179176, "8": 4.202140480742098, "9": 5.185101701614598, "10": 4.776258199929341, "11": 4.816084126755966}, "dfg": {"0": 1.4727723470359633, "1": 2.2528306235069215, "2": 1.9032828610378578, "3": 1.7504338563447177, "4": 1.4093592969008826, "5": 2.065883310632863, "6": 1.6636541214002312, "7": 1.931772548043502, "8": 1.2362690327397106, "9": 3.266463615026401, "10": 2.099524673073408, "11": 2.1891985501600693}, "common": {"0": 4.8997352727218475, "1": 4.675130934229424, "2": 4.233521707654517, "3": 4.0830896182201455, "4": 4.8653732869274515, "5": 5.46562989160019, "6": 4.396376441097726, "7": 3.685833991028472, "8": 4.485438096786711, "9": 5.3998080765195935, "10": 5.020104273181453, "11": 5.102299102664407}, "ast_wo_identifiers": {"0": 2.6114512937622774, "1": 3.2503426050007818, "2": 2.428481950156786, "3": 2.447241217615563, "4": 2.42375905020109, "5": 3.3647668267119526, "6": 2.418157431222385, "7": 2.670743707875149, "8": 2.179359516359864, "9": 3.7521705264598326, "10": 3.0376741470678708, "11": 2.9605116757445478}}