{"ast": {"0": 5.200309095303331, "1": 3.9990115037806264, "2": 5.3972214810944825, "3": 4.854029698008395, "4": 4.368553943871356, "5": 4.321950785410796, "6": 4.069746155760992, "7": 5.166734115948263, "8": 5.538067562788829, "9": 4.819528917813357, "10": 4.163174199951724, "11": 6.064523661757184}, "dfg": {"0": 2.511965291220748, "1": 1.2330301807006507, "2": 2.5716623013704765, "3": 1.8319849564234478, "4": 1.6248579330060948, "5": 1.2156209211947704, "6": 1.0719930654180412, "7": 2.687149821208649, "8": 2.4883151723064314, "9": 1.863870263434468, "10": 1.326626783947085, "11": 3.8783805469513393}, "common": {"0": 5.429162013931519, "1": 4.261361819009827, "2": 5.632889026535316, "3": 5.088925928338268, "4": 4.623285421778117, "5": 4.32484314204828, "6": 4.366204753169714, "7": 5.405990882437919, "8": 5.8110331605974626, "9": 5.099509043132254, "10": 4.417076363619809, "11": 6.362172188691461}, "ast_wo_identifiers": {"0": 3.2939124078370186, "1": 1.981029885276787, "2": 3.4441481086527213, "3": 2.915443433997042, "4": 2.4456896551615253, "5": 2.5966876040172924, "6": 2.0495511607478356, "7": 3.3165680691891657, "8": 3.5126127925434547, "9": 2.851740313306979, "10": 2.142778200795506, "11": 4.204400578253652}}