{"ast": {"0": 4.495684461352482, "1": 3.221434626716211, "2": 5.46061914058712, "3": 5.444167832695503, "4": 4.201088771916066, "5": 4.775656107085758, "6": 4.454340286606828, "7": 3.9150421562029076, "8": 5.204237240469833, "9": 4.398584065440295, "10": 4.789941119379834, "11": 5.942839902061389}, "dfg": {"0": 1.5640028928726128, "1": 2.4122544819040352, "2": 3.069224378550308, "3": 3.319612326155262, "4": 1.202209745692172, "5": 4.213141550494373, "6": 2.3742272725149767, "7": 3.7669555963976418, "8": 2.3893994039646356, "9": 2.7428110242351535, "10": 1.8703938674099712, "11": 4.026371179629808}, "common": {"0": 4.598049040749689, "1": 3.4373175994877707, "2": 5.43406713545906, "3": 5.410760759837288, "4": 4.496775385526849, "5": 5.004922978010572, "6": 4.696899054164823, "7": 4.097203999690376, "8": 5.165496357595925, "9": 4.583711301234877, "10": 5.0708317693210505, "11": 6.199430128227323}, "ast_wo_identifiers": {"0": 2.7560366889107377, "1": 2.8913802383915126, "2": 3.8003465160924756, "3": 3.8904525286375433, "4": 2.142318203896525, "5": 4.187092752670027, "6": 2.8437827918054785, "7": 3.7800208195718628, "8": 3.5846532840143808, "9": 2.8930985630967894, "10": 2.771746446873699, "11": 4.19032153837097}}