{"ast": {"0": 5.399290851426127, "1": 4.126358686839576, "2": 4.260775825375716, "3": 5.040594351900174, "4": 4.569196938991167, "5": 5.318448178876168, "6": 5.269629018347356, "7": 4.774643142863414, "8": 4.714136539538085, "9": 3.185513565051947, "10": 4.882384644438157, "11": 3.877970517793699}, "dfg": {"0": 3.629232011190579, "1": 3.544605642372229, "2": 2.6647286132860697, "3": 3.3805949297413362, "4": 2.759151099759192, "5": 2.8388113896010014, "6": 2.824074566971312, "7": 2.693016980855015, "8": 2.881362062122335, "9": 2.4019072376201525, "10": 2.2361639372594873, "11": 3.1352169168894446}, "common": {"0": 5.63492367999038, "1": 4.370495384240719, "2": 4.534138946251225, "3": 5.265932487025411, "4": 4.716091393166453, "5": 5.375627094355791, "6": 5.5298922790506255, "7": 4.73659583081708, "8": 4.976695608374733, "9": 3.3773547403791873, "10": 5.168334529696683, "11": 3.993198109032819}, "ast_wo_identifiers": {"0": 3.6478776603977034, "1": 3.620924965573479, "2": 2.7916422758404322, "3": 3.414655442337148, "4": 3.2849969679024222, "5": 3.6532251844245645, "6": 3.4195364654352605, "7": 3.3270504987407454, "8": 2.9993002173458305, "9": 2.9347674777364863, "10": 2.96395061664635, "11": 2.960251398877219}}