{"ast": {"0": 3.3023436313612193, "1": 5.171477674181079, "2": 3.1418859263123204, "3": 3.2577024954116927, "4": 3.4734043421766785, "5": 4.154026796704281, "6": 3.1127385449856133, "7": 4.781169185529309, "8": 5.506196024200408, "9": 5.574849961491126, "10": 3.7025098927343656, "11": 4.441926268100345}, "dfg": {"0": 2.0090625048661255, "1": 3.769364989022547, "2": 2.425800782435551, "3": 1.3236207388921535, "4": 2.209137391575153, "5": 3.6897142883652627, "6": 1.8652794361922662, "7": 2.9874933335120186, "8": 4.2991385366336115, "9": 4.07793624094169, "10": 2.6378379978018387, "11": 3.7603746723537204}, "common": {"0": 3.5750906160815306, "1": 5.347382801026808, "2": 3.3403794587490343, "3": 3.5415906411043827, "4": 3.747302332992517, "5": 4.340479922444774, "6": 3.3586751775859183, "7": 4.724457555393923, "8": 5.733119947790337, "9": 5.850396378189228, "10": 3.9451477155115877, "11": 4.665937045128356}, "ast_wo_identifiers": {"0": 2.5830216746513095, "1": 3.9776394108714026, "2": 2.9848801742392963, "3": 2.2453011923935287, "4": 2.815559957917793, "5": 3.787443627817935, "6": 2.613697022574398, "7": 3.5192680862658383, "8": 4.518874662020556, "9": 4.228508590912873, "10": 3.2292260546563716, "11": 3.9531750198823428}}