{"ast": {"0": 4.963407604582563, "1": 4.203498773766742, "2": 4.396404319428007, "3": 3.3084634069650667, "4": 4.383152775430147, "5": 4.901474280537654, "6": 4.2723086127840135, "7": 3.3481310418061354, "8": 3.9266483572203006, "9": 5.6972907457590205, "10": 4.644803412723227, "11": 4.350853100100761}, "dfg": {"0": 2.115898958543476, "1": 3.6926555383365645, "2": 1.2239635672255946, "3": 1.4585075192764396, "4": 1.5948077925429256, "5": 1.6626946941808862, "6": 1.879259209665108, "7": 1.8360593097270288, "8": 0.7886037120340069, "9": 3.561459773995513, "10": 1.8766589313027744, "11": 1.2761180030412154}, "common": {"0": 5.175211505987589, "1": 4.426446983538672, "2": 4.526953051483139, "3": 3.596311638249888, "4": 4.601273728931636, "5": 4.940160424712093, "6": 4.546758429655043, "7": 3.589982957725562, "8": 4.231682366205634, "9": 5.97696145036188, "10": 4.785178349988911, "11": 4.644696636814058}, "ast_wo_identifiers": {"0": 2.933346578189243, "1": 3.869658835242602, "2": 2.346010707454466, "3": 2.256428324955082, "4": 2.5254851997798875, "5": 2.8912421799853183, "6": 2.759641560071793, "7": 2.5995358564506152, "8": 1.7670437414020341, "9": 4.000987954535686, "10": 2.7487892650162538, "11": 2.270662349404992}}