{"ast": {"0": 4.9443688723591, "1": 4.097845191926642, "2": 5.222818335092521, "3": 3.759713011363061, "4": 3.939906427189564, "5": 4.739531033549514, "6": 4.902075896570071, "7": 3.7637050660153157, "8": 4.75812748458963, "9": 5.728682005370402, "10": 5.192715397010391, "11": 4.447915092712044}, "dfg": {"0": 2.280257257440117, "1": 2.7076374989001892, "2": 3.832720769077987, "3": 2.5120098192305607, "4": 1.2816189726946547, "5": 1.796985482866925, "6": 2.403099277583698, "7": 2.5290227955499818, "8": 2.5665696359377606, "9": 3.9459595898337607, "10": 2.391531610570911, "11": 1.6658972689332765}, "common": {"0": 5.204796744411095, "1": 4.32711694011079, "2": 5.471123665287316, "3": 4.0394288080824605, "4": 4.181780717328652, "5": 5.029933859363794, "6": 4.943015426113828, "7": 3.9978259032993098, "8": 4.946715266091241, "9": 5.972675957466176, "10": 5.252910991069346, "11": 4.721174338196689}, "ast_wo_identifiers": {"0": 3.147109500441176, "1": 3.4245936534283237, "2": 4.174829361347046, "3": 3.0463793789420044, "4": 1.971050308403489, "5": 2.578130304038359, "6": 3.3231654004253346, "7": 3.1829448770236892, "8": 3.3151924692575623, "9": 4.314024745373808, "10": 3.3589877256636975, "11": 2.4575996411083674}}