{"ast": {"0": 4.618412897295794, "1": 4.591384994156689, "2": 4.456088873528723, "3": 3.470604251572788, "4": 4.494930958652563, "5": 4.616885919287134, "6": 3.634824374727017, "7": 3.599976904243731, "8": 3.700987801107354, "9": 5.763443896612151, "10": 4.397633886096098, "11": 3.8586972922283196}, "dfg": {"0": 1.6652251780231315, "1": 3.149986137887729, "2": 1.9260020222400305, "3": 1.3399526378520128, "4": 1.3944768315874116, "5": 1.605893586638037, "6": 1.2863161723523304, "7": 1.6706228477878984, "8": 0.6418796399303853, "9": 3.1241668594343635, "10": 1.3709059004390025, "11": 0.681746842101919}, "common": {"0": 4.617199666455854, "1": 4.8741707174264945, "2": 4.747679652516439, "3": 3.7693465742643784, "4": 4.754228909308048, "5": 4.862215397146815, "6": 3.9365442539197084, "7": 3.8737343490655376, "8": 4.000943984153753, "9": 5.822069118419269, "10": 4.626128333688142, "11": 4.163432564497001}, "ast_wo_identifiers": {"0": 2.6801310360395596, "1": 3.516989643829773, "2": 2.5503497754131956, "3": 2.1488618825536854, "4": 2.382432270998789, "5": 2.5142933830839573, "6": 1.7142366651560934, "7": 2.492577810923976, "8": 1.6294092696844849, "9": 3.975113400273685, "10": 2.4277439958175693, "11": 1.6955318087543803}}