{"ast": {"0": 4.183493907579436, "1": 4.599619627834455, "2": 5.067122533793552, "3": 3.558559080077789, "4": 3.8010150013775146, "5": 5.246283101063931, "6": 4.118524427407893, "7": 3.3930508480535977, "8": 5.047215136965667, "9": 5.617205908768141, "10": 4.794306115642034, "11": 3.5832413855231295}, "dfg": {"0": 0.7661122250944145, "1": 3.061655280258734, "2": 2.797311326907462, "3": 2.076168502807767, "4": 0.623365057341319, "5": 1.8277319177477431, "6": 1.7713694334786176, "7": 1.7657288162261096, "8": 2.1466960397637123, "9": 3.2290607219617953, "10": 1.8520819303676403, "11": 0.3529863753765638}, "common": {"0": 4.290664144077482, "1": 4.872452361061797, "2": 5.259560021918809, "3": 3.8483808969514763, "4": 4.110169322734674, "5": 5.24349314506484, "6": 4.407538268785419, "7": 3.6569854387694294, "8": 5.258613555955003, "9": 5.644949829057516, "10": 5.078756454046426, "11": 3.894777055388556}, "ast_wo_identifiers": {"0": 2.0026731523950363, "1": 3.424769699588913, "2": 3.3193556453144093, "3": 2.677932522319521, "4": 1.6386993289352467, "5": 3.091001288644452, "6": 2.5254320019497474, "7": 2.486877867569386, "8": 3.0273025625257555, "9": 3.8075487494555995, "10": 2.7609232260793135, "11": 1.389425854891045}}