{"ast": {"0": 5.511339780560311, "1": 3.9005592211291815, "2": 3.844903918137089, "3": 3.2344720479738114, "4": 4.087721260173647, "5": 4.052282902238158, "6": 3.407306020354034, "7": 3.2885856880892153, "8": 3.6789813666388356, "9": 5.567820307345312, "10": 4.483996863604693, "11": 4.258490210845899}, "dfg": {"0": 2.443998818668418, "1": 2.1110136074644386, "2": 1.6084746212872432, "3": 1.7109789369353914, "4": 1.8968608820852044, "5": 1.5150675665548203, "6": 0.9696344205335404, "7": 1.9646666531198727, "8": 0.5861482976044462, "9": 2.8176371127597615, "10": 1.9139024557186826, "11": 1.2305491918487677}, "common": {"0": 5.54304037063142, "1": 4.169221550057063, "2": 4.058242342590293, "3": 3.5305668209714836, "4": 4.372714282503267, "5": 4.277783906194751, "6": 3.7009231396383306, "7": 3.5614309615901, "8": 3.9835058208741034, "9": 5.8505199874260665, "10": 4.747429369522577, "11": 4.506848005435891}, "ast_wo_identifiers": {"0": 3.410110964335537, "1": 2.78653768335177, "2": 2.2416149827171306, "3": 2.156830427212209, "4": 2.22355808023974, "5": 2.262481572995779, "6": 1.8400335288820058, "7": 2.5995605463473486, "8": 1.5425952153379667, "9": 3.6300945149026127, "10": 2.7594470761661594, "11": 2.213547795250953}}