{"ast": {"0": 4.086167391159789, "1": 4.318478340925014, "2": 4.139147536309825, "3": 3.3446909557264273, "4": 4.353895890256712, "5": 4.5966428765954115, "6": 3.507616594012941, "7": 3.316957741685162, "8": 4.416600817713529, "9": 5.077105439128345, "10": 4.45270500181491, "11": 4.23402819750427}, "dfg": {"0": 1.3728258471820154, "1": 3.319750698914476, "2": 1.8527832612141322, "3": 1.3220399654406774, "4": 1.3649174406535058, "5": 1.9176035519942263, "6": 1.9572689147713966, "7": 1.6850187222456623, "8": 1.7798809063071002, "9": 3.0792598084189384, "10": 2.045528442963992, "11": 1.1025341863494642}, "common": {"0": 4.3653474409022195, "1": 4.550847183632131, "2": 4.365289346127482, "3": 3.6334408012242467, "4": 4.599484219171815, "5": 4.563518474203828, "6": 3.721234519166311, "7": 3.613446792040578, "8": 4.668609582940532, "9": 5.352507061597809, "10": 4.683612057113238, "11": 4.543238868768445}, "ast_wo_identifiers": {"0": 2.2348184295314018, "1": 3.509096142721177, "2": 2.674796322552613, "3": 2.1435344480368506, "4": 2.2941707878822113, "5": 2.8624773857489445, "6": 2.536087719917129, "7": 2.343352606380221, "8": 2.570281854574369, "9": 3.503143579147201, "10": 2.6814264449504575, "11": 2.076950259207167}}