{"ast": {"0": 5.357494131060881, "1": 4.545386728533043, "2": 4.8106536151988655, "3": 3.4316984846599645, "4": 3.6115175095596115, "5": 3.669698954397702, "6": 3.5697046063027296, "7": 3.614861201376845, "8": 4.0646727631222275, "9": 5.449644138215299, "10": 4.106087888213551, "11": 3.5728516592371204}, "dfg": {"0": 2.3603898779710866, "1": 3.3293610598214927, "2": 2.922648687101545, "3": 1.2105125013534126, "4": 0.38262283201554115, "5": 0.4358765700930045, "6": 0.7217821530767022, "7": 2.3410813279507963, "8": 1.0104971591365932, "9": 2.65203921283413, "10": 0.9476262597459884, "11": 0.344254674532042}, "common": {"0": 5.395649958600184, "1": 4.8277885383630235, "2": 5.067552900943256, "3": 3.7270322516757117, "4": 3.923729291650978, "5": 3.975335534906349, "6": 3.85464024638083, "7": 3.8532555315804884, "8": 4.277914032121218, "9": 5.735788314077518, "10": 4.375190515708322, "11": 3.8852847480227295}, "ast_wo_identifiers": {"0": 3.3116738903566674, "1": 3.4878449649226493, "2": 3.2207979663470665, "3": 2.055776583175616, "4": 1.4167035724856274, "5": 1.4768737509219785, "6": 1.7360246021029284, "7": 3.045644313505721, "8": 2.0573529637311485, "9": 3.470037425428734, "10": 1.997104781367976, "11": 1.3788782610546704}}