{"ast": {"0": 4.470024507406731, "1": 4.724929538739973, "2": 4.460105453089375, "3": 4.703593966419449, "4": 4.843876026634951, "5": 3.813256961823759, "6": 4.4895038770072215, "7": 4.8139367403874544, "8": 4.785756062358406, "9": 5.18579622287206, "10": 4.829452203960606, "11": 5.125623899167545, "12": 4.642224343773109, "13": 4.772086526381905, "14": 5.35700905261987, "15": 4.73877470844723}, "dfg": {"0": 1.3229886992870976, "1": 2.0982845596042705, "2": 1.3143197207487969, "3": 1.695628616854939, "4": 1.9267168672340698, "5": 2.530786348473383, "6": 1.3812667243572696, "7": 1.899563394913415, "8": 3.1721702438813213, "9": 2.5611652376453904, "10": 1.7592861627012055, "11": 2.6896485726537582, "12": 2.020656793296939, "13": 1.8155134518519818, "14": 3.1925574202333897, "15": 1.8689803111395564}, "common": {"0": 4.756560803003106, "1": 4.981741465049956, "2": 4.7466851380099095, "3": 4.970852326598189, "4": 5.114557642350633, "5": 4.018579379974586, "6": 4.775363078269507, "7": 5.089767529000186, "8": 5.05834335890549, "9": 5.4423552242123066, "10": 5.063155321334605, "11": 5.209477761856089, "12": 4.918117567546609, "13": 5.045569598290463, "14": 5.628953932073767, "15": 5.0177236832641015}, "ast_wo_identifiers": {"0": 2.341014416538777, "1": 2.920315677677449, "2": 2.3320111809662376, "3": 2.6923512834374623, "4": 2.8808868821039426, "5": 3.0778891316897456, "6": 2.3777145323221425, "7": 2.8283830571586464, "8": 3.5099426298141574, "9": 3.3260906487870834, "10": 2.837003815764063, "11": 3.438809106203464, "12": 2.7694157549932505, "13": 2.7424561382683383, "14": 3.6976003517143017, "15": 2.7675913381760826}}