{"ast": {"0": 5.80883503390208, "1": 6.65350656134353, "2": 5.723614140089587, "3": 6.390502446599474, "4": 4.795953702361054, "5": 3.2509648059007485, "6": 4.494241008532905, "7": 5.551065476804535, "8": 5.821752229996375, "9": 3.815924759669071, "10": 5.752394686569803, "11": 5.408662524365455, "12": 4.188389077737457, "13": 4.44738854658915, "14": 4.5477854789645304, "15": 3.2152670226822444}, "dfg": {"0": 3.774606746704457, "1": 5.152792293402979, "2": 3.646176927311306, "3": 5.203368718501457, "4": 3.420197163375651, "5": 2.36499057817293, "6": 3.613280964743948, "7": 3.166829411696523, "8": 3.3065532202458328, "9": 3.269163929118986, "10": 3.64819949054823, "11": 2.972882532860943, "12": 3.279185049286043, "13": 3.432389150806749, "14": 3.7149039289793078, "15": 2.5992744581213523}, "common": {"0": 5.974257436626115, "1": 6.9260486372224666, "2": 5.821976612231386, "3": 6.662539366937952, "4": 5.034850747590236, "5": 3.5022364542118534, "6": 4.66178568443469, "7": 5.832472004149299, "8": 6.0277438327228605, "9": 4.061371711869851, "10": 6.027395572055947, "11": 5.373512643015654, "12": 4.396412631964335, "13": 4.685559555194387, "14": 4.786988258067942, "15": 3.422056007090429}, "ast_wo_identifiers": {"0": 4.193768218236592, "1": 5.448152180450376, "2": 3.986867380086731, "3": 5.179131989131702, "4": 3.730519547390842, "5": 2.5362032780961368, "6": 3.792203010380626, "7": 3.777851473746811, "8": 4.148943721965505, "9": 3.0902214951332083, "10": 4.1287829708529795, "11": 3.709760110104229, "12": 3.594732219024824, "13": 3.6106270677904355, "14": 3.9648493340128197, "15": 2.9801471701862625}}