{"ast": {"0": 6.152469710228399, "1": 4.975997630683753, "2": 5.235473524317551, "3": 4.838504182282673, "4": 4.614170905947549, "5": 5.089008237437147, "6": 4.720778739660743, "7": 5.193895883046949, "8": 4.565407220415156, "9": 4.778027094762387, "10": 4.592453646376657, "11": 5.030433934274929, "12": 4.593838141403333, "13": 5.1503937833922615, "14": 5.26198243651851, "15": 4.941584552552875}, "dfg": {"0": 3.744230084141173, "1": 1.9398202266034248, "2": 2.3983004652187123, "3": 3.6270577222577853, "4": 1.526634698743476, "5": 1.9027114043977844, "6": 1.6534816338215457, "7": 2.9308154276538825, "8": 1.481117607061078, "9": 2.168813009376478, "10": 1.4707220027873793, "11": 2.0670581847444223, "12": 2.0890849981793576, "13": 2.0679625998188746, "14": 2.3006050474449915, "15": 2.325983251469687}, "common": {"0": 6.434095248951465, "1": 5.2470530310661525, "2": 5.435322002108311, "3": 5.105988527697601, "4": 4.8983283720126005, "5": 5.217634028635966, "6": 4.968588199049022, "7": 5.2918144126978355, "8": 4.8297622251883805, "9": 5.063921062457636, "10": 4.876898974573073, "11": 5.261930169639425, "12": 4.8579288268295775, "13": 5.145631296861131, "14": 5.534365304913799, "15": 5.218016186218424}, "ast_wo_identifiers": {"0": 4.316165910467237, "1": 2.912569969885319, "2": 3.302163205520548, "3": 3.609413517365158, "4": 2.5099023959120035, "5": 3.0127334242437356, "6": 2.659029902312587, "7": 3.5089192634799495, "8": 2.4699862572463, "9": 2.717976351348388, "10": 2.4843686546049053, "11": 3.0366025402225896, "12": 2.9179442695656204, "13": 3.14197736218997, "14": 3.204079344707354, "15": 3.0627825590902193}}