{"ast": {"0": 4.798140904773347, "1": 4.519578955936582, "2": 5.566720001564534, "3": 3.468583246688226, "4": 4.84306106705656, "5": 5.035619967248379, "6": 5.924446698241189, "7": 5.386640606400711, "8": 4.460579248316984, "9": 5.05522682597111, "10": 4.480712832922691, "11": 5.280653032495645, "12": 5.417266827924979, "13": 4.936626840940961, "14": 5.688427480033244, "15": 4.998067189567053}, "dfg": {"0": 4.44289970597974, "1": 4.1127292063005925, "2": 3.819177915703661, "3": 3.445071573880924, "4": 3.816368701470572, "5": 3.203307480189255, "6": 4.431689610126202, "7": 4.434991311995712, "8": 3.9884563287690513, "9": 3.1319065844171967, "10": 3.51752876133844, "11": 3.3993552469338457, "12": 4.0224908578725, "13": 3.165434856969458, "14": 3.622683950312404, "15": 3.515159422252763}, "common": {"0": 5.020915542096926, "1": 4.740732193805224, "2": 5.639780173590038, "3": 3.6845122767453735, "4": 5.069686385285038, "5": 5.263360474240076, "6": 6.128626939977646, "7": 5.609942627261807, "8": 4.692714250750253, "9": 5.317617058604981, "10": 4.734425272277431, "11": 5.562018316387971, "12": 5.64612308047526, "13": 5.216079559029034, "14": 5.955036505608481, "15": 5.20627399328504}, "ast_wo_identifiers": {"0": 4.566130404992703, "1": 3.958808115783043, "2": 4.199322815157991, "3": 3.392233373691147, "4": 4.271939608310623, "5": 3.506061730570024, "6": 4.500707401316157, "7": 4.376854929934121, "8": 4.261619084529096, "9": 3.740461331486407, "10": 3.7657135766555174, "11": 3.8045936393097146, "12": 4.325391338209332, "13": 3.696111454727281, "14": 4.228088471528142, "15": 4.13225991661825}}