{"ast": {"0": 3.7946456590524695, "1": 4.483980486991575, "2": 5.564320591836262, "3": 3.4402406879692213, "4": 4.547765760573711, "5": 5.4987128956862215, "6": 6.236304284019195, "7": 3.474509808722569, "8": 5.81130254791518, "9": 3.658466268342294, "10": 3.990026036939103, "11": 5.005346141367101, "12": 2.940569319135295, "13": 4.937226683416716, "14": 4.619806948539531, "15": 5.673653916434248}, "dfg": {"0": 3.2235306395764867, "1": 3.664620694598326, "2": 3.9528917775606365, "3": 3.0148599458337664, "4": 3.276516582997774, "5": 4.385362800960923, "6": 4.606270400536581, "7": 2.9086147096218458, "8": 3.600180980524057, "9": 3.3229194183720745, "10": 3.30737231315554, "11": 3.0363746629445423, "12": 1.845869951426925, "13": 4.191057852869708, "14": 2.652607738258307, "15": 3.808737874158626}, "common": {"0": 4.000999216916125, "1": 4.720569187382121, "2": 5.817903946237335, "3": 3.6436670239479607, "4": 4.7702376381377904, "5": 5.776034966544396, "6": 6.494669121750162, "7": 3.684489394002208, "8": 6.054723870980179, "9": 3.9108687747433066, "10": 4.197997810238376, "11": 5.231651795349941, "12": 3.203567529146585, "13": 5.195961408988367, "14": 4.84683901227329, "15": 5.945161298761516}, "ast_wo_identifiers": {"0": 3.4337023473456427, "1": 3.721264554576774, "2": 4.0200241785250626, "3": 3.219217808760844, "4": 3.8230426878329755, "5": 4.293150236913786, "6": 4.961792649949659, "7": 3.3988669295806377, "8": 4.193264407000425, "9": 3.1395297098590746, "10": 3.511921063431209, "11": 3.756275602280274, "12": 2.3646233593295247, "13": 4.471090285055911, "14": 3.179691917031128, "15": 4.122839211745343}}