{"ast": {"0": 5.146280011925295, "1": 4.79686352680279, "2": 4.871096343131561, "3": 5.012079301938962, "4": 4.906497003854858, "5": 5.214064674227688, "6": 4.808696978134522, "7": 5.574471757401444, "8": 5.842725281209717, "9": 5.187458256207884, "10": 4.737161331836191, "11": 5.523174538332825, "12": 5.637714401349618, "13": 4.1603192936483016, "14": 4.66195852135131, "15": 5.071644882393587}, "dfg": {"0": 2.338310139722294, "1": 2.771411142511062, "2": 2.062396350418596, "3": 2.087950775106628, "4": 2.7595094323643514, "5": 2.9321704213615276, "6": 1.8655901413484295, "7": 3.702619185857465, "8": 3.7763267524919044, "9": 2.724163826366544, "10": 1.9083929401293076, "11": 3.148431523210741, "12": 3.5911895942404057, "13": 3.1863508415943596, "14": 2.2334761020954166, "15": 2.702335972923534}, "common": {"0": 5.432125651112943, "1": 4.778871954141046, "2": 5.1514323342459605, "3": 5.244418607960724, "4": 5.175184172428907, "5": 5.485028683901992, "6": 5.077038262700352, "7": 5.833164852876637, "8": 6.112357553028651, "9": 5.4172969867197365, "10": 5.018240344092212, "11": 5.7957826266409915, "12": 5.914035393795229, "13": 4.385575333268437, "14": 4.913416403898779, "15": 5.3444731536383365}, "ast_wo_identifiers": {"0": 3.297584192186519, "1": 3.315607468505442, "2": 2.9129876394896, "3": 3.021022164436246, "4": 3.529524920479937, "5": 3.552732481746631, "6": 2.9060778458396266, "7": 4.181544457147389, "8": 4.178306898549535, "9": 3.615465488587757, "10": 2.8446785908493673, "11": 3.785557219593098, "12": 4.156770301380001, "13": 3.560511439983059, "14": 3.014915573884958, "15": 3.500294855496437}}