{"ast": {"0": 5.414913265576275, "1": 4.3877885510568255, "2": 5.077705512384514, "3": 5.105175881263179, "4": 3.3444273032302623, "5": 5.455753909361135, "6": 4.205333022093462, "7": 3.54278540076111, "8": 3.3653211310365636, "9": 4.037401017210001, "10": 4.2462244468105785, "11": 4.395424130681924, "12": 4.194488723574037, "13": 3.7487875336927585, "14": 3.5590826255918198, "15": 4.443981571908698}, "dfg": {"0": 2.2380241905187046, "1": 1.800758794775477, "2": 2.0430406780559327, "3": 3.1066253253487432, "4": 1.7803475794710286, "5": 2.6375278352285565, "6": 1.5501689673391392, "7": 1.3704508889380298, "8": 1.3288393877203397, "9": 0.9022236933000037, "10": 1.3162693164817363, "11": 3.1770887114836373, "12": 1.1506397741642578, "13": 1.812585120432029, "14": 0.9056421686704158, "15": 2.671690254813878}, "common": {"0": 5.408197975883494, "1": 4.683363279253134, "2": 5.226169933674911, "3": 5.272242430605867, "4": 3.610679002378329, "5": 5.746506984042694, "6": 4.322108589025402, "7": 3.8447474759298217, "8": 3.6651155336189163, "9": 4.310665436766234, "10": 4.532910202199111, "11": 4.680813296329473, "12": 4.462840379291536, "13": 4.042085527431583, "14": 3.8302919497524144, "15": 4.728762952391621}, "ast_wo_identifiers": {"0": 3.3127992547863365, "1": 2.36159074209484, "2": 3.013577628773402, "3": 3.532905924151305, "4": 2.5686929943616845, "5": 3.4902512118918456, "6": 2.4126618134409976, "7": 2.1587077492945173, "8": 2.043254064707727, "9": 1.889038041711903, "10": 2.2221634276662408, "11": 3.5046064819405185, "12": 2.1496238227408084, "13": 2.449764950967776, "14": 1.8879274547030205, "15": 3.1144820542467064}}