{"ast": {"0": 4.61315332134636, "1": 4.354526452556538, "2": 5.309142897274323, "3": 6.099918090364847, "4": 4.395432015882909, "5": 5.021507269708121, "6": 4.9599708695211175, "7": 3.7924403914496585, "8": 3.5498388646457877, "9": 5.328806105750691, "10": 3.808052326658847, "11": 4.972720495701668, "12": 3.995377635809396, "13": 4.176808700470214, "14": 4.665666988707456, "15": 4.190570930992615}, "dfg": {"0": 1.251438104106282, "1": 2.142841045253361, "2": 2.100629782121091, "3": 3.5134934005941965, "4": 2.771171207487612, "5": 2.3658345876900784, "6": 2.3710650868404617, "7": 1.3950239465844456, "8": 1.338433673481479, "9": 2.56168818093605, "10": 2.5907360232733794, "11": 3.0943245177972445, "12": 1.7108331607989056, "13": 2.2559942267064717, "14": 1.996360615851744, "15": 3.329704133952022}, "common": {"0": 4.725362353948595, "1": 4.535368192725991, "2": 5.292569456490425, "3": 6.383983000648854, "4": 4.607405588219345, "5": 5.267750610646455, "6": 5.158537503278413, "7": 3.9404333357603014, "8": 3.8338132087133427, "9": 5.501578054068563, "10": 4.065417083169076, "11": 5.237569309926866, "12": 4.251317153359804, "13": 4.428952815006193, "14": 4.801229540359602, "15": 4.336483801883224}, "ast_wo_identifiers": {"0": 2.4718640840308552, "1": 2.709467635274076, "2": 3.2614753704057406, "3": 4.238668207514032, "4": 3.38581996455669, "5": 3.1081740806089058, "6": 3.3644318923875844, "7": 2.4763180683117287, "8": 2.076331525690141, "9": 3.317971221709512, "10": 2.892790837009094, "11": 3.5538212856630325, "12": 2.583567106182675, "13": 3.005104389733038, "14": 3.0731310935046503, "15": 3.6098952728246654}}