{"ast": {"0": 4.832075892893032, "1": 4.007302993374395, "2": 4.00035369351118, "3": 5.111549613780866, "4": 3.3856009203129283, "5": 5.973586273045316, "6": 4.270351411436146, "7": 3.4260710798764538, "8": 3.38258721673509, "9": 4.159377660027014, "10": 5.768855797450485, "11": 4.775690246253059, "12": 4.427395733083115, "13": 3.645374446072376, "14": 3.5755183407098374, "15": 4.327985485660747}, "dfg": {"0": 1.5918968196801442, "1": 0.8557853311939838, "2": 0.8446394473074232, "3": 2.5274727120073988, "4": 1.7237110028687306, "5": 2.7967119797002584, "6": 1.8382292423327153, "7": 1.001211286606521, "8": 1.5767460641982434, "9": 0.9709798891906162, "10": 2.772201550468947, "11": 3.3836239752758637, "12": 1.5104800115345665, "13": 1.1267581617356641, "14": 1.1301997494867786, "15": 3.0604820322621467}, "common": {"0": 4.901649956751019, "1": 4.267172948056393, "2": 4.2629952252640955, "3": 5.400616639288918, "4": 3.6606465738811265, "5": 5.9859734410909615, "6": 4.547723255003157, "7": 3.7311965068021493, "8": 3.678041423663649, "9": 4.4575145315358995, "10": 6.055574318770673, "11": 5.061875982384496, "12": 4.690045840457102, "13": 3.933154164738285, "14": 3.8785176659027307, "15": 4.5898651820615575}, "ast_wo_identifiers": {"0": 2.701818897669037, "1": 1.9165847605641237, "2": 1.84425859805533, "3": 3.202554246677357, "4": 2.520846536275046, "5": 3.9074770429804224, "6": 2.372858999021536, "7": 1.8336710734259636, "8": 2.2913254393232525, "9": 1.9942110744205497, "10": 3.70015102356046, "11": 3.589984203947576, "12": 2.4271132253269836, "13": 2.0177887888011794, "14": 1.9267223038682664, "15": 3.452141405414967}}