{"ast": {"0": 5.695477172410206, "1": 4.672168673083741, "2": 4.789650760700562, "3": 4.802204389931225, "4": 4.087942583797465, "5": 5.575952210402874, "6": 5.08011383000412, "7": 4.942946421295251, "8": 4.424166456459303, "9": 4.19753273229454, "10": 5.048242060535921, "11": 5.587136860590528, "12": 4.590919670681312, "13": 4.889189176757692, "14": 4.265684365597795, "15": 4.406915575913557}, "dfg": {"0": 2.7173922097861802, "1": 2.0715102781356554, "2": 1.736701310107387, "3": 2.577184549331915, "4": 2.27571121580644, "5": 3.4694938626246414, "6": 2.8225694546685216, "7": 2.4076244814312475, "8": 1.7386619037018338, "9": 1.0021315106730138, "10": 2.5713201765697042, "11": 3.508968697731292, "12": 1.699508681238283, "13": 2.1605223308221957, "14": 1.276191832110917, "15": 3.121264178461657}, "common": {"0": 5.937022529643255, "1": 4.911895559988938, "2": 5.051733009190663, "3": 5.046927663045339, "4": 4.304759375423402, "5": 5.810164618144678, "6": 5.334148588065926, "7": 5.235176651653738, "8": 4.708544690963276, "9": 4.494738917388174, "10": 5.172328740145523, "11": 5.86542154335054, "12": 4.846561996024979, "13": 5.183733774722247, "14": 4.546464005331054, "15": 4.618685253984023}, "ast_wo_identifiers": {"0": 3.6001938986069315, "1": 2.798511155193617, "2": 2.753913797253832, "3": 3.352477983593613, "4": 3.165819373804862, "5": 3.9153688572414866, "6": 3.248472309225994, "7": 2.9877032276393534, "8": 2.59993264051889, "9": 2.0329491186964805, "10": 3.4194929845092785, "11": 4.089185093493005, "12": 2.6462349208995812, "13": 2.9094932546113306, "14": 2.268353825144812, "15": 3.6743171190345203}}