{"ast": {"0": 4.275437648803781, "1": 6.072142847375186, "2": 5.036230622649788, "3": 4.925047893461128, "4": 4.0346639619631794, "5": 5.136805808747187, "6": 5.07069986875963, "7": 3.3507467144263092, "8": 4.752649925831177, "9": 4.94069876840038, "10": 4.913110150277456, "11": 4.446890469012143, "12": 4.279323615530517, "13": 4.471326138005798, "14": 5.389202621759454, "15": 3.9345458272380984}, "dfg": {"0": 1.2169002776907827, "1": 3.7143868979347126, "2": 2.222118160875135, "3": 2.4427422771320146, "4": 2.602496158671398, "5": 2.125080921057758, "6": 2.5398341581852946, "7": 2.040842080459346, "8": 3.0935757767186036, "9": 2.474816440459249, "10": 1.6975138442277424, "11": 2.037189483571665, "12": 1.3993998165607506, "13": 1.5108766529560937, "14": 3.448142965167755, "15": 2.378442494293867}, "common": {"0": 4.5767762070190905, "1": 6.353037638792202, "2": 5.29818197710166, "3": 5.21716863212554, "4": 4.263240498536604, "5": 5.421552327031132, "6": 5.358153329623293, "7": 3.463547270136855, "8": 4.771161883082728, "9": 5.185988684540747, "10": 4.912617894388417, "11": 4.729597754656348, "12": 4.5526648354866275, "13": 4.704189786691841, "14": 5.439509285558863, "15": 4.0933363268843586}, "ast_wo_identifiers": {"0": 2.138525864656566, "1": 4.4314655591987675, "2": 3.0785458348180463, "3": 3.151603921493335, "4": 3.2346051206103597, "5": 3.076680797371838, "6": 3.158076699707735, "7": 2.585700515976536, "8": 3.57201543274649, "9": 3.0756697968377074, "10": 2.983106587632758, "11": 2.733703629666489, "12": 2.4156190471032484, "13": 2.518475679849986, "14": 3.9380975711567006, "15": 3.152740728044333}}