{"ast": {"0": 4.314359979881268, "1": 4.087508774297503, "2": 4.978490836150739, "3": 5.0548428202190605, "4": 3.364290547899116, "5": 3.6932479580422077, "6": 3.9181181950677995, "7": 3.518138064461473, "8": 3.3939589732947515, "9": 4.075181854828078, "10": 4.71032388656207, "11": 4.886447311612776, "12": 3.878451351731459, "13": 3.6784503926308867, "14": 3.8484542110272053, "15": 4.1333035863469}, "dfg": {"0": 1.1479760027841492, "1": 0.9222879988563512, "2": 1.6436235121569325, "3": 2.84149089268563, "4": 1.6229922499349685, "5": 0.5177722339847579, "6": 0.9970109802445404, "7": 1.3574392623386888, "8": 1.2293344184876596, "9": 0.9884755995716741, "10": 1.7096886036864078, "11": 3.4030790131233726, "12": 0.7861244231071878, "13": 1.0672937702768583, "14": 1.2875578536767105, "15": 2.887790242136884}, "common": {"0": 4.612762293412861, "1": 4.397981689406616, "2": 5.00814998145222, "3": 5.227353252421946, "4": 3.649504386079793, "5": 4.000509347663674, "6": 4.22635417490817, "7": 3.821487214434254, "8": 3.691486741809619, "9": 4.366799410752358, "10": 4.83533561011521, "11": 5.167942290783773, "12": 4.189030820812947, "13": 3.982390012776758, "14": 4.152282126024206, "15": 4.375078689096416}, "ast_wo_identifiers": {"0": 2.1389544964301166, "1": 1.9259019302842262, "2": 2.8206838551930855, "3": 3.300551300084697, "4": 2.374306381457813, "5": 1.5223138762240418, "6": 1.8935244912533655, "7": 2.096766700946611, "8": 2.0403227723165873, "9": 1.92657558236432, "10": 2.618638687510413, "11": 3.6555200227331492, "12": 1.7402395502231252, "13": 1.9664420583664612, "14": 2.069635330463005, "15": 3.35551635650534}}