{"ast": {"0": 4.963965176055426, "1": 4.235634077977466, "2": 5.540175893270912, "3": 5.17292862421823, "4": 3.412106584363539, "5": 3.6925828734222286, "6": 4.397956791704366, "7": 3.946806979863242, "8": 3.594743066101998, "9": 4.046331215564412, "10": 3.7526427322671987, "11": 4.7460165571929185, "12": 4.505755019827578, "13": 4.399579969392871, "14": 4.0335140122024615, "15": 4.332473162775053}, "dfg": {"0": 1.5747952871416349, "1": 1.1719822327244795, "2": 2.2181971369477838, "3": 3.090787934560593, "4": 1.88139216277782, "5": 0.5181783240862919, "6": 1.6112816222577016, "7": 2.230691597008443, "8": 1.6690302310819864, "9": 0.9427984025040069, "10": 0.6521957170306776, "11": 3.251339900552251, "12": 1.4292517015378414, "13": 1.6319864198390763, "14": 1.2411701244052564, "15": 2.9424925894954943}, "common": {"0": 5.017456919929528, "1": 4.537350596481106, "2": 5.5516652473057775, "3": 5.338385698121934, "4": 3.6696925843325787, "5": 4.003454135636013, "6": 4.511160429693053, "7": 4.108504473461776, "8": 3.7554323409804176, "9": 4.347665256974711, "10": 4.057948021865491, "11": 4.936199395037825, "12": 4.669266516519681, "13": 4.5406432314187155, "14": 4.150629796802929, "15": 4.589618607126817}, "ast_wo_identifiers": {"0": 2.7907136496057467, "1": 2.1063836719828735, "2": 3.3748336239799683, "3": 3.5319022464723417, "4": 2.5943040441049874, "5": 1.5192538672132023, "6": 2.6108909646345415, "7": 2.7404074281351987, "8": 2.6377092863399336, "9": 1.8970257830114168, "10": 1.6327104714873377, "11": 3.6528500061187685, "12": 2.505570367272393, "13": 2.471537902494746, "14": 2.262870232458354, "15": 3.384886782208591}}