{"ast": {"0": 5.25217953349558, "1": 4.370173729808249, "2": 4.665807619443668, "3": 4.96046269082592, "4": 3.8315807906512322, "5": 4.677315570699915, "6": 4.3420527161054245, "7": 3.3035418029005443, "8": 4.43147924579164, "9": 5.029613537595808, "10": 4.546749288946932, "11": 3.5701504879356696, "12": 4.041303236902829, "13": 3.405837955410376, "14": 3.818742132493752, "15": 4.287881843065293}, "dfg": {"0": 2.800751785583275, "1": 3.0239106435117638, "2": 1.7581687735298224, "3": 2.77171531857602, "4": 1.169338236390069, "5": 2.784786916830399, "6": 1.9854562364518629, "7": 1.1878812459064725, "8": 2.1150015594967777, "9": 2.3183727907560887, "10": 2.2838502312188482, "11": 1.8627411859289418, "12": 1.0961568507561603, "13": 1.2315622297432316, "14": 1.7870590725930096, "15": 3.1747562695884812}, "common": {"0": 5.537085703342696, "1": 4.660719631371347, "2": 4.961229642736593, "3": 5.137241307907208, "4": 4.12462253635685, "5": 4.945198835183727, "6": 4.302709206296807, "7": 3.56911301193688, "8": 4.7237477215178645, "9": 5.24403926304782, "10": 4.777223741609728, "11": 3.85469828559003, "12": 4.193165596900164, "13": 3.70604590984024, "14": 4.07191417934587, "15": 4.423693664978781}, "ast_wo_identifiers": {"0": 3.367643585533563, "1": 3.2511261210270614, "2": 2.5348175219925104, "3": 3.2160077330172023, "4": 2.1393077117975516, "5": 3.157984378085678, "6": 2.751471573228557, "7": 2.210097809604537, "8": 2.8285018615075597, "9": 3.0227090904027767, "10": 3.05844936212118, "11": 2.6909580967377322, "12": 2.3193566760988267, "13": 1.8949726021001554, "14": 2.4078709718908455, "15": 3.3121159790604198}}