{"ast": {"0": 4.370144099954348, "1": 5.1695492954709374, "2": 5.968436338270816, "3": 5.30707080696964, "4": 4.072587760551328, "5": 4.232499918868538, "6": 5.647386909757442, "7": 4.737400474445829, "8": 5.010582408193837, "9": 5.265793070173874, "10": 5.14331260387829, "11": 5.289388547326558, "12": 5.2613022516495, "13": 4.109512463748567, "14": 4.96370582684486, "15": 4.192671271224919}, "dfg": {"0": 1.2791946521250848, "1": 2.452125627249912, "2": 2.72766713627366, "3": 2.6635325026645886, "4": 1.9396172646645615, "5": 1.1220261678798487, "6": 3.198075553899382, "7": 1.749745469996343, "8": 2.4158984636998246, "9": 2.845734808894559, "10": 2.841470715187629, "11": 3.3240334635852444, "12": 2.5320886820761634, "13": 2.3454037519913937, "14": 2.269623874825669, "15": 2.9537438962117526}, "common": {"0": 4.663276397503904, "1": 5.446703091940495, "2": 5.947055793874216, "3": 5.504013844681807, "4": 4.35181469551896, "5": 4.534214075765383, "6": 5.904645203046118, "7": 5.024249865318348, "8": 5.295967957856839, "9": 5.439854275711752, "10": 5.386331699564382, "11": 5.531199364433317, "12": 5.520446424433122, "13": 4.3370858796314815, "14": 5.216742314733239, "15": 4.4008153285450575}, "ast_wo_identifiers": {"0": 2.2131583654966245, "1": 3.1213009225292954, "2": 3.9038521218216533, "3": 3.552902457832148, "4": 2.5969958053606783, "5": 2.1190814356929764, "6": 3.7342147103002303, "7": 2.680380816465009, "8": 2.9978106921299394, "9": 3.516091661172028, "10": 3.4215506120158636, "11": 3.930359382717404, "12": 3.37199448559431, "13": 3.1618601168329836, "14": 3.195753553749779, "15": 3.6547923612506468}}