{"ast": {"0": 4.985034283268924, "1": 4.645193836809831, "2": 4.230591520766563, "3": 6.049133448158347, "4": 3.457019222357242, "5": 5.330473469003039, "6": 4.202393523159699, "7": 3.4931041333382256, "8": 3.3733335951732624, "9": 4.361517626585918, "10": 4.6844570936702326, "11": 4.761530471831867, "12": 4.187854001976124, "13": 3.4114487817172314, "14": 3.631847174394632, "15": 4.571058120289174}, "dfg": {"0": 1.8922632099026788, "1": 1.9735376774303073, "2": 1.230440689396117, "3": 3.6261635360555626, "4": 0.5809066236267497, "5": 3.7072731859780808, "6": 2.078266272311135, "7": 0.967693958563187, "8": 1.6938736336055567, "9": 1.2283050074591453, "10": 2.8481009511701734, "11": 3.0367596939715886, "12": 1.7121782543711896, "13": 1.6021652428290143, "14": 1.796196395820077, "15": 3.1431798101577426}, "common": {"0": 5.2426101753646766, "1": 4.891337313232383, "2": 4.533075002796285, "3": 6.3338357171870205, "4": 3.7669198876291485, "5": 5.618724147955085, "6": 4.471880601499083, "7": 3.7922066219729627, "8": 3.6647664800941575, "9": 4.59858264138433, "10": 4.956602264767384, "11": 5.007275559967823, "12": 4.447689026040366, "13": 3.706122749068071, "14": 3.895993552550639, "15": 4.828090669335871}, "ast_wo_identifiers": {"0": 2.8820941405572023, "1": 2.7736042146226065, "2": 2.082590222377848, "3": 4.210346299049321, "4": 1.6002629982447745, "5": 4.057682718920172, "6": 2.4461286879188577, "7": 1.9014807822831092, "8": 2.384133001173914, "9": 2.2060763608455853, "10": 3.111993351897416, "11": 3.3264913562889697, "12": 2.6024618477891095, "13": 2.2925686778638443, "14": 2.78755511182394, "15": 3.605567660518304}}