{"ast": {"0": 5.055410868154748, "1": 4.655097430328247, "2": 5.5083424848710925, "3": 4.303402418609105, "4": 3.337419121745897, "5": 4.609660361642101, "6": 5.661272165869024, "7": 4.217270072750819, "8": 3.9284984968854073, "9": 4.715266108469722, "10": 4.540155699577545, "11": 5.485846576502199, "12": 4.998494024505025, "13": 3.6770659004183117, "14": 3.711065256130078, "15": 4.854008066976751}, "dfg": {"0": 2.0780146604918794, "1": 1.7968822811920278, "2": 3.303683353543037, "3": 2.614509448049377, "4": 1.4416897809913436, "5": 2.7605395611404444, "6": 3.061991758456216, "7": 3.294128125313455, "8": 2.6603053514478687, "9": 2.3015739528119354, "10": 2.751257840512116, "11": 3.6187901835995, "12": 3.4294809923314236, "13": 1.4370619553869863, "14": 0.7956118620599854, "15": 2.936251343309776}, "common": {"0": 5.149755251601796, "1": 4.848146566487962, "2": 5.73975909998194, "3": 4.396611694764969, "4": 3.609969508535059, "5": 4.8980539622539, "6": 5.645765766050534, "7": 4.456196759043042, "8": 3.9985989952922965, "9": 4.77149131867404, "10": 4.590586613837173, "11": 5.76878927343733, "12": 5.282969175249483, "13": 3.9413365001485112, "14": 4.018820655304972, "15": 5.111482208724015}, "ast_wo_identifiers": {"0": 3.21273708886556, "1": 2.7865458227218096, "2": 4.145158200477907, "3": 3.2026285067515365, "4": 2.395327240322156, "5": 3.1215365812649667, "6": 3.8542831020612254, "7": 3.508353698427716, "8": 3.119863420578382, "9": 2.8316252642593733, "10": 3.290400824749786, "11": 4.050218666830532, "12": 3.903830041680344, "13": 2.318423047942394, "14": 1.7393785134902586, "15": 3.4861531643714456}}