{"ast": {"0": 5.21701521425849, "1": 4.575263672477793, "2": 4.398430172038437, "3": 5.150170762121424, "4": 3.3740711040891966, "5": 3.626902759948158, "6": 3.9531351362118796, "7": 3.5620480572296382, "8": 3.4245295087621144, "9": 3.760938073810512, "10": 4.548607169287241, "11": 4.743329322926333, "12": 4.2393744997815626, "13": 3.826412930576945, "14": 3.8771353990647284, "15": 4.291722002580398}, "dfg": {"0": 1.8106855167147582, "1": 1.5630705611689935, "2": 1.1390901105646476, "3": 3.0981058962259973, "4": 1.7070036293593092, "5": 0.45429390258142316, "6": 1.009174118656569, "7": 1.5307506882376665, "8": 1.4393449291865887, "9": 0.6006871947365605, "10": 1.6934427860067576, "11": 3.281894623141633, "12": 1.226904274076469, "13": 1.047771446221761, "14": 1.2165860397570576, "15": 2.930458646589075}, "common": {"0": 5.258694516127639, "1": 4.757660048440917, "2": 4.603518694605533, "3": 5.351847525664386, "4": 3.658973603927663, "5": 3.9385118114595863, "6": 4.257096716551101, "7": 3.8382690748014774, "8": 3.713379160664755, "9": 4.07128164157528, "10": 4.779972495616483, "11": 5.007577498704926, "12": 4.550708751725559, "13": 4.086150161324132, "14": 4.1441961559197145, "15": 4.549730985792844}, "ast_wo_identifiers": {"0": 3.053084356101645, "1": 2.5623994100958933, "2": 2.2181741292056913, "3": 3.5277355008701323, "4": 2.4647087056558625, "5": 1.4432599093151057, "6": 1.9116120382366253, "7": 2.2235231189765767, "8": 2.1492279090787836, "9": 1.5818658593709585, "10": 2.503147009375252, "11": 3.6135473635855564, "12": 2.1375501800163192, "13": 1.91305061968294, "14": 2.090782496830304, "15": 3.3671103148246293}}