{"ast": {"0": 4.229563378351023, "1": 4.363355514782213, "2": 5.634189060531296, "3": 4.148100056265783, "4": 4.57801582686062, "5": 5.109569645474748, "6": 5.061894389520162, "7": 3.6440722113142727, "8": 3.904980483467858, "9": 4.965711401023176, "10": 5.264295135977524, "11": 4.400365783459779, "12": 5.041147119405223, "13": 3.387898646329921, "14": 4.951685908988648, "15": 4.1993369056195275}, "dfg": {"0": 1.076924320840205, "1": 1.812967553731416, "2": 3.493493804871063, "3": 2.1168395230302557, "4": 2.5156518128987506, "5": 2.433764393922711, "6": 3.1603693794283383, "7": 1.8297220974833164, "8": 2.298365159001692, "9": 1.8739617803989335, "10": 2.6411572075783867, "11": 2.7751953090684958, "12": 2.83707431868111, "13": 1.783713605123313, "14": 2.6409343993526777, "15": 2.6000130083673976}, "common": {"0": 4.531147635807657, "1": 4.650291539498007, "2": 5.92082274017078, "3": 4.438920119208924, "4": 4.880483431020927, "5": 5.343686173760689, "6": 5.355774158093359, "7": 3.9035937743158327, "8": 4.160521559605415, "9": 5.25844315167655, "10": 5.243601993689001, "11": 4.444510333043409, "12": 5.315387144303789, "13": 3.6395465044039153, "14": 5.111116090860551, "15": 4.438362279824897}, "ast_wo_identifiers": {"0": 2.0525979531296223, "1": 2.3692730321958786, "2": 3.9298682258544857, "3": 2.776472517452642, "4": 3.272357004851014, "5": 3.3024114167941088, "6": 3.865183083952773, "7": 2.7517704070212012, "8": 2.6945308033309097, "9": 2.795931845941875, "10": 3.495877994831066, "11": 3.22666905603726, "12": 3.313341261334816, "13": 2.2136445699057226, "14": 3.3376082673733594, "15": 3.1781712565428215}}