{"ast": {"0": 4.925527484232223, "1": 4.311824616582638, "2": 3.8781175598805175, "3": 5.192158063384858, "4": 3.3881805589353275, "5": 4.679136239529869, "6": 5.0091719945571285, "7": 3.5520401434778606, "8": 3.3611253824192144, "9": 4.499544358073095, "10": 4.797047033369559, "11": 4.219975605182319, "12": 4.030921089075986, "13": 5.889348945501228, "14": 4.446932513867046, "15": 4.174039411590043}, "dfg": {"0": 2.0317338979311046, "1": 1.4853009799848464, "2": 0.752981041038402, "3": 3.3156451839888024, "4": 1.9099644663563595, "5": 2.0731128038008113, "6": 2.8256937940125466, "7": 1.3966782572840872, "8": 1.3496242665253504, "9": 1.5642760027328957, "10": 1.9172483504707765, "11": 1.9939769186247902, "12": 1.3779163843782218, "13": 2.894020225019973, "14": 1.4926834520302612, "15": 3.109064214467879}, "common": {"0": 5.135854725697635, "1": 4.604354339642899, "2": 4.184915535706583, "3": 5.448891180426874, "4": 3.647513714580179, "5": 4.883829780821394, "6": 5.272365438666625, "7": 3.851596689781432, "8": 3.652380480054592, "9": 4.80237110644345, "10": 5.055657562981511, "11": 4.5122878735128396, "12": 4.284551849841725, "13": 5.865927333185355, "14": 4.751286568386405, "15": 4.419250288502501}, "ast_wo_identifiers": {"0": 2.7746259210263733, "1": 2.2555528188064984, "2": 1.7066308464298212, "3": 3.597881010001841, "4": 2.6954824590993613, "5": 2.7192144068299657, "6": 3.3605407226218573, "7": 2.2222245252852297, "8": 2.1861051448344133, "9": 2.376224947739307, "10": 2.806357504107503, "11": 2.4395278827316997, "12": 2.179874793482411, "13": 3.941360339863161, "14": 2.417444652791025, "15": 3.4844882483183848}}